group_id,kind,module,representative_path,item_count,pending_count,priority,sample_item_ids,review_scope
GRP-00001,ASSET,projectlibre_ui,modules/projectlibre_ui/src/main/resources/com/projectlibre1/pm/graphic/images/big/globe16.png,1,1,MEDIUM,PLD-6035E0E6A7468E61,review the file or asset and confirm whether the delta is user-visible or distributable
GRP-00002,ASSET,projectlibre_ui,modules/projectlibre_ui/src/main/resources/com/projectlibre1/pm/graphic/images/big/globe24.png,1,1,MEDIUM,PLD-4106C105A59D560B,review the file or asset and confirm whether the delta is user-visible or distributable
GRP-00003,ASSET,projectlibre_ui,modules/projectlibre_ui/src/main/resources/com/projectlibre1/pm/graphic/images/ribbon/application-pdf.png,1,1,MEDIUM,PLD-BC36919E80489F47,review the file or asset and confirm whether the delta is user-visible or distributable
GRP-00004,ASSET,projectlibre_ui,modules/projectlibre_ui/src/main/resources/com/projectlibre1/pm/graphic/images/ribbon/delete-link.png,1,1,MEDIUM,PLD-80AB5995B41A31F3,review the file or asset and confirm whether the delta is user-visible or distributable
GRP-00005,ASSET,projectlibre_ui,modules/projectlibre_ui/src/main/resources/com/projectlibre1/pm/graphic/images/ribbon/document-close-4.png,1,1,MEDIUM,PLD-3E4F0557588C618D,review the file or asset and confirm whether the delta is user-visible or distributable
GRP-00006,ASSET,projectlibre_ui,modules/projectlibre_ui/src/main/resources/com/projectlibre1/pm/graphic/images/ribbon/document-multiple.png,1,1,MEDIUM,PLD-4E0A39D70A70997A,review the file or asset and confirm whether the delta is user-visible or distributable
GRP-00007,ASSET,projectlibre_ui,modules/projectlibre_ui/src/main/resources/com/projectlibre1/pm/graphic/images/ribbon/document-new-6.png,1,1,MEDIUM,PLD-1FD95DB1E9618C90,review the file or asset and confirm whether the delta is user-visible or distributable
GRP-00008,ASSET,projectlibre_ui,modules/projectlibre_ui/src/main/resources/com/projectlibre1/pm/graphic/images/ribbon/document-open-7.png,1,1,MEDIUM,PLD-DEC8CE3E5DFC4D56,review the file or asset and confirm whether the delta is user-visible or distributable
GRP-00009,ASSET,projectlibre_ui,modules/projectlibre_ui/src/main/resources/com/projectlibre1/pm/graphic/images/ribbon/document-preview.png,1,1,MEDIUM,PLD-29FC28AA2300B863,review the file or asset and confirm whether the delta is user-visible or distributable
GRP-00010,ASSET,projectlibre_ui,modules/projectlibre_ui/src/main/resources/com/projectlibre1/pm/graphic/images/ribbon/document-print-5.png,1,1,MEDIUM,PLD-3391207F7538A620,review the file or asset and confirm whether the delta is user-visible or distributable
GRP-00011,ASSET,projectlibre_ui,modules/projectlibre_ui/src/main/resources/com/projectlibre1/pm/graphic/images/ribbon/document-save-5.png,1,1,MEDIUM,PLD-CBF3F80924EDA70A,review the file or asset and confirm whether the delta is user-visible or distributable
GRP-00012,ASSET,projectlibre_ui,modules/projectlibre_ui/src/main/resources/com/projectlibre1/pm/graphic/images/ribbon/document-save-all.png,1,1,MEDIUM,PLD-0C9DD2F321A4319F,review the file or asset and confirm whether the delta is user-visible or distributable
GRP-00013,ASSET,projectlibre_ui,modules/projectlibre_ui/src/main/resources/com/projectlibre1/pm/graphic/images/ribbon/document-save-as-5.png,1,1,MEDIUM,PLD-5372A8BEEACA0846,review the file or asset and confirm whether the delta is user-visible or distributable
GRP-00014,ASSET,projectlibre_ui,modules/projectlibre_ui/src/main/resources/com/projectlibre1/pm/graphic/images/ribbon/edit-copy-6.png,1,1,MEDIUM,PLD-0D869F36AF415052,review the file or asset and confirm whether the delta is user-visible or distributable
GRP-00015,ASSET,projectlibre_ui,modules/projectlibre_ui/src/main/resources/com/projectlibre1/pm/graphic/images/ribbon/edit-cut-6.png,1,1,MEDIUM,PLD-05B94BA887D95FAF,review the file or asset and confirm whether the delta is user-visible or distributable
GRP-00016,ASSET,projectlibre_ui,modules/projectlibre_ui/src/main/resources/com/projectlibre1/pm/graphic/images/ribbon/edit-delete-shred.png,1,1,MEDIUM,PLD-0221AB38FFFE8305,review the file or asset and confirm whether the delta is user-visible or distributable
GRP-00017,ASSET,projectlibre_ui,modules/projectlibre_ui/src/main/resources/com/projectlibre1/pm/graphic/images/ribbon/edit-find-7.png,1,1,MEDIUM,PLD-DAA356D3CCCB7246,review the file or asset and confirm whether the delta is user-visible or distributable
GRP-00018,ASSET,projectlibre_ui,modules/projectlibre_ui/src/main/resources/com/projectlibre1/pm/graphic/images/ribbon/edit-paste-6.png,1,1,MEDIUM,PLD-FFD3FA4FA209E1E0,review the file or asset and confirm whether the delta is user-visible or distributable
GRP-00019,ASSET,projectlibre_ui,modules/projectlibre_ui/src/main/resources/com/projectlibre1/pm/graphic/images/ribbon/format-indent-less-5.png,1,1,MEDIUM,PLD-A703E11E1181E47A,review the file or asset and confirm whether the delta is user-visible or distributable
GRP-00020,ASSET,projectlibre_ui,modules/projectlibre_ui/src/main/resources/com/projectlibre1/pm/graphic/images/ribbon/format-indent-more-5.png,1,1,MEDIUM,PLD-13967F440D0DB5BF,review the file or asset and confirm whether the delta is user-visible or distributable
GRP-00021,ASSET,projectlibre_ui,modules/projectlibre_ui/src/main/resources/com/projectlibre1/pm/graphic/images/ribbon/help-hint.png,1,1,MEDIUM,PLD-7905EDCD0DB7D73A,review the file or asset and confirm whether the delta is user-visible or distributable
GRP-00022,ASSET,projectlibre_ui,modules/projectlibre_ui/src/main/resources/com/projectlibre1/pm/graphic/images/ribbon/insert-link-2.png,1,1,MEDIUM,PLD-73ECBD57059C5CDD,review the file or asset and confirm whether the delta is user-visible or distributable
GRP-00023,ASSET,projectlibre_ui,modules/projectlibre_ui/src/main/resources/com/projectlibre1/pm/graphic/images/ribbon/list-add-5.png,1,1,MEDIUM,PLD-A253287C3F39E017,review the file or asset and confirm whether the delta is user-visible or distributable
GRP-00024,ASSET,projectlibre_ui,modules/projectlibre_ui/src/main/resources/com/projectlibre1/pm/graphic/images/ribbon/list-remove-5.png,1,1,MEDIUM,PLD-AEE9D1EEF54CFDE3,review the file or asset and confirm whether the delta is user-visible or distributable
GRP-00025,ASSET,projectlibre_ui,modules/projectlibre_ui/src/main/resources/com/projectlibre1/pm/graphic/images/ribbon/preferences-system-4.png,1,1,MEDIUM,PLD-9E0F4B6008120EEB,review the file or asset and confirm whether the delta is user-visible or distributable
GRP-00026,ASSET,projectlibre_ui,modules/projectlibre_ui/src/main/resources/com/projectlibre1/pm/graphic/images/ribbon/system-help-3.png,1,1,MEDIUM,PLD-9A18F33ED9FDEF81,review the file or asset and confirm whether the delta is user-visible or distributable
GRP-00027,ASSET,projectlibre_ui,modules/projectlibre_ui/src/main/resources/com/projectlibre1/pm/graphic/images/ribbon/text-field.png,1,1,MEDIUM,PLD-BACEC11AE24CD8EF,review the file or asset and confirm whether the delta is user-visible or distributable
GRP-00028,ASSET,projectlibre_ui,modules/projectlibre_ui/src/main/resources/com/projectlibre1/pm/graphic/images/ribbon/view-calendar.png,1,1,MEDIUM,PLD-81606925FF87D1D0,review the file or asset and confirm whether the delta is user-visible or distributable
GRP-00029,ASSET,projectlibre_ui,modules/projectlibre_ui/src/main/resources/com/projectlibre1/pm/graphic/images/ribbon/zoom-in-5.png,1,1,MEDIUM,PLD-DCBD2FC8B5009D67,review the file or asset and confirm whether the delta is user-visible or distributable
GRP-00030,ASSET,projectlibre_ui,modules/projectlibre_ui/src/main/resources/com/projectlibre1/pm/graphic/images/ribbon/zoom-out-5.png,1,1,MEDIUM,PLD-9856AC3C9D371167,review the file or asset and confirm whether the delta is user-visible or distributable
GRP-00031,CONSTRUCTOR,projectlibre_core,modules/projectlibre_core/src/main/java/com/projectlibre/core/hierarchy/DefaultHierarchy.java,1,1,LOW,PLD-5C77211ADA42CE5B,review related Java symbols in the same source file
GRP-00032,CONSTRUCTOR,projectlibre_core,modules/projectlibre_core/src/main/java/com/projectlibre/core/hierarchy/DefaultHierarchyNode.java,2,2,LOW,"PLD-38C91529F14FAAE3,PLD-C76ED45E73B5FBDA",review related Java symbols in the same source file
GRP-00033,CONSTRUCTOR,projectlibre_core,modules/projectlibre_core/src/main/java/com/projectlibre/core/id/UniqueId.java,2,2,LOW,"PLD-C8343E7F35F0924F,PLD-EB1119757E885070",review related Java symbols in the same source file
GRP-00034,CONSTRUCTOR,projectlibre_core,modules/projectlibre_core/src/main/java/com/projectlibre/core/nodes/AbstractNodeContainer.java,1,1,LOW,PLD-D99B257ADEC1DA68,review related Java symbols in the same source file
GRP-00035,CONSTRUCTOR,projectlibre_core,modules/projectlibre_core/src/main/java/com/projectlibre/core/nodes/NodeId.java,1,1,LOW,PLD-A593AD0841E257A0,review related Java symbols in the same source file
GRP-00036,CONSTRUCTOR,projectlibre_core,modules/projectlibre_core/src/main/java/com/projectlibre/core/time/DefaultTimeInterval.java,2,2,LOW,"PLD-107F3DD8154A68C2,PLD-0C429974DA1BC693",review related Java symbols in the same source file
GRP-00037,CONSTRUCTOR,projectlibre_core,modules/projectlibre_core/src/main/java/com/projectlibre/core/time/DefaultTimeIntervals.java,2,2,LOW,"PLD-8C6659B56C34A0C8,PLD-121693A84FCC07C3",review related Java symbols in the same source file
GRP-00038,CONSTRUCTOR,projectlibre_core,modules/projectlibre_core/src/main/java/com/projectlibre/core/time/DefaultTimephasedValue.java,2,0,LOW,"PLD-AE1E7BB8C0F82D3B,PLD-7A6F939B784B9A19",review related Java symbols in the same source file
GRP-00039,CONSTRUCTOR,projectlibre_core,modules/projectlibre_core/src/main/java/com/projectlibre/core/time/DefaultTimephasedValues.java,2,0,LOW,"PLD-289E514FE60854B4,PLD-F05294896401ED88",review related Java symbols in the same source file
GRP-00040,CONSTRUCTOR,projectlibre_core,modules/projectlibre_core/src/main/java/com/projectlibre/core/time/Duration.java,1,1,LOW,PLD-045668486149E46A,review related Java symbols in the same source file
GRP-00041,CONSTRUCTOR,projectlibre_core,modules/projectlibre_core/src/main/java/com/projectlibre/core/time/Rate.java,1,1,LOW,PLD-59F1CA35AC2CB230,review related Java symbols in the same source file
GRP-00042,CONSTRUCTOR,projectlibre_core,modules/projectlibre_core/src/main/java/com/projectlibre/core/time/TimeUnit.java,1,1,LOW,PLD-2E8A0B7782E50EDF,review related Java symbols in the same source file
GRP-00043,CONSTRUCTOR,projectlibre_core,modules/projectlibre_core/src/main/java/com/projectlibre/core/time/TimephasedType.java,1,0,LOW,PLD-E1E4D9BB916AAECC,review related Java symbols in the same source file
GRP-00044,CONSTRUCTOR,projectlibre_core,modules/projectlibre_core/src/main/java/com/projectlibre/core/time/WorkContour.java,1,1,LOW,PLD-645300402C0ADE5D,review related Java symbols in the same source file
GRP-00045,CONSTRUCTOR,projectlibre_core,modules/projectlibre_core/src/main/java/com/projectlibre/pm/calendar/CalendarId.java,1,0,LOW,PLD-FBD49137786DE7FC,review related Java symbols in the same source file
GRP-00046,CONSTRUCTOR,projectlibre_core,modules/projectlibre_core/src/main/java/com/projectlibre/pm/calendar/DayType.java,1,0,LOW,PLD-684F81F1EF8E010C,review related Java symbols in the same source file
GRP-00047,CONSTRUCTOR,projectlibre_core,modules/projectlibre_core/src/main/java/com/projectlibre/pm/calendar/DefaultWorkCalendar.java,1,0,LOW,PLD-4817662BE43826D1,review related Java symbols in the same source file
GRP-00048,CONSTRUCTOR,projectlibre_core,modules/projectlibre_core/src/main/java/com/projectlibre/pm/calendar/DuplicateCalendarException.java,4,0,LOW,"PLD-3D69DBAAE3B56EB0,PLD-D560D91B76E75B69,PLD-9C7725CE9BC6104B,PLD-28FDA0C6CAA1C864",review related Java symbols in the same source file
GRP-00049,CONSTRUCTOR,projectlibre_core,modules/projectlibre_core/src/main/java/com/projectlibre/pm/calendar/WorkCalendarException.java,2,0,LOW,"PLD-948B6449823567A7,PLD-8A854A59C2CF39FD",review related Java symbols in the same source file
GRP-00050,CONSTRUCTOR,projectlibre_core,modules/projectlibre_core/src/main/java/com/projectlibre/pm/calendar/WorkDay.java,2,0,LOW,"PLD-8EFA19E45A587630,PLD-0417D70D57C18F14",review related Java symbols in the same source file
GRP-00051,CONSTRUCTOR,projectlibre_core,modules/projectlibre_core/src/main/java/com/projectlibre/pm/calendar/WorkRange.java,2,0,LOW,"PLD-EDC023474E2C7F2B,PLD-EA3092D2EFBBBB5D",review related Java symbols in the same source file
GRP-00052,CONSTRUCTOR,projectlibre_core,modules/projectlibre_core/src/main/java/com/projectlibre/pm/calendar/WorkWeek.java,1,0,LOW,PLD-B9F4D247B8BE441F,review related Java symbols in the same source file
GRP-00053,CONSTRUCTOR,projectlibre_core,modules/projectlibre_core/src/main/java/com/projectlibre/pm/resources/ResourcePool.java,1,1,LOW,PLD-F4EE65DC93CA0A67,review related Java symbols in the same source file
GRP-00054,CONSTRUCTOR,projectlibre_core,modules/projectlibre_core/src/main/java/com/projectlibre/pm/scheduler/ScheduleChangedEvent.java,1,0,LOW,PLD-996C16582F2DB9A4,review related Java symbols in the same source file
GRP-00055,CONSTRUCTOR,projectlibre_core,modules/projectlibre_core/src/main/java/com/projectlibre/pm/scheduling/AccrueType.java,1,0,LOW,PLD-5DA97EEBBA61E074,review related Java symbols in the same source file
GRP-00056,CONSTRUCTOR,projectlibre_core,modules/projectlibre_core/src/main/java/com/projectlibre/pm/scheduling/ConstraintType.java,1,0,LOW,PLD-4B8DA3B0741DB745,review related Java symbols in the same source file
GRP-00057,CONSTRUCTOR,projectlibre_core,modules/projectlibre_core/src/main/java/com/projectlibre/pm/scheduling/EarnedValueMethod.java,1,0,LOW,PLD-E651499D783E919D,review related Java symbols in the same source file
GRP-00058,CONSTRUCTOR,projectlibre_core,modules/projectlibre_core/src/main/java/com/projectlibre/pm/scheduling/ScheduleFrom.java,1,0,LOW,PLD-E2A20C16AACBCC83,review related Java symbols in the same source file
GRP-00059,CONSTRUCTOR,projectlibre_core,modules/projectlibre_core/src/main/java/com/projectlibre/pm/scheduling/SchedulingType.java,1,0,LOW,PLD-EB7E4EF56E66B73E,review related Java symbols in the same source file
GRP-00060,CONSTRUCTOR,projectlibre_core,modules/projectlibre_core/src/main/java/com/projectlibre/pm/tasks/DependencyType.java,1,0,LOW,PLD-5E542826627ABFDE,review related Java symbols in the same source file
GRP-00061,CONSTRUCTOR,projectlibre_core,modules/projectlibre_core/src/main/java/com/projectlibre/pm/tasks/SnapshotList.java,1,0,LOW,PLD-CD807D9314DC580E,review related Java symbols in the same source file
GRP-00062,CONSTRUCTOR,projectlibre_core,modules/projectlibre_core/src/main/java/com/projectlibre1/exchange/ResourceMappingForm.java,1,1,LOW,PLD-D4C0089C372E897E,review related Java symbols in the same source file
GRP-00063,CONSTRUCTOR,projectlibre_core,modules/projectlibre_core/src/main/java/com/projectlibre1/pm/calendar/WorkWeek.java,2,0,LOW,"PLD-BF6D7ACF53FC7017,PLD-9F7500FB2241A57B",review related Java symbols in the same source file
GRP-00064,CONSTRUCTOR,projectlibre_core,modules/projectlibre_core/src/main/java/org/projectlibre/core/configuration/ConfigurationFile.java,1,1,LOW,PLD-CC81AF2811DC50F6,review related Java symbols in the same source file
GRP-00065,CONSTRUCTOR,projectlibre_core,modules/projectlibre_core/src/main/java/org/projectlibre/core/configuration/adapters/MapAdapterEntry.java,2,2,LOW,"PLD-154B57F69328512D,PLD-A86CB8EECC0D7C4B",review related Java symbols in the same source file
GRP-00066,CONSTRUCTOR,projectlibre_core,modules/projectlibre_core/src/main/java/org/projectlibre/core/dictionary/DictionaryCategory.java,2,2,LOW,"PLD-498EEC2D260EFB9B,PLD-E1039CD2A4F3C951",review related Java symbols in the same source file
GRP-00067,CONSTRUCTOR,projectlibre_core,modules/projectlibre_core/src/main/java/org/projectlibre/core/util/ArrayFormatException.java,2,2,LOW,"PLD-0859DC6DEAB79E8B,PLD-AF39FD42EA17CDB2",review related Java symbols in the same source file
GRP-00068,CONSTRUCTOR,projectlibre_exchange,modules/projectlibre_exchange/src/main/java/com/projectlibre/core/pm/exchange/ProjectConverter.java,1,0,LOW,PLD-C10AE9D09BB39F32,review related Java symbols in the same source file
GRP-00069,CONSTRUCTOR,projectlibre_exchange,modules/projectlibre_exchange/src/main/java/com/projectlibre1/exchange/Context.java,1,0,LOW,PLD-A996692A6F66A9F9,review related Java symbols in the same source file
GRP-00070,CONSTRUCTOR,projectlibre_exchange,modules/projectlibre_exchange/src/main/java/com/projectlibre1/exchange/MicrosoftImporter.java,1,0,LOW,PLD-09C47D646770AB3F,review related Java symbols in the same source file
GRP-00071,CONSTRUCTOR,projectlibre_exchange,modules/projectlibre_exchange/src/main/java/com/projectlibre1/exchange/ServerLocalFileImporter.java,1,0,LOW,PLD-502EFF33001A03FC,review related Java symbols in the same source file
GRP-00072,CONSTRUCTOR,projectlibre_exchange,modules/projectlibre_exchange/src/main/java/com/projectlibre1/server/data/ByteArrayObject.java,1,0,LOW,PLD-7A9D6424A6DE7B48,review related Java symbols in the same source file
GRP-00073,CONSTRUCTOR,projectlibre_exchange,modules/projectlibre_exchange/src/main/java/com/projectlibre1/server/data/CustomFieldsMapper.java,1,0,LOW,PLD-E07C33C29D5D26B7,review related Java symbols in the same source file
GRP-00074,CONSTRUCTOR,projectlibre_exchange,modules/projectlibre_exchange/src/main/java/com/projectlibre1/server/data/DataObjectImpl.java,2,0,LOW,"PLD-00301145CCA8A548,PLD-D8D65E524D68581C",review related Java symbols in the same source file
GRP-00075,CONSTRUCTOR,projectlibre_exchange,modules/projectlibre_exchange/src/main/java/com/projectlibre1/server/data/GroupData.java,1,0,LOW,PLD-E1C39CC1CE236EEF,review related Java symbols in the same source file
GRP-00076,CONSTRUCTOR,projectlibre_exchange,modules/projectlibre_exchange/src/main/java/com/projectlibre1/server/data/LockException.java,4,0,LOW,"PLD-8507EAB788171342,PLD-3DBDBCA9012DD3E0,PLD-2307363390B4C493,PLD-FD8C840AC89BD3E9",review related Java symbols in the same source file
GRP-00077,CONSTRUCTOR,projectlibre_exchange,modules/projectlibre_exchange/src/main/java/com/projectlibre1/server/data/RoleData.java,1,0,LOW,PLD-B42D98C8C39CF60D,review related Java symbols in the same source file
GRP-00078,CONSTRUCTOR,projectlibre_exchange,modules/projectlibre_exchange/src/main/java/com/projectlibre1/server/data/SerializeOptions.java,2,0,LOW,"PLD-E4CE9D8453A2C8DA,PLD-B9CB5ACDFE095B1D",review related Java symbols in the same source file
GRP-00079,CONSTRUCTOR,projectlibre_exchange,modules/projectlibre_exchange/src/main/java/com/projectlibre1/server/data/Serializer.java,1,0,LOW,PLD-3641C9B2EE1161D7,review related Java symbols in the same source file
GRP-00080,CONSTRUCTOR,projectlibre_exchange,modules/projectlibre_exchange/src/main/java/com/projectlibre1/server/data/linker/TaskLinker.java,1,0,LOW,PLD-80DC2C2816A6AE45,review related Java symbols in the same source file
GRP-00081,CONSTRUCTOR,projectlibre_exchange,modules/projectlibre_exchange/src/main/java/com/projectlibre1/server/data/mspdi/ModifiedMSPDIWriter.java,1,0,LOW,PLD-14230F0A9EE0ABE8,review related Java symbols in the same source file
GRP-00082,CONSTRUCTOR,projectlibre_exchange,modules/projectlibre_exchange/src/main/java/com/projectlibre1/server/data/mspdi/ProjectContentHandler.java,1,0,LOW,PLD-98B578569D8CFB43,review related Java symbols in the same source file
GRP-00083,CONSTRUCTOR,projectlibre_exchange,modules/projectlibre_exchange/src/main/java/com/projectlibre1/server/data/mspdi/TimephasedGetter.java,1,0,LOW,PLD-32BCD2FDEAFEEA25,review related Java symbols in the same source file
GRP-00084,CONSTRUCTOR,projectlibre_exchange,modules/projectlibre_exchange/src/main/java/com/projectlibre1/server/data/mspdi/TimephasedService.java,1,0,LOW,PLD-92BB6B8A4D1EF958,review related Java symbols in the same source file
GRP-00085,CONSTRUCTOR,projectlibre_exchange,modules/projectlibre_exchange/src/main/java/com/projectlibre1/server/data/mspdi/XsdDuration.java,2,0,LOW,"PLD-A7CEEE291633E8FC,PLD-0E46289F881A6F5B",review related Java symbols in the same source file
GRP-00086,CONSTRUCTOR,projectlibre_ui,modules/projectlibre_ui/src/main/java/com/projectlibre1/dialog/LicenseDialog.java,1,1,LOW,PLD-2FB172D6625C3C52,review related Java symbols in the same source file
GRP-00087,CONSTRUCTOR,projectlibre_ui,modules/projectlibre_ui/src/main/java/com/projectlibre1/dialog/LocaleDialog.java,5,5,LOW,"PLD-CF3D73678F04EF41,PLD-77F0E369FB072741,PLD-E4638CA4D2D23D57,PLD-E79D947BC2910D0C,PLD-D0D6B5120FF59A5B",review related Java symbols in the same source file
GRP-00088,CONSTRUCTOR,projectlibre_ui,modules/projectlibre_ui/src/main/java/com/projectlibre1/dialog/LookupDialog.java,1,1,LOW,PLD-8E66A791B6F03A31,review related Java symbols in the same source file
GRP-00089,CONSTRUCTOR,projectlibre_ui,modules/projectlibre_ui/src/main/java/com/projectlibre1/pm/graphic/ChangeAwareTextField.java,1,1,LOW,PLD-706E97FD29377D7D,review related Java symbols in the same source file
GRP-00090,CONSTRUCTOR,projectlibre_ui,modules/projectlibre_ui/src/main/java/com/projectlibre1/pm/graphic/frames/GraphicManager.java,1,1,LOW,PLD-C8BCC94A1F395513,review related Java symbols in the same source file
GRP-00091,CONSTRUCTOR,projectlibre_ui,modules/projectlibre_ui/src/main/java/com/projectlibre1/pm/graphic/frames/MainFrame.java,1,1,LOW,PLD-6469B07770FA783F,review related Java symbols in the same source file
GRP-00092,CONSTRUCTOR,projectlibre_ui,modules/projectlibre_ui/src/main/java/com/projectlibre1/pm/graphic/frames/MainRibbonFrame.java,1,1,LOW,PLD-AE669927CEF3BC5B,review related Java symbols in the same source file
GRP-00093,CONSTRUCTOR,projectlibre_ui,modules/projectlibre_ui/src/main/java/com/projectlibre1/pm/graphic/spreadsheet/common/CommonSpreadSheet.java,1,1,LOW,PLD-30EE0151623A82CB,review related Java symbols in the same source file
GRP-00094,CONSTRUCTOR,projectlibre_ui,modules/projectlibre_ui/src/main/java/com/projectlibre1/pm/graphic/views/ResourceView.java,1,1,LOW,PLD-F4F90D82737CF140,review related Java symbols in the same source file
GRP-00095,CONSTRUCTOR,projectlibre_ui,modules/projectlibre_ui/src/main/java/com/projectlibre1/print/GraphPageable.java,2,2,LOW,"PLD-850255A9E5458E85,PLD-3B08D09631ED52F6",review related Java symbols in the same source file
GRP-00096,CONSTRUCTOR,projectlibre_ui,modules/projectlibre_ui/src/main/java/com/projectlibre1/print/PrintDocument.java,1,1,LOW,PLD-266FFA6C23B86550,review related Java symbols in the same source file
GRP-00097,CONSTRUCTOR,projectlibre_ui,openproj_ui/src/com/projity/dialog/PODOnlyFeature.java,1,1,LOW,PLD-71200AEAA18E1124,review related Java symbols in the same source file
GRP-00098,CONSTRUCTOR,projectlibre_ui,openproj_ui/src/com/projity/dialog/TryPODDialog.java,1,1,LOW,PLD-BE6FC0F95BD54751,review related Java symbols in the same source file
GRP-00099,CONSTRUCTOR,projectlibre_ui,openproj_ui/src/com/projity/menu/ExtButtonFactory.java,1,0,HIGH,PLD-A494908AFF268FFE,review related Java symbols in the same source file
GRP-00100,CONSTRUCTOR,projectlibre_ui,openproj_ui/src/com/projity/menu/ExtMenuFactory.java,1,0,HIGH,PLD-39BD547B626CDCAA,review related Java symbols in the same source file
GRP-00101,CONSTRUCTOR,projectlibre_ui,openproj_ui/src/com/projity/menu/ExtToolBarFactory.java,1,0,HIGH,PLD-4C6861C71DEF3703,review related Java symbols in the same source file
GRP-00102,CONSTRUCTOR,projectlibre_ui,openproj_ui/src/com/projity/print/GraphPageable.java,1,1,LOW,PLD-B5D03316D58E3E9C,review related Java symbols in the same source file
GRP-00103,CONSTRUCTOR,projectlibre_ui,openproj_ui/src/com/projity/print/PrintDocument.java,1,1,LOW,PLD-D88FDA189A95B87E,review related Java symbols in the same source file
GRP-00104,CONSTRUCTOR,projectlibre_ui,projectlibre_ui/src/com/projectlibre/ui/ribbon/ProjectLibreRibbonUI.java,3,3,LOW,"PLD-3037AEF4805F0404,PLD-E5B70FB5511B33CE,PLD-71080CA10E676F95",review related Java symbols in the same source file
GRP-00105,CONSTRUCTOR,projectlibre_ui,projectlibre_ui/src/com/projectlibre1/menu/ExtButtonFactory.java,1,0,HIGH,PLD-2A1D876FE9408E42,review related Java symbols in the same source file
GRP-00106,CONSTRUCTOR,projectlibre_ui,projectlibre_ui/src/com/projectlibre1/menu/ExtMenuFactory.java,1,0,HIGH,PLD-E99C3D0D47633D61,review related Java symbols in the same source file
GRP-00107,CONSTRUCTOR,projectlibre_ui,projectlibre_ui/src/com/projectlibre1/menu/ExtRibbonFactory.java,1,0,HIGH,PLD-6DD9D14AD25BC564,review related Java symbols in the same source file
GRP-00108,CONSTRUCTOR,projectlibre_ui,projectlibre_ui/src/com/projectlibre1/menu/ExtToolBarFactory.java,1,0,HIGH,PLD-1B36E3CCFD00A291,review related Java symbols in the same source file
GRP-00109,CONSTRUCTOR,projectlibre_ui,projectlibre_ui/src/com/projectlibre1/menu/MenuManager.java,1,1,HIGH,PLD-A848993D95B9BE53,review related Java symbols in the same source file
GRP-00110,FIELD,projectlibre_core,modules/projectlibre_core/src/main/java/com/projectlibre/core/fields/Field.java,5,5,LOW,"PLD-F3A3F8505A9E40D1,PLD-0B765E730416F272,PLD-B1B063C1D0345F99,PLD-9ABE94D64DAFFBF1,PLD-1687B9CA200217C6",review related Java symbols in the same source file
GRP-00111,FIELD,projectlibre_core,modules/projectlibre_core/src/main/java/com/projectlibre/core/fields/FieldList.java,3,3,LOW,"PLD-16D861311C406F43,PLD-D2D26CDBDC623694,PLD-7786B0D5AFDF464D",review related Java symbols in the same source file
GRP-00112,FIELD,projectlibre_core,modules/projectlibre_core/src/main/java/com/projectlibre/core/fields/FieldUtil.java,1,1,LOW,PLD-6186A6E7DDD69582,review related Java symbols in the same source file
GRP-00113,FIELD,projectlibre_core,modules/projectlibre_core/src/main/java/com/projectlibre/core/hierarchy/DefaultHierarchy.java,2,2,LOW,"PLD-371B062A2BC6F623,PLD-6321096663015AFD",review related Java symbols in the same source file
GRP-00114,FIELD,projectlibre_core,modules/projectlibre_core/src/main/java/com/projectlibre/core/hierarchy/DefaultHierarchyNode.java,3,3,LOW,"PLD-A53DCB8F9546D841,PLD-BD6D7076476CB965,PLD-295280519D727868",review related Java symbols in the same source file
GRP-00115,FIELD,projectlibre_core,modules/projectlibre_core/src/main/java/com/projectlibre/core/hierarchy/Hierarchy.java,2,2,LOW,"PLD-D59A738383FEE603,PLD-31AECCDF5EE20B47",review related Java symbols in the same source file
GRP-00116,FIELD,projectlibre_core,modules/projectlibre_core/src/main/java/com/projectlibre/core/id/UniqueId.java,1,1,LOW,PLD-217118C9F2A4D565,review related Java symbols in the same source file
GRP-00117,FIELD,projectlibre_core,modules/projectlibre_core/src/main/java/com/projectlibre/core/nodes/AbstractNode.java,3,3,LOW,"PLD-48F441FB5E23D383,PLD-45768FE7604EE1C0,PLD-C33BA93F61F7BCA3",review related Java symbols in the same source file
GRP-00118,FIELD,projectlibre_core,modules/projectlibre_core/src/main/java/com/projectlibre/core/nodes/AbstractNodeContainer.java,1,1,LOW,PLD-41A78C8A7995E0AC,review related Java symbols in the same source file
GRP-00119,FIELD,projectlibre_core,modules/projectlibre_core/src/main/java/com/projectlibre/core/nodes/DefaultNode.java,1,1,LOW,PLD-A26CA58ED24A0DE2,review related Java symbols in the same source file
GRP-00120,FIELD,projectlibre_core,modules/projectlibre_core/src/main/java/com/projectlibre/core/time/DefaultTimeInterval.java,4,4,LOW,"PLD-C644B7E77B4E1D46,PLD-FE6BD3DE168A8365,PLD-DDBF1BEB4B482B56,PLD-AACFB75EAD3EFCAF",review related Java symbols in the same source file
GRP-00121,FIELD,projectlibre_core,modules/projectlibre_core/src/main/java/com/projectlibre/core/time/DefaultTimeIntervals.java,3,3,LOW,"PLD-436FDF105F6E0875,PLD-09921F62F8BC78C7,PLD-49B055F477A090B6",review related Java symbols in the same source file
GRP-00122,FIELD,projectlibre_core,modules/projectlibre_core/src/main/java/com/projectlibre/core/time/DefaultTimephasedValue.java,2,0,LOW,"PLD-0E1DE734F12FD709,PLD-8EF1AD4C33370BAF",review related Java symbols in the same source file
GRP-00123,FIELD,projectlibre_core,modules/projectlibre_core/src/main/java/com/projectlibre/core/time/Duration.java,2,2,LOW,"PLD-E27AF23767992345,PLD-01F709F23483EC28",review related Java symbols in the same source file
GRP-00124,FIELD,projectlibre_core,modules/projectlibre_core/src/main/java/com/projectlibre/core/time/Rate.java,2,2,LOW,"PLD-2FB5B44DD3ED9067,PLD-C28CAD2589B0F50C",review related Java symbols in the same source file
GRP-00125,FIELD,projectlibre_core,modules/projectlibre_core/src/main/java/com/projectlibre/core/time/TimeUnit.java,19,19,LOW,"PLD-4C24FC539443534A,PLD-C39C18D022C351AF,PLD-FB9A633019E2DBC5,PLD-2E7A5B49B2307879,PLD-90A0481D67D8067D",review related Java symbols in the same source file
GRP-00126,FIELD,projectlibre_core,modules/projectlibre_core/src/main/java/com/projectlibre/core/time/TimeUtil.java,6,6,LOW,"PLD-7AFCAB2D40D1BA34,PLD-F93CD462DE4AA5FE,PLD-E3CEBE065E8A891C,PLD-1C0BD09E71934ADE,PLD-9CAB9174D6117BB6",review related Java symbols in the same source file
GRP-00127,FIELD,projectlibre_core,modules/projectlibre_core/src/main/java/com/projectlibre/core/time/TimephasedType.java,29,0,LOW,"PLD-28E5D8717D4C1945,PLD-B70E8EF4C032D5DF,PLD-B8942339E0602E47,PLD-480B1DE41839B03F,PLD-08785AAC0D23BEC8",review related Java symbols in the same source file
GRP-00128,FIELD,projectlibre_core,modules/projectlibre_core/src/main/java/com/projectlibre/core/time/WorkContour.java,11,11,LOW,"PLD-686BA281DD0490A6,PLD-08D1C8C70E080E43,PLD-8DD63C92A28BD20D,PLD-B3BC441CD3E17C0B,PLD-AFFBE9C1A065F0BA",review related Java symbols in the same source file
GRP-00129,FIELD,projectlibre_core,modules/projectlibre_core/src/main/java/com/projectlibre/pm/calendar/CalendarManager.java,3,0,LOW,"PLD-2B185D905CC01C5A,PLD-0E7676F78F2CBC3A,PLD-2002D25CB5E6DA54",review related Java symbols in the same source file
GRP-00130,FIELD,projectlibre_core,modules/projectlibre_core/src/main/java/com/projectlibre/pm/calendar/CalendarOptions.java,5,0,LOW,"PLD-46F6E5775C9CFDAF,PLD-66F7FD59E71CEDF8,PLD-1D1158A368438246,PLD-D4FE94828B194776,PLD-1956A44165C41D93",review related Java symbols in the same source file
GRP-00131,FIELD,projectlibre_core,modules/projectlibre_core/src/main/java/com/projectlibre/pm/calendar/DayType.java,5,0,LOW,"PLD-951E54B9F7F08170,PLD-0BE086593D69ECB3,PLD-65B69567A956CB90,PLD-A898D375E563701E,PLD-17140F8E57E97451",review related Java symbols in the same source file
GRP-00132,FIELD,projectlibre_core,modules/projectlibre_core/src/main/java/com/projectlibre/pm/calendar/DefaultWorkCalendar.java,5,0,LOW,"PLD-1CC2281EBDCB25F0,PLD-2375724B1A6F0F4C,PLD-2B1E6E19D42CB939,PLD-3F0E92F12D1B3AAD,PLD-B89E451278955D9D",review related Java symbols in the same source file
GRP-00133,FIELD,projectlibre_core,modules/projectlibre_core/src/main/java/com/projectlibre/pm/calendar/DuplicateCalendarException.java,1,0,LOW,PLD-60AB2B60A5D28509,review related Java symbols in the same source file
GRP-00134,FIELD,projectlibre_core,modules/projectlibre_core/src/main/java/com/projectlibre/pm/calendar/WorkCalendarException.java,2,0,LOW,"PLD-EB5F9331063BD35C,PLD-555AE2598EB11D58",review related Java symbols in the same source file
GRP-00135,FIELD,projectlibre_core,modules/projectlibre_core/src/main/java/com/projectlibre/pm/calendar/WorkDay.java,2,0,LOW,"PLD-B925FD7161610A30,PLD-253B3DE73BF85CA8",review related Java symbols in the same source file
GRP-00136,FIELD,projectlibre_core,modules/projectlibre_core/src/main/java/com/projectlibre/pm/calendar/WorkRange.java,2,0,LOW,"PLD-FED3FB78464B689C,PLD-0E9896D5C70803B7",review related Java symbols in the same source file
GRP-00137,FIELD,projectlibre_core,modules/projectlibre_core/src/main/java/com/projectlibre/pm/calendar/WorkWeek.java,1,0,LOW,PLD-98BA0CFCA25DE276,review related Java symbols in the same source file
GRP-00138,FIELD,projectlibre_core,modules/projectlibre_core/src/main/java/com/projectlibre/pm/resources/Resource.java,2,2,LOW,"PLD-B3277773A17D858B,PLD-06DC5C8A2CDC60C5",review related Java symbols in the same source file
GRP-00139,FIELD,projectlibre_core,modules/projectlibre_core/src/main/java/com/projectlibre/pm/resources/ResourcePool.java,3,3,LOW,"PLD-3A2BB475473576A4,PLD-71CB05591E1C4D7D,PLD-87B8381AD79AC800",review related Java symbols in the same source file
GRP-00140,FIELD,projectlibre_core,modules/projectlibre_core/src/main/java/com/projectlibre/pm/scheduler/ScheduleChangedEvent.java,1,0,LOW,PLD-8847B3060BA4AE4C,review related Java symbols in the same source file
GRP-00141,FIELD,projectlibre_core,modules/projectlibre_core/src/main/java/com/projectlibre/pm/scheduling/AccrueType.java,5,0,LOW,"PLD-CE8F62A44DF34825,PLD-1C4CD96588FCF4C7,PLD-A2E8E33572313E33,PLD-5DA16A584D601A38,PLD-D0F234C07D0E11F3",review related Java symbols in the same source file
GRP-00142,FIELD,projectlibre_core,modules/projectlibre_core/src/main/java/com/projectlibre/pm/scheduling/ConstraintType.java,10,0,LOW,"PLD-F684B54441BA4A84,PLD-1AF0429B8734D437,PLD-CD9952800FC9FF14,PLD-60B6A7016998D150,PLD-80BF534D8EEC91CA",review related Java symbols in the same source file
GRP-00143,FIELD,projectlibre_core,modules/projectlibre_core/src/main/java/com/projectlibre/pm/scheduling/EarnedValueMethod.java,4,0,LOW,"PLD-B86ADE2A8D62EAEF,PLD-1B614D8A8CE0A1FC,PLD-6724DFB95C93FCE7,PLD-4C6394D405727E05",review related Java symbols in the same source file
GRP-00144,FIELD,projectlibre_core,modules/projectlibre_core/src/main/java/com/projectlibre/pm/scheduling/ScheduleFrom.java,4,0,LOW,"PLD-F903427005A5E109,PLD-7AD820EA1A77E6C1,PLD-A192D8531529C25F,PLD-76BA77E9B8DF5179",review related Java symbols in the same source file
GRP-00145,FIELD,projectlibre_core,modules/projectlibre_core/src/main/java/com/projectlibre/pm/scheduling/SchedulingType.java,5,0,LOW,"PLD-E3FE51745C7A832C,PLD-0AB17A67863A5F6F,PLD-1DD9686D9A90E9BB,PLD-416BA39B6828C000,PLD-EF11DCD0943E622D",review related Java symbols in the same source file
GRP-00146,FIELD,projectlibre_core,modules/projectlibre_core/src/main/java/com/projectlibre/pm/tasks/Assignment.java,4,4,LOW,"PLD-9E80EAC936F66413,PLD-3F9B9379797896DC,PLD-7F8156B571764071,PLD-273C087E7AA57349",review related Java symbols in the same source file
GRP-00147,FIELD,projectlibre_core,modules/projectlibre_core/src/main/java/com/projectlibre/pm/tasks/Dependency.java,4,0,LOW,"PLD-BBE5794C004F4174,PLD-EB11298A063E07D1,PLD-E50DDE670A695AC4,PLD-DDB344D1EA868569",review related Java symbols in the same source file
GRP-00148,FIELD,projectlibre_core,modules/projectlibre_core/src/main/java/com/projectlibre/pm/tasks/DependencyType.java,7,0,LOW,"PLD-0655DF28D2530333,PLD-A1C14BBAA49318AC,PLD-7EDA8A33061EE1CA,PLD-9B4749DC05CD0FD4,PLD-DF1B0EC63BB1BD14",review related Java symbols in the same source file
GRP-00149,FIELD,projectlibre_core,modules/projectlibre_core/src/main/java/com/projectlibre/pm/tasks/Project.java,6,6,LOW,"PLD-2C1668D95C814F47,PLD-85AC13D5A626507A,PLD-B2CA0041A18FB53A,PLD-EB256A351FAAF846,PLD-F59E562BFFB9F0B1",review related Java symbols in the same source file
GRP-00150,FIELD,projectlibre_core,modules/projectlibre_core/src/main/java/com/projectlibre/pm/tasks/SnapshotList.java,3,0,LOW,"PLD-A3FCD8E9E29F1A93,PLD-39C511D15E34B563,PLD-233AEC43B72F1D3C",review related Java symbols in the same source file
GRP-00151,FIELD,projectlibre_core,modules/projectlibre_core/src/main/java/com/projectlibre/pm/tasks/Task.java,3,3,LOW,"PLD-4C631443B5EDD9B7,PLD-CAA3C750FD91A08D,PLD-BF7F6B5D2E1568FF",review related Java symbols in the same source file
GRP-00152,FIELD,projectlibre_core,modules/projectlibre_core/src/main/java/com/projectlibre/pm/tasks/TaskSnapshot.java,4,0,LOW,"PLD-536922A98DA6179F,PLD-0662B7834D81313F,PLD-AB6CD33CC419D129,PLD-0EA673EB8512F8B8",review related Java symbols in the same source file
GRP-00153,FIELD,projectlibre_core,modules/projectlibre_core/src/main/java/com/projectlibre1/configuration/Settings.java,3,3,LOW,"PLD-1DEED6DE592B31CB,PLD-F3ADD0F936135C2B,PLD-98C1CB9A507EE4E0",review related Java symbols in the same source file
GRP-00154,FIELD,projectlibre_core,modules/projectlibre_core/src/main/java/com/projectlibre1/exchange/FileImporter.java,1,1,LOW,PLD-618F6591EC28A666,review related Java symbols in the same source file
GRP-00155,FIELD,projectlibre_core,modules/projectlibre_core/src/main/java/com/projectlibre1/exchange/LocalFileImporter.java,3,3,LOW,"PLD-BFBD3931CA9EB7B1,PLD-E12CFB00A25AD032,PLD-16E886653A022CD4",review related Java symbols in the same source file
GRP-00156,FIELD,projectlibre_core,modules/projectlibre_core/src/main/java/com/projectlibre1/exchange/ResourceMappingForm.java,2,2,LOW,"PLD-30F13D7E32EDEC26,PLD-77D9DBDF44DFDF44",review related Java symbols in the same source file
GRP-00157,FIELD,projectlibre_core,modules/projectlibre_core/src/main/java/com/projectlibre1/field/CustomFieldsImpl.java,8,8,LOW,"PLD-13FB2631E3A01F2B,PLD-8DD9AD6493A0E441,PLD-49CEF114EF7092C4,PLD-20D774AB33BD759C,PLD-C89E0F6AF2A5FCE6",review related Java symbols in the same source file
GRP-00158,FIELD,projectlibre_core,modules/projectlibre_core/src/main/java/com/projectlibre1/pm/calendar/WorkWeek.java,1,0,LOW,PLD-1B269EAAAA26E528,review related Java symbols in the same source file
GRP-00159,FIELD,projectlibre_core,modules/projectlibre_core/src/main/java/com/projectlibre1/pm/task/Project.java,1,1,LOW,PLD-4391FB3730154D73,review related Java symbols in the same source file
GRP-00160,FIELD,projectlibre_core,modules/projectlibre_core/src/main/java/com/projectlibre1/preference/ConfigurationFile.java,2,2,LOW,"PLD-B6F9EA149FCA72F0,PLD-D8897390360157A1",review related Java symbols in the same source file
GRP-00161,FIELD,projectlibre_core,modules/projectlibre_core/src/main/java/com/projectlibre1/session/FileHelper.java,1,1,LOW,PLD-9D617CC3F0E7DA01,review related Java symbols in the same source file
GRP-00162,FIELD,projectlibre_core,modules/projectlibre_core/src/main/java/com/projectlibre1/session/LoadOptions.java,1,1,LOW,PLD-1A4AB70E054A7CF5,review related Java symbols in the same source file
GRP-00163,FIELD,projectlibre_core,modules/projectlibre_core/src/main/java/com/projectlibre1/strings/Messages.java,1,1,LOW,PLD-06207D1FC616A15D,review related Java symbols in the same source file
GRP-00164,FIELD,projectlibre_core,modules/projectlibre_core/src/main/java/com/projectlibre1/util/DateTime.java,1,1,LOW,PLD-FC3EEC281ED0ECD6,review related Java symbols in the same source file
GRP-00165,FIELD,projectlibre_core,modules/projectlibre_core/src/main/java/com/projectlibre1/util/Environment.java,1,1,LOW,PLD-DAE779EF8C151498,review related Java symbols in the same source file
GRP-00166,FIELD,projectlibre_core,modules/projectlibre_core/src/main/java/org/projectlibre/core/configuration/Configuration.java,4,4,LOW,"PLD-AB7BF541B4DC7D68,PLD-8572999DA812836C,PLD-BF348325D6D398AE,PLD-50FBC554D67950DA",review related Java symbols in the same source file
GRP-00167,FIELD,projectlibre_core,modules/projectlibre_core/src/main/java/org/projectlibre/core/configuration/ConfigurationFile.java,4,4,LOW,"PLD-689F4B38674CABC8,PLD-D28FA432E1C91124,PLD-010979183C636591,PLD-29423C4BEF706666",review related Java symbols in the same source file
GRP-00168,FIELD,projectlibre_core,modules/projectlibre_core/src/main/java/org/projectlibre/core/configuration/CoreConfiguration.java,2,2,LOW,"PLD-179010DBD9B140F3,PLD-9C02D76F316A8533",review related Java symbols in the same source file
GRP-00169,FIELD,projectlibre_core,modules/projectlibre_core/src/main/java/org/projectlibre/core/configuration/adapters/DictionaryAdapterList.java,1,1,LOW,PLD-4F73CDFBE612C6B6,review related Java symbols in the same source file
GRP-00170,FIELD,projectlibre_core,modules/projectlibre_core/src/main/java/org/projectlibre/core/configuration/adapters/MapAdapterEntry.java,2,2,LOW,"PLD-FF985E42E12DDAAE,PLD-C753D4D5AB1C1A0B",review related Java symbols in the same source file
GRP-00171,FIELD,projectlibre_core,modules/projectlibre_core/src/main/java/org/projectlibre/core/configuration/adapters/MapAdapterList.java,1,1,LOW,PLD-522B26F68556D1E4,review related Java symbols in the same source file
GRP-00172,FIELD,projectlibre_core,modules/projectlibre_core/src/main/java/org/projectlibre/core/dictionary/Dictionary.java,4,4,LOW,"PLD-BF5C938F064419C5,PLD-DC17AFA331E9F3AA,PLD-1ECD1789FB50A8B6,PLD-CAF9CA4C5AE4F9B2",review related Java symbols in the same source file
GRP-00173,FIELD,projectlibre_core,modules/projectlibre_core/src/main/java/org/projectlibre/core/dictionary/DictionaryCategory.java,3,3,LOW,"PLD-ED0371CF608D0291,PLD-0114A96EBD8191F1,PLD-5620E1DC18D770C6",review related Java symbols in the same source file
GRP-00174,FIELD,projectlibre_core,modules/projectlibre_core/src/main/java/org/projectlibre/core/util/ArrayFormatException.java,1,1,LOW,PLD-BF41A15857D583EB,review related Java symbols in the same source file
GRP-00175,FIELD,projectlibre_core,modules/projectlibre_core/src/main/java/org/projectlibre/strings/Strings.java,2,2,LOW,"PLD-8A3058EBAB4EC999,PLD-137C881638177398",review related Java symbols in the same source file
GRP-00176,FIELD,projectlibre_core,openproj_core/src/com/projity/exchange/ResourceMappingForm.java,1,1,LOW,PLD-CAFAC06BAF6C7C2C,review related Java symbols in the same source file
GRP-00177,FIELD,projectlibre_core,openproj_core/src/com/projity/grouping/core/hierarchy/AbstractMutableNodeHierarchy.java,1,1,LOW,PLD-3D82CF14558F76D5,review related Java symbols in the same source file
GRP-00178,FIELD,projectlibre_core,openproj_core/src/com/projity/pm/task/Project.java,1,1,LOW,PLD-8B26AEF852E92976,review related Java symbols in the same source file
GRP-00179,FIELD,projectlibre_core,openproj_core/src/com/projity/pm/task/ProjectFactory.java,1,1,LOW,PLD-B9CD615E28CEC1EB,review related Java symbols in the same source file
GRP-00180,FIELD,projectlibre_core,openproj_core/src/com/projity/session/FileHelper.java,1,1,LOW,PLD-1ADC4147E8F6EA7F,review related Java symbols in the same source file
GRP-00181,FIELD,projectlibre_core,openproj_core/src/com/projity/strings/Messages.java,1,1,LOW,PLD-8B9C543638F71EC3,review related Java symbols in the same source file
GRP-00182,FIELD,projectlibre_core,openproj_core/src/org/openproj/util/UpdateChecker.java,3,3,LOW,"PLD-1EBF7CF78AF9FCDB,PLD-BF4F05BBB7C249FA,PLD-F0E26F752BEC350E",review related Java symbols in the same source file
GRP-00183,FIELD,projectlibre_core,projectlibre_core/src/com/projectlibre1/grouping/core/hierarchy/AbstractMutableNodeHierarchy.java,1,1,LOW,PLD-9D45FB3548A8D49C,review related Java symbols in the same source file
GRP-00184,FIELD,projectlibre_core,projectlibre_core/src/com/projectlibre1/pm/task/Project.java,1,1,LOW,PLD-547B5C6403D79510,review related Java symbols in the same source file
GRP-00185,FIELD,projectlibre_core,projectlibre_core/src/com/projectlibre1/pm/task/ProjectFactory.java,1,1,LOW,PLD-A804F47D32301212,review related Java symbols in the same source file
GRP-00186,FIELD,projectlibre_exchange,modules/projectlibre_core/src/main/java/com/projectlibre1/server/data/CalendarData.java,4,0,LOW,"PLD-1CAA62978BA524BE,PLD-F2F5E4DBEC9FA8D3,PLD-475B5D64BA17D8C0,PLD-8951584B36BD5E5C",review related Java symbols in the same source file
GRP-00187,FIELD,projectlibre_exchange,modules/projectlibre_core/src/main/java/com/projectlibre1/server/data/ProjectData.java,41,0,LOW,"PLD-F55C0F55FCEBC355,PLD-B44515472E86A2BC,PLD-DA630864AE533932,PLD-3B488CA25F5FA87A,PLD-F5B02610D1066AD8",review related Java symbols in the same source file
GRP-00188,FIELD,projectlibre_exchange,modules/projectlibre_exchange/src/main/java/com/projectlibre/core/pm/exchange/MspImporter.java,5,0,LOW,"PLD-57BFAB06780BBAA7,PLD-70E9ECC28523C0AA,PLD-7722E3BA82096D83,PLD-679225CA82665965,PLD-4A6A21DFED5C7A58",review related Java symbols in the same source file
GRP-00189,FIELD,projectlibre_exchange,modules/projectlibre_exchange/src/main/java/com/projectlibre/core/pm/exchange/ProjectConverter.java,10,0,LOW,"PLD-E62E898692062D6C,PLD-2FB394BDF070EEA4,PLD-843DA8AD859618BF,PLD-2AF7DB238651E424,PLD-C7A4886889183C23",review related Java symbols in the same source file
GRP-00190,FIELD,projectlibre_exchange,modules/projectlibre_exchange/src/main/java/com/projectlibre/core/pm/exchange/converters/mpx/MpxAssignmentConverter.java,1,0,LOW,PLD-7C68F0580F4F1598,review related Java symbols in the same source file
GRP-00191,FIELD,projectlibre_exchange,modules/projectlibre_exchange/src/main/java/com/projectlibre/core/pm/exchange/converters/mpx/MpxImportState.java,12,0,LOW,"PLD-4D26BD7435AD548B,PLD-C024A0F562DA8750,PLD-CB03D218FCB920A0,PLD-EE3905457445336F,PLD-DC580825D8DF1D76",review related Java symbols in the same source file
GRP-00192,FIELD,projectlibre_exchange,modules/projectlibre_exchange/src/main/java/com/projectlibre/core/pm/exchange/converters/mpx/MpxProjectConverter.java,1,0,LOW,PLD-FD9A36E077BCE1BC,review related Java symbols in the same source file
GRP-00193,FIELD,projectlibre_exchange,modules/projectlibre_exchange/src/main/java/com/projectlibre/core/pm/exchange/converters/mpx/MpxResourceConverter.java,1,0,LOW,PLD-93EB3DB238A01293,review related Java symbols in the same source file
GRP-00194,FIELD,projectlibre_exchange,modules/projectlibre_exchange/src/main/java/com/projectlibre/core/pm/exchange/converters/mpx/MpxTaskConverter.java,1,0,LOW,PLD-0AE1722F0E87E243,review related Java symbols in the same source file
GRP-00195,FIELD,projectlibre_exchange,modules/projectlibre_exchange/src/main/java/com/projectlibre/core/pm/exchange/converters/op/OpAssignmentConverter.java,1,0,LOW,PLD-3FE1855BCB92B20F,review related Java symbols in the same source file
GRP-00196,FIELD,projectlibre_exchange,modules/projectlibre_exchange/src/main/java/com/projectlibre/core/pm/exchange/converters/op/OpImportState.java,7,0,LOW,"PLD-BE34E71DDB88570D,PLD-48DB1FC1A3F82F0A,PLD-807EA4291AABA178,PLD-BE72A5F29291FB9E,PLD-B1844D06C0C14C58",review related Java symbols in the same source file
GRP-00197,FIELD,projectlibre_exchange,modules/projectlibre_exchange/src/main/java/com/projectlibre/core/pm/exchange/converters/op/OpProjectConverter.java,2,0,LOW,"PLD-369D2980188F76C1,PLD-BD82EB81A067D9DD",review related Java symbols in the same source file
GRP-00198,FIELD,projectlibre_exchange,modules/projectlibre_exchange/src/main/java/com/projectlibre/core/pm/exchange/converters/op/OpResourceConverter.java,3,0,LOW,"PLD-ECADDC6E69430B49,PLD-62DAFD222D8AF144,PLD-2C9A95D5FFB0BB13",review related Java symbols in the same source file
GRP-00199,FIELD,projectlibre_exchange,modules/projectlibre_exchange/src/main/java/com/projectlibre/core/pm/exchange/converters/op/OpTaskConverter.java,3,0,LOW,"PLD-C85046F5F58EDD30,PLD-A52A3F16E34C5530,PLD-3597A0DE0192F368",review related Java symbols in the same source file
GRP-00200,FIELD,projectlibre_exchange,modules/projectlibre_exchange/src/main/java/com/projectlibre/core/pm/exchange/converters/type/TruncatedStringConverter.java,1,0,LOW,PLD-500CC13E21102B86,review related Java symbols in the same source file
GRP-00201,FIELD,projectlibre_exchange,modules/projectlibre_exchange/src/main/java/com/projectlibre/exchange/OPExporter.java,1,0,LOW,PLD-973110B188F4DB23,review related Java symbols in the same source file
GRP-00202,FIELD,projectlibre_exchange,modules/projectlibre_exchange/src/main/java/com/projectlibre1/exchange/Context.java,10,0,LOW,"PLD-2C1D39C3C30DF75F,PLD-79D7A72AEC53B5AF,PLD-92C87BD952B85B31,PLD-F9F7197C57294D16,PLD-B8D62228E8776AD7",review related Java symbols in the same source file
GRP-00203,FIELD,projectlibre_exchange,modules/projectlibre_exchange/src/main/java/com/projectlibre1/exchange/ImportedCalendarService.java,3,0,LOW,"PLD-2883CF517C3B0714,PLD-3A43650B4CFBD946,PLD-A24ABF74EA9C3DB3",review related Java symbols in the same source file
GRP-00204,FIELD,projectlibre_exchange,modules/projectlibre_exchange/src/main/java/com/projectlibre1/exchange/MicrosoftImporter.java,15,0,LOW,"PLD-0A9A03848FCF4DD1,PLD-F7EA033693AB84D7,PLD-4B427350EDBF8C57,PLD-36DEC4D79EA354B1,PLD-EDEB8F2CA5A2F898",review related Java symbols in the same source file
GRP-00205,FIELD,projectlibre_exchange,modules/projectlibre_exchange/src/main/java/com/projectlibre1/exchange/ServerLocalFileImporter.java,3,0,LOW,"PLD-78F8C71DB3E509A1,PLD-AB019E1BF6FB4EFD,PLD-26637AD0AD6D200C",review related Java symbols in the same source file
GRP-00206,FIELD,projectlibre_exchange,modules/projectlibre_exchange/src/main/java/com/projectlibre1/server/data/AssignmentData.java,14,0,LOW,"PLD-E7639F73429F1700,PLD-0FD8E6D691CB7879,PLD-3479DA2837FE982C,PLD-CE273CC2F7ECC7C1,PLD-0B44F12BA413E814",review related Java symbols in the same source file
GRP-00207,FIELD,projectlibre_exchange,modules/projectlibre_exchange/src/main/java/com/projectlibre1/server/data/ByteArrayObject.java,2,0,LOW,"PLD-9080CB3482334342,PLD-A10A31725AF98616",review related Java symbols in the same source file
GRP-00208,FIELD,projectlibre_exchange,modules/projectlibre_exchange/src/main/java/com/projectlibre1/server/data/CompanyData.java,2,0,LOW,"PLD-DA255AC7C01504CA,PLD-1116C32DEDFB130F",review related Java symbols in the same source file
GRP-00209,FIELD,projectlibre_exchange,modules/projectlibre_exchange/src/main/java/com/projectlibre1/server/data/CustomFieldsMapper.java,19,0,LOW,"PLD-63B425CF96B30989,PLD-1CB1732724E8E85A,PLD-CFBCE9D269BAA0CE,PLD-3DEC9C063505A1CE,PLD-FEF398701F15DE7D",review related Java symbols in the same source file
GRP-00210,FIELD,projectlibre_exchange,modules/projectlibre_exchange/src/main/java/com/projectlibre1/server/data/DataObjectImpl.java,3,0,LOW,"PLD-1DAD34B181E11A98,PLD-DA2E5EEF73974B70,PLD-223FCF05F0D1FE52",review related Java symbols in the same source file
GRP-00211,FIELD,projectlibre_exchange,modules/projectlibre_exchange/src/main/java/com/projectlibre1/server/data/EnterpriseResourceData.java,14,0,LOW,"PLD-9B391F116E7932E8,PLD-5E6EA0D4682CDD7A,PLD-76440C498D3D421D,PLD-2D32CEC1804BE42A,PLD-94FBCA6DE11C4BCB",review related Java symbols in the same source file
GRP-00212,FIELD,projectlibre_exchange,modules/projectlibre_exchange/src/main/java/com/projectlibre1/server/data/GroupData.java,3,0,LOW,"PLD-B6819694F9EEB83A,PLD-FC041A5352FCE9C1,PLD-47237DB6D3177C3C",review related Java symbols in the same source file
GRP-00213,FIELD,projectlibre_exchange,modules/projectlibre_exchange/src/main/java/com/projectlibre1/server/data/IncrementalData.java,7,0,LOW,"PLD-719F44A8DBE988A4,PLD-38CC2530E583E1E8,PLD-5F167CFCDB355E72,PLD-3DBBE76032A7438A,PLD-3F07D86EDE589998",review related Java symbols in the same source file
GRP-00214,FIELD,projectlibre_exchange,modules/projectlibre_exchange/src/main/java/com/projectlibre1/server/data/LinkData.java,5,0,LOW,"PLD-2BE817642E36C24D,PLD-534FB7A3BE905CAD,PLD-F4BA53F7B966228E,PLD-7F8188DDBEAE9145,PLD-084EAE303D6122F4",review related Java symbols in the same source file
GRP-00215,FIELD,projectlibre_exchange,modules/projectlibre_exchange/src/main/java/com/projectlibre1/server/data/LockException.java,1,0,LOW,PLD-24E40553E844E1EB,review related Java symbols in the same source file
GRP-00216,FIELD,projectlibre_exchange,modules/projectlibre_exchange/src/main/java/com/projectlibre1/server/data/MPXConverter.java,3,0,LOW,"PLD-380D38C1E8F3C951,PLD-DBC5ABA8FCD55981,PLD-56D2F23AF5D075A5",review related Java symbols in the same source file
GRP-00217,FIELD,projectlibre_exchange,modules/projectlibre_exchange/src/main/java/com/projectlibre1/server/data/MSPDISerializer.java,4,0,LOW,"PLD-52ED79E4845A4C6F,PLD-FAC4CCF58C2E302A,PLD-F229EE7B3BC315E7,PLD-F47E87E7C84EA0F5",review related Java symbols in the same source file
GRP-00218,FIELD,projectlibre_exchange,modules/projectlibre_exchange/src/main/java/com/projectlibre1/server/data/ResourceData.java,7,0,LOW,"PLD-22E4B5924D249F6E,PLD-4196CA0B400EA070,PLD-945FA474FB77FCD5,PLD-81F778A60701AAA4,PLD-AE771FF2BC5D5CA4",review related Java symbols in the same source file
GRP-00219,FIELD,projectlibre_exchange,modules/projectlibre_exchange/src/main/java/com/projectlibre1/server/data/RoleData.java,3,0,LOW,"PLD-4DCF4A4E5C698312,PLD-4FFA4AAD9CACC93F,PLD-F7F6E01D077CF884",review related Java symbols in the same source file
GRP-00220,FIELD,projectlibre_exchange,modules/projectlibre_exchange/src/main/java/com/projectlibre1/server/data/SerializeOptions.java,1,0,LOW,PLD-4774E7AF4B5C29AA,review related Java symbols in the same source file
GRP-00221,FIELD,projectlibre_exchange,modules/projectlibre_exchange/src/main/java/com/projectlibre1/server/data/SerializeUtil.java,1,0,LOW,PLD-3DBE8158F9A9DC02,review related Java symbols in the same source file
GRP-00222,FIELD,projectlibre_exchange,modules/projectlibre_exchange/src/main/java/com/projectlibre1/server/data/Serializer.java,10,0,LOW,"PLD-2003A38B5DFEE62B,PLD-DCE4176FC3919B63,PLD-B97A67C4EBFBF109,PLD-A26AEFE380EB05C2,PLD-6DD5F7DAFB67E1A9",review related Java symbols in the same source file
GRP-00223,FIELD,projectlibre_exchange,modules/projectlibre_exchange/src/main/java/com/projectlibre1/server/data/TaskData.java,18,0,LOW,"PLD-4838F247A494B980,PLD-9FBCBC835216B2E0,PLD-655D54048BF6CBCD,PLD-D83937A75227D91A,PLD-001C07BC433F9A81",review related Java symbols in the same source file
GRP-00224,FIELD,projectlibre_exchange,modules/projectlibre_exchange/src/main/java/com/projectlibre1/server/data/TypeSystemConverterFactory.java,2,0,LOW,"PLD-971B5FC0E7F3709D,PLD-CD4998646EEA95A3",review related Java symbols in the same source file
GRP-00225,FIELD,projectlibre_exchange,modules/projectlibre_exchange/src/main/java/com/projectlibre1/server/data/UserData.java,2,0,LOW,"PLD-E2A36ACE94CEDDE1,PLD-A301106A5026F5F7",review related Java symbols in the same source file
GRP-00226,FIELD,projectlibre_exchange,modules/projectlibre_exchange/src/main/java/com/projectlibre1/server/data/linker/Linker.java,9,0,LOW,"PLD-4E9B139FD1487B94,PLD-6774CD6D03F59CAB,PLD-0C1C90BEB58DA31C,PLD-664FB5395D24DA02,PLD-AB2F653F53B415DD",review related Java symbols in the same source file
GRP-00227,FIELD,projectlibre_exchange,modules/projectlibre_exchange/src/main/java/com/projectlibre1/server/data/linker/TaskLinker.java,7,0,LOW,"PLD-A6912FAD261FAAE5,PLD-87BD8F7349845D7E,PLD-A2D9BBF5EDB06BC3,PLD-B15882E4E49A7094,PLD-7EAD6783ED081A25",review related Java symbols in the same source file
GRP-00228,FIELD,projectlibre_exchange,modules/projectlibre_exchange/src/main/java/com/projectlibre1/server/data/mspdi/ModifiedMSPDIWriter.java,5,0,LOW,"PLD-9C4A14CF26B48C65,PLD-8BF7EF2D273BDC5F,PLD-D455D8F2581007EB,PLD-1E5777AAD2EE4873,PLD-D335AA4D667E514B",review related Java symbols in the same source file
GRP-00229,FIELD,projectlibre_exchange,modules/projectlibre_exchange/src/main/java/com/projectlibre1/server/data/mspdi/ProjectContentHandler.java,3,0,LOW,"PLD-1812A99B4617BD74,PLD-ADA66C430C5C3AB9,PLD-776E9F7F82546CE9",review related Java symbols in the same source file
GRP-00230,FIELD,projectlibre_exchange,modules/projectlibre_exchange/src/main/java/com/projectlibre1/server/data/mspdi/TimeDistributedTypeMapper.java,1,0,LOW,PLD-23CB6892930B6909,review related Java symbols in the same source file
GRP-00231,FIELD,projectlibre_exchange,modules/projectlibre_exchange/src/main/java/com/projectlibre1/server/data/mspdi/TimephasedGetter.java,5,0,LOW,"PLD-70BBB50B5B4BA7ED,PLD-2D75DF234F4718EC,PLD-34A596DC243B3E9E,PLD-65DC26B42AC9AE68,PLD-658C867E66C3C642",review related Java symbols in the same source file
GRP-00232,FIELD,projectlibre_exchange,modules/projectlibre_exchange/src/main/java/com/projectlibre1/server/data/mspdi/TimephasedService.java,1,0,LOW,PLD-A1C4BB070E4D0515,review related Java symbols in the same source file
GRP-00233,FIELD,projectlibre_exchange,modules/projectlibre_exchange/src/main/java/com/projectlibre1/server/data/mspdi/XsdDuration.java,9,0,LOW,"PLD-315ED16E3FB2B66B,PLD-C142A058915957F7,PLD-EE34D0DAFFBD08C5,PLD-0BC153783067ACDD,PLD-3624CE507A18A55F",review related Java symbols in the same source file
GRP-00234,FIELD,projectlibre_exchange,modules/projectlibre_exchange/src/test/java/com/projectlibre1/exchange/MicrosoftImporterTest.java,2,0,LOW,"PLD-FEC6454E7266F436,PLD-4F960D8DFDDE6BBC",review related Java symbols in the same source file
GRP-00235,FIELD,projectlibre_exchange,projectlibre_exchange/src/com/projectlibre/core/pm/exchange/ImprovedMSPDIReader.java,2,0,LOW,"PLD-711AA155A087DDDE,PLD-39F44133E43D91DC",review related Java symbols in the same source file
GRP-00236,FIELD,projectlibre_exchange,projectlibre_exchange/src/com/projectlibre1/server/data/Serializer.java,2,0,LOW,"PLD-DE6F0A26565340AF,PLD-B4F511B57D069338",review related Java symbols in the same source file
GRP-00237,FIELD,projectlibre_exchange,projectlibre_exchange/src/com/projectlibre1/server/data/mspdi/ModifiedMSPDIWriter.java,2,0,LOW,"PLD-F51DBCCDDF80BC83,PLD-0E90794202F83953",review related Java symbols in the same source file
GRP-00238,FIELD,projectlibre_reports,modules/projectlibre_reports/src/main/java/com/projectlibre1/reports/adapter/ReportUtil.java,1,0,LOW,PLD-36F74C95FBBCECBF,review related Java symbols in the same source file
GRP-00239,FIELD,projectlibre_ui,modules/projectlibre_ui/src/main/java/com/projectlibre1/dialog/HelpDialog.java,1,1,LOW,PLD-95B3E51031AB9F91,review related Java symbols in the same source file
GRP-00240,FIELD,projectlibre_ui,modules/projectlibre_ui/src/main/java/com/projectlibre1/dialog/LocaleDialog.java,29,29,LOW,"PLD-0FD44EF77B61FF2E,PLD-EB9A9C766BD0AEE4,PLD-3222FA153815FD59,PLD-778D852DA5945D56,PLD-AE6D8DFDEE88E889",review related Java symbols in the same source file
GRP-00241,FIELD,projectlibre_ui,modules/projectlibre_ui/src/main/java/com/projectlibre1/dialog/assignment/AssignmentDialog.java,5,5,LOW,"PLD-3DB3CC68EB8B486F,PLD-6B650C7A1F41EB55,PLD-F28F9B9C0FEBF2D3,PLD-2FAFDA7AFB154626,PLD-0FE0F991B14B2CB5",review related Java symbols in the same source file
GRP-00242,FIELD,projectlibre_ui,modules/projectlibre_ui/src/main/java/com/projectlibre1/menu/ExtRibbonFactory.java,1,0,HIGH,PLD-3C743A8E3F5EB58A,review related Java symbols in the same source file
GRP-00243,FIELD,projectlibre_ui,modules/projectlibre_ui/src/main/java/com/projectlibre1/menu/MenuActionConstants.java,4,0,HIGH,"PLD-936D617211EA6FCF,PLD-860203888035B565,PLD-C68CC5EA6B48207B,PLD-48090CD933F71281",review related Java symbols in the same source file
GRP-00244,FIELD,projectlibre_ui,modules/projectlibre_ui/src/main/java/com/projectlibre1/menu/MenuManager.java,5,0,HIGH,"PLD-12334101F9F977AB,PLD-2F8184E0F7F1AC66,PLD-E855882901D7872E,PLD-1C04DF6CEFA3BA85,PLD-1C94ACCBD9885E61",review related Java symbols in the same source file
GRP-00245,FIELD,projectlibre_ui,modules/projectlibre_ui/src/main/java/com/projectlibre1/pm/graphic/IconManager.java,2,2,LOW,"PLD-D894CBDC423E036C,PLD-49FE23DD226FEF32",review related Java symbols in the same source file
GRP-00246,FIELD,projectlibre_ui,modules/projectlibre_ui/src/main/java/com/projectlibre1/pm/graphic/frames/GraphicManager.java,3,3,LOW,"PLD-7BAFB1659230A96A,PLD-720C1F6C8473563C,PLD-FDAD34344233EAB7",review related Java symbols in the same source file
GRP-00247,FIELD,projectlibre_ui,modules/projectlibre_ui/src/main/java/com/projectlibre1/pm/graphic/frames/MainFrameFactory.java,1,1,LOW,PLD-034B1C65D7695E8C,review related Java symbols in the same source file
GRP-00248,FIELD,projectlibre_ui,modules/projectlibre_ui/src/main/java/com/projectlibre1/pm/graphic/frames/MainRibbonFrame.java,2,2,LOW,"PLD-10CE9F54F23B0676,PLD-718E1FEB55E186EB",review related Java symbols in the same source file
GRP-00249,FIELD,projectlibre_ui,modules/projectlibre_ui/src/main/java/com/projectlibre1/print/PageSetup.java,1,1,LOW,PLD-5D84F347BADF2DF1,review related Java symbols in the same source file
GRP-00250,FIELD,projectlibre_ui,modules/projectlibre_ui/src/main/java/org/projectlibre/export/ImageExport.java,3,3,LOW,"PLD-80AD2DE8AD91669E,PLD-2DCB25334C320949,PLD-E99A5A9B7C96884D",review related Java symbols in the same source file
GRP-00251,FIELD,projectlibre_ui,modules/projectlibre_ui/src/main/java/org/projectlibre/export/PDFExport.java,1,1,LOW,PLD-92E2EEF43472F8E9,review related Java symbols in the same source file
GRP-00252,FIELD,projectlibre_ui,openproj_ui/src/com/projity/dialog/PODOnlyFeature.java,1,1,LOW,PLD-6BF8093F4858B9D0,review related Java symbols in the same source file
GRP-00253,FIELD,projectlibre_ui,openproj_ui/src/com/projity/dialog/TryPODDialog.java,2,2,LOW,"PLD-F8ED54CBE53FC2ED,PLD-B9AA9BD70AFF440F",review related Java symbols in the same source file
GRP-00254,FIELD,projectlibre_ui,openproj_ui/src/com/projity/dialog/assignment/AssignmentDialog.java,5,5,LOW,"PLD-6F37BEE4CF19C610,PLD-B4BD4E9402F6F2E1,PLD-62BD12BA3C12DF28,PLD-3D3C7AACB344905B,PLD-D60017EC008CAE9D",review related Java symbols in the same source file
GRP-00255,FIELD,projectlibre_ui,openproj_ui/src/com/projity/dialog/calendar/ChangeWorkingTimeDialogBox.java,1,1,LOW,PLD-F8AB4245C5C735C6,review related Java symbols in the same source file
GRP-00256,FIELD,projectlibre_ui,openproj_ui/src/com/projity/menu/MenuActionConstants.java,3,0,HIGH,"PLD-6B9EE4C894698996,PLD-76C6830813AC45E0,PLD-A78EC7307AF49301",review related Java symbols in the same source file
GRP-00257,FIELD,projectlibre_ui,openproj_ui/src/com/projity/menu/MenuManager.java,1,0,HIGH,PLD-B5271BD0CB84A37A,review related Java symbols in the same source file
GRP-00258,FIELD,projectlibre_ui,openproj_ui/src/com/projity/pm/graphic/Statusbar.java,1,1,LOW,PLD-481E6AB6B50A22F3,review related Java symbols in the same source file
GRP-00259,FIELD,projectlibre_ui,openproj_ui/src/com/projity/pm/graphic/chart/ChartLegend.java,1,1,LOW,PLD-35B1FEA356068218,review related Java symbols in the same source file
GRP-00260,FIELD,projectlibre_ui,openproj_ui/src/com/projity/pm/graphic/chart/TimeChartPopupMenu.java,1,0,HIGH,PLD-43014D5C7A1CE9EC,review related Java symbols in the same source file
GRP-00261,FIELD,projectlibre_ui,openproj_ui/src/com/projity/pm/graphic/frames/GraphicManager.java,1,1,LOW,PLD-F02A7332ADBA3DDB,review related Java symbols in the same source file
GRP-00262,FIELD,projectlibre_ui,openproj_ui/src/com/projity/pm/graphic/frames/MainFrame.java,1,1,LOW,PLD-6A8C364627952957,review related Java symbols in the same source file
GRP-00263,FIELD,projectlibre_ui,openproj_ui/src/com/projity/pm/graphic/spreadsheet/SpreadSheet.java,4,4,LOW,"PLD-80769624DA3CC5AA,PLD-187490C32ACCDDB6,PLD-FCDE848C96172077,PLD-DCCAD222D6B07E0E",review related Java symbols in the same source file
GRP-00264,FIELD,projectlibre_ui,openproj_ui/src/com/projity/pm/graphic/spreadsheet/SpreadSheetParamsImpl.java,2,2,LOW,"PLD-B42A5487419CFDC7,PLD-710FE7BF581F77CB",review related Java symbols in the same source file
GRP-00265,FIELD,projectlibre_ui,openproj_ui/src/com/projity/pm/graphic/spreadsheet/SpreadSheetUtils.java,1,1,LOW,PLD-A5318F4120642742,review related Java symbols in the same source file
GRP-00266,FIELD,projectlibre_ui,openproj_ui/src/com/projity/pm/graphic/views/GanttView.java,1,1,LOW,PLD-1CEB3ACB8DF95F8C,review related Java symbols in the same source file
GRP-00267,FIELD,projectlibre_ui,openproj_ui/src/com/projity/pm/graphic/views/UsageDetailView.java,1,1,LOW,PLD-88B2AD7209E59DE4,review related Java symbols in the same source file
GRP-00268,FIELD,projectlibre_ui,openproj_ui/src/com/projity/print/PageSetup.java,1,1,LOW,PLD-7FF35FBD780C54F1,review related Java symbols in the same source file
GRP-00269,FIELD,projectlibre_ui,projectlibre_ui/src/com/projectlibre/ui/ribbon/ProjectLibreRibbonUI.java,32,32,LOW,"PLD-1AF6E1F71736F636,PLD-D1F815E9C6299383,PLD-98183C12B5E318F0,PLD-C9057BB08CFE35F7,PLD-3E69C249F98B1BF1",review related Java symbols in the same source file
GRP-00270,FIELD,projectlibre_ui,projectlibre_ui/src/com/projectlibre1/dialog/HelpDialog.java,6,6,LOW,"PLD-1A1FC4FE0EB3553B,PLD-BC5D517528FCB56F,PLD-9B79FD144AFA4D8D,PLD-BFBEE917C58EEC77,PLD-26366A31CF64062D",review related Java symbols in the same source file
GRP-00271,FIELD,projectlibre_ui,projectlibre_ui/src/com/projectlibre1/dialog/calendar/ChangeWorkingTimeDialogBox.java,1,1,LOW,PLD-45729EB1DF5EEF4A,review related Java symbols in the same source file
GRP-00272,FIELD,projectlibre_ui,projectlibre_ui/src/com/projectlibre1/pm/graphic/Statusbar.java,1,1,LOW,PLD-69FA6D9C6F726DF6,review related Java symbols in the same source file
GRP-00273,FIELD,projectlibre_ui,projectlibre_ui/src/com/projectlibre1/pm/graphic/chart/ChartLegend.java,1,1,LOW,PLD-3B741715AAD2FD6F,review related Java symbols in the same source file
GRP-00274,FIELD,projectlibre_ui,projectlibre_ui/src/com/projectlibre1/pm/graphic/chart/TimeChartPopupMenu.java,1,0,HIGH,PLD-A002372902E32D17,review related Java symbols in the same source file
GRP-00275,FIELD,projectlibre_ui,projectlibre_ui/src/com/projectlibre1/pm/graphic/frames/MainRibbonFrame.java,1,1,LOW,PLD-BB8CF69BEB6F0BC0,review related Java symbols in the same source file
GRP-00276,FIELD,projectlibre_ui,projectlibre_ui/src/com/projectlibre1/pm/graphic/spreadsheet/SpreadSheet.java,4,4,LOW,"PLD-2C5EEA972A9EBBCA,PLD-7A2E9EC4F1CBF9A0,PLD-7C25D15FBBA6CC3E,PLD-2087DC99D65C91CC",review related Java symbols in the same source file
GRP-00277,FIELD,projectlibre_ui,projectlibre_ui/src/com/projectlibre1/pm/graphic/spreadsheet/SpreadSheetParamsImpl.java,2,2,LOW,"PLD-FFD0B734392E1C20,PLD-9C3604B373F7FB06",review related Java symbols in the same source file
GRP-00278,FIELD,projectlibre_ui,projectlibre_ui/src/com/projectlibre1/pm/graphic/spreadsheet/SpreadSheetUtils.java,1,1,LOW,PLD-A93883819C6CB30B,review related Java symbols in the same source file
GRP-00279,FIELD,projectlibre_ui,projectlibre_ui/src/com/projectlibre1/pm/graphic/views/GanttView.java,1,1,LOW,PLD-2B1F12B79CC57D83,review related Java symbols in the same source file
GRP-00280,FIELD,projectlibre_ui,projectlibre_ui/src/com/projectlibre1/pm/graphic/views/UsageDetailView.java,1,1,LOW,PLD-820EE7F7DF6102E4,review related Java symbols in the same source file
GRP-00281,HUNK,packaging,openproj_build/make_deb.sh,1,1,MEDIUM,PLD-CC47218BDB0907FC,review the file or asset and confirm whether the delta is user-visible or distributable
GRP-00282,HUNK,packaging,openproj_build/resources/mac/Info.plist,1,1,MEDIUM,PLD-4AEC7ABF5AF4A47D,review the file or asset and confirm whether the delta is user-visible or distributable
GRP-00283,HUNK,packaging,openproj_build/resources/mac/openproj.icns,1,1,MEDIUM,PLD-D6930F0464227395,review the file or asset and confirm whether the delta is user-visible or distributable
GRP-00284,HUNK,packaging,openproj_build/resources/openproj,1,1,MEDIUM,PLD-CA1D05DDB28F6803,review the file or asset and confirm whether the delta is user-visible or distributable
GRP-00285,HUNK,packaging,openproj_build/resources/openproj.bat,1,1,MEDIUM,PLD-017774ADC123F40F,review the file or asset and confirm whether the delta is user-visible or distributable
GRP-00286,HUNK,packaging,openproj_build/resources/openproj.desktop,1,1,MEDIUM,PLD-9864179AF934354A,review the file or asset and confirm whether the delta is user-visible or distributable
GRP-00287,HUNK,packaging,openproj_build/resources/openproj.sh,1,1,MEDIUM,PLD-AE07E9A8EDA28772,review the file or asset and confirm whether the delta is user-visible or distributable
GRP-00288,HUNK,packaging,openproj_build/resources/rpm/openproj.spec,1,1,MEDIUM,PLD-024C461D82870224,review the file or asset and confirm whether the delta is user-visible or distributable
GRP-00289,HUNK,packaging,openproj_build/resources/x-openproj.desktop,1,1,MEDIUM,PLD-02780883E8B339D2,review the file or asset and confirm whether the delta is user-visible or distributable
GRP-00290,HUNK,packaging,projectlibre_build/.cvsignore,1,1,MEDIUM,PLD-0BB25E8E2D829C75,review the file or asset and confirm whether the delta is user-visible or distributable
GRP-00291,HUNK,packaging,projectlibre_build/.settings/org.eclipse.ltk.core.refactoring.prefs,1,1,MEDIUM,PLD-13E64EE22CCA802B,review the file or asset and confirm whether the delta is user-visible or distributable
GRP-00292,HUNK,packaging,projectlibre_build/doc/building.html,1,1,MEDIUM,PLD-72F7F2C0C9FC31E8,review the file or asset and confirm whether the delta is user-visible or distributable
GRP-00293,HUNK,packaging,projectlibre_build/license/index.html,1,1,MEDIUM,PLD-013B3D8199CEE3B9,review the file or asset and confirm whether the delta is user-visible or distributable
GRP-00294,HUNK,packaging,projectlibre_build/license/license.rtf,1,1,MEDIUM,PLD-DD53AA0C7EF92CA0,review the file or asset and confirm whether the delta is user-visible or distributable
GRP-00295,HUNK,packaging,projectlibre_build/license/license.txt,1,1,MEDIUM,PLD-8CA63DE65508902E,review the file or asset and confirm whether the delta is user-visible or distributable
GRP-00296,HUNK,packaging,projectlibre_build/license/third-party/Apache-LICENSE-2.0.txt,1,1,MEDIUM,PLD-C6AA9F33F39B3A22,review the file or asset and confirm whether the delta is user-visible or distributable
GRP-00297,HUNK,packaging,projectlibre_build/license/third-party/CDDL.txt,1,1,MEDIUM,PLD-788EBFD183C3107B,review the file or asset and confirm whether the delta is user-visible or distributable
GRP-00298,HUNK,packaging,projectlibre_build/license/third-party/Jasper-LGPL.txt,1,1,MEDIUM,PLD-B68D6C47AF5BD0B2,review the file or asset and confirm whether the delta is user-visible or distributable
GRP-00299,HUNK,packaging,projectlibre_build/license/third-party/antlr.txt,1,1,MEDIUM,PLD-B6BBDE5067A54444,review the file or asset and confirm whether the delta is user-visible or distributable
GRP-00300,HUNK,packaging,projectlibre_build/license/third-party/apple.txt,1,1,MEDIUM,PLD-E2555EAACD1E70AD,review the file or asset and confirm whether the delta is user-visible or distributable
GRP-00301,HUNK,packaging,projectlibre_build/license/third-party/bsd-generic.txt,1,1,MEDIUM,PLD-A7C13128A95016C7,review the file or asset and confirm whether the delta is user-visible or distributable
GRP-00302,HUNK,packaging,projectlibre_build/license/third-party/cpl-1.0.txt,1,1,MEDIUM,PLD-F54004C60ACB6DA4,review the file or asset and confirm whether the delta is user-visible or distributable
GRP-00303,HUNK,packaging,projectlibre_build/license/third-party/groovy.txt,1,1,MEDIUM,PLD-DBF4F2C79EE028A3,review the file or asset and confirm whether the delta is user-visible or distributable
GRP-00304,HUNK,packaging,projectlibre_build/license/third-party/iCal4j.txt,1,1,MEDIUM,PLD-875CEFEBF6CA57A8,review the file or asset and confirm whether the delta is user-visible or distributable
GRP-00305,HUNK,packaging,projectlibre_build/license/third-party/index.html,1,1,MEDIUM,PLD-8BA176E862AEC8AF,review the file or asset and confirm whether the delta is user-visible or distributable
GRP-00306,HUNK,packaging,projectlibre_build/license/third-party/jgoodies-forms.txt,1,1,MEDIUM,PLD-00BBA87ECEC1E606,review the file or asset and confirm whether the delta is user-visible or distributable
GRP-00307,HUNK,packaging,projectlibre_build/license/third-party/lgpl-2.1.txt,1,1,MEDIUM,PLD-107EAA3E80AEF365,review the file or asset and confirm whether the delta is user-visible or distributable
GRP-00308,HUNK,packaging,projectlibre_build/license/third-party/osx-adapter.txt,1,1,MEDIUM,PLD-C169F6A2C9A567BA,review the file or asset and confirm whether the delta is user-visible or distributable
GRP-00309,HUNK,packaging,projectlibre_build/license/third-party/sun-jwsdp.txt,1,1,MEDIUM,PLD-F55D92D0A3B843CB,review the file or asset and confirm whether the delta is user-visible or distributable
GRP-00310,HUNK,packaging,projectlibre_build/license/third-party/sun.txt,1,1,MEDIUM,PLD-1D47A5994AF164FD,review the file or asset and confirm whether the delta is user-visible or distributable
GRP-00311,HUNK,packaging,projectlibre_build/license/third-party/third-party-licenses-with-build-libs.html,1,1,MEDIUM,PLD-7B09043B939DD293,review the file or asset and confirm whether the delta is user-visible or distributable
GRP-00312,HUNK,packaging,projectlibre_build/license/third-party/xstream.txt,1,1,MEDIUM,PLD-1914E4359F27DD1F,review the file or asset and confirm whether the delta is user-visible or distributable
GRP-00313,HUNK,packaging,projectlibre_build/resources/README_SF.txt,1,1,MEDIUM,PLD-D58296CA32AABDDC,review the file or asset and confirm whether the delta is user-visible or distributable
GRP-00314,HUNK,packaging,projectlibre_build/resources/deb/changelog,1,1,MEDIUM,PLD-1945C6D845217285,review the file or asset and confirm whether the delta is user-visible or distributable
GRP-00315,HUNK,packaging,projectlibre_build/resources/deb/cleandeb.sh,1,1,MEDIUM,PLD-94992651EA519876,review the file or asset and confirm whether the delta is user-visible or distributable
GRP-00316,HUNK,packaging,projectlibre_build/resources/deb/control,1,1,MEDIUM,PLD-9EDA95F212A5D363,review the file or asset and confirm whether the delta is user-visible or distributable
GRP-00317,HUNK,packaging,projectlibre_build/resources/deb/control-build,1,1,MEDIUM,PLD-D73B35CCF1B8EBBE,review the file or asset and confirm whether the delta is user-visible or distributable
GRP-00318,HUNK,packaging,projectlibre_build/resources/deb/copyright,1,1,MEDIUM,PLD-48C5081C21DFB027,review the file or asset and confirm whether the delta is user-visible or distributable
GRP-00319,HUNK,packaging,projectlibre_build/resources/deb/gzip.sh,1,1,MEDIUM,PLD-4B5154682C496A34,review the file or asset and confirm whether the delta is user-visible or distributable
GRP-00320,HUNK,packaging,projectlibre_build/resources/deb/postinst,1,1,MEDIUM,PLD-1952D6B314729DFD,review the file or asset and confirm whether the delta is user-visible or distributable
GRP-00321,HUNK,packaging,projectlibre_build/resources/deb/postrm,1,1,MEDIUM,PLD-03F225561BEB3FB9,review the file or asset and confirm whether the delta is user-visible or distributable
GRP-00322,HUNK,packaging,projectlibre_build/resources/deb/rules,1,1,MEDIUM,PLD-91192B744D0E8ADD,review the file or asset and confirm whether the delta is user-visible or distributable
GRP-00323,HUNK,packaging,projectlibre_build/resources/fx/package/macosx/ProjectLibre-dmg-setup.scpt,1,1,MEDIUM,PLD-A985152FA26CE9D3,review the file or asset and confirm whether the delta is user-visible or distributable
GRP-00324,HUNK,packaging,projectlibre_build/resources/jpackage_deb/make.sh,1,1,MEDIUM,PLD-45BC712610B00FE1,review the file or asset and confirm whether the delta is user-visible or distributable
GRP-00325,HUNK,packaging,projectlibre_build/resources/jpackage_deb/readme.txt,1,1,MEDIUM,PLD-21BD7F400BF2AEB0,review the file or asset and confirm whether the delta is user-visible or distributable
GRP-00326,HUNK,packaging,projectlibre_build/resources/mac/.cvsignore,1,1,MEDIUM,PLD-E0756A147005D595,review the file or asset and confirm whether the delta is user-visible or distributable
GRP-00327,HUNK,packaging,projectlibre_build/resources/mac/JavaAppLauncher,1,1,MEDIUM,PLD-29F788B4F04A2F09,review the file or asset and confirm whether the delta is user-visible or distributable
GRP-00328,HUNK,packaging,projectlibre_build/resources/mac/embeded/Info.plist,1,1,MEDIUM,PLD-1A2DBFA3D1FB7747,review the file or asset and confirm whether the delta is user-visible or distributable
GRP-00329,HUNK,packaging,projectlibre_build/resources/mac/jpackage/Info.plist,1,1,MEDIUM,PLD-F316A37C29F20567,review the file or asset and confirm whether the delta is user-visible or distributable
GRP-00330,HUNK,packaging,projectlibre_build/resources/mac/jpackage/entitlements.plist,1,1,MEDIUM,PLD-CF94078640C40523,review the file or asset and confirm whether the delta is user-visible or distributable
GRP-00331,HUNK,packaging,projectlibre_build/resources/mac/jpackage/make.sh,1,1,MEDIUM,PLD-19C77D05CFC5A470,review the file or asset and confirm whether the delta is user-visible or distributable
GRP-00332,HUNK,packaging,projectlibre_build/resources/mac/new/Info.plist,1,1,MEDIUM,PLD-E2BC2A450AAB9AC6,review the file or asset and confirm whether the delta is user-visible or distributable
GRP-00333,HUNK,packaging,projectlibre_build/resources/mac/new/PkgInfo,1,1,MEDIUM,PLD-0AE72F789AD4C9E9,review the file or asset and confirm whether the delta is user-visible or distributable
GRP-00334,HUNK,packaging,projectlibre_build/resources/mac/old/Info.plist,1,1,MEDIUM,PLD-08AE0CF6D00EEDF7,review the file or asset and confirm whether the delta is user-visible or distributable
GRP-00335,HUNK,packaging,projectlibre_build/resources/mac/projectlibre.icns,1,1,MEDIUM,PLD-7EC0303CBAD63CC5,review the file or asset and confirm whether the delta is user-visible or distributable
GRP-00336,HUNK,packaging,projectlibre_build/resources/projectlibre,1,1,MEDIUM,PLD-F7505069F11572B9,review the file or asset and confirm whether the delta is user-visible or distributable
GRP-00337,HUNK,packaging,projectlibre_build/resources/projectlibre.bat,1,1,MEDIUM,PLD-E8203D60D015E3ED,review the file or asset and confirm whether the delta is user-visible or distributable
GRP-00338,HUNK,packaging,projectlibre_build/resources/projectlibre.desktop,1,1,MEDIUM,PLD-9EAD8D2F9593AC37,review the file or asset and confirm whether the delta is user-visible or distributable
GRP-00339,HUNK,packaging,projectlibre_build/resources/projectlibre.sh,1,1,MEDIUM,PLD-64F86B520B5503CE,review the file or asset and confirm whether the delta is user-visible or distributable
GRP-00340,HUNK,packaging,projectlibre_build/resources/readme.html,1,1,MEDIUM,PLD-0A44A7ABF31DAF44,review the file or asset and confirm whether the delta is user-visible or distributable
GRP-00341,HUNK,packaging,projectlibre_build/resources/readme.txt,1,1,MEDIUM,PLD-9CEF2DD36B1E0660,review the file or asset and confirm whether the delta is user-visible or distributable
GRP-00342,HUNK,packaging,projectlibre_build/resources/rpm/projectlibre_mageia.spec,1,1,MEDIUM,PLD-F3D54C0A4F035902,review the file or asset and confirm whether the delta is user-visible or distributable
GRP-00343,HUNK,packaging,projectlibre_build/resources/win/make.ps1,1,1,MEDIUM,PLD-19FEE166EE8D84AE,review the file or asset and confirm whether the delta is user-visible or distributable
GRP-00344,HUNK,packaging,projectlibre_build/resources/wix/msi_images/projectlibre.xcf,1,1,MEDIUM,PLD-9C8226E34F4DF4E5,review the file or asset and confirm whether the delta is user-visible or distributable
GRP-00345,HUNK,packaging,projectlibre_build/resources/wix/msi_images/projectlibre_msi_banner.xcf,1,1,MEDIUM,PLD-3855296D1E03544B,review the file or asset and confirm whether the delta is user-visible or distributable
GRP-00346,HUNK,packaging,projectlibre_build/resources/wix/projectlibre-nojre.wxs,1,1,MEDIUM,PLD-E3CEC9B8851BFF6A,review the file or asset and confirm whether the delta is user-visible or distributable
GRP-00347,HUNK,packaging,projectlibre_build/resources/wix/projectlibre-x86.wxs,1,1,MEDIUM,PLD-81EB2E9B747AA17F,review the file or asset and confirm whether the delta is user-visible or distributable
GRP-00348,HUNK,packaging,projectlibre_build/resources/wix/projectlibre.nsi,1,1,MEDIUM,PLD-822D8EECBF6F7F6C,review the file or asset and confirm whether the delta is user-visible or distributable
GRP-00349,HUNK,packaging,projectlibre_build/resources/wix/projectlibre.wxs,1,1,MEDIUM,PLD-EE6D179249ED7738,review the file or asset and confirm whether the delta is user-visible or distributable
GRP-00350,HUNK,packaging,projectlibre_build/resources/x-projectlibre.desktop,1,1,MEDIUM,PLD-BC45BA8331B896C9,review the file or asset and confirm whether the delta is user-visible or distributable
GRP-00351,HUNK,packaging,projectlibre_build/src/projectlibre-1.9.1.tar.gz,1,1,MEDIUM,PLD-B15886EADFEEC613,review the file or asset and confirm whether the delta is user-visible or distributable
GRP-00352,HUNK,projectlibre_contrib,openproj_contrib/ant-lib/ant-contrib.jar,1,0,MEDIUM,PLD-BC51631D3F62B33C,review the file or asset and confirm whether the delta is user-visible or distributable
GRP-00353,HUNK,projectlibre_contrib,openproj_contrib/lib/exchange/jax-qname.jar,1,0,MEDIUM,PLD-E8FE8C2AAFEEEE6A,review the file or asset and confirm whether the delta is user-visible or distributable
GRP-00354,HUNK,projectlibre_contrib,openproj_contrib/lib/exchange/jaxb-libs.jar,1,0,MEDIUM,PLD-BE917ABEE0FDB21D,review the file or asset and confirm whether the delta is user-visible or distributable
GRP-00355,HUNK,projectlibre_contrib,openproj_contrib/lib/exchange/jaxb-xjc.jar,1,0,MEDIUM,PLD-35CFAE72BC32D422,review the file or asset and confirm whether the delta is user-visible or distributable
GRP-00356,HUNK,projectlibre_contrib,openproj_contrib/lib/exchange/mpop.jar,1,0,MEDIUM,PLD-D0CDD6E09ADC9E1E,review the file or asset and confirm whether the delta is user-visible or distributable
GRP-00357,HUNK,projectlibre_contrib,openproj_contrib/lib/exchange/mpxj.jar,1,0,MEDIUM,PLD-427E31A050701E6D,review the file or asset and confirm whether the delta is user-visible or distributable
GRP-00358,HUNK,projectlibre_contrib,openproj_contrib/lib/exchange/namespace.jar,1,0,MEDIUM,PLD-6CF65655E161B44D,review the file or asset and confirm whether the delta is user-visible or distributable
GRP-00359,HUNK,projectlibre_contrib,openproj_contrib/lib/exchange/relaxngDatatype.jar,1,0,MEDIUM,PLD-F66D46862FF128C2,review the file or asset and confirm whether the delta is user-visible or distributable
GRP-00360,HUNK,projectlibre_contrib,openproj_contrib/lib/exchange/xsdlib.jar,1,0,MEDIUM,PLD-62A0884FD18D45E4,review the file or asset and confirm whether the delta is user-visible or distributable
GRP-00361,HUNK,projectlibre_contrib,openproj_contrib/lib/groovy/ant-1.6.5.jar,1,0,MEDIUM,PLD-8C93FB6C3EB9EDB8,review the file or asset and confirm whether the delta is user-visible or distributable
GRP-00362,HUNK,projectlibre_contrib,openproj_contrib/lib/groovy/antlr.jar,1,0,MEDIUM,PLD-BA60ABA1D7F1B7AA,review the file or asset and confirm whether the delta is user-visible or distributable
GRP-00363,HUNK,projectlibre_contrib,openproj_contrib/lib/groovy/asm-analysis.jar,1,0,MEDIUM,PLD-8B58C8B6E1F5B632,review the file or asset and confirm whether the delta is user-visible or distributable
GRP-00364,HUNK,projectlibre_contrib,openproj_contrib/lib/groovy/asm-attrs.jar,1,0,MEDIUM,PLD-E24C71ADF701CF20,review the file or asset and confirm whether the delta is user-visible or distributable
GRP-00365,HUNK,projectlibre_contrib,openproj_contrib/lib/groovy/asm-tree.jar,1,0,MEDIUM,PLD-C9E698B9E1D08FBD,review the file or asset and confirm whether the delta is user-visible or distributable
GRP-00366,HUNK,projectlibre_contrib,openproj_contrib/lib/groovy/asm-util.jar,1,0,MEDIUM,PLD-318B4637F03FDF3F,review the file or asset and confirm whether the delta is user-visible or distributable
GRP-00367,HUNK,projectlibre_contrib,openproj_contrib/lib/groovy/asm.jar,1,0,MEDIUM,PLD-1EDEE0F5E4BFAF75,review the file or asset and confirm whether the delta is user-visible or distributable
GRP-00368,HUNK,projectlibre_contrib,openproj_contrib/lib/groovy/bsf-2.3.0-rc1.jar,1,0,MEDIUM,PLD-D3ED58D79E75F6CD,review the file or asset and confirm whether the delta is user-visible or distributable
GRP-00369,HUNK,projectlibre_contrib,openproj_contrib/lib/groovy/commons-cli-1.0.jar,1,0,MEDIUM,PLD-C78C039FFE5D8238,review the file or asset and confirm whether the delta is user-visible or distributable
GRP-00370,HUNK,projectlibre_contrib,openproj_contrib/lib/groovy/groovy.jar,1,0,MEDIUM,PLD-2F9CDDDCE393E945,review the file or asset and confirm whether the delta is user-visible or distributable
GRP-00371,HUNK,projectlibre_contrib,openproj_contrib/lib/groovy/xerces-2.4.0.jar,1,0,MEDIUM,PLD-C461C82E15869F97,review the file or asset and confirm whether the delta is user-visible or distributable
GRP-00372,HUNK,projectlibre_contrib,openproj_contrib/lib/groovy/xstream-1.1.1.jar,1,0,MEDIUM,PLD-93FF7EE8953D0E15,review the file or asset and confirm whether the delta is user-visible or distributable
GRP-00373,HUNK,projectlibre_contrib,projectlibre_contrib/ant-lib/ant-contrib-1.jar,1,0,MEDIUM,PLD-229D26298EB02512,review the file or asset and confirm whether the delta is user-visible or distributable
GRP-00374,HUNK,projectlibre_contrib,projectlibre_contrib/ant-lib/proguard.jar,1,0,MEDIUM,PLD-9CCE7A9C20920F13,review the file or asset and confirm whether the delta is user-visible or distributable
GRP-00375,HUNK,projectlibre_contrib,projectlibre_contrib/lib/exchange/commons-collections4.jar,1,0,MEDIUM,PLD-7022AB07A09B2C7E,review the file or asset and confirm whether the delta is user-visible or distributable
GRP-00376,HUNK,projectlibre_contrib,projectlibre_contrib/lib/exchange/jakarta-poi.jar,1,0,MEDIUM,PLD-2461994424B9DDDB,review the file or asset and confirm whether the delta is user-visible or distributable
GRP-00377,HUNK,projectlibre_contrib,projectlibre_contrib/lib/exchange/javax.activation-api.jar,1,0,MEDIUM,PLD-FC65933B2AC1B5B6,review the file or asset and confirm whether the delta is user-visible or distributable
GRP-00378,HUNK,projectlibre_contrib,projectlibre_contrib/lib/exchange/jaxb-api.jar,1,0,MEDIUM,PLD-78C58BB7906CCBA8,review the file or asset and confirm whether the delta is user-visible or distributable
GRP-00379,HUNK,projectlibre_contrib,projectlibre_contrib/lib/exchange/jaxb-core.jar,1,0,MEDIUM,PLD-75B07767C1B5CABD,review the file or asset and confirm whether the delta is user-visible or distributable
GRP-00380,HUNK,projectlibre_contrib,projectlibre_contrib/lib/exchange/jaxb-impl.jar,1,0,MEDIUM,PLD-BC1EB503B8ECBB17,review the file or asset and confirm whether the delta is user-visible or distributable
GRP-00381,HUNK,projectlibre_contrib,projectlibre_contrib/lib/exchange/rtfparserkit.jar,1,0,MEDIUM,PLD-194D664DD59C1889,review the file or asset and confirm whether the delta is user-visible or distributable
GRP-00382,HUNK,projectlibre_contrib,projectlibre_contrib/lib/flamingo-6.2.jar,1,0,MEDIUM,PLD-DBB3274DD9B4C6FB,review the file or asset and confirm whether the delta is user-visible or distributable
GRP-00383,HUNK,projectlibre_contrib,projectlibre_contrib/lib/groovy/ant-1.9.15.jar,1,0,MEDIUM,PLD-BAFFDF92708B162A,review the file or asset and confirm whether the delta is user-visible or distributable
GRP-00384,HUNK,projectlibre_contrib,projectlibre_contrib/lib/groovy/ant-antlr-1.9.15.jar,1,0,MEDIUM,PLD-7B3A121E6131D17A,review the file or asset and confirm whether the delta is user-visible or distributable
GRP-00385,HUNK,projectlibre_contrib,projectlibre_contrib/lib/groovy/bsf-2.4.0.jar,1,0,MEDIUM,PLD-1660644BA0CC1756,review the file or asset and confirm whether the delta is user-visible or distributable
GRP-00386,HUNK,projectlibre_contrib,projectlibre_contrib/lib/groovy/commons-cli-1.2.jar,1,0,MEDIUM,PLD-D24C740706F05B89,review the file or asset and confirm whether the delta is user-visible or distributable
GRP-00387,HUNK,projectlibre_contrib,projectlibre_contrib/lib/groovy/groovy-2.4.21.jar,1,0,MEDIUM,PLD-FFA9FA5F46453C1C,review the file or asset and confirm whether the delta is user-visible or distributable
GRP-00388,HUNK,projectlibre_contrib,projectlibre_contrib/lib/groovy/xstream-1.4.10.jar,1,0,MEDIUM,PLD-EB110534664FBAD4,review the file or asset and confirm whether the delta is user-visible or distributable
GRP-00389,HUNK,projectlibre_contrib,projectlibre_contrib/lib/itext.jar,1,0,MEDIUM,PLD-F753A74B6ADE9FBF,review the file or asset and confirm whether the delta is user-visible or distributable
GRP-00390,HUNK,projectlibre_contrib,projectlibre_contrib/lib/trident-6.2.jar,1,0,MEDIUM,PLD-CA94EC0D208319A3,review the file or asset and confirm whether the delta is user-visible or distributable
GRP-00391,HUNK,projectlibre_contrib,projectlibre_contrib/projectlibre-contrib.jar,1,0,MEDIUM,PLD-33BF30D741BC6F45,review the file or asset and confirm whether the delta is user-visible or distributable
GRP-00392,HUNK,projectlibre_contrib,projectlibre_contrib/projectlibre-reports.jar,1,0,MEDIUM,PLD-D0B3A617555C41DC,review the file or asset and confirm whether the delta is user-visible or distributable
GRP-00393,HUNK,projectlibre_contrib,projectlibre_contrib/projectlibre-script.jar,1,0,MEDIUM,PLD-26B77F806CDE4EFE,review the file or asset and confirm whether the delta is user-visible or distributable
GRP-00394,HUNK,projectlibre_contrib,projectlibre_contrib/tmp/projectlibre-contrib-tmp.jar,1,0,MEDIUM,PLD-ACD7DF0A1749D516,review the file or asset and confirm whether the delta is user-visible or distributable
GRP-00395,HUNK,projectlibre_contrib,projectlibre_contrib/tmp/projectlibre-reports-tmp.jar,1,0,MEDIUM,PLD-5D0A2E2CBF6BCA5E,review the file or asset and confirm whether the delta is user-visible or distributable
GRP-00396,HUNK,projectlibre_contrib,projectlibre_contrib/tmp/projectlibre-script-tmp.jar,1,0,MEDIUM,PLD-B47C8DE334B8ACA8,review the file or asset and confirm whether the delta is user-visible or distributable
GRP-00397,HUNK,projectlibre_core,modules/projectlibre_core/src/main/resources/com/projectlibre1/strings/nativeCodePage/client_ru.properties.1251,1,1,MEDIUM,PLD-6518C7F7C1631099,review the file or asset and confirm whether the delta is user-visible or distributable
GRP-00398,HUNK,projectlibre_core,projectlibre_core/.settings/org.eclipse.jdt.groovy.core.prefs,1,1,MEDIUM,PLD-17FB2FFD120D986B,review the file or asset and confirm whether the delta is user-visible or distributable
GRP-00399,HUNK,projectlibre_core,projectlibre_core/.settings/org.jboss.ide.eclipse.as.core.prefs,1,1,MEDIUM,PLD-72EA36DEB2F27F0A,review the file or asset and confirm whether the delta is user-visible or distributable
GRP-00400,HUNK,projectlibre_exchange,modules/projectlibre_exchange/src/main/java/com/projectlibre1/server/data/mspdi/TimeDistributedTypeMapper.java,1,0,MEDIUM,PLD-F8146FCCD9FC1F48,review the file or asset and confirm whether the delta is user-visible or distributable
GRP-00401,HUNK,projectlibre_exchange,modules/projectlibre_exchange/src/main/java/com/projectlibre1/server/data/mspdi/XsdDuration.java,1,0,MEDIUM,PLD-DB1F236FB2AE510F,review the file or asset and confirm whether the delta is user-visible or distributable
GRP-00402,HUNK,projectlibre_exchange,modules/projectlibre_exchange/src/main/resources/META-INF/MANIFEST.MF,1,0,MEDIUM,PLD-882C54F7FDFF75BF,review the file or asset and confirm whether the delta is user-visible or distributable
GRP-00403,HUNK,projectlibre_exchange,modules/projectlibre_exchange/testdata/New Product.mpp,1,0,MEDIUM,PLD-A46DC598876A9953,review the file or asset and confirm whether the delta is user-visible or distributable
GRP-00404,HUNK,projectlibre_exchange,projectlibre_exchange/.settings/org.eclipse.core.resources.prefs,1,0,MEDIUM,PLD-27B6A09ECB57A287,review the file or asset and confirm whether the delta is user-visible or distributable
GRP-00405,HUNK,projectlibre_exchange,projectlibre_exchange/.settings/org.eclipse.wst.common.component,1,0,MEDIUM,PLD-B097BDA1075C2AFE,review the file or asset and confirm whether the delta is user-visible or distributable
GRP-00406,HUNK,projectlibre_ui,modules/projectlibre_ui/.gitignore,1,1,MEDIUM,PLD-0D536E10D3470427,review the file or asset and confirm whether the delta is user-visible or distributable
GRP-00407,HUNK,projectlibre_ui,modules/projectlibre_ui/src/main/resources/com/projectlibre1/menu/nativeCodePage/menu_ru.properties.1251,1,0,HIGH,PLD-E135D0F211720C55,review the file or asset and confirm whether the delta is user-visible or distributable
GRP-00408,HUNK,projectlibre_ui,modules/projectlibre_ui/src/main/resources/org/.svn/all-wcprops,1,1,MEDIUM,PLD-A145FD826EFE28ED,review the file or asset and confirm whether the delta is user-visible or distributable
GRP-00409,HUNK,projectlibre_ui,modules/projectlibre_ui/src/main/resources/org/.svn/entries,1,1,MEDIUM,PLD-10B3756E49F3D79C,review the file or asset and confirm whether the delta is user-visible or distributable
GRP-00410,HUNK,projectlibre_ui,projectlibre_ui/.classpath,1,1,MEDIUM,PLD-E4AD58BB305C72F3,review the file or asset and confirm whether the delta is user-visible or distributable
GRP-00411,HUNK,projectlibre_ui,projectlibre_ui/.project,1,1,MEDIUM,PLD-09AB11ECC395ACA7,review the file or asset and confirm whether the delta is user-visible or distributable
GRP-00412,HUNK,projectlibre_ui,projectlibre_ui/.settings/org.eclipse.jdt.core.prefs,1,1,MEDIUM,PLD-1CDE54CBBB848DDF,review the file or asset and confirm whether the delta is user-visible or distributable
GRP-00413,HUNK,projectlibre_ui,projectlibre_ui/.settings/org.eclipse.jdt.ui.prefs,1,1,MEDIUM,PLD-EDDB7B0039C75456,review the file or asset and confirm whether the delta is user-visible or distributable
GRP-00414,METHOD,projectlibre_core,modules/projectlibre_core/src/main/java/com/projectlibre/core/fields/Field.java,13,13,LOW,"PLD-73A6D6BBBD22502A,PLD-C80629DB3D820FF6,PLD-46ECFC9997B8EAFA,PLD-379BDEE5768FE377,PLD-A383302CD38502AA",review related Java symbols in the same source file
GRP-00415,METHOD,projectlibre_core,modules/projectlibre_core/src/main/java/com/projectlibre/core/fields/FieldList.java,6,6,LOW,"PLD-835BBDF304CB4D8E,PLD-1BA6122B611857D1,PLD-158B98CA346A4410,PLD-526A46173FBCA85F,PLD-C9B8B1869A106CDC",review related Java symbols in the same source file
GRP-00416,METHOD,projectlibre_core,modules/projectlibre_core/src/main/java/com/projectlibre/core/fields/FieldTypeConverter.java,3,3,LOW,"PLD-8808547D671D0714,PLD-A1277BA28EA6CAA2,PLD-EF27B643F2CE4041",review related Java symbols in the same source file
GRP-00417,METHOD,projectlibre_core,modules/projectlibre_core/src/main/java/com/projectlibre/core/fields/FieldUtil.java,10,10,LOW,"PLD-63AB43D4C38F95DC,PLD-F98074A16D900B3D,PLD-AE87D6462794617E,PLD-30E275D03DA09EBD,PLD-7F53F2E3FEF3F72F",review related Java symbols in the same source file
GRP-00418,METHOD,projectlibre_core,modules/projectlibre_core/src/main/java/com/projectlibre/core/fields/HasFields.java,4,4,LOW,"PLD-7678D2455AC37D7C,PLD-3091981CF22AC63C,PLD-378E1F5C6ED6C82B,PLD-5353C34C7EE9A468",review related Java symbols in the same source file
GRP-00419,METHOD,projectlibre_core,modules/projectlibre_core/src/main/java/com/projectlibre/core/hierarchy/DefaultHierarchy.java,10,10,LOW,"PLD-6F0B392DA542F9CE,PLD-FAE9CD811A60359F,PLD-BC2E42AD99B7331C,PLD-307CE7D3BF07EFEA,PLD-CC7100E10A263897",review related Java symbols in the same source file
GRP-00420,METHOD,projectlibre_core,modules/projectlibre_core/src/main/java/com/projectlibre/core/hierarchy/DefaultHierarchyNode.java,9,9,LOW,"PLD-54906F1D6DDE4C79,PLD-BF2ECD550A06F173,PLD-867D868896725C0D,PLD-B49692A6F55837D5,PLD-1BBF1ED707624266",review related Java symbols in the same source file
GRP-00421,METHOD,projectlibre_core,modules/projectlibre_core/src/main/java/com/projectlibre/core/hierarchy/HasHierarchies.java,3,3,LOW,"PLD-7E4BE669E4F29B69,PLD-F0D271E2E0F42A27,PLD-2EEBCA7443758824",review related Java symbols in the same source file
GRP-00422,METHOD,projectlibre_core,modules/projectlibre_core/src/main/java/com/projectlibre/core/hierarchy/Hierarchy.java,8,8,LOW,"PLD-2AC0EFA078EBA0CC,PLD-3C78AA0AD3EB5BBC,PLD-FFAD0F02AB4789FB,PLD-0893443BEAC504F3,PLD-D249CD7D4A608117",review related Java symbols in the same source file
GRP-00423,METHOD,projectlibre_core,modules/projectlibre_core/src/main/java/com/projectlibre/core/hierarchy/HierarchyNode.java,9,9,LOW,"PLD-81BC3366F863DEF8,PLD-3411620A48239214,PLD-3D72A9709A194308,PLD-5D2FBE9CC61D54D1,PLD-84231B9ACD116700",review related Java symbols in the same source file
GRP-00424,METHOD,projectlibre_core,modules/projectlibre_core/src/main/java/com/projectlibre/core/id/UniqueId.java,5,5,LOW,"PLD-1209D85EB0B47887,PLD-3DB02417ED81515A,PLD-7A7CBCF615944574,PLD-692D5CBAA989B721,PLD-D28470A0CFB136DC",review related Java symbols in the same source file
GRP-00425,METHOD,projectlibre_core,modules/projectlibre_core/src/main/java/com/projectlibre/core/nodes/AbstractNode.java,10,10,LOW,"PLD-951F4B89783046A6,PLD-1E6B23975F8319EF,PLD-145B3AB9A05E5955,PLD-C16C66C6E31FFD39,PLD-616D7EAF801CE0CF",review related Java symbols in the same source file
GRP-00426,METHOD,projectlibre_core,modules/projectlibre_core/src/main/java/com/projectlibre/core/nodes/AbstractNodeContainer.java,3,3,LOW,"PLD-69D781E8CB0A1206,PLD-2560E3416A49D3DE,PLD-4DBA30C6AF41D71C",review related Java symbols in the same source file
GRP-00427,METHOD,projectlibre_core,modules/projectlibre_core/src/main/java/com/projectlibre/core/nodes/DefaultNode.java,4,4,LOW,"PLD-9E7F12D30E455BE6,PLD-08C6264029802EFB,PLD-1B7DA565A6176926,PLD-2B352305C2CDE09A",review related Java symbols in the same source file
GRP-00428,METHOD,projectlibre_core,modules/projectlibre_core/src/main/java/com/projectlibre/core/nodes/HasId.java,2,2,LOW,"PLD-53375A782BB676F7,PLD-7C9C85C291FB2A95",review related Java symbols in the same source file
GRP-00429,METHOD,projectlibre_core,modules/projectlibre_core/src/main/java/com/projectlibre/core/nodes/Node.java,2,2,LOW,"PLD-B5729606E5A5B501,PLD-776CD8C105A22509",review related Java symbols in the same source file
GRP-00430,METHOD,projectlibre_core,modules/projectlibre_core/src/main/java/com/projectlibre/core/time/DefaultTimeInterval.java,11,11,LOW,"PLD-A1B218FA0723B96B,PLD-78704DB470F348B1,PLD-19E4A979205AB7BF,PLD-DE6000FEA9B019F9,PLD-185BACB87538BCA8",review related Java symbols in the same source file
GRP-00431,METHOD,projectlibre_core,modules/projectlibre_core/src/main/java/com/projectlibre/core/time/DefaultTimeIntervals.java,17,17,LOW,"PLD-944A402262945D35,PLD-9E311C3C18260954,PLD-DDDFA32D10DDA575,PLD-E4F7D709A01918EF,PLD-2E5CA638AFFA84A7",review related Java symbols in the same source file
GRP-00432,METHOD,projectlibre_core,modules/projectlibre_core/src/main/java/com/projectlibre/core/time/DefaultTimephasedValue.java,5,0,LOW,"PLD-056917DD10535996,PLD-82719F923DACB889,PLD-20784DA800E293FE,PLD-1745838AEBD2568A,PLD-09A6941406FE3571",review related Java symbols in the same source file
GRP-00433,METHOD,projectlibre_core,modules/projectlibre_core/src/main/java/com/projectlibre/core/time/Duration.java,5,5,LOW,"PLD-DE3861922F72FC9C,PLD-F4CE970AB5D35EAE,PLD-4C837E5D93C76041,PLD-929C2722B7A8FB93,PLD-23796676CD2DA645",review related Java symbols in the same source file
GRP-00434,METHOD,projectlibre_core,modules/projectlibre_core/src/main/java/com/projectlibre/core/time/Rate.java,4,4,LOW,"PLD-33E16EA1919C0F1E,PLD-E391859434B4AAD8,PLD-B31E8752A02BD760,PLD-A0ACB67CE228E5D8",review related Java symbols in the same source file
GRP-00435,METHOD,projectlibre_core,modules/projectlibre_core/src/main/java/com/projectlibre/core/time/TimeInterval.java,8,8,LOW,"PLD-DC76915A9AA274E4,PLD-98E129FF3EF5F59E,PLD-22E7B0CD8195AD41,PLD-39895F22A15987C8,PLD-634BF2BC3B5B3278",review related Java symbols in the same source file
GRP-00436,METHOD,projectlibre_core,modules/projectlibre_core/src/main/java/com/projectlibre/core/time/TimeIntervals.java,13,13,LOW,"PLD-5FE309B65052C191,PLD-1CA5C52F080A1083,PLD-FF775F314719D27F,PLD-CAD96C9F639F74BB,PLD-337B650F197DE19A",review related Java symbols in the same source file
GRP-00437,METHOD,projectlibre_core,modules/projectlibre_core/src/main/java/com/projectlibre/core/time/TimeUnit.java,5,5,LOW,"PLD-A2FDCA7B0F4F09DD,PLD-47E8CB00B17CC4A1,PLD-7BDB36CF23F1C726,PLD-918C314EB72131A9,PLD-111FA3EDBFA90515",review related Java symbols in the same source file
GRP-00438,METHOD,projectlibre_core,modules/projectlibre_core/src/main/java/com/projectlibre/core/time/TimeUtil.java,7,7,LOW,"PLD-9DAADC756A9A741C,PLD-EC8DBD3DCBBB5A28,PLD-74C20342CB5DBB3D,PLD-0DBD4A96CA947E03,PLD-A74B7E9124538898",review related Java symbols in the same source file
GRP-00439,METHOD,projectlibre_core,modules/projectlibre_core/src/main/java/com/projectlibre/core/time/TimephasedType.java,4,0,LOW,"PLD-D8C164D459F954AD,PLD-A52C929DDB798320,PLD-E6B3E68E0F30A27E,PLD-B71CDA74EE20F1F7",review related Java symbols in the same source file
GRP-00440,METHOD,projectlibre_core,modules/projectlibre_core/src/main/java/com/projectlibre/core/time/TimephasedValue.java,4,0,LOW,"PLD-5E9614BE69842C31,PLD-02B6CD47D19E25EF,PLD-EE1C8650F72CC857,PLD-7C374E2EFF1727FB",review related Java symbols in the same source file
GRP-00441,METHOD,projectlibre_core,modules/projectlibre_core/src/main/java/com/projectlibre/core/time/Timephasedvalues.java,13,0,LOW,"PLD-26BA53F7C68E8BDD,PLD-170CB9971540D87E,PLD-89B97C6EF9985C71,PLD-AE698CC3D9958762,PLD-61299096149A316A",review related Java symbols in the same source file
GRP-00442,METHOD,projectlibre_core,modules/projectlibre_core/src/main/java/com/projectlibre/core/time/WorkContour.java,2,2,LOW,"PLD-E1E8970903C654A9,PLD-FBBA2842A5FDABF2",review related Java symbols in the same source file
GRP-00443,METHOD,projectlibre_core,modules/projectlibre_core/src/main/java/com/projectlibre/core/versions/VersionComparator.java,1,1,LOW,PLD-DB35DDD7336B2BEA,review related Java symbols in the same source file
GRP-00444,METHOD,projectlibre_core,modules/projectlibre_core/src/main/java/com/projectlibre/pm/calendar/CalendarId.java,2,0,LOW,"PLD-6C72765095B0A54C,PLD-FC4A927246F5106F",review related Java symbols in the same source file
GRP-00445,METHOD,projectlibre_core,modules/projectlibre_core/src/main/java/com/projectlibre/pm/calendar/CalendarManager.java,10,0,LOW,"PLD-50ADDEC7C2C66ED7,PLD-408AF3633CD05B66,PLD-F6492061CE980E33,PLD-6126868E60A314D4,PLD-ABD0C38EBAD47E6F",review related Java symbols in the same source file
GRP-00446,METHOD,projectlibre_core,modules/projectlibre_core/src/main/java/com/projectlibre/pm/calendar/CalendarOptions.java,11,0,LOW,"PLD-AE45A2B9335FBAB6,PLD-CA73766222EAFCEE,PLD-8DD456FA38F797BE,PLD-CD5393373EC15943,PLD-38963AFAF104F4D0",review related Java symbols in the same source file
GRP-00447,METHOD,projectlibre_core,modules/projectlibre_core/src/main/java/com/projectlibre/pm/calendar/DayType.java,2,0,LOW,"PLD-51F6805113689067,PLD-3ECEEE421FC57546",review related Java symbols in the same source file
GRP-00448,METHOD,projectlibre_core,modules/projectlibre_core/src/main/java/com/projectlibre/pm/calendar/DefaultWorkCalendar.java,18,0,LOW,"PLD-E809DB46143D299C,PLD-84AED3C16A878732,PLD-48305D8A99C55B61,PLD-0A1792A9A8D335B8,PLD-AA032F5E9626319F",review related Java symbols in the same source file
GRP-00449,METHOD,projectlibre_core,modules/projectlibre_core/src/main/java/com/projectlibre/pm/calendar/HasCalendar.java,2,0,LOW,"PLD-8F9DF4D62113F100,PLD-16F9DF66FA6A4698",review related Java symbols in the same source file
GRP-00450,METHOD,projectlibre_core,modules/projectlibre_core/src/main/java/com/projectlibre/pm/calendar/WorkCalendar.java,16,0,LOW,"PLD-7BE0FC39339AD2A3,PLD-2523A8EA817ABD11,PLD-006B59F2D672EB44,PLD-4FE15BDA0C73107D,PLD-675FBF1C2371253A",review related Java symbols in the same source file
GRP-00451,METHOD,projectlibre_core,modules/projectlibre_core/src/main/java/com/projectlibre/pm/calendar/WorkCalendarException.java,6,0,LOW,"PLD-F83E93255ADDE1DC,PLD-F1417F8A01B3AFD9,PLD-2B08D2ABE6DC0B7E,PLD-6A8ED8D610D52BAB,PLD-3B9856E274C1746A",review related Java symbols in the same source file
GRP-00452,METHOD,projectlibre_core,modules/projectlibre_core/src/main/java/com/projectlibre/pm/calendar/WorkDay.java,4,0,LOW,"PLD-4088171149DA2C1C,PLD-06429B18112BC431,PLD-13F9C2435E99E867,PLD-6D332265B21C3793",review related Java symbols in the same source file
GRP-00453,METHOD,projectlibre_core,modules/projectlibre_core/src/main/java/com/projectlibre/pm/calendar/WorkRange.java,10,0,LOW,"PLD-C4BB4286FA8F9D4C,PLD-E068F28B9CFBE291,PLD-B2019A82AE34E2FA,PLD-B983558D6B8BEE09,PLD-47285818162071CB",review related Java symbols in the same source file
GRP-00454,METHOD,projectlibre_core,modules/projectlibre_core/src/main/java/com/projectlibre/pm/calendar/WorkWeek.java,6,0,LOW,"PLD-206B4A080AB73D22,PLD-201C92AACD86566C,PLD-F955F8E7430D47BB,PLD-6EB720A09853204F,PLD-D6774E8690B1316E",review related Java symbols in the same source file
GRP-00455,METHOD,projectlibre_core,modules/projectlibre_core/src/main/java/com/projectlibre/pm/resources/Resource.java,6,6,LOW,"PLD-F9789667CE6F46E7,PLD-E564A77A27A0AE16,PLD-576ED4D719CA3549,PLD-469343BF2B95F6E7,PLD-F77C2A25D2879E50",review related Java symbols in the same source file
GRP-00456,METHOD,projectlibre_core,modules/projectlibre_core/src/main/java/com/projectlibre/pm/resources/ResourcePool.java,7,7,LOW,"PLD-9B42282624EECCA6,PLD-712A019A110FCE9A,PLD-FEFBA2F6FB69D8E8,PLD-AC9C6D70023912E6,PLD-12B138F154CE37D1",review related Java symbols in the same source file
GRP-00457,METHOD,projectlibre_core,modules/projectlibre_core/src/main/java/com/projectlibre/pm/scheduler/ScheduleChangedEvent.java,2,0,LOW,"PLD-04F868634B68C439,PLD-B0DA601B0D96ECE8",review related Java symbols in the same source file
GRP-00458,METHOD,projectlibre_core,modules/projectlibre_core/src/main/java/com/projectlibre/pm/scheduling/AccrueType.java,2,0,LOW,"PLD-5862ED2B2CB5C7F6,PLD-0AEE07FF66952D24",review related Java symbols in the same source file
GRP-00459,METHOD,projectlibre_core,modules/projectlibre_core/src/main/java/com/projectlibre/pm/scheduling/ConstraintType.java,2,0,LOW,"PLD-9DC4E4A8CF4058DD,PLD-9A44AB8DD7D6907F",review related Java symbols in the same source file
GRP-00460,METHOD,projectlibre_core,modules/projectlibre_core/src/main/java/com/projectlibre/pm/scheduling/EarnedValueMethod.java,2,0,LOW,"PLD-90E5FB33C598BBEC,PLD-DB90D1F079A79FC3",review related Java symbols in the same source file
GRP-00461,METHOD,projectlibre_core,modules/projectlibre_core/src/main/java/com/projectlibre/pm/scheduling/ScheduleFrom.java,2,0,LOW,"PLD-A5A98A78DB389863,PLD-E5CC88DFE74F3A7A",review related Java symbols in the same source file
GRP-00462,METHOD,projectlibre_core,modules/projectlibre_core/src/main/java/com/projectlibre/pm/scheduling/SchedulingType.java,2,0,LOW,"PLD-3F5A0F74FDB9290E,PLD-C7941B420E854ADA",review related Java symbols in the same source file
GRP-00463,METHOD,projectlibre_core,modules/projectlibre_core/src/main/java/com/projectlibre/pm/tasks/Assignment.java,10,10,LOW,"PLD-13C56EAC06CB984E,PLD-644254D29A5827C2,PLD-5C2F7EBD5FB27792,PLD-C8BB1D81DFFB4C65,PLD-BCE1324AA95C5D32",review related Java symbols in the same source file
GRP-00464,METHOD,projectlibre_core,modules/projectlibre_core/src/main/java/com/projectlibre/pm/tasks/Dependency.java,10,0,LOW,"PLD-0478977ADC06BD3B,PLD-013A121DE010BD49,PLD-252E48558ECBF77A,PLD-43C15B00317058E5,PLD-844963C7E3516311",review related Java symbols in the same source file
GRP-00465,METHOD,projectlibre_core,modules/projectlibre_core/src/main/java/com/projectlibre/pm/tasks/DependencyType.java,3,0,LOW,"PLD-E43DF92D391B7E6D,PLD-92202B753F3334F2,PLD-E69B531059529801",review related Java symbols in the same source file
GRP-00466,METHOD,projectlibre_core,modules/projectlibre_core/src/main/java/com/projectlibre/pm/tasks/Project.java,14,14,LOW,"PLD-0B67B07BD960949F,PLD-5EF702D9A42A0945,PLD-38AA6F0CBEDE9E76,PLD-D01436372CBED270,PLD-2A32D300378F9DCF",review related Java symbols in the same source file
GRP-00467,METHOD,projectlibre_core,modules/projectlibre_core/src/main/java/com/projectlibre/pm/tasks/SnapshotList.java,5,0,LOW,"PLD-AB8343A204F97DD4,PLD-41AC2D5244E38364,PLD-F3BA27C2A5D65940,PLD-93B2834B2FDFFE4D,PLD-3F1D84B9C6A9C45D",review related Java symbols in the same source file
GRP-00468,METHOD,projectlibre_core,modules/projectlibre_core/src/main/java/com/projectlibre/pm/tasks/Task.java,12,12,LOW,"PLD-E47E690AAE42EEBA,PLD-9CF2C6E65C9504C4,PLD-215D07ECABFD4988,PLD-76438E1B9B1164D5,PLD-02A2D1961CEC647F",review related Java symbols in the same source file
GRP-00469,METHOD,projectlibre_core,modules/projectlibre_core/src/main/java/com/projectlibre/pm/tasks/TaskSnapshot.java,10,0,LOW,"PLD-FADD33910A607BD6,PLD-356377A9E444BA66,PLD-82B8E35874CC5117,PLD-12822A46CDB21B14,PLD-A802796B9744A1ED",review related Java symbols in the same source file
GRP-00470,METHOD,projectlibre_core,modules/projectlibre_core/src/main/java/com/projectlibre1/configuration/ConfigurationReader.java,1,1,LOW,PLD-98C15999E4133811,review related Java symbols in the same source file
GRP-00471,METHOD,projectlibre_core,modules/projectlibre_core/src/main/java/com/projectlibre1/configuration/FieldDictionaryFactory.java,1,1,LOW,PLD-BA548CB74B21C1F7,review related Java symbols in the same source file
GRP-00472,METHOD,projectlibre_core,modules/projectlibre_core/src/main/java/com/projectlibre1/document/ObjectEvent.java,2,2,LOW,"PLD-6CAA319983AB9B75,PLD-D5BA8C6DA4AC3E09",review related Java symbols in the same source file
GRP-00473,METHOD,projectlibre_core,modules/projectlibre_core/src/main/java/com/projectlibre1/exchange/FileImporter.java,6,6,LOW,"PLD-FB0521A793926070,PLD-10DEA4AC69FAE037,PLD-C5606BB92F965BD7,PLD-E75EB4D1DDBBAAE2,PLD-1974F18B7F9AD771",review related Java symbols in the same source file
GRP-00474,METHOD,projectlibre_core,modules/projectlibre_core/src/main/java/com/projectlibre1/exchange/LocalFileImporter.java,7,7,LOW,"PLD-EF262B13C80434AC,PLD-24D58E7013C87A4E,PLD-25E18D58B4F13C2B,PLD-FDD30AAE7FC6A24F,PLD-C5BC2A4AC6E7DBEE",review related Java symbols in the same source file
GRP-00475,METHOD,projectlibre_core,modules/projectlibre_core/src/main/java/com/projectlibre1/exchange/ResourceMappingForm.java,4,4,LOW,"PLD-1A3CC6571CB876DF,PLD-E728CD0EADA510BC,PLD-EBDC69EEA4F5DF21,PLD-14A716703BE07BBA",review related Java symbols in the same source file
GRP-00476,METHOD,projectlibre_core,modules/projectlibre_core/src/main/java/com/projectlibre1/field/CustomFieldsImpl.java,16,16,LOW,"PLD-90932163ECC6B1AA,PLD-AF2105EBBB0FAF9E,PLD-5CA7D8C9E181F5D0,PLD-71B787224E8E8C1E,PLD-950B632C333A3CE3",review related Java symbols in the same source file
GRP-00477,METHOD,projectlibre_core,modules/projectlibre_core/src/main/java/com/projectlibre1/field/Field.java,3,3,LOW,"PLD-3103C8B395F0CC78,PLD-3C0D14296409ABA3,PLD-4B7D4F2E59A1A604",review related Java symbols in the same source file
GRP-00478,METHOD,projectlibre_core,modules/projectlibre_core/src/main/java/com/projectlibre1/functor/StringList.java,1,1,LOW,PLD-C38EA894E1EFBB45,review related Java symbols in the same source file
GRP-00479,METHOD,projectlibre_core,modules/projectlibre_core/src/main/java/com/projectlibre1/graphic/configuration/BarStylesFactory.java,1,1,LOW,PLD-AEA3BD93331AA9A9,review related Java symbols in the same source file
GRP-00480,METHOD,projectlibre_core,modules/projectlibre_core/src/main/java/com/projectlibre1/grouping/core/summaries/DeepChildSearcher.java,1,1,LOW,PLD-5364B742259CFEFC,review related Java symbols in the same source file
GRP-00481,METHOD,projectlibre_core,modules/projectlibre_core/src/main/java/com/projectlibre1/grouping/core/transform/ViewTransformer.java,1,1,LOW,PLD-092B521B01ADDE0E,review related Java symbols in the same source file
GRP-00482,METHOD,projectlibre_core,modules/projectlibre_core/src/main/java/com/projectlibre1/grouping/core/transform/sorting/NodeSorter.java,2,2,LOW,"PLD-A20BF1139F309CC3,PLD-D1539EC69FBC9AC8",review related Java symbols in the same source file
GRP-00483,METHOD,projectlibre_core,modules/projectlibre_core/src/main/java/com/projectlibre1/job/Job.java,1,1,LOW,PLD-B95CD207B9B78574,review related Java symbols in the same source file
GRP-00484,METHOD,projectlibre_core,modules/projectlibre_core/src/main/java/com/projectlibre1/pm/calendar/CalendarDefinition.java,2,0,LOW,"PLD-3C4662B4802F5172,PLD-32223753CBCEEB03",review related Java symbols in the same source file
GRP-00485,METHOD,projectlibre_core,modules/projectlibre_core/src/main/java/com/projectlibre1/pm/calendar/WorkWeek.java,3,0,LOW,"PLD-FF7DECBB337298E8,PLD-00D78D5492A61451,PLD-E873098CDCDA6A1A",review related Java symbols in the same source file
GRP-00486,METHOD,projectlibre_core,modules/projectlibre_core/src/main/java/com/projectlibre1/pm/dependency/HasDependenciesImpl.java,2,0,LOW,"PLD-0D60968FD0925EAC,PLD-2BC07A7CEC0F7CD6",review related Java symbols in the same source file
GRP-00487,METHOD,projectlibre_core,modules/projectlibre_core/src/main/java/com/projectlibre1/pm/scheduling/ScheduleUtil.java,2,0,LOW,"PLD-EA5330A2C1C5FB45,PLD-3C905B0DA0C5EBF1",review related Java symbols in the same source file
GRP-00488,METHOD,projectlibre_core,modules/projectlibre_core/src/main/java/com/projectlibre1/pm/task/NormalTask.java,2,0,LOW,"PLD-37DFBB6160D858F7,PLD-50D7D0DFBD0000F6",review related Java symbols in the same source file
GRP-00489,METHOD,projectlibre_core,modules/projectlibre_core/src/main/java/com/projectlibre1/pm/task/Project.java,1,1,LOW,PLD-13793FD80D51E6C3,review related Java symbols in the same source file
GRP-00490,METHOD,projectlibre_core,modules/projectlibre_core/src/main/java/com/projectlibre1/pm/task/Task.java,3,3,LOW,"PLD-89B300564FB824C5,PLD-3337B84FA747D459,PLD-2A3E0F45DCF753CE",review related Java symbols in the same source file
GRP-00491,METHOD,projectlibre_core,modules/projectlibre_core/src/main/java/com/projectlibre1/preference/ConfigurationFile.java,7,7,LOW,"PLD-F67949EEACE51225,PLD-D44AE8572D3DBE63,PLD-794D2EA2494B10E2,PLD-6E85B56E1DE7FB6F,PLD-15B9D34BC6A2750E",review related Java symbols in the same source file
GRP-00492,METHOD,projectlibre_core,modules/projectlibre_core/src/main/java/com/projectlibre1/server/access/ErrorLogger.java,2,2,LOW,"PLD-3631807E88EE5AE7,PLD-C9D5DB72107E8365",review related Java symbols in the same source file
GRP-00493,METHOD,projectlibre_core,modules/projectlibre_core/src/main/java/com/projectlibre1/session/AbstractSession.java,1,1,LOW,PLD-D091264A4BA3AF06,review related Java symbols in the same source file
GRP-00494,METHOD,projectlibre_core,modules/projectlibre_core/src/main/java/com/projectlibre1/session/FileHelper.java,2,2,LOW,"PLD-153469B23F3A0739,PLD-77FE5C7E2B1A6437",review related Java symbols in the same source file
GRP-00495,METHOD,projectlibre_core,modules/projectlibre_core/src/main/java/com/projectlibre1/session/LoadOptions.java,2,2,LOW,"PLD-CBEA34CFEF54965F,PLD-2B17912B1BB40D7B",review related Java symbols in the same source file
GRP-00496,METHOD,projectlibre_core,modules/projectlibre_core/src/main/java/com/projectlibre1/session/LocalSession.java,4,4,LOW,"PLD-B6EA649501BCA9FF,PLD-C5AA916C4F0196AB,PLD-D88295DF7319B116,PLD-5648D1BBBCE33153",review related Java symbols in the same source file
GRP-00497,METHOD,projectlibre_core,modules/projectlibre_core/src/main/java/com/projectlibre1/strings/DirectoryClassLoader.java,2,2,LOW,"PLD-BF4DF147F21F47AC,PLD-6AF355546B12A848",review related Java symbols in the same source file
GRP-00498,METHOD,projectlibre_core,modules/projectlibre_core/src/main/java/com/projectlibre1/strings/Messages.java,2,2,LOW,"PLD-588F324BDA187BB3,PLD-20D45C576A21F8BB",review related Java symbols in the same source file
GRP-00499,METHOD,projectlibre_core,modules/projectlibre_core/src/main/java/com/projectlibre1/util/Alert.java,2,2,LOW,"PLD-D3183C4F1FB4B548,PLD-EB22721E0D075540",review related Java symbols in the same source file
GRP-00500,METHOD,projectlibre_core,modules/projectlibre_core/src/main/java/com/projectlibre1/util/BrowserControl.java,1,1,LOW,PLD-0C33AC8D2DE9A905,review related Java symbols in the same source file
GRP-00501,METHOD,projectlibre_core,modules/projectlibre_core/src/main/java/com/projectlibre1/util/ClassUtils.java,1,1,LOW,PLD-B26C07A95FA0984D,review related Java symbols in the same source file
GRP-00502,METHOD,projectlibre_core,modules/projectlibre_core/src/main/java/com/projectlibre1/util/DataUtils.java,2,2,LOW,"PLD-5D62CD06A0CD67D2,PLD-F534A6EF0D795F13",review related Java symbols in the same source file
GRP-00503,METHOD,projectlibre_core,modules/projectlibre_core/src/main/java/com/projectlibre1/util/DateTime.java,5,5,LOW,"PLD-5683FE0E91940702,PLD-9C15385016237B09,PLD-DE7BF021A5648581,PLD-D824363569C32C87,PLD-1489F6B96E0A0D79",review related Java symbols in the same source file
GRP-00504,METHOD,projectlibre_core,modules/projectlibre_core/src/main/java/com/projectlibre1/util/Environment.java,3,3,LOW,"PLD-623B673AEA9537CC,PLD-AE6C0AD6E49956ED,PLD-04B66C1AB7830274",review related Java symbols in the same source file
GRP-00505,METHOD,projectlibre_core,modules/projectlibre_core/src/main/java/com/projectlibre1/util/Factory.java,2,2,LOW,"PLD-CA92F7CF6C0A7E48,PLD-45906169ED35B501",review related Java symbols in the same source file
GRP-00506,METHOD,projectlibre_core,modules/projectlibre_core/src/main/java/com/projectlibre1/util/VersionUtils.java,3,3,LOW,"PLD-46E1A53586CE1971,PLD-389DC5A9C0A8FEFB,PLD-4184750E8F1CC789",review related Java symbols in the same source file
GRP-00507,METHOD,projectlibre_core,modules/projectlibre_core/src/main/java/org/projectlibre/core/configuration/Configuration.java,12,12,LOW,"PLD-56C2E1D11DFE1268,PLD-5EEB22F76FE0C815,PLD-8E7917A9B7696C9D,PLD-9F549492BA8B3249,PLD-AB27D1093315DACA",review related Java symbols in the same source file
GRP-00508,METHOD,projectlibre_core,modules/projectlibre_core/src/main/java/org/projectlibre/core/configuration/ConfigurationFile.java,8,8,LOW,"PLD-88099DE9947EC343,PLD-10B0616DDFA87072,PLD-2EA4A90BB9C7AC4C,PLD-0F331CAE2642CEC9,PLD-5657857949D5AA0B",review related Java symbols in the same source file
GRP-00509,METHOD,projectlibre_core,modules/projectlibre_core/src/main/java/org/projectlibre/core/configuration/CoreConfiguration.java,4,4,LOW,"PLD-30D7B04B083887AF,PLD-5AD5FDB74D7EFA15,PLD-C36EF1B78FF0A646,PLD-BF02395D213409F0",review related Java symbols in the same source file
GRP-00510,METHOD,projectlibre_core,modules/projectlibre_core/src/main/java/org/projectlibre/core/configuration/adapters/DictionaryAdapter.java,2,2,LOW,"PLD-52DEDD5072FEB82E,PLD-27C1F1530572F48D",review related Java symbols in the same source file
GRP-00511,METHOD,projectlibre_core,modules/projectlibre_core/src/main/java/org/projectlibre/core/configuration/adapters/DictionaryAdapterList.java,2,2,LOW,"PLD-986BD69B8FA77A8B,PLD-4CAF222A1B674DBF",review related Java symbols in the same source file
GRP-00512,METHOD,projectlibre_core,modules/projectlibre_core/src/main/java/org/projectlibre/core/configuration/adapters/MapAdapter.java,2,2,LOW,"PLD-64D98A7D50165177,PLD-9FCFFD8E5D9A570F",review related Java symbols in the same source file
GRP-00513,METHOD,projectlibre_core,modules/projectlibre_core/src/main/java/org/projectlibre/core/configuration/adapters/MapAdapterEntry.java,4,4,LOW,"PLD-BE3FEC03BFEC21A9,PLD-C1DF0F5395AD0485,PLD-379F6D7A57E4ACBE,PLD-E2204DAE76E1F872",review related Java symbols in the same source file
GRP-00514,METHOD,projectlibre_core,modules/projectlibre_core/src/main/java/org/projectlibre/core/configuration/adapters/MapAdapterList.java,2,2,LOW,"PLD-75C48F63866781AC,PLD-C22EE41FCC884A30",review related Java symbols in the same source file
GRP-00515,METHOD,projectlibre_core,modules/projectlibre_core/src/main/java/org/projectlibre/core/dictionary/Dictionary.java,22,22,LOW,"PLD-69EC634BCEFBB20B,PLD-E61CA99ECC0DFC37,PLD-75AB8D5A626B0CFD,PLD-B8806D867D0EF61E,PLD-A1E5AAFB81455839",review related Java symbols in the same source file
GRP-00516,METHOD,projectlibre_core,modules/projectlibre_core/src/main/java/org/projectlibre/core/dictionary/DictionaryCategory.java,7,7,LOW,"PLD-3B03762F656409C3,PLD-3567370387B2C0F8,PLD-4D0087D047B5641B,PLD-3EFD040C8749F572,PLD-2FD8DDF651AE12B6",review related Java symbols in the same source file
GRP-00517,METHOD,projectlibre_core,modules/projectlibre_core/src/main/java/org/projectlibre/core/dictionary/HasCategories.java,2,2,LOW,"PLD-35A90B4264A91EC8,PLD-904B46E9129B2A61",review related Java symbols in the same source file
GRP-00518,METHOD,projectlibre_core,modules/projectlibre_core/src/main/java/org/projectlibre/core/dictionary/HasStringId.java,2,2,LOW,"PLD-76D2C21D1D1ABBF6,PLD-74C9101862A23BDA",review related Java symbols in the same source file
GRP-00519,METHOD,projectlibre_core,modules/projectlibre_core/src/main/java/org/projectlibre/core/util/ArrayFormatException.java,1,1,LOW,PLD-A5E9C0EC6657C78D,review related Java symbols in the same source file
GRP-00520,METHOD,projectlibre_core,modules/projectlibre_core/src/main/java/org/projectlibre/core/util/ArrayUtil.java,5,5,LOW,"PLD-CA07A2790F10450C,PLD-F061C68D5B9D68D9,PLD-BE49481508BF4476,PLD-77492068A0C1A4AB,PLD-CCD0D29209679405",review related Java symbols in the same source file
GRP-00521,METHOD,projectlibre_core,modules/projectlibre_core/src/main/java/org/projectlibre/core/util/PLClosure.java,1,1,LOW,PLD-EAD986E65300B388,review related Java symbols in the same source file
GRP-00522,METHOD,projectlibre_core,modules/projectlibre_core/src/main/java/org/projectlibre/core/util/ResourceUtil.java,3,3,LOW,"PLD-794BA728AFB75FA5,PLD-3C365B6F18FD336F,PLD-3AF5FFF9F2E3FCA6",review related Java symbols in the same source file
GRP-00523,METHOD,projectlibre_core,modules/projectlibre_core/src/main/java/org/projectlibre/strings/Strings.java,1,1,LOW,PLD-1469B3525921D096,review related Java symbols in the same source file
GRP-00524,METHOD,projectlibre_core,openproj_core/src/com/projity/configuration/FieldDictionary.java,2,2,LOW,"PLD-BFF49025E8B10C65,PLD-B294F21A1C519160",review related Java symbols in the same source file
GRP-00525,METHOD,projectlibre_core,openproj_core/src/com/projity/exchange/LocalFileImporter.java,2,2,LOW,"PLD-9D05AE8F3B811198,PLD-C813CCA2A788AF35",review related Java symbols in the same source file
GRP-00526,METHOD,projectlibre_core,openproj_core/src/com/projity/exchange/ResourceMappingForm.java,2,2,LOW,"PLD-E00FA1A8FB4CC954,PLD-10A84AC3FD74B1E3",review related Java symbols in the same source file
GRP-00527,METHOD,projectlibre_core,openproj_core/src/com/projity/grouping/core/NodeBridge.java,9,9,LOW,"PLD-CED1FC424B83698B,PLD-BE7E9E7CA31F76FF,PLD-3D3ED6BAFDEE8ACE,PLD-36FFDC6A3B79B861,PLD-AD41575EBB36EDEE",review related Java symbols in the same source file
GRP-00528,METHOD,projectlibre_core,openproj_core/src/com/projity/grouping/core/hierarchy/AbstractMutableNodeHierarchy.java,4,4,LOW,"PLD-50EC43546405819D,PLD-27E032D7B3503059,PLD-2D53C5E3616A92DA,PLD-9D9B5914CA81DBA5",review related Java symbols in the same source file
GRP-00529,METHOD,projectlibre_core,openproj_core/src/com/projity/grouping/core/model/AssignmentNodeModel.java,1,1,LOW,PLD-6F89965D1D6A369E,review related Java symbols in the same source file
GRP-00530,METHOD,projectlibre_core,openproj_core/src/com/projity/grouping/core/summaries/DeepChildSearcher.java,1,1,LOW,PLD-19E100A0EF427162,review related Java symbols in the same source file
GRP-00531,METHOD,projectlibre_core,openproj_core/src/com/projity/grouping/core/transform/ViewTransformer.java,1,1,LOW,PLD-B8CD1618DACE04C8,review related Java symbols in the same source file
GRP-00532,METHOD,projectlibre_core,openproj_core/src/com/projity/job/Job.java,11,11,LOW,"PLD-42840178505DA220,PLD-A35C67FC29EA2160,PLD-DFDE3F387B18E568,PLD-BF4E423149A4F209,PLD-73BF6F4416F3C477",review related Java symbols in the same source file
GRP-00533,METHOD,projectlibre_core,openproj_core/src/com/projity/pm/assignment/Assignment.java,3,3,LOW,"PLD-1781F3D7F5D01AF7,PLD-CBB923362B57788F,PLD-8510CD44F5219871",review related Java symbols in the same source file
GRP-00534,METHOD,projectlibre_core,openproj_core/src/com/projity/pm/assignment/HasAssignmentsImpl.java,1,1,LOW,PLD-922315DD48E8E663,review related Java symbols in the same source file
GRP-00535,METHOD,projectlibre_core,openproj_core/src/com/projity/pm/calendar/WorkingCalendar.java,1,0,LOW,PLD-9D5931D3F98252FE,review related Java symbols in the same source file
GRP-00536,METHOD,projectlibre_core,openproj_core/src/com/projity/pm/dependency/DependencyService.java,1,0,LOW,PLD-B7DA18590646F0FE,review related Java symbols in the same source file
GRP-00537,METHOD,projectlibre_core,openproj_core/src/com/projity/pm/dependency/HasDependenciesImpl.java,2,0,LOW,"PLD-9FAEAEA39FBE4057,PLD-6A85AA37FB2C2A4A",review related Java symbols in the same source file
GRP-00538,METHOD,projectlibre_core,openproj_core/src/com/projity/pm/key/uniqueid/UniqueIdPool.java,1,1,LOW,PLD-8D3FAEBBE15AAC21,review related Java symbols in the same source file
GRP-00539,METHOD,projectlibre_core,openproj_core/src/com/projity/pm/resource/ResourceImpl.java,1,1,LOW,PLD-F722ADB93518F073,review related Java symbols in the same source file
GRP-00540,METHOD,projectlibre_core,openproj_core/src/com/projity/pm/scheduling/ScheduleUtil.java,2,0,LOW,"PLD-8DBD4A62443CAF92,PLD-F32437BC2749D61A",review related Java symbols in the same source file
GRP-00541,METHOD,projectlibre_core,openproj_core/src/com/projity/pm/task/NormalTask.java,4,4,LOW,"PLD-9AF5AC33030F8B28,PLD-4B957BDEA28394AE,PLD-3DE80A91D530D5E5,PLD-92981CEFAC68FEAE",review related Java symbols in the same source file
GRP-00542,METHOD,projectlibre_core,openproj_core/src/com/projity/pm/task/Portfolio.java,4,4,LOW,"PLD-0F65E45059A5F820,PLD-E6C979F449E24B2D,PLD-F9AF2538466A2982,PLD-BCBEAFE2B3F31DF4",review related Java symbols in the same source file
GRP-00543,METHOD,projectlibre_core,openproj_core/src/com/projity/pm/task/Project.java,4,4,LOW,"PLD-2AD080594777CFF2,PLD-48A65954EB2113F5,PLD-4D4E36EF6628B274,PLD-CF1F3625A383F1D1",review related Java symbols in the same source file
GRP-00544,METHOD,projectlibre_core,openproj_core/src/com/projity/pm/task/ProjectFactory.java,9,9,LOW,"PLD-30991A83A35D516A,PLD-EA3ED22CE71792B0,PLD-0BD0BD759ABC6A5D,PLD-D9E1EB1AEA9ED2CA,PLD-F2F8D23A8CBE9786",review related Java symbols in the same source file
GRP-00545,METHOD,projectlibre_core,openproj_core/src/com/projity/pm/task/Task.java,2,2,LOW,"PLD-D0147F4DC07C8F2B,PLD-45D53B52880C3BDB",review related Java symbols in the same source file
GRP-00546,METHOD,projectlibre_core,openproj_core/src/com/projity/scripting/FormulaClass.java,1,1,LOW,PLD-5B7B98B60C6D9ABE,review related Java symbols in the same source file
GRP-00547,METHOD,projectlibre_core,openproj_core/src/com/projity/server/access/ErrorLogger.java,2,2,LOW,"PLD-E4F022688CD924A1,PLD-FBE7268C89EE1242",review related Java symbols in the same source file
GRP-00548,METHOD,projectlibre_core,openproj_core/src/com/projity/session/AbstractSession.java,1,1,LOW,PLD-AD5C022946067DE9,review related Java symbols in the same source file
GRP-00549,METHOD,projectlibre_core,openproj_core/src/com/projity/session/FileHelper.java,11,11,LOW,"PLD-B78E8B83CE7B6F7E,PLD-FCD387A4B5E0FA86,PLD-3806C27DA9353176,PLD-B2910E64FFCD5AA1,PLD-457842A3802A8904",review related Java symbols in the same source file
GRP-00550,METHOD,projectlibre_core,openproj_core/src/com/projity/session/LocalSession.java,7,7,LOW,"PLD-2C9173601BADFE99,PLD-1737C214216F5EAE,PLD-18B2D8490B4C04BB,PLD-8ACFDD3ADF1140D1,PLD-949A3CB0FACDB9D4",review related Java symbols in the same source file
GRP-00551,METHOD,projectlibre_core,openproj_core/src/com/projity/util/DataUtils.java,2,2,LOW,"PLD-9B679D06794DA343,PLD-E239B3F319447628",review related Java symbols in the same source file
GRP-00552,METHOD,projectlibre_core,openproj_core/src/com/projity/util/Environment.java,1,1,LOW,PLD-F32E8804015B2464,review related Java symbols in the same source file
GRP-00553,METHOD,projectlibre_core,openproj_core/src/com/projity/util/VersionUtils.java,1,1,LOW,PLD-FEE062D9AE554CD7,review related Java symbols in the same source file
GRP-00554,METHOD,projectlibre_core,openproj_core/src/org/openproj/util/UpdateChecker.java,5,5,LOW,"PLD-88BE239401AA8DE4,PLD-F04BDFB69BA2B808,PLD-859CD07FFF1FE8E3,PLD-910745EDCC413A10,PLD-941AAE7989AF6227",review related Java symbols in the same source file
GRP-00555,METHOD,projectlibre_core,openproj_core/src/org/openproj/util/UpdateCheckerFormula.java,2,2,LOW,"PLD-20F4AA6417275E9C,PLD-C67A854A5BEA05FD",review related Java symbols in the same source file
GRP-00556,METHOD,projectlibre_core,projectlibre_core/src/com/projectlibre1/configuration/FieldDictionary.java,2,2,LOW,"PLD-AA322CD5867EB804,PLD-C31F89BA3EF04F64",review related Java symbols in the same source file
GRP-00557,METHOD,projectlibre_core,projectlibre_core/src/com/projectlibre1/exchange/LocalFileImporter.java,5,5,LOW,"PLD-2E14F99508E02771,PLD-D3A84E27CE024583,PLD-9F599EB15B55D487,PLD-C1EA6D8E6F57DF57,PLD-854E882D9D347042",review related Java symbols in the same source file
GRP-00558,METHOD,projectlibre_core,projectlibre_core/src/com/projectlibre1/functor/StringList.java,1,1,LOW,PLD-265030CC097852B3,review related Java symbols in the same source file
GRP-00559,METHOD,projectlibre_core,projectlibre_core/src/com/projectlibre1/grouping/core/NodeBridge.java,9,9,LOW,"PLD-2745443AB9389D41,PLD-A6130BAE883C146E,PLD-3FE5F4A060676AF1,PLD-7ACE44785D5F423F,PLD-0E4880EBDF815165",review related Java symbols in the same source file
GRP-00560,METHOD,projectlibre_core,projectlibre_core/src/com/projectlibre1/grouping/core/hierarchy/AbstractMutableNodeHierarchy.java,4,4,LOW,"PLD-7A83601415789D77,PLD-E75C00D271A56E50,PLD-D77DE2EA2458D92B,PLD-9BE596FD66BCA41B",review related Java symbols in the same source file
GRP-00561,METHOD,projectlibre_core,projectlibre_core/src/com/projectlibre1/grouping/core/model/AssignmentNodeModel.java,1,1,LOW,PLD-8C9074212BE8E64C,review related Java symbols in the same source file
GRP-00562,METHOD,projectlibre_core,projectlibre_core/src/com/projectlibre1/job/Job.java,10,10,LOW,"PLD-6BA9DB82CD40C397,PLD-6E4DB08CF9FB7D45,PLD-E1ABCE5B4F86B85C,PLD-61029A81AFB53B11,PLD-95A2060E7ABB9EE5",review related Java symbols in the same source file
GRP-00563,METHOD,projectlibre_core,projectlibre_core/src/com/projectlibre1/pm/assignment/Assignment.java,3,3,LOW,"PLD-A24C096411FBE4F2,PLD-75CD326F54F61CFD,PLD-B4C0067EDB886BD7",review related Java symbols in the same source file
GRP-00564,METHOD,projectlibre_core,projectlibre_core/src/com/projectlibre1/pm/assignment/HasAssignmentsImpl.java,1,1,LOW,PLD-E39741CB095E8D81,review related Java symbols in the same source file
GRP-00565,METHOD,projectlibre_core,projectlibre_core/src/com/projectlibre1/pm/calendar/WorkingCalendar.java,1,0,LOW,PLD-218FE3622CB0D006,review related Java symbols in the same source file
GRP-00566,METHOD,projectlibre_core,projectlibre_core/src/com/projectlibre1/pm/dependency/DependencyService.java,1,0,LOW,PLD-067AD8F63E8FA4DD,review related Java symbols in the same source file
GRP-00567,METHOD,projectlibre_core,projectlibre_core/src/com/projectlibre1/pm/key/uniqueid/UniqueIdPool.java,1,1,LOW,PLD-1BE39D0EBE5EDD23,review related Java symbols in the same source file
GRP-00568,METHOD,projectlibre_core,projectlibre_core/src/com/projectlibre1/pm/resource/ResourceImpl.java,1,1,LOW,PLD-8BC7F978ED352710,review related Java symbols in the same source file
GRP-00569,METHOD,projectlibre_core,projectlibre_core/src/com/projectlibre1/pm/task/NormalTask.java,4,4,LOW,"PLD-BE01070D4CEA697D,PLD-966F296389A4AF7D,PLD-B5C507A53A0DEAEC,PLD-729FCE92ED75DD83",review related Java symbols in the same source file
GRP-00570,METHOD,projectlibre_core,projectlibre_core/src/com/projectlibre1/pm/task/Portfolio.java,4,4,LOW,"PLD-7B121DF211A1F1CD,PLD-3566B1EDBFA23406,PLD-A3EA6BB38C258A93,PLD-5F66EA1EF38D6EB5",review related Java symbols in the same source file
GRP-00571,METHOD,projectlibre_core,projectlibre_core/src/com/projectlibre1/pm/task/Project.java,4,4,LOW,"PLD-C956A343F940EC91,PLD-F5154A58D5FF1DE5,PLD-38074FDE2C560D8F,PLD-4DEE396F17CAC20C",review related Java symbols in the same source file
GRP-00572,METHOD,projectlibre_core,projectlibre_core/src/com/projectlibre1/pm/task/ProjectFactory.java,9,9,LOW,"PLD-015327053FF23DC4,PLD-BB38B9290471E04E,PLD-6143ABD3DD946B1D,PLD-A3F010194FC9ADFC,PLD-6FE1E2F323874557",review related Java symbols in the same source file
GRP-00573,METHOD,projectlibre_core,projectlibre_core/src/com/projectlibre1/pm/task/Task.java,5,5,LOW,"PLD-FEC279B10A6B0C85,PLD-70104A362D48E588,PLD-F1479F757359DA63,PLD-979FF2C458024542,PLD-566EC0A729931F28",review related Java symbols in the same source file
GRP-00574,METHOD,projectlibre_core,projectlibre_core/src/com/projectlibre1/scripting/FormulaClass.java,1,1,LOW,PLD-F92DC6DC3EAB58AB,review related Java symbols in the same source file
GRP-00575,METHOD,projectlibre_core,projectlibre_core/src/com/projectlibre1/session/FileHelper.java,13,13,LOW,"PLD-795443FE2FF93438,PLD-03DE07C88948655E,PLD-D0ECF2B5B767AC16,PLD-79BD33A2F5990FE3,PLD-039E324C785177E4",review related Java symbols in the same source file
GRP-00576,METHOD,projectlibre_core,projectlibre_core/src/com/projectlibre1/session/LocalSession.java,8,8,LOW,"PLD-9B17E6FE416988F2,PLD-2037019D757C2B83,PLD-81D8AD02F3422A3D,PLD-04BCFD01CEC09384,PLD-7B2EC1232429A35D",review related Java symbols in the same source file
GRP-00577,METHOD,projectlibre_core,projectlibre_core/src/com/projectlibre1/util/VersionUtils.java,1,1,LOW,PLD-D2B0900FAD57A7A0,review related Java symbols in the same source file
GRP-00578,METHOD,projectlibre_core,projectlibre_core/src/org/projectlibre1/util/UpdateChecker.java,2,2,LOW,"PLD-CDD8A0BDDFC5F5D6,PLD-11DBAA4C3F1741F0",review related Java symbols in the same source file
GRP-00579,METHOD,projectlibre_exchange,modules/projectlibre_core/src/main/java/com/projectlibre1/server/data/CalendarData.java,7,0,LOW,"PLD-9DE036C768DCA3A3,PLD-9BE570C5AED2A51D,PLD-B9AFFFB1A879C043,PLD-4FA2F8988898D9B1,PLD-C8FF1AFA843EF789",review related Java symbols in the same source file
GRP-00580,METHOD,projectlibre_exchange,modules/projectlibre_core/src/main/java/com/projectlibre1/server/data/ProjectData.java,62,0,LOW,"PLD-6E7182D86B4B7209,PLD-33B40D47163E94F7,PLD-C9EA2D3B9D235BD2,PLD-C99DD7505CBE0388,PLD-B323974218F54E4F",review related Java symbols in the same source file
GRP-00581,METHOD,projectlibre_exchange,modules/projectlibre_exchange/src/main/java/com/projectlibre/core/pm/exchange/MspImporter.java,15,0,LOW,"PLD-55D68A14976D2C42,PLD-20976E3939655A95,PLD-5342224C63060732,PLD-93CA3FB1823DA409,PLD-FCBE994486455E56",review related Java symbols in the same source file
GRP-00582,METHOD,projectlibre_exchange,modules/projectlibre_exchange/src/main/java/com/projectlibre/core/pm/exchange/ProjectConverter.java,3,0,LOW,"PLD-BDB385C4D87225E2,PLD-B18C54BC6B24356D,PLD-EFBD8E3AD16AD623",review related Java symbols in the same source file
GRP-00583,METHOD,projectlibre_exchange,modules/projectlibre_exchange/src/main/java/com/projectlibre/core/pm/exchange/converters/mpx/MpxAssignmentConverter.java,1,0,LOW,PLD-A62BC9423CDA3FFC,review related Java symbols in the same source file
GRP-00584,METHOD,projectlibre_exchange,modules/projectlibre_exchange/src/main/java/com/projectlibre/core/pm/exchange/converters/mpx/MpxCalendarConverter.java,1,0,LOW,PLD-CAFEF13406D3F6BC,review related Java symbols in the same source file
GRP-00585,METHOD,projectlibre_exchange,modules/projectlibre_exchange/src/main/java/com/projectlibre/core/pm/exchange/converters/mpx/MpxDependencyConverter.java,1,0,LOW,PLD-F6BCB98A72FD4F5A,review related Java symbols in the same source file
GRP-00586,METHOD,projectlibre_exchange,modules/projectlibre_exchange/src/main/java/com/projectlibre/core/pm/exchange/converters/mpx/MpxExceptionConverter.java,1,0,LOW,PLD-01DB5581BD6EEB9E,review related Java symbols in the same source file
GRP-00587,METHOD,projectlibre_exchange,modules/projectlibre_exchange/src/main/java/com/projectlibre/core/pm/exchange/converters/mpx/MpxImportState.java,23,0,LOW,"PLD-B2889DBDAEF2B935,PLD-164C5C407A345C21,PLD-23B1EB4E4875ADB8,PLD-3589684D8DF9B8EF,PLD-5674C5C569FC18A3",review related Java symbols in the same source file
GRP-00588,METHOD,projectlibre_exchange,modules/projectlibre_exchange/src/main/java/com/projectlibre/core/pm/exchange/converters/mpx/MpxOptionsConverter.java,1,0,LOW,PLD-03E19BBCBE11F304,review related Java symbols in the same source file
GRP-00589,METHOD,projectlibre_exchange,modules/projectlibre_exchange/src/main/java/com/projectlibre/core/pm/exchange/converters/mpx/MpxProjectConverter.java,1,0,LOW,PLD-66A72C6052B58746,review related Java symbols in the same source file
GRP-00590,METHOD,projectlibre_exchange,modules/projectlibre_exchange/src/main/java/com/projectlibre/core/pm/exchange/converters/mpx/MpxResourceConverter.java,1,0,LOW,PLD-085F2D3AEDBCDF2B,review related Java symbols in the same source file
GRP-00591,METHOD,projectlibre_exchange,modules/projectlibre_exchange/src/main/java/com/projectlibre/core/pm/exchange/converters/mpx/MpxTaskConverter.java,1,0,LOW,PLD-7D34A1645B00F49A,review related Java symbols in the same source file
GRP-00592,METHOD,projectlibre_exchange,modules/projectlibre_exchange/src/main/java/com/projectlibre/core/pm/exchange/converters/mpx/MpxTimephasedConverter.java,1,0,LOW,PLD-E3DCF3908CCC8BA6,review related Java symbols in the same source file
GRP-00593,METHOD,projectlibre_exchange,modules/projectlibre_exchange/src/main/java/com/projectlibre/core/pm/exchange/converters/mpx/type/MpxAccrueTypeConverter.java,2,0,LOW,"PLD-34D4FB112A87AABE,PLD-261AE4E415729394",review related Java symbols in the same source file
GRP-00594,METHOD,projectlibre_exchange,modules/projectlibre_exchange/src/main/java/com/projectlibre/core/pm/exchange/converters/mpx/type/MpxConstraintTypeConverter.java,2,0,LOW,"PLD-2191F2E4F8804DAD,PLD-E6DF529E1B2F1788",review related Java symbols in the same source file
GRP-00595,METHOD,projectlibre_exchange,modules/projectlibre_exchange/src/main/java/com/projectlibre/core/pm/exchange/converters/mpx/type/MpxDependencyTypeConverter.java,2,0,LOW,"PLD-47B1E0B0E9755353,PLD-61322824FBC16478",review related Java symbols in the same source file
GRP-00596,METHOD,projectlibre_exchange,modules/projectlibre_exchange/src/main/java/com/projectlibre/core/pm/exchange/converters/mpx/type/MpxDurationConverter.java,2,0,LOW,"PLD-257205366AFEF8F8,PLD-B260762FA445888F",review related Java symbols in the same source file
GRP-00597,METHOD,projectlibre_exchange,modules/projectlibre_exchange/src/main/java/com/projectlibre/core/pm/exchange/converters/mpx/type/MpxEarnedValueMethodConverter.java,2,0,LOW,"PLD-367500396B6EF256,PLD-3608F38DFB175F22",review related Java symbols in the same source file
GRP-00598,METHOD,projectlibre_exchange,modules/projectlibre_exchange/src/main/java/com/projectlibre/core/pm/exchange/converters/mpx/type/MpxPriorityConverter.java,2,0,LOW,"PLD-F75462B841523822,PLD-8E76A0DE601C87A6",review related Java symbols in the same source file
GRP-00599,METHOD,projectlibre_exchange,modules/projectlibre_exchange/src/main/java/com/projectlibre/core/pm/exchange/converters/mpx/type/MpxRateConverter.java,2,0,LOW,"PLD-F6863F051FC339B8,PLD-7FE61EDD44C96C63",review related Java symbols in the same source file
GRP-00600,METHOD,projectlibre_exchange,modules/projectlibre_exchange/src/main/java/com/projectlibre/core/pm/exchange/converters/mpx/type/MpxScheduleFromConverter.java,2,0,LOW,"PLD-390B89B4863215E7,PLD-F0A5EFEB458A4450",review related Java symbols in the same source file
GRP-00601,METHOD,projectlibre_exchange,modules/projectlibre_exchange/src/main/java/com/projectlibre/core/pm/exchange/converters/mpx/type/MpxSchedulingTypeConverter.java,2,0,LOW,"PLD-97D09B4F38E2D4B0,PLD-77FC4A4A880AFDCB",review related Java symbols in the same source file
GRP-00602,METHOD,projectlibre_exchange,modules/projectlibre_exchange/src/main/java/com/projectlibre/core/pm/exchange/converters/op/OpAssignmentConverter.java,1,0,LOW,PLD-742F18965C89EA9A,review related Java symbols in the same source file
GRP-00603,METHOD,projectlibre_exchange,modules/projectlibre_exchange/src/main/java/com/projectlibre/core/pm/exchange/converters/op/OpCalendarConverter.java,1,0,LOW,PLD-6C894064C2AA55EA,review related Java symbols in the same source file
GRP-00604,METHOD,projectlibre_exchange,modules/projectlibre_exchange/src/main/java/com/projectlibre/core/pm/exchange/converters/op/OpDependencyConverter.java,1,0,LOW,PLD-10FFB2987BB62613,review related Java symbols in the same source file
GRP-00605,METHOD,projectlibre_exchange,modules/projectlibre_exchange/src/main/java/com/projectlibre/core/pm/exchange/converters/op/OpImportState.java,13,0,LOW,"PLD-DB650432E489DCA1,PLD-3A9C1BDEA03AEF07,PLD-CD386684E71D9A29,PLD-8BD951CC544BF67D,PLD-8C1443AD8641A717",review related Java symbols in the same source file
GRP-00606,METHOD,projectlibre_exchange,modules/projectlibre_exchange/src/main/java/com/projectlibre/core/pm/exchange/converters/op/OpOptionsConverter.java,1,0,LOW,PLD-41BAF7DA71C8D53F,review related Java symbols in the same source file
GRP-00607,METHOD,projectlibre_exchange,modules/projectlibre_exchange/src/main/java/com/projectlibre/core/pm/exchange/converters/op/OpProjectConverter.java,1,0,LOW,PLD-C1D5124554F8D344,review related Java symbols in the same source file
GRP-00608,METHOD,projectlibre_exchange,modules/projectlibre_exchange/src/main/java/com/projectlibre/core/pm/exchange/converters/op/OpRangeConverter.java,1,0,LOW,PLD-21AD8FA93F91E5E3,review related Java symbols in the same source file
GRP-00609,METHOD,projectlibre_exchange,modules/projectlibre_exchange/src/main/java/com/projectlibre/core/pm/exchange/converters/op/OpResourceConverter.java,1,0,LOW,PLD-0CED7159134D9F54,review related Java symbols in the same source file
GRP-00610,METHOD,projectlibre_exchange,modules/projectlibre_exchange/src/main/java/com/projectlibre/core/pm/exchange/converters/op/OpTaskConverter.java,1,0,LOW,PLD-593B610757B005A9,review related Java symbols in the same source file
GRP-00611,METHOD,projectlibre_exchange,modules/projectlibre_exchange/src/main/java/com/projectlibre/core/pm/exchange/converters/op/OpTimephasedConverter.java,1,0,LOW,PLD-4C0038693B13E469,review related Java symbols in the same source file
GRP-00612,METHOD,projectlibre_exchange,modules/projectlibre_exchange/src/main/java/com/projectlibre/core/pm/exchange/converters/op/type/OpAccrueTypeConverter.java,2,0,LOW,"PLD-3F89853AD79F8EE5,PLD-9DBCCEF875C2FCB1",review related Java symbols in the same source file
GRP-00613,METHOD,projectlibre_exchange,modules/projectlibre_exchange/src/main/java/com/projectlibre/core/pm/exchange/converters/op/type/OpDependencyTypeConverter.java,2,0,LOW,"PLD-76057B291BB224F0,PLD-B7266C042ECFA909",review related Java symbols in the same source file
GRP-00614,METHOD,projectlibre_exchange,modules/projectlibre_exchange/src/main/java/com/projectlibre/core/pm/exchange/converters/op/type/OpDurationConverter.java,2,0,LOW,"PLD-DF002243F31B6B4C,PLD-63C8359586466E84",review related Java symbols in the same source file
GRP-00615,METHOD,projectlibre_exchange,modules/projectlibre_exchange/src/main/java/com/projectlibre/core/pm/exchange/converters/op/type/OpEarnedValueMethodConverter.java,2,0,LOW,"PLD-7B8F0D351E0928A4,PLD-5FB647EE2EE3BC93",review related Java symbols in the same source file
GRP-00616,METHOD,projectlibre_exchange,modules/projectlibre_exchange/src/main/java/com/projectlibre/core/pm/exchange/converters/op/type/OpRateConverter.java,2,0,LOW,"PLD-3462D852950BB92C,PLD-94E697F84F210F55",review related Java symbols in the same source file
GRP-00617,METHOD,projectlibre_exchange,modules/projectlibre_exchange/src/main/java/com/projectlibre/core/pm/exchange/converters/op/type/OpSchedulingTypeConverter.java,2,0,LOW,"PLD-82B0278350FDCCD8,PLD-4D641365AA9EB6F3",review related Java symbols in the same source file
GRP-00618,METHOD,projectlibre_exchange,modules/projectlibre_exchange/src/main/java/com/projectlibre/core/pm/exchange/converters/type/CalendarUTCLongConverter.java,2,0,LOW,"PLD-9C98BF76607ED070,PLD-150BF53008CAFD1E",review related Java symbols in the same source file
GRP-00619,METHOD,projectlibre_exchange,modules/projectlibre_exchange/src/main/java/com/projectlibre/core/pm/exchange/converters/type/DateHoursMinsConverter.java,2,0,LOW,"PLD-C659AB2D9099FECE,PLD-310E6FCD61C50C68",review related Java symbols in the same source file
GRP-00620,METHOD,projectlibre_exchange,modules/projectlibre_exchange/src/main/java/com/projectlibre/core/pm/exchange/converters/type/DateLongConverter.java,2,0,LOW,"PLD-1D1F1D0EB7180612,PLD-4C71E195AFF5B0BF",review related Java symbols in the same source file
GRP-00621,METHOD,projectlibre_exchange,modules/projectlibre_exchange/src/main/java/com/projectlibre/core/pm/exchange/converters/type/DateUTCConverter.java,2,0,LOW,"PLD-61DD06FCD52E36EA,PLD-0C7B29A38439271D",review related Java symbols in the same source file
GRP-00622,METHOD,projectlibre_exchange,modules/projectlibre_exchange/src/main/java/com/projectlibre/core/pm/exchange/converters/type/DateUTCLongConverter.java,2,0,LOW,"PLD-FFA3901C4EE6B43E,PLD-22E10CD183BAA17D",review related Java symbols in the same source file
GRP-00623,METHOD,projectlibre_exchange,modules/projectlibre_exchange/src/main/java/com/projectlibre/core/pm/exchange/converters/type/LongDateConverter.java,2,0,LOW,"PLD-7C34D4B50B107B45,PLD-5B30720D1644C75D",review related Java symbols in the same source file
GRP-00624,METHOD,projectlibre_exchange,modules/projectlibre_exchange/src/main/java/com/projectlibre/core/pm/exchange/converters/type/NumberDoubleConverter.java,2,0,LOW,"PLD-F18201EA338C055B,PLD-5F1FE1266F138A46",review related Java symbols in the same source file
GRP-00625,METHOD,projectlibre_exchange,modules/projectlibre_exchange/src/main/java/com/projectlibre/core/pm/exchange/converters/type/PercentNumberRatioDoubleConverter.java,2,0,LOW,"PLD-06104685F6C807C5,PLD-168D9444E59467FD",review related Java symbols in the same source file
GRP-00626,METHOD,projectlibre_exchange,modules/projectlibre_exchange/src/main/java/com/projectlibre/core/pm/exchange/converters/type/TruncatedStringConverter.java,2,0,LOW,"PLD-A4AD3B1BFA256E9A,PLD-8D2279EC878D2E94",review related Java symbols in the same source file
GRP-00627,METHOD,projectlibre_exchange,modules/projectlibre_exchange/src/main/java/com/projectlibre/exchange/OPExporter.java,2,0,LOW,"PLD-65FD2726C08610B0,PLD-6F0159FCCC04962E",review related Java symbols in the same source file
GRP-00628,METHOD,projectlibre_exchange,modules/projectlibre_exchange/src/main/java/com/projectlibre1/exchange/Context.java,20,0,LOW,"PLD-434DDF3BC7515317,PLD-8DEB1E53109B7E7C,PLD-F73CD6D1B07A3AD2,PLD-1A519E2869DC4003,PLD-9E0EC53FAE51A37E",review related Java symbols in the same source file
GRP-00629,METHOD,projectlibre_exchange,modules/projectlibre_exchange/src/main/java/com/projectlibre1/exchange/ImportedCalendarService.java,7,0,LOW,"PLD-C7620C6369DBBA4D,PLD-516AA6DF222FA4D7,PLD-5664AAAB285403A4,PLD-19F453A1A3953C9E,PLD-57359D658FAD151B",review related Java symbols in the same source file
GRP-00630,METHOD,projectlibre_exchange,modules/projectlibre_exchange/src/main/java/com/projectlibre1/exchange/MicrosoftImporter.java,24,0,LOW,"PLD-982A649E69AB52B9,PLD-9B989B4B05E8D551,PLD-477226F7BCEEAC16,PLD-674A0C85A546F611,PLD-6B143C722F499278",review related Java symbols in the same source file
GRP-00631,METHOD,projectlibre_exchange,modules/projectlibre_exchange/src/main/java/com/projectlibre1/exchange/ServerLocalFileImporter.java,12,0,LOW,"PLD-D12113B3E8FAAECF,PLD-50BB1103D01C32C3,PLD-2047E18D8821A1FA,PLD-A10B5B0839E45340,PLD-360E0A78C3F39BA4",review related Java symbols in the same source file
GRP-00632,METHOD,projectlibre_exchange,modules/projectlibre_exchange/src/main/java/com/projectlibre1/server/data/AssignmentData.java,31,0,LOW,"PLD-2DFDA0E7EF989012,PLD-3954016AB489A869,PLD-B79216D36A8A8B42,PLD-D527A783A448602F,PLD-57D977E035F66941",review related Java symbols in the same source file
GRP-00633,METHOD,projectlibre_exchange,modules/projectlibre_exchange/src/main/java/com/projectlibre1/server/data/ByteArrayObject.java,2,0,LOW,"PLD-69A8F03B49AF3436,PLD-EDFC37312C167C4D",review related Java symbols in the same source file
GRP-00634,METHOD,projectlibre_exchange,modules/projectlibre_exchange/src/main/java/com/projectlibre1/server/data/CompanyData.java,2,0,LOW,"PLD-01F0CFD9C3C075AF,PLD-9F869C4D9F6976D5",review related Java symbols in the same source file
GRP-00635,METHOD,projectlibre_exchange,modules/projectlibre_exchange/src/main/java/com/projectlibre1/server/data/CustomFieldsMapper.java,3,0,LOW,"PLD-C3C54E3FC14D2A35,PLD-8061C04520C96382,PLD-E19C3B2A834142C8",review related Java symbols in the same source file
GRP-00636,METHOD,projectlibre_exchange,modules/projectlibre_exchange/src/main/java/com/projectlibre1/server/data/DataObjectImpl.java,9,0,LOW,"PLD-F6C8B33C8AE96951,PLD-4A644A17205AE2E1,PLD-AFAD25D11DFE326B,PLD-3C8AF2AF3A18FD26,PLD-5143198C36573975",review related Java symbols in the same source file
GRP-00637,METHOD,projectlibre_exchange,modules/projectlibre_exchange/src/main/java/com/projectlibre1/server/data/EnterpriseResourceData.java,27,0,LOW,"PLD-03589A36B124EFD7,PLD-31D2D4EE7680E60C,PLD-2EE5483C6C910B02,PLD-DFCC0352D922F08E,PLD-9A9D4832CA53AD63",review related Java symbols in the same source file
GRP-00638,METHOD,projectlibre_exchange,modules/projectlibre_exchange/src/main/java/com/projectlibre1/server/data/GroupData.java,5,0,LOW,"PLD-0453DD27928CE624,PLD-085A8FAAF667FD24,PLD-D48C13285CD72625,PLD-C4434EC7405BD5D0,PLD-E6DAAE4AD521B60A",review related Java symbols in the same source file
GRP-00639,METHOD,projectlibre_exchange,modules/projectlibre_exchange/src/main/java/com/projectlibre1/server/data/IncrementalData.java,13,0,LOW,"PLD-1EC93C060F65A53B,PLD-0515203C4CE2D07B,PLD-3138477D30A8F723,PLD-24D986B15C70F627,PLD-6E0237670E340354",review related Java symbols in the same source file
GRP-00640,METHOD,projectlibre_exchange,modules/projectlibre_exchange/src/main/java/com/projectlibre1/server/data/LinkData.java,14,0,LOW,"PLD-AFC72DA5AEAF2BAD,PLD-AE014260B04A6772,PLD-B2E27CB56E73E8A5,PLD-F7BC6F670FDE37F0,PLD-6A655BD9F18AFB89",review related Java symbols in the same source file
GRP-00641,METHOD,projectlibre_exchange,modules/projectlibre_exchange/src/main/java/com/projectlibre1/server/data/MPXConverter.java,16,0,LOW,"PLD-97811BD1C68FCF56,PLD-96B4F25779E8D7F3,PLD-C80BF263D4E1CC1F,PLD-AA9B09F5766D6556,PLD-EC355DD8C63F9AB4",review related Java symbols in the same source file
GRP-00642,METHOD,projectlibre_exchange,modules/projectlibre_exchange/src/main/java/com/projectlibre1/server/data/MSPDISerializer.java,8,0,LOW,"PLD-3E60FE0DF655F95D,PLD-0883671049288DE8,PLD-79D0540AABA42671,PLD-6D954CF5392E9798,PLD-766487258034DD39",review related Java symbols in the same source file
GRP-00643,METHOD,projectlibre_exchange,modules/projectlibre_exchange/src/main/java/com/projectlibre1/server/data/ProjectSerializer.java,1,0,LOW,PLD-1CB6523496B02613,review related Java symbols in the same source file
GRP-00644,METHOD,projectlibre_exchange,modules/projectlibre_exchange/src/main/java/com/projectlibre1/server/data/ResourceData.java,14,0,LOW,"PLD-2C92285174F703ED,PLD-3F5B174262E4AF2C,PLD-E38E6DD6BC2C13AF,PLD-1053CE73C83F7CF1,PLD-0748487E3D01D44F",review related Java symbols in the same source file
GRP-00645,METHOD,projectlibre_exchange,modules/projectlibre_exchange/src/main/java/com/projectlibre1/server/data/RoleData.java,5,0,LOW,"PLD-01426B5A0769C19D,PLD-E84419CCDB21CA32,PLD-284FE9BAC1444CCC,PLD-655CC4F751421577,PLD-913E609BBC392A78",review related Java symbols in the same source file
GRP-00646,METHOD,projectlibre_exchange,modules/projectlibre_exchange/src/main/java/com/projectlibre1/server/data/SerializeOptions.java,4,0,LOW,"PLD-AE3216AD297F9A7E,PLD-94CD82FC5F7AA4B0,PLD-F596BBA1220D284B,PLD-A1F0CDA8184D787E",review related Java symbols in the same source file
GRP-00647,METHOD,projectlibre_exchange,modules/projectlibre_exchange/src/main/java/com/projectlibre1/server/data/SerializeUtil.java,4,0,LOW,"PLD-FE07BB40C94E5E5F,PLD-1CA6EBA974298E68,PLD-60FD5174E00848BF,PLD-B3606C3398302A37",review related Java symbols in the same source file
GRP-00648,METHOD,projectlibre_exchange,modules/projectlibre_exchange/src/main/java/com/projectlibre1/server/data/Serializer.java,22,0,LOW,"PLD-5936BC592F2AD69D,PLD-3ABA1215003EEEDD,PLD-1B706836FE33058A,PLD-3AEBB6C99B024108,PLD-CC7390A0173C9506",review related Java symbols in the same source file
GRP-00649,METHOD,projectlibre_exchange,modules/projectlibre_exchange/src/main/java/com/projectlibre1/server/data/TaskData.java,31,0,LOW,"PLD-564366BC1849A1E5,PLD-4535962880E8F3E4,PLD-FB569AE3BE556A55,PLD-C93F1C9EC388AD84,PLD-3533809B721F1626",review related Java symbols in the same source file
GRP-00650,METHOD,projectlibre_exchange,modules/projectlibre_exchange/src/main/java/com/projectlibre1/server/data/TypeSystemConverter.java,8,0,LOW,"PLD-25283220F2659D55,PLD-C9ABDCE0B293F90B,PLD-5DBCCC8D2F2A56A0,PLD-4FD3268D0FC3A43C,PLD-BF54CA3F60AB3760",review related Java symbols in the same source file
GRP-00651,METHOD,projectlibre_exchange,modules/projectlibre_exchange/src/main/java/com/projectlibre1/server/data/TypeSystemConverterFactory.java,2,0,LOW,"PLD-76758E25674BC11F,PLD-1591D01BD68B95EF",review related Java symbols in the same source file
GRP-00652,METHOD,projectlibre_exchange,modules/projectlibre_exchange/src/main/java/com/projectlibre1/server/data/UserData.java,2,0,LOW,"PLD-6A0693D7DECB1E57,PLD-ABF01EEE0C127056",review related Java symbols in the same source file
GRP-00653,METHOD,projectlibre_exchange,modules/projectlibre_exchange/src/main/java/com/projectlibre1/server/data/linker/Linker.java,22,0,LOW,"PLD-65AA03D3904D33F5,PLD-637F5C29980C9C85,PLD-C04B05DD39C14322,PLD-BB2B856A8DDDEEB3,PLD-BAEA131D51E06C89",review related Java symbols in the same source file
GRP-00654,METHOD,projectlibre_exchange,modules/projectlibre_exchange/src/main/java/com/projectlibre1/server/data/linker/ResourceLinker.java,3,0,LOW,"PLD-C1B8E4EB950912D8,PLD-D68AC7C2FED6A215,PLD-EF31211F15D5D6F0",review related Java symbols in the same source file
GRP-00655,METHOD,projectlibre_exchange,modules/projectlibre_exchange/src/main/java/com/projectlibre1/server/data/linker/TaskLinker.java,19,0,LOW,"PLD-44E4F87345D89AC9,PLD-094E0688AB711250,PLD-A2AE6CAC495C1909,PLD-28FC7348FA170952,PLD-FCB229B5A808695C",review related Java symbols in the same source file
GRP-00656,METHOD,projectlibre_exchange,modules/projectlibre_exchange/src/main/java/com/projectlibre1/server/data/mspdi/ModifiedMSPDIWriter.java,8,0,LOW,"PLD-F234DD62A43B1CAD,PLD-D941E8DC501876BD,PLD-794979F34FE543BC,PLD-EE48D98EBBA3FD3C,PLD-0F484F362DEDFD72",review related Java symbols in the same source file
GRP-00657,METHOD,projectlibre_exchange,modules/projectlibre_exchange/src/main/java/com/projectlibre1/server/data/mspdi/ProjectContentHandler.java,2,0,LOW,"PLD-38E2612A0FF566C6,PLD-D8C8F4EC35DE94E6",review related Java symbols in the same source file
GRP-00658,METHOD,projectlibre_exchange,modules/projectlibre_exchange/src/main/java/com/projectlibre1/server/data/mspdi/TimeDistributedTypeMapper.java,4,0,LOW,"PLD-F3EB21C95103E6D5,PLD-DF07D084EFE4D5C6,PLD-546FF719FB495F86,PLD-B9F436D4E27C0B05",review related Java symbols in the same source file
GRP-00659,METHOD,projectlibre_exchange,modules/projectlibre_exchange/src/main/java/com/projectlibre1/server/data/mspdi/TimephasedConsumer.java,2,0,LOW,"PLD-423686BC7CC35AF3,PLD-4377116958AB00C5",review related Java symbols in the same source file
GRP-00660,METHOD,projectlibre_exchange,modules/projectlibre_exchange/src/main/java/com/projectlibre1/server/data/mspdi/TimephasedGetter.java,2,0,LOW,"PLD-A0B761C485E74EDD,PLD-6807D1AFD5320416",review related Java symbols in the same source file
GRP-00661,METHOD,projectlibre_exchange,modules/projectlibre_exchange/src/main/java/com/projectlibre1/server/data/mspdi/TimephasedService.java,4,0,LOW,"PLD-F437F252240B41FB,PLD-7A4846C17C8EE909,PLD-30DC43321C6BC1CF,PLD-31C0B7C09EE37EC7",review related Java symbols in the same source file
GRP-00662,METHOD,projectlibre_exchange,modules/projectlibre_exchange/src/main/java/com/projectlibre1/server/data/mspdi/XsdDuration.java,11,0,LOW,"PLD-00CBFCC42BEB9BFB,PLD-DE6A797701D97D14,PLD-5E8051FFC86F4B52,PLD-4F4C0ED1A16E8E00,PLD-9446D6FD44384FC1",review related Java symbols in the same source file
GRP-00663,METHOD,projectlibre_exchange,modules/projectlibre_exchange/src/test/java/com/projectlibre1/exchange/MicrosoftImporterTest.java,2,0,LOW,"PLD-6CB03B211B119A65,PLD-8B0EC61F4D296724",review related Java symbols in the same source file
GRP-00664,METHOD,projectlibre_exchange,projectlibre_exchange/src/com/projectlibre/core/pm/exchange/ImprovedMSPDIReader.java,3,0,LOW,"PLD-F5BC844C768EEFA2,PLD-B5F5B4641A738B78,PLD-B7798FA96A99B82F",review related Java symbols in the same source file
GRP-00665,METHOD,projectlibre_exchange,projectlibre_exchange/src/com/projectlibre/core/pm/exchange/converters/mpx/MpxRangeConverter.java,1,0,LOW,PLD-E9472D4C17890989,review related Java symbols in the same source file
GRP-00666,METHOD,projectlibre_exchange,projectlibre_exchange/src/com/projectlibre1/exchange/MicrosoftImporter.java,10,0,LOW,"PLD-623CA7136EF4FC2A,PLD-55C6C150FE18AEE1,PLD-DF87F15EE81B716D,PLD-0C3775E5C9255A5D,PLD-727FCE4552CAE6F2",review related Java symbols in the same source file
GRP-00667,METHOD,projectlibre_exchange,projectlibre_exchange/src/com/projectlibre1/exchange/ServerFileImporter.java,1,0,LOW,PLD-70E1E70180BE2635,review related Java symbols in the same source file
GRP-00668,METHOD,projectlibre_exchange,projectlibre_exchange/src/com/projectlibre1/server/data/AssignmentData.java,1,0,LOW,PLD-376EAA7DC7304727,review related Java symbols in the same source file
GRP-00669,METHOD,projectlibre_exchange,projectlibre_exchange/src/com/projectlibre1/server/data/IncrementalData.java,5,0,LOW,"PLD-A705C184C4AECF2E,PLD-EFAC6918EC2FB898,PLD-033B713D86187D5E,PLD-0A21FD739A480831,PLD-BD6AE40B9F5DFE66",review related Java symbols in the same source file
GRP-00670,METHOD,projectlibre_exchange,projectlibre_exchange/src/com/projectlibre1/server/data/MSPDISerializer.java,5,0,LOW,"PLD-783EE18A7AC5B154,PLD-9E6BC3DC99EBB31A,PLD-6B1ED30FE26FE313,PLD-4F91FF31AC02D65B,PLD-0402690013A34645",review related Java symbols in the same source file
GRP-00671,METHOD,projectlibre_exchange,projectlibre_exchange/src/com/projectlibre1/server/data/ProjectData.java,7,0,LOW,"PLD-0CFC4BF7F91DDF35,PLD-7325D36F20AB44FC,PLD-DFCE352FE48BF0F5,PLD-CB8A7FF9633E74EE,PLD-10C3B575FC35DD59",review related Java symbols in the same source file
GRP-00672,METHOD,projectlibre_exchange,projectlibre_exchange/src/com/projectlibre1/server/data/Serializer.java,33,0,LOW,"PLD-22E623F8A194C036,PLD-F0B5B3681C7F6A26,PLD-E8C51F2371FF865A,PLD-96BA8977890B0A1C,PLD-098BF5D28F48C136",review related Java symbols in the same source file
GRP-00673,METHOD,projectlibre_exchange,projectlibre_exchange/src/com/projectlibre1/server/data/TaskData.java,4,0,LOW,"PLD-E1BEB7F0F7D2CF9B,PLD-BD61155ECCFE668A,PLD-A4265B5C9A5C20D5,PLD-44A54C41B211C21D",review related Java symbols in the same source file
GRP-00674,METHOD,projectlibre_exchange,projectlibre_exchange/src/com/projectlibre1/server/data/mspdi/ModifiedMSPDIWriter.java,11,0,LOW,"PLD-9D43F1C4AB921F8B,PLD-7FF2209333C312DF,PLD-E7C5B7ECC21CD682,PLD-E609AECAF5030A91,PLD-6AC7545D1D783A54",review related Java symbols in the same source file
GRP-00675,METHOD,projectlibre_ui,modules/projectlibre_ui/src/main/java/com/projectlibre/ui/ribbon/CustomRibbonBandGenerator.java,1,1,LOW,PLD-EBB56C0BDC5958B5,review related Java symbols in the same source file
GRP-00676,METHOD,projectlibre_ui,modules/projectlibre_ui/src/main/java/com/projectlibre1/dialog/AboutDialog.java,2,2,LOW,"PLD-27294783BC755743,PLD-058B05A17A1FCF6F",review related Java symbols in the same source file
GRP-00677,METHOD,projectlibre_ui,modules/projectlibre_ui/src/main/java/com/projectlibre1/dialog/ActionJList.java,2,2,LOW,"PLD-5E6EA7579014DF45,PLD-55F245E8B6A50AEB",review related Java symbols in the same source file
GRP-00678,METHOD,projectlibre_ui,modules/projectlibre_ui/src/main/java/com/projectlibre1/dialog/BaselineDialog.java,2,2,LOW,"PLD-0BF67F4BAC809467,PLD-01CD8C7AFEA11F2B",review related Java symbols in the same source file
GRP-00679,METHOD,projectlibre_ui,modules/projectlibre_ui/src/main/java/com/projectlibre1/dialog/DependencyDialog.java,1,1,LOW,PLD-7EBEFCACB890467C,review related Java symbols in the same source file
GRP-00680,METHOD,projectlibre_ui,modules/projectlibre_ui/src/main/java/com/projectlibre1/dialog/HelpDialog.java,3,3,LOW,"PLD-D8FF55B6913892AE,PLD-3A67E5CB37A5BB61,PLD-078E778D30F8686B",review related Java symbols in the same source file
GRP-00681,METHOD,projectlibre_ui,modules/projectlibre_ui/src/main/java/com/projectlibre1/dialog/InformationDialog.java,2,2,LOW,"PLD-B29D53F095CCB146,PLD-488B2C236F244892",review related Java symbols in the same source file
GRP-00682,METHOD,projectlibre_ui,modules/projectlibre_ui/src/main/java/com/projectlibre1/dialog/LicenseDialog.java,4,4,LOW,"PLD-3040651FEE1075A0,PLD-0CC8CF8ACD8F3298,PLD-20BA8DCAF3D67C2E,PLD-C6CAC9CFA88DBB4A",review related Java symbols in the same source file
GRP-00683,METHOD,projectlibre_ui,modules/projectlibre_ui/src/main/java/com/projectlibre1/dialog/LocaleDialog.java,34,34,LOW,"PLD-AF252F420A5B7C1B,PLD-0BE85C1088918EEE,PLD-191E10A71415A089,PLD-B59C2C51A99C932C,PLD-EBC2F15D937F8633",review related Java symbols in the same source file
GRP-00684,METHOD,projectlibre_ui,modules/projectlibre_ui/src/main/java/com/projectlibre1/dialog/RenameProjectDialog.java,1,1,LOW,PLD-2987FDA05B489780,review related Java symbols in the same source file
GRP-00685,METHOD,projectlibre_ui,modules/projectlibre_ui/src/main/java/com/projectlibre1/dialog/ResourceMappingDialog.java,1,1,LOW,PLD-5AEC391F05517D54,review related Java symbols in the same source file
GRP-00686,METHOD,projectlibre_ui,modules/projectlibre_ui/src/main/java/com/projectlibre1/dialog/UpdateProjectDialogBox.java,2,2,LOW,"PLD-D4870B9773CD24ED,PLD-ABADC77F250AAE21",review related Java symbols in the same source file
GRP-00687,METHOD,projectlibre_ui,modules/projectlibre_ui/src/main/java/com/projectlibre1/dialog/XbsDependencyDialog.java,1,1,LOW,PLD-76795213928138F5,review related Java symbols in the same source file
GRP-00688,METHOD,projectlibre_ui,modules/projectlibre_ui/src/main/java/com/projectlibre1/dialog/assignment/AssignmentDialog.java,5,5,LOW,"PLD-42241A3603854C75,PLD-87C6B83098D81035,PLD-A5C9FD6E44A9A62B,PLD-71B67975A95E17D7,PLD-65F4C7DE9321813A",review related Java symbols in the same source file
GRP-00689,METHOD,projectlibre_ui,modules/projectlibre_ui/src/main/java/com/projectlibre1/dialog/calendar/Intervals.java,1,1,LOW,PLD-86F97701EEDC1BEC,review related Java symbols in the same source file
GRP-00690,METHOD,projectlibre_ui,modules/projectlibre_ui/src/main/java/com/projectlibre1/dialog/calendar/NewBaseCalendarDialog.java,2,2,LOW,"PLD-BFFADB27F0CA62A0,PLD-A36C5D5362B7310B",review related Java symbols in the same source file
GRP-00691,METHOD,projectlibre_ui,modules/projectlibre_ui/src/main/java/com/projectlibre1/main/Main.java,3,3,LOW,"PLD-2774F9475331455E,PLD-379560EBD31E620E,PLD-8888B668F5D7CFCB",review related Java symbols in the same source file
GRP-00692,METHOD,projectlibre_ui,modules/projectlibre_ui/src/main/java/com/projectlibre1/menu/ExtRibbonFactory.java,3,0,HIGH,"PLD-812A8401FE8240A2,PLD-9D796FDF6E6967F3,PLD-DE0E7F291579A679",review related Java symbols in the same source file
GRP-00693,METHOD,projectlibre_ui,modules/projectlibre_ui/src/main/java/com/projectlibre1/menu/HyperLinkToolTip.java,1,0,HIGH,PLD-8B5899965FEA92A0,review related Java symbols in the same source file
GRP-00694,METHOD,projectlibre_ui,modules/projectlibre_ui/src/main/java/com/projectlibre1/menu/MenuManager.java,9,0,HIGH,"PLD-12647B18CD5AAF31,PLD-C5949FB946F432DC,PLD-E6C0069FC0FAAB1A,PLD-342DD155C8B8B0B6,PLD-8E36A395FE178F04",review related Java symbols in the same source file
GRP-00695,METHOD,projectlibre_ui,modules/projectlibre_ui/src/main/java/com/projectlibre1/pm/graphic/IconManager.java,3,3,LOW,"PLD-CD9538801F26BFF5,PLD-FCA104EF409361C7,PLD-9734ACD2EA36EB25",review related Java symbols in the same source file
GRP-00696,METHOD,projectlibre_ui,modules/projectlibre_ui/src/main/java/com/projectlibre1/pm/graphic/chart/ChartCorner.java,1,1,LOW,PLD-EFED097EC7350DA0,review related Java symbols in the same source file
GRP-00697,METHOD,projectlibre_ui,modules/projectlibre_ui/src/main/java/com/projectlibre1/pm/graphic/chart/TimeChartPanel.java,4,4,LOW,"PLD-13EE1F32CDD56AFA,PLD-8A4ABCF579007D2B,PLD-1F77D6980A0F0B84,PLD-5CABE7F2F8316F97",review related Java symbols in the same source file
GRP-00698,METHOD,projectlibre_ui,modules/projectlibre_ui/src/main/java/com/projectlibre1/pm/graphic/frames/ApplicationStartupFactory.java,1,1,LOW,PLD-95571FCA96804504,review related Java symbols in the same source file
GRP-00699,METHOD,projectlibre_ui,modules/projectlibre_ui/src/main/java/com/projectlibre1/pm/graphic/frames/DocumentFrame.java,1,1,LOW,PLD-5A0878B77D9E545B,review related Java symbols in the same source file
GRP-00700,METHOD,projectlibre_ui,modules/projectlibre_ui/src/main/java/com/projectlibre1/pm/graphic/frames/GraphicManager.java,17,17,LOW,"PLD-45F2E3403EA1ABF2,PLD-73241081C2951506,PLD-05DD0E3A473AB3CF,PLD-28212D028633736B,PLD-F987FB6171D25086",review related Java symbols in the same source file
GRP-00701,METHOD,projectlibre_ui,modules/projectlibre_ui/src/main/java/com/projectlibre1/pm/graphic/frames/MainFrame.java,1,1,LOW,PLD-7EAD920D6ADF82C2,review related Java symbols in the same source file
GRP-00702,METHOD,projectlibre_ui,modules/projectlibre_ui/src/main/java/com/projectlibre1/pm/graphic/frames/MainFrameFactory.java,2,2,LOW,"PLD-3AE9395F16468F23,PLD-FC06CBF3C702FC44",review related Java symbols in the same source file
GRP-00703,METHOD,projectlibre_ui,modules/projectlibre_ui/src/main/java/com/projectlibre1/pm/graphic/frames/MainRibbonFrame.java,5,5,LOW,"PLD-8F57623FEA182380,PLD-3E25A8937F48E111,PLD-9E2DBC46E7AE569A,PLD-24F446E7DD8DCD8D,PLD-99868C7CA4F8F41D",review related Java symbols in the same source file
GRP-00704,METHOD,projectlibre_ui,modules/projectlibre_ui/src/main/java/com/projectlibre1/pm/graphic/frames/StartupFactory.java,5,5,LOW,"PLD-F73732F63C2AFE91,PLD-80D163AE3D2DBF1E,PLD-CE97E5B9D375B518,PLD-0F4F73A87957A708,PLD-B3CEC2B3FEB74856",review related Java symbols in the same source file
GRP-00705,METHOD,projectlibre_ui,modules/projectlibre_ui/src/main/java/com/projectlibre1/pm/graphic/frames/workspace/NamedFrame.java,2,2,LOW,"PLD-F2ECF0EF87E800DE,PLD-5964DADE212F6113",review related Java symbols in the same source file
GRP-00706,METHOD,projectlibre_ui,modules/projectlibre_ui/src/main/java/com/projectlibre1/pm/graphic/gantt/GanttRenderer.java,1,1,LOW,PLD-D993ADBBC8C8F4B8,review related Java symbols in the same source file
GRP-00707,METHOD,projectlibre_ui,modules/projectlibre_ui/src/main/java/com/projectlibre1/pm/graphic/gantt/Main.java,1,1,LOW,PLD-59784AC2FBDD9E68,review related Java symbols in the same source file
GRP-00708,METHOD,projectlibre_ui,modules/projectlibre_ui/src/main/java/com/projectlibre1/pm/graphic/network/NetworkPopupMenu.java,1,0,HIGH,PLD-2B0111A27B9F8532,review related Java symbols in the same source file
GRP-00709,METHOD,projectlibre_ui,modules/projectlibre_ui/src/main/java/com/projectlibre1/print/PageSetup.java,3,3,LOW,"PLD-399FFCFDD8F49D51,PLD-8EB67F96AA7DEAB1,PLD-1C213B1EB223D832",review related Java symbols in the same source file
GRP-00710,METHOD,projectlibre_ui,modules/projectlibre_ui/src/main/java/com/projectlibre1/print/PrintDocumentFactory.java,1,1,LOW,PLD-5E6F7C4E196DCC0C,review related Java symbols in the same source file
GRP-00711,METHOD,projectlibre_ui,modules/projectlibre_ui/src/main/java/com/projectlibre1/print/PrintPreviewFrame.java,1,1,LOW,PLD-5495BEC97BDA4103,review related Java symbols in the same source file
GRP-00712,METHOD,projectlibre_ui,modules/projectlibre_ui/src/main/java/com/projectlibre1/toolbar/FilterToolBarManager.java,3,3,LOW,"PLD-4AAF3CC8D2FE29B2,PLD-16BE0C4DE953AFDB,PLD-504BCE23C3B48FD9",review related Java symbols in the same source file
GRP-00713,METHOD,projectlibre_ui,modules/projectlibre_ui/src/main/java/org/projectlibre/export/ImageExport.java,2,2,LOW,"PLD-C92F5F0E1092A96C,PLD-184E42A63FCF342A",review related Java symbols in the same source file
GRP-00714,METHOD,projectlibre_ui,modules/projectlibre_ui/src/main/java/org/projectlibre/export/PDFExport.java,2,2,LOW,"PLD-5DC5312752BFA32A,PLD-0F36EB2C0AFAAC62",review related Java symbols in the same source file
GRP-00715,METHOD,projectlibre_ui,modules/projectlibre_ui/src/main/java/org/projectlibre/print/ProjectLibrePrintServiceImpl.java,5,5,LOW,"PLD-B0C5785AB1BC85B0,PLD-42345F2726BE9E58,PLD-0FEC4D15C797F098,PLD-12A32D746D88EC85,PLD-B90E72E098CD4EF2",review related Java symbols in the same source file
GRP-00716,METHOD,projectlibre_ui,openproj_ui/src/com/projity/dialog/AboutDialog.java,1,1,LOW,PLD-945C13A74B9D2BD5,review related Java symbols in the same source file
GRP-00717,METHOD,projectlibre_ui,openproj_ui/src/com/projity/dialog/AbstractDialog.java,5,5,LOW,"PLD-3BAD46BAE8B68CA5,PLD-F576DA67861676DE,PLD-79772F78BECFAB44,PLD-19CFAE7B77FA555E,PLD-B32EF61ECE0C325E",review related Java symbols in the same source file
GRP-00718,METHOD,projectlibre_ui,openproj_ui/src/com/projity/dialog/ActionJList.java,2,2,LOW,"PLD-E2DCA255D26C543B,PLD-2DBB868880E7A037",review related Java symbols in the same source file
GRP-00719,METHOD,projectlibre_ui,openproj_ui/src/com/projity/dialog/BaselineDialog.java,2,2,LOW,"PLD-8F54397EF90FA0BF,PLD-138FC4A8A9BD2445",review related Java symbols in the same source file
GRP-00720,METHOD,projectlibre_ui,openproj_ui/src/com/projity/dialog/DependencyDialog.java,1,1,LOW,PLD-232C34AFED3B3CA0,review related Java symbols in the same source file
GRP-00721,METHOD,projectlibre_ui,openproj_ui/src/com/projity/dialog/FieldDialog.java,1,1,LOW,PLD-4A71D507173A8CA9,review related Java symbols in the same source file
GRP-00722,METHOD,projectlibre_ui,openproj_ui/src/com/projity/dialog/FindDialog.java,5,5,LOW,"PLD-76E5CCD93B44EDF9,PLD-E9F3CA4785F677E2,PLD-917EB33986F82074,PLD-E0E11E3BCE4FAE0B,PLD-F5DA377CB573C03D",review related Java symbols in the same source file
GRP-00723,METHOD,projectlibre_ui,openproj_ui/src/com/projity/dialog/HelpDialog.java,4,4,LOW,"PLD-67ACBCE7FC2642FA,PLD-F069ED0815A9A5F6,PLD-C4074D4AD44C5698,PLD-D8F8DB0264B989E6",review related Java symbols in the same source file
GRP-00724,METHOD,projectlibre_ui,openproj_ui/src/com/projity/dialog/InformationDialog.java,2,2,LOW,"PLD-40EE772CC4F843EA,PLD-07DEB17760EC1E14",review related Java symbols in the same source file
GRP-00725,METHOD,projectlibre_ui,openproj_ui/src/com/projity/dialog/LicenseDialog.java,2,2,LOW,"PLD-E386206D0329DF47,PLD-B15C752A6D8F2725",review related Java symbols in the same source file
GRP-00726,METHOD,projectlibre_ui,openproj_ui/src/com/projity/dialog/LoginDialog.java,14,14,LOW,"PLD-AAE0FBB7CEE99ED2,PLD-10F87A5B02F9E1B4,PLD-7C85F62EBF9F2292,PLD-55D1558882C26A62,PLD-9A5B165930CD799D",review related Java symbols in the same source file
GRP-00727,METHOD,projectlibre_ui,openproj_ui/src/com/projity/dialog/LookupDialog.java,3,3,LOW,"PLD-7C078D1BA50155D2,PLD-727BEAEA6D2AEE53,PLD-6CE225CD0771C02F",review related Java symbols in the same source file
GRP-00728,METHOD,projectlibre_ui,openproj_ui/src/com/projity/dialog/OpenProjectDialog.java,5,5,LOW,"PLD-63FAEE04C2C48A42,PLD-81F3338BD0108015,PLD-E9D7EB6CC8BA12BC,PLD-98486BF617E5279D,PLD-3140EDF40F3FE4CE",review related Java symbols in the same source file
GRP-00729,METHOD,projectlibre_ui,openproj_ui/src/com/projity/dialog/PODOnlyFeature.java,5,5,LOW,"PLD-20182EF9322185D0,PLD-66EF82F6E738B058,PLD-0C483FF107C433EE,PLD-6591233F5F90BB95,PLD-202B9168D09492D4",review related Java symbols in the same source file
GRP-00730,METHOD,projectlibre_ui,openproj_ui/src/com/projity/dialog/ProjectDialog.java,1,1,LOW,PLD-7B5A6EA915E36922,review related Java symbols in the same source file
GRP-00731,METHOD,projectlibre_ui,openproj_ui/src/com/projity/dialog/RenameProjectDialog.java,1,1,LOW,PLD-4A013B3E791F688E,review related Java symbols in the same source file
GRP-00732,METHOD,projectlibre_ui,openproj_ui/src/com/projity/dialog/ResourceInformationDialog.java,2,2,LOW,"PLD-E78358B3563D8959,PLD-2EA523E14854E0FF",review related Java symbols in the same source file
GRP-00733,METHOD,projectlibre_ui,openproj_ui/src/com/projity/dialog/ResourceMappingDialog.java,2,2,LOW,"PLD-EA2A8E27140306E3,PLD-66B350847BA2031F",review related Java symbols in the same source file
GRP-00734,METHOD,projectlibre_ui,openproj_ui/src/com/projity/dialog/TipOfTheDay.java,2,2,LOW,"PLD-921ECCF3E508B93C,PLD-14583A6633EC1E0A",review related Java symbols in the same source file
GRP-00735,METHOD,projectlibre_ui,openproj_ui/src/com/projity/dialog/TryPODDialog.java,5,5,LOW,"PLD-06D7FEB19CE025D8,PLD-1E02B6E9EB63B999,PLD-9FAA54BC9AB62EA7,PLD-898B1AC13C09EBB8,PLD-E40B6990CA4B4F02",review related Java symbols in the same source file
GRP-00736,METHOD,projectlibre_ui,openproj_ui/src/com/projity/dialog/UpdateProjectDialogBox.java,2,2,LOW,"PLD-71FA36C836ACD30B,PLD-0EE7BE915D3C37CA",review related Java symbols in the same source file
GRP-00737,METHOD,projectlibre_ui,openproj_ui/src/com/projity/dialog/WelcomeDialog.java,1,1,LOW,PLD-3049658CAEDF3308,review related Java symbols in the same source file
GRP-00738,METHOD,projectlibre_ui,openproj_ui/src/com/projity/dialog/XbsDependencyDialog.java,1,1,LOW,PLD-C6B5950E2DA89BDD,review related Java symbols in the same source file
GRP-00739,METHOD,projectlibre_ui,openproj_ui/src/com/projity/dialog/assignment/AssignmentDialog.java,5,5,LOW,"PLD-7C0DC1D84AA96913,PLD-35A03F344791D1C5,PLD-50692043206005F4,PLD-7129EB6D6A0F93C2,PLD-5303D77828016034",review related Java symbols in the same source file
GRP-00740,METHOD,projectlibre_ui,openproj_ui/src/com/projity/dialog/calendar/ChangeWorkingTimeDialogBox.java,13,13,LOW,"PLD-DD3EF88402192192,PLD-06E13258B61F55EE,PLD-6E76B7F6C2FDC299,PLD-0410F6BB93C7AA0B,PLD-835B9B8F9295ED1D",review related Java symbols in the same source file
GRP-00741,METHOD,projectlibre_ui,openproj_ui/src/com/projity/dialog/calendar/Intervals.java,1,1,LOW,PLD-CB4BDA0AA205BF20,review related Java symbols in the same source file
GRP-00742,METHOD,projectlibre_ui,openproj_ui/src/com/projity/dialog/calendar/NewBaseCalendarDialog.java,2,2,LOW,"PLD-2D471E8CCC848222,PLD-7F848D6F3DFA0AA6",review related Java symbols in the same source file
GRP-00743,METHOD,projectlibre_ui,openproj_ui/src/com/projity/dialog/options/CalendarDialogBox.java,1,1,LOW,PLD-50F88416C045B484,review related Java symbols in the same source file
GRP-00744,METHOD,projectlibre_ui,openproj_ui/src/com/projity/dialog/util/ComponentFactory.java,12,12,LOW,"PLD-E69DBB7CBC65D114,PLD-837B531B506536EA,PLD-782F26130430B858,PLD-BC5718C619485297,PLD-F992E14B6F842EC0",review related Java symbols in the same source file
GRP-00745,METHOD,projectlibre_ui,openproj_ui/src/com/projity/dialog/util/LookupField.java,1,1,LOW,PLD-320A6F7267EEEF60,review related Java symbols in the same source file
GRP-00746,METHOD,projectlibre_ui,openproj_ui/src/com/projity/menu/HyperLinkToolTip.java,1,0,HIGH,PLD-9B511A4A8E8215B5,review related Java symbols in the same source file
GRP-00747,METHOD,projectlibre_ui,openproj_ui/src/com/projity/offline_graphics/UILister.java,2,2,LOW,"PLD-86C75931648C1C11,PLD-2C14B4A4AD99D483",review related Java symbols in the same source file
GRP-00748,METHOD,projectlibre_ui,openproj_ui/src/com/projity/pm/graphic/ChangeAwareTextField.java,1,1,LOW,PLD-BE156B5094907482,review related Java symbols in the same source file
GRP-00749,METHOD,projectlibre_ui,openproj_ui/src/com/projity/pm/graphic/Statusbar.java,2,2,LOW,"PLD-C3C0715E0287B5FF,PLD-D9145B08EF0A2828",review related Java symbols in the same source file
GRP-00750,METHOD,projectlibre_ui,openproj_ui/src/com/projity/pm/graphic/TabbedNavigation.java,4,4,LOW,"PLD-4735DE2572590D57,PLD-6ECFC93A3E83A6F4,PLD-069EF0D98E37988C,PLD-114FEF562AACA9B1",review related Java symbols in the same source file
GRP-00751,METHOD,projectlibre_ui,openproj_ui/src/com/projity/pm/graphic/chart/ChartCorner.java,1,1,LOW,PLD-3D52E6CAE13AF698,review related Java symbols in the same source file
GRP-00752,METHOD,projectlibre_ui,openproj_ui/src/com/projity/pm/graphic/chart/ChartLegend.java,9,9,LOW,"PLD-B0875E886B5F4E85,PLD-6DD78D514F68E603,PLD-AA8179201EC885C6,PLD-19661392C398A94E,PLD-0852F6C4FFC5080C",review related Java symbols in the same source file
GRP-00753,METHOD,projectlibre_ui,openproj_ui/src/com/projity/pm/graphic/chart/ChartModel.java,1,1,LOW,PLD-272CCAD429A8C63F,review related Java symbols in the same source file
GRP-00754,METHOD,projectlibre_ui,openproj_ui/src/com/projity/pm/graphic/chart/TimeChartPanel.java,5,5,LOW,"PLD-2492E502E712DCA9,PLD-A69E0D27ABBEAB2C,PLD-67BF527DEA26CBEC,PLD-D080C01D5DB8C19D,PLD-C94B2BFAB07458A1",review related Java symbols in the same source file
GRP-00755,METHOD,projectlibre_ui,openproj_ui/src/com/projity/pm/graphic/chart/TimeChartPopupMenu.java,1,0,HIGH,PLD-81798DF585E93DFF,review related Java symbols in the same source file
GRP-00756,METHOD,projectlibre_ui,openproj_ui/src/com/projity/pm/graphic/frames/DocumentFrame.java,3,3,LOW,"PLD-D832BA40EDBF6382,PLD-716BB09C3590B519,PLD-3F96FDA52B5CE184",review related Java symbols in the same source file
GRP-00757,METHOD,projectlibre_ui,openproj_ui/src/com/projity/pm/graphic/frames/GraphicManager.java,18,18,LOW,"PLD-41C71D62D1FA356F,PLD-65002FD157750D31,PLD-1763090500F39652,PLD-EC9617FF0A019C4B,PLD-A9936637EA7AA4B6",review related Java symbols in the same source file
GRP-00758,METHOD,projectlibre_ui,openproj_ui/src/com/projity/pm/graphic/frames/MainFrame.java,2,2,LOW,"PLD-ABBC5B2E82AB81DD,PLD-E3AE0F5A642656D9",review related Java symbols in the same source file
GRP-00759,METHOD,projectlibre_ui,openproj_ui/src/com/projity/pm/graphic/frames/StartupFactory.java,5,5,LOW,"PLD-EAA8E5D4F43F4A7E,PLD-5FA6CA55A5EE6BCD,PLD-16C8B6670E09A93D,PLD-288E41D7B1D8240D,PLD-52927BB18DB04B5D",review related Java symbols in the same source file
GRP-00760,METHOD,projectlibre_ui,openproj_ui/src/com/projity/pm/graphic/frames/workspace/DefaultFrameManager.java,1,1,LOW,PLD-9AE4AAEDE1E776DD,review related Java symbols in the same source file
GRP-00761,METHOD,projectlibre_ui,openproj_ui/src/com/projity/pm/graphic/frames/workspace/NamedFrame.java,2,2,LOW,"PLD-AAF12E91647870F4,PLD-DF34C450749841D2",review related Java symbols in the same source file
GRP-00762,METHOD,projectlibre_ui,openproj_ui/src/com/projity/pm/graphic/gantt/GanttPopupMenu.java,1,0,HIGH,PLD-2B3CEA349DA49588,review related Java symbols in the same source file
GRP-00763,METHOD,projectlibre_ui,openproj_ui/src/com/projity/pm/graphic/gantt/GanttRenderer.java,1,1,LOW,PLD-A457F9A031C689CE,review related Java symbols in the same source file
GRP-00764,METHOD,projectlibre_ui,openproj_ui/src/com/projity/pm/graphic/network/NetworkPopupMenu.java,1,0,HIGH,PLD-9D73C8462DCFF388,review related Java symbols in the same source file
GRP-00765,METHOD,projectlibre_ui,openproj_ui/src/com/projity/pm/graphic/spreadsheet/SpreadSheet.java,18,18,LOW,"PLD-F6DFC6230D9F8826,PLD-79AAAD3D99EAE32F,PLD-AD439E7613243A11,PLD-EBD725F3D51A34DC,PLD-46E18A0F74F599FE",review related Java symbols in the same source file
GRP-00766,METHOD,projectlibre_ui,openproj_ui/src/com/projity/pm/graphic/spreadsheet/SpreadSheetColumnMenu.java,4,4,HIGH,"PLD-9F4E67370A6EBB12,PLD-A6EAC74E7A660E6D,PLD-7C2DA2378B794A97,PLD-257867B625729C10",review related Java symbols in the same source file
GRP-00767,METHOD,projectlibre_ui,openproj_ui/src/com/projity/pm/graphic/spreadsheet/SpreadSheetParamsImpl.java,3,3,LOW,"PLD-5A21DC63F0864114,PLD-495DC9E1A351DC5B,PLD-28C8FBED12A8F7D7",review related Java symbols in the same source file
GRP-00768,METHOD,projectlibre_ui,openproj_ui/src/com/projity/pm/graphic/spreadsheet/SpreadSheetUtils.java,1,1,LOW,PLD-A4B2DC6CD3CB2A16,review related Java symbols in the same source file
GRP-00769,METHOD,projectlibre_ui,openproj_ui/src/com/projity/pm/graphic/spreadsheet/common/CommonSpreadSheet.java,2,2,LOW,"PLD-2E4BC670189BF4FF,PLD-83B66BACFA70BB0A",review related Java symbols in the same source file
GRP-00770,METHOD,projectlibre_ui,openproj_ui/src/com/projity/pm/graphic/spreadsheet/common/CommonSpreadSheetModel.java,1,1,LOW,PLD-236B023E9280E52E,review related Java symbols in the same source file
GRP-00771,METHOD,projectlibre_ui,openproj_ui/src/com/projity/pm/graphic/spreadsheet/common/SpreadSheetCorner.java,1,1,LOW,PLD-E8939BF4D4C1BCC2,review related Java symbols in the same source file
GRP-00772,METHOD,projectlibre_ui,openproj_ui/src/com/projity/pm/graphic/spreadsheet/common/SpreadSheetRowHeader.java,4,4,LOW,"PLD-23F291EF4B7C3BB8,PLD-DA0DF73C045D230B,PLD-989B6156E685E0DE,PLD-E4DF01A030D6C36D",review related Java symbols in the same source file
GRP-00773,METHOD,projectlibre_ui,openproj_ui/src/com/projity/pm/graphic/spreadsheet/common/transfer/NodeListTransferHandler.java,2,2,LOW,"PLD-9A074D6B42DE70CE,PLD-DC5CBE99FA40E002",review related Java symbols in the same source file
GRP-00774,METHOD,projectlibre_ui,openproj_ui/src/com/projity/pm/graphic/spreadsheet/editor/DateEditor.java,2,2,LOW,"PLD-419141855D089CE0,PLD-280A347E9B64CC38",review related Java symbols in the same source file
GRP-00775,METHOD,projectlibre_ui,openproj_ui/src/com/projity/pm/graphic/spreadsheet/editor/SpreadSheetCellEditorAdapter.java,3,3,LOW,"PLD-4055300940EFB4EF,PLD-52C1AED92A9D903C,PLD-C04674876BC42FA8",review related Java symbols in the same source file
GRP-00776,METHOD,projectlibre_ui,openproj_ui/src/com/projity/pm/graphic/timescale/ScaledScrollPane.java,1,1,LOW,PLD-7E24E414870E42E3,review related Java symbols in the same source file
GRP-00777,METHOD,projectlibre_ui,openproj_ui/src/com/projity/pm/graphic/views/GanttView.java,1,1,LOW,PLD-F36C1EF147875261,review related Java symbols in the same source file
GRP-00778,METHOD,projectlibre_ui,openproj_ui/src/com/projity/pm/graphic/views/ResourceView.java,5,5,LOW,"PLD-658DB4DED4DF00FD,PLD-89BCED2AC8B50B2D,PLD-30583FD429C7BFA0,PLD-F8B2CBEA49F7DE1B,PLD-0D52AF048F8D63AF",review related Java symbols in the same source file
GRP-00779,METHOD,projectlibre_ui,openproj_ui/src/com/projity/pm/graphic/views/SplittedView.java,1,1,LOW,PLD-526B03B4BAB86B02,review related Java symbols in the same source file
GRP-00780,METHOD,projectlibre_ui,openproj_ui/src/com/projity/pm/graphic/views/UsageDetailView.java,1,1,LOW,PLD-41FF5BEB81BB1322,review related Java symbols in the same source file
GRP-00781,METHOD,projectlibre_ui,openproj_ui/src/com/projity/pm/graphic/views/synchro/ScrollPaneSynchronizer.java,3,3,LOW,"PLD-903FB19A479ADE1A,PLD-1DD5DA1071F299E5,PLD-4937F447A5DCD8BD",review related Java symbols in the same source file
GRP-00782,METHOD,projectlibre_ui,openproj_ui/src/com/projity/pm/graphic/xbs/XbsInteractor.java,1,1,LOW,PLD-6BCA92BAB0FB9824,review related Java symbols in the same source file
GRP-00783,METHOD,projectlibre_ui,openproj_ui/src/com/projity/print/ExtendedPrintServiceImpl.java,2,2,LOW,"PLD-A4A88746B85A9C1F,PLD-EA5DCAB1A853D7A1",review related Java symbols in the same source file
GRP-00784,METHOD,projectlibre_ui,openproj_ui/src/com/projity/print/GraphPageable.java,1,1,LOW,PLD-FED1D7A6B7950C31,review related Java symbols in the same source file
GRP-00785,METHOD,projectlibre_ui,openproj_ui/src/com/projity/print/PageSetup.java,19,19,LOW,"PLD-0A387F96ACC85AC6,PLD-0BFE2BEDC454E4BD,PLD-24762972123C767C,PLD-9427FF4179913EFB,PLD-EA9069452BD66D15",review related Java symbols in the same source file
GRP-00786,METHOD,projectlibre_ui,openproj_ui/src/com/projity/print/PrintDocumentFactory.java,1,1,LOW,PLD-ED68E6F3ECC5F0A7,review related Java symbols in the same source file
GRP-00787,METHOD,projectlibre_ui,openproj_ui/src/com/projity/print/PrintPreviewFrame.java,1,1,LOW,PLD-B8A886DE8BACFBAD,review related Java symbols in the same source file
GRP-00788,METHOD,projectlibre_ui,openproj_ui/src/com/projity/reports/view/ReportView.java,3,3,LOW,"PLD-AD6F9F1C1715483C,PLD-D3D51F963878D0CF,PLD-E61990E6C01479B1",review related Java symbols in the same source file
GRP-00789,METHOD,projectlibre_ui,openproj_ui/src/com/projity/toolbar/FilterToolBarManager.java,2,2,LOW,"PLD-1B900498FC970FE7,PLD-6E065146206321DA",review related Java symbols in the same source file
GRP-00790,METHOD,projectlibre_ui,projectlibre_ui/src/com/projectlibre/ui/ribbon/ProjectLibreRibbonUI.java,74,74,LOW,"PLD-4F06BA6FF9AC9279,PLD-5F670F81EBE2F515,PLD-35A8D2A8DB088E9C,PLD-DF761F456D0A77B3,PLD-FD510651C236D623",review related Java symbols in the same source file
GRP-00791,METHOD,projectlibre_ui,projectlibre_ui/src/com/projectlibre1/dialog/AbstractDialog.java,7,7,LOW,"PLD-8217B63E635FD9C2,PLD-BA648405B3867B3C,PLD-F9736AD068F8DC4D,PLD-714367954A43847F,PLD-DAA639F238EEC353",review related Java symbols in the same source file
GRP-00792,METHOD,projectlibre_ui,projectlibre_ui/src/com/projectlibre1/dialog/FieldDialog.java,1,1,LOW,PLD-1F897C0D0BD5404B,review related Java symbols in the same source file
GRP-00793,METHOD,projectlibre_ui,projectlibre_ui/src/com/projectlibre1/dialog/FindDialog.java,5,5,LOW,"PLD-22AFE59A4F2B0DFA,PLD-B2A6847D26AAACA9,PLD-3AC27A7730DFB3D3,PLD-91BA0ADD2083950B,PLD-970929BE884610B6",review related Java symbols in the same source file
GRP-00794,METHOD,projectlibre_ui,projectlibre_ui/src/com/projectlibre1/dialog/HelpDialog.java,7,7,LOW,"PLD-D01A07C51AC9D81E,PLD-F3E30A7CA0E24005,PLD-675D1332C647A82E,PLD-FAFFD8085C21ABEF,PLD-E94A06F9473E31A8",review related Java symbols in the same source file
GRP-00795,METHOD,projectlibre_ui,projectlibre_ui/src/com/projectlibre1/dialog/LicenseDialog.java,2,2,LOW,"PLD-E4F91B3715BDCDB0,PLD-2039881C0F60823C",review related Java symbols in the same source file
GRP-00796,METHOD,projectlibre_ui,projectlibre_ui/src/com/projectlibre1/dialog/LocaleDialog.java,15,15,LOW,"PLD-54E13C88A1118065,PLD-2C5B1853505FB140,PLD-BF17CA0A29FD6C70,PLD-5C2D2DB7D03BE6EF,PLD-3AFEEF807EFE6C17",review related Java symbols in the same source file
GRP-00797,METHOD,projectlibre_ui,projectlibre_ui/src/com/projectlibre1/dialog/LoginDialog.java,14,14,LOW,"PLD-2011CFDBA366394C,PLD-50A7A6C37CB22679,PLD-933D37B0DF044401,PLD-E98C4F9EE8459814,PLD-15515BFA54E7F3E5",review related Java symbols in the same source file
GRP-00798,METHOD,projectlibre_ui,projectlibre_ui/src/com/projectlibre1/dialog/LookupDialog.java,3,3,LOW,"PLD-650730B93685BB05,PLD-54DD8447F2FBA065,PLD-45EEC96197AA34D2",review related Java symbols in the same source file
GRP-00799,METHOD,projectlibre_ui,projectlibre_ui/src/com/projectlibre1/dialog/OpenProjectDialog.java,5,5,LOW,"PLD-D8FB77ED3F06CCA8,PLD-30BAD0C4722DF1F4,PLD-619953147B886722,PLD-6F903C9909F268F8,PLD-8A86B6B4ABD4CE3F",review related Java symbols in the same source file
GRP-00800,METHOD,projectlibre_ui,projectlibre_ui/src/com/projectlibre1/dialog/ProjectDialog.java,1,1,LOW,PLD-A0167921C5F001E5,review related Java symbols in the same source file
GRP-00801,METHOD,projectlibre_ui,projectlibre_ui/src/com/projectlibre1/dialog/ResourceInformationDialog.java,2,2,LOW,"PLD-6B9F4BE36BAD6997,PLD-D6D755C7F4A9DE38",review related Java symbols in the same source file
GRP-00802,METHOD,projectlibre_ui,projectlibre_ui/src/com/projectlibre1/dialog/ResourceMappingDialog.java,2,2,LOW,"PLD-981960824387E093,PLD-E6CD8497FBB47E6D",review related Java symbols in the same source file
GRP-00803,METHOD,projectlibre_ui,projectlibre_ui/src/com/projectlibre1/dialog/TipOfTheDay.java,3,3,LOW,"PLD-2F4A8538D326DD91,PLD-DC7DEF52AC09176C,PLD-775B5F0C613365E6",review related Java symbols in the same source file
GRP-00804,METHOD,projectlibre_ui,projectlibre_ui/src/com/projectlibre1/dialog/WelcomeDialog.java,1,1,LOW,PLD-B60EAC697C59300C,review related Java symbols in the same source file
GRP-00805,METHOD,projectlibre_ui,projectlibre_ui/src/com/projectlibre1/dialog/calendar/ChangeWorkingTimeDialogBox.java,13,13,LOW,"PLD-7175D1F4837B89CC,PLD-83C474D2ABEBC5FE,PLD-036F3768099D6CD0,PLD-5C47D7E0EA0148CB,PLD-AD6116462892B9ED",review related Java symbols in the same source file
GRP-00806,METHOD,projectlibre_ui,projectlibre_ui/src/com/projectlibre1/dialog/options/CalendarDialogBox.java,1,1,LOW,PLD-C19C67D738D18A75,review related Java symbols in the same source file
GRP-00807,METHOD,projectlibre_ui,projectlibre_ui/src/com/projectlibre1/dialog/util/ComponentFactory.java,12,12,LOW,"PLD-55AF15E4310F36B0,PLD-A0101DBB02C859F5,PLD-285E04B31EB5C9AE,PLD-CEEE8B957C6E77FF,PLD-A96B9CB665634D4A",review related Java symbols in the same source file
GRP-00808,METHOD,projectlibre_ui,projectlibre_ui/src/com/projectlibre1/dialog/util/LookupField.java,1,1,LOW,PLD-FA403B296A47C7E2,review related Java symbols in the same source file
GRP-00809,METHOD,projectlibre_ui,projectlibre_ui/src/com/projectlibre1/menu/MenuManager.java,1,0,HIGH,PLD-B8C9C4314BBEBE12,review related Java symbols in the same source file
GRP-00810,METHOD,projectlibre_ui,projectlibre_ui/src/com/projectlibre1/offline_graphics/UILister.java,2,2,LOW,"PLD-9EEBF97F8D5F6D5A,PLD-9A895CA31889AEB7",review related Java symbols in the same source file
GRP-00811,METHOD,projectlibre_ui,projectlibre_ui/src/com/projectlibre1/pm/graphic/ChangeAwareTextField.java,8,8,LOW,"PLD-47A1D4BD906DBFE1,PLD-8441C6F1DDB5127C,PLD-93EB315EEF688A7C,PLD-D116E2E2C5D9593B,PLD-2D0E0B410E2A7774",review related Java symbols in the same source file
GRP-00812,METHOD,projectlibre_ui,projectlibre_ui/src/com/projectlibre1/pm/graphic/Statusbar.java,2,2,LOW,"PLD-BC57A73A2C68187B,PLD-18CAA9E08C1CDD6A",review related Java symbols in the same source file
GRP-00813,METHOD,projectlibre_ui,projectlibre_ui/src/com/projectlibre1/pm/graphic/TabbedNavigation.java,4,4,LOW,"PLD-870995A76B3E4321,PLD-8D322E327BE515E8,PLD-382C4CFF658D76CF,PLD-604ABD60C04B960F",review related Java symbols in the same source file
GRP-00814,METHOD,projectlibre_ui,projectlibre_ui/src/com/projectlibre1/pm/graphic/chart/ChartLegend.java,9,9,LOW,"PLD-4E3FEAFEB3C3BBEA,PLD-43A08CB71B2A49AB,PLD-86FE3D4BFE4C65BD,PLD-5231477A9826787E,PLD-603F1866B2EAF8E6",review related Java symbols in the same source file
GRP-00815,METHOD,projectlibre_ui,projectlibre_ui/src/com/projectlibre1/pm/graphic/chart/ChartModel.java,1,1,LOW,PLD-D245346782DB486F,review related Java symbols in the same source file
GRP-00816,METHOD,projectlibre_ui,projectlibre_ui/src/com/projectlibre1/pm/graphic/chart/TimeChartPanel.java,1,1,LOW,PLD-D14F7313760FDD02,review related Java symbols in the same source file
GRP-00817,METHOD,projectlibre_ui,projectlibre_ui/src/com/projectlibre1/pm/graphic/chart/TimeChartPopupMenu.java,1,0,HIGH,PLD-760F8BD94B9DD8D0,review related Java symbols in the same source file
GRP-00818,METHOD,projectlibre_ui,projectlibre_ui/src/com/projectlibre1/pm/graphic/frames/DocumentFrame.java,3,3,LOW,"PLD-32E578928E1BAC26,PLD-98658654CFA6D746,PLD-72F635B5BDB62193",review related Java symbols in the same source file
GRP-00819,METHOD,projectlibre_ui,projectlibre_ui/src/com/projectlibre1/pm/graphic/frames/GraphicManager.java,24,24,LOW,"PLD-0589C8EB040D88E7,PLD-4E03496C25044EE2,PLD-95FACB8F925B7932,PLD-B2ACDA0A7303EA5C,PLD-66C428A05C0669F4",review related Java symbols in the same source file
GRP-00820,METHOD,projectlibre_ui,projectlibre_ui/src/com/projectlibre1/pm/graphic/frames/MainRibbonFrame.java,2,2,LOW,"PLD-AE53ACF338DD16D9,PLD-B9F9B65613EF219B",review related Java symbols in the same source file
GRP-00821,METHOD,projectlibre_ui,projectlibre_ui/src/com/projectlibre1/pm/graphic/frames/StartupFactory.java,3,3,LOW,"PLD-35E14D5D27B2B971,PLD-84888516181EB0B0,PLD-7DBE5207310C22EA",review related Java symbols in the same source file
GRP-00822,METHOD,projectlibre_ui,projectlibre_ui/src/com/projectlibre1/pm/graphic/frames/TestFrame.java,1,1,LOW,PLD-733DDA8B6528CF8E,review related Java symbols in the same source file
GRP-00823,METHOD,projectlibre_ui,projectlibre_ui/src/com/projectlibre1/pm/graphic/frames/workspace/DefaultFrameManager.java,1,1,LOW,PLD-54DA64667915D987,review related Java symbols in the same source file
GRP-00824,METHOD,projectlibre_ui,projectlibre_ui/src/com/projectlibre1/pm/graphic/gantt/GanttPopupMenu.java,1,0,HIGH,PLD-28BDC7B9064D5A19,review related Java symbols in the same source file
GRP-00825,METHOD,projectlibre_ui,projectlibre_ui/src/com/projectlibre1/pm/graphic/gantt/GanttRenderer.java,1,1,LOW,PLD-B23B78F18EDA1E33,review related Java symbols in the same source file
GRP-00826,METHOD,projectlibre_ui,projectlibre_ui/src/com/projectlibre1/pm/graphic/spreadsheet/SpreadSheet.java,19,19,LOW,"PLD-F9DB99DA06024861,PLD-EB5A33B4C610416E,PLD-9F89EA67FBCC3BC6,PLD-8144F875176B67BA,PLD-C2CD0284141CC880",review related Java symbols in the same source file
GRP-00827,METHOD,projectlibre_ui,projectlibre_ui/src/com/projectlibre1/pm/graphic/spreadsheet/SpreadSheetColumnMenu.java,4,4,HIGH,"PLD-E5F4D8C78E63E464,PLD-102D5F9473F06CF6,PLD-4682429C5639B0ED,PLD-00FC5094E707744E",review related Java symbols in the same source file
GRP-00828,METHOD,projectlibre_ui,projectlibre_ui/src/com/projectlibre1/pm/graphic/spreadsheet/SpreadSheetParamsImpl.java,3,3,LOW,"PLD-0121154AAD17A5D4,PLD-3588B8B34447BA05,PLD-75C9806677C1F69B",review related Java symbols in the same source file
GRP-00829,METHOD,projectlibre_ui,projectlibre_ui/src/com/projectlibre1/pm/graphic/spreadsheet/SpreadSheetUtils.java,1,1,LOW,PLD-3AD3094117085873,review related Java symbols in the same source file
GRP-00830,METHOD,projectlibre_ui,projectlibre_ui/src/com/projectlibre1/pm/graphic/spreadsheet/common/CommonSpreadSheet.java,2,2,LOW,"PLD-A4152E143B16A991,PLD-E523989FC60DA8D7",review related Java symbols in the same source file
GRP-00831,METHOD,projectlibre_ui,projectlibre_ui/src/com/projectlibre1/pm/graphic/spreadsheet/common/CommonSpreadSheetModel.java,1,1,LOW,PLD-6599B1FE2F6A9781,review related Java symbols in the same source file
GRP-00832,METHOD,projectlibre_ui,projectlibre_ui/src/com/projectlibre1/pm/graphic/spreadsheet/common/SpreadSheetCorner.java,1,1,LOW,PLD-93647A31F66DCEA4,review related Java symbols in the same source file
GRP-00833,METHOD,projectlibre_ui,projectlibre_ui/src/com/projectlibre1/pm/graphic/spreadsheet/common/SpreadSheetRowHeader.java,4,4,LOW,"PLD-353C54ACE696F2A6,PLD-1BC7034EB38A349D,PLD-21CE4DCF97C02CA3,PLD-82384CF673A1A055",review related Java symbols in the same source file
GRP-00834,METHOD,projectlibre_ui,projectlibre_ui/src/com/projectlibre1/pm/graphic/spreadsheet/common/transfer/NodeListTransferHandler.java,2,2,LOW,"PLD-3BC0FFF4AFFFFB42,PLD-A268B23D61C08B0A",review related Java symbols in the same source file
GRP-00835,METHOD,projectlibre_ui,projectlibre_ui/src/com/projectlibre1/pm/graphic/spreadsheet/editor/DateEditor.java,2,2,LOW,"PLD-EAE9588FED7E18C5,PLD-128109243F8F78BB",review related Java symbols in the same source file
GRP-00836,METHOD,projectlibre_ui,projectlibre_ui/src/com/projectlibre1/pm/graphic/spreadsheet/editor/SpreadSheetCellEditorAdapter.java,3,3,LOW,"PLD-D19A032E66443D97,PLD-083C6C45D3D16C91,PLD-A9E06C0D04CE2C36",review related Java symbols in the same source file
GRP-00837,METHOD,projectlibre_ui,projectlibre_ui/src/com/projectlibre1/pm/graphic/timescale/ScaledScrollPane.java,1,1,LOW,PLD-C81EFBA3AD15507E,review related Java symbols in the same source file
GRP-00838,METHOD,projectlibre_ui,projectlibre_ui/src/com/projectlibre1/pm/graphic/views/GanttView.java,1,1,LOW,PLD-08F2F9301D6E3D83,review related Java symbols in the same source file
GRP-00839,METHOD,projectlibre_ui,projectlibre_ui/src/com/projectlibre1/pm/graphic/views/ResourceView.java,5,5,LOW,"PLD-957423F090727FDA,PLD-A1279C48E7EB87DB,PLD-255FA1583C4C7D16,PLD-0E84C8E8B764F7C9,PLD-F1FAD419AA783579",review related Java symbols in the same source file
GRP-00840,METHOD,projectlibre_ui,projectlibre_ui/src/com/projectlibre1/pm/graphic/views/SplittedView.java,1,1,LOW,PLD-A4BBADACFEFA6014,review related Java symbols in the same source file
GRP-00841,METHOD,projectlibre_ui,projectlibre_ui/src/com/projectlibre1/pm/graphic/views/UsageDetailView.java,1,1,LOW,PLD-A5BDF4D1FA9FF84F,review related Java symbols in the same source file
GRP-00842,METHOD,projectlibre_ui,projectlibre_ui/src/com/projectlibre1/pm/graphic/views/synchro/ScrollPaneSynchronizer.java,3,3,LOW,"PLD-55A79475F288B3E9,PLD-EED9F36E83E8217B,PLD-C58725A0C16527A3",review related Java symbols in the same source file
GRP-00843,METHOD,projectlibre_ui,projectlibre_ui/src/com/projectlibre1/pm/graphic/xbs/XbsInteractor.java,1,1,LOW,PLD-574A245238A709C4,review related Java symbols in the same source file
GRP-00844,METHOD,projectlibre_ui,projectlibre_ui/src/com/projectlibre1/print/GraphPageable.java,1,1,LOW,PLD-6DFB83F53E5DC759,review related Java symbols in the same source file
GRP-00845,METHOD,projectlibre_ui,projectlibre_ui/src/com/projectlibre1/print/PageSetup.java,18,18,LOW,"PLD-DCDA040AF91E599E,PLD-FE3A27B7D7D4279D,PLD-CBD4479F553C7F21,PLD-10F2C7D423C91E89,PLD-20B43875F6AB631D",review related Java symbols in the same source file
GRP-00846,METHOD,projectlibre_ui,projectlibre_ui/src/com/projectlibre1/print/PrintPreviewFrame.java,1,1,LOW,PLD-3413E8941CE01580,review related Java symbols in the same source file
GRP-00847,METHOD,projectlibre_ui,projectlibre_ui/src/com/projectlibre1/reports/view/ReportView.java,3,3,LOW,"PLD-41D2CAD47FB3B9D6,PLD-F72D76A45FDA8591,PLD-7E2D4321C7EEB1E0",review related Java symbols in the same source file
GRP-00848,METHOD,projectlibre_ui,projectlibre_ui/src/org/projectlibre/export/ImageExport.java,5,5,LOW,"PLD-AD4FC960D314ACA5,PLD-E0FDBB0555A68E11,PLD-278A6F0A1CD22695,PLD-70AAF6C6FB1C119A,PLD-C9FACE257CE3F11C",review related Java symbols in the same source file
GRP-00849,METHOD,projectlibre_ui,projectlibre_ui/src/org/projectlibre/export/PDFExport.java,3,3,LOW,"PLD-899134AD54741F8B,PLD-A09025B08299BBB7,PLD-03AAAE7CFA7B806B",review related Java symbols in the same source file
GRP-00850,PACKAGING,projectlibre_contrib,modules/projectlibre_contrib/projectlibre_contrib.conf,1,0,MEDIUM,PLD-4426957954B07AAC,review the file or asset and confirm whether the delta is user-visible or distributable
GRP-00851,PACKAGING,projectlibre_contrib,modules/projectlibre_contrib/projectlibre_exchange.conf,1,0,MEDIUM,PLD-9EFAE3CF586CB5E2,review the file or asset and confirm whether the delta is user-visible or distributable
GRP-00852,PACKAGING,projectlibre_contrib,modules/projectlibre_contrib/projectlibre_reports.conf,1,0,MEDIUM,PLD-21A6FD5FC9637B23,review the file or asset and confirm whether the delta is user-visible or distributable
GRP-00853,PACKAGING,projectlibre_contrib,modules/projectlibre_contrib/projectlibre_script.conf,1,0,MEDIUM,PLD-049A073ABD9CDEB8,review the file or asset and confirm whether the delta is user-visible or distributable
GRP-00854,PACKAGING,projectlibre_contrib,openproj_contrib/openproj_contrib.conf,1,0,MEDIUM,PLD-593F78382B2397FA,review the file or asset and confirm whether the delta is user-visible or distributable
GRP-00855,PACKAGING,projectlibre_contrib,openproj_contrib/openproj_exchange.conf,1,0,MEDIUM,PLD-3348412D44240C05,review the file or asset and confirm whether the delta is user-visible or distributable
GRP-00856,PACKAGING,projectlibre_contrib,openproj_contrib/openproj_exchange2.conf,1,0,MEDIUM,PLD-F62538A0D3AA536A,review the file or asset and confirm whether the delta is user-visible or distributable
GRP-00857,PACKAGING,projectlibre_contrib,openproj_contrib/openproj_reports.conf,1,0,MEDIUM,PLD-5C4395223FD4A585,review the file or asset and confirm whether the delta is user-visible or distributable
GRP-00858,PACKAGING,projectlibre_contrib,openproj_contrib/openproj_script.conf,1,0,MEDIUM,PLD-24889A423BD34121,review the file or asset and confirm whether the delta is user-visible or distributable
GRP-00859,RESOURCE_KEY,packaging,modules/projectlibre_core/src/main/resources/com/projectlibre1/version/version.properties,1,1,LOW,PLD-AC5B37AA82005592,review resource file as a functional bundle; inspect only ProjectLibre-specific keys
GRP-00860,RESOURCE_KEY,packaging,openproj_build/src/com/projity/version/version.properties,1,1,LOW,PLD-9E8FF55A53F7BF58,review resource file as a functional bundle; inspect only ProjectLibre-specific keys
GRP-00861,RESOURCE_KEY,packaging,projectlibre_build/build.properties,24,24,LOW,"PLD-2E1AF9EC658B7D20,PLD-6F159DB81657FD68,PLD-932660E806E3D961,PLD-D667DC4FB8FC9551,PLD-E0B86C4DE7BA0C3F",review resource file as a functional bundle; inspect only ProjectLibre-specific keys
GRP-00862,RESOURCE_KEY,packaging,projectlibre_build/resources/win/mpp.properties,4,4,LOW,"PLD-962031D11A69E430,PLD-6CF8E7C7E0428240,PLD-92C8D6712F22B8CD,PLD-07E8805938739380",review resource file as a functional bundle; inspect only ProjectLibre-specific keys
GRP-00863,RESOURCE_KEY,packaging,projectlibre_build/resources/win/pod.properties,4,4,LOW,"PLD-86FD572A2E3CA56B,PLD-6034B096499BBEDA,PLD-B769365270FF4789,PLD-419E0E96E203445F",review resource file as a functional bundle; inspect only ProjectLibre-specific keys
GRP-00864,RESOURCE_KEY,packaging,projectlibre_build/resources/win/xml.properties,4,4,LOW,"PLD-87D8EC1DAE9B155A,PLD-86C531D2A333D957,PLD-DC9E478A9A6465DE,PLD-DEA4A33CA5DED08D",review resource file as a functional bundle; inspect only ProjectLibre-specific keys
GRP-00865,RESOURCE_KEY,projectlibre_contrib,modules/projectlibre_contrib/build.properties,1,0,LOW,PLD-6AFC85984407A29D,review resource file as a functional bundle; inspect only ProjectLibre-specific keys
GRP-00866,RESOURCE_KEY,projectlibre_core,modules/projectlibre_core/src/main/resources/com/projectlibre1/configuration/meta.properties,3,3,LOW,"PLD-C3A1D940F262D425,PLD-2B43072B70FB8B61,PLD-BCD073FD7759B9B2",review resource file as a functional bundle; inspect only ProjectLibre-specific keys
GRP-00867,RESOURCE_KEY,projectlibre_core,modules/projectlibre_core/src/main/resources/com/projectlibre1/strings/.!4080!client_it.properties,44,44,LOW,"PLD-A4D050465D99D632,PLD-618505FAB2AEE7F7,PLD-F35A6D36728FFF21,PLD-4A11634AE070B3E6,PLD-3608CD4BA867DFA8",review resource file as a functional bundle; inspect only ProjectLibre-specific keys
GRP-00868,RESOURCE_KEY,projectlibre_core,modules/projectlibre_core/src/main/resources/com/projectlibre1/strings/.!4085!client_it.properties,44,44,LOW,"PLD-994A7A2D2512C75B,PLD-611B5633C635C541,PLD-2EE7A6CDE3043727,PLD-71F0E42AC0F1D597,PLD-35AF80A3ED016EE0",review resource file as a functional bundle; inspect only ProjectLibre-specific keys
GRP-00869,RESOURCE_KEY,projectlibre_core,modules/projectlibre_core/src/main/resources/com/projectlibre1/strings/.!4091!client_it.properties,44,44,LOW,"PLD-FFC7153A5DD79193,PLD-29080A874E20B998,PLD-7678AB289B7EE1AC,PLD-05B6C8FAEFDC02CB,PLD-274D73310060586C",review resource file as a functional bundle; inspect only ProjectLibre-specific keys
GRP-00870,RESOURCE_KEY,projectlibre_core,modules/projectlibre_core/src/main/resources/com/projectlibre1/strings/.!4094!client_it.properties,44,44,LOW,"PLD-4E914E5A2F14DDD5,PLD-3A0E937F2E1C684B,PLD-9E89801B8389189F,PLD-5897A28E7537CBC6,PLD-13778B4B47FB5912",review resource file as a functional bundle; inspect only ProjectLibre-specific keys
GRP-00871,RESOURCE_KEY,projectlibre_core,modules/projectlibre_core/src/main/resources/com/projectlibre1/strings/.!4101!client_it.properties,44,44,LOW,"PLD-5CA23F9143675878,PLD-9E921D99130F72F6,PLD-CFAE2D9263EBE482,PLD-5764E1B7A1528E1B,PLD-C767235F27D713E3",review resource file as a functional bundle; inspect only ProjectLibre-specific keys
GRP-00872,RESOURCE_KEY,projectlibre_core,modules/projectlibre_core/src/main/resources/com/projectlibre1/strings/.!4116!client_es2.properties,10,10,LOW,"PLD-480B0F4F9C068681,PLD-5063A00B080AA440,PLD-2C670DBC6C718D23,PLD-7F342B0435E2FF61,PLD-317A902B1A684922",review resource file as a functional bundle; inspect only ProjectLibre-specific keys
GRP-00873,RESOURCE_KEY,projectlibre_core,modules/projectlibre_core/src/main/resources/com/projectlibre1/strings/.!4121!client_fi.properties,1,1,LOW,PLD-9BF8503A2A059AE2,review resource file as a functional bundle; inspect only ProjectLibre-specific keys
GRP-00874,RESOURCE_KEY,projectlibre_core,modules/projectlibre_core/src/main/resources/com/projectlibre1/strings/client.properties,88,88,LOW,"PLD-65DB88785205A4B7,PLD-B12EB32FF22A7E33,PLD-72C6E73A0BA609DB,PLD-41BC064435E7646D,PLD-AEDC50AA21516343",review resource file as a functional bundle; inspect only ProjectLibre-specific keys
GRP-00875,RESOURCE_KEY,projectlibre_core,modules/projectlibre_core/src/main/resources/com/projectlibre1/strings/client_ar.properties,1099,1099,LOW,"PLD-CC01D61823670D8F,PLD-69B2F28A37890A4B,PLD-528F88642E8F5D92,PLD-0A2F84E480B32CF5,PLD-6E7BD33A0265EE11",review resource file as a functional bundle; inspect only ProjectLibre-specific keys
GRP-00876,RESOURCE_KEY,projectlibre_core,modules/projectlibre_core/src/main/resources/com/projectlibre1/strings/client_cs.properties,779,779,LOW,"PLD-99C46D8A7D96586E,PLD-93A6826F2D2DB257,PLD-C289A7C170D6241B,PLD-AFDBD1E99869520B,PLD-5FCB5E40DE67C158",review resource file as a functional bundle; inspect only ProjectLibre-specific keys
GRP-00877,RESOURCE_KEY,projectlibre_core,modules/projectlibre_core/src/main/resources/com/projectlibre1/strings/client_da.properties,1069,1069,LOW,"PLD-CB6A24FCED3F6487,PLD-636A2237BD3A5E0B,PLD-6B5CCA9315E009B5,PLD-7E110A2FAA1E1526,PLD-512BF6EB309F29C2",review resource file as a functional bundle; inspect only ProjectLibre-specific keys
GRP-00878,RESOURCE_KEY,projectlibre_core,modules/projectlibre_core/src/main/resources/com/projectlibre1/strings/client_de.properties,60,60,LOW,"PLD-0B6889FF6DC70359,PLD-D92FB7027A4E98BA,PLD-666E47E944DFDC14,PLD-F748858E3CF4B8B8,PLD-691122127D231102",review resource file as a functional bundle; inspect only ProjectLibre-specific keys
GRP-00879,RESOURCE_KEY,projectlibre_core,modules/projectlibre_core/src/main/resources/com/projectlibre1/strings/client_el.properties,1048,1048,LOW,"PLD-A6AE4B958FC60F0A,PLD-F93AFE9825BC2A2E,PLD-14A634EC9A7F0C1C,PLD-653FA2DE4DC89CA6,PLD-8F443768DCC331FE",review resource file as a functional bundle; inspect only ProjectLibre-specific keys
GRP-00880,RESOURCE_KEY,projectlibre_core,modules/projectlibre_core/src/main/resources/com/projectlibre1/strings/client_es.properties,507,507,LOW,"PLD-DD32E243186A8613,PLD-951FFA654699AD11,PLD-5665DCFE70389AA1,PLD-CEC782929C6F35A2,PLD-BBB433B8ABD93094",review resource file as a functional bundle; inspect only ProjectLibre-specific keys
GRP-00881,RESOURCE_KEY,projectlibre_core,modules/projectlibre_core/src/main/resources/com/projectlibre1/strings/client_es2.properties,1079,1079,LOW,"PLD-F9ECFE2FDDB8D948,PLD-006C37632CD7DA33,PLD-D9E2B4FC73D6A6F1,PLD-921723D1E79BAFDE,PLD-41875F779676C8F4",review resource file as a functional bundle; inspect only ProjectLibre-specific keys
GRP-00882,RESOURCE_KEY,projectlibre_core,modules/projectlibre_core/src/main/resources/com/projectlibre1/strings/client_fa.properties,44,44,LOW,"PLD-B4C67241CC63B329,PLD-191F4C6D1A473210,PLD-2A06C715E6B1F758,PLD-96E762C01C829D80,PLD-A2A99682FF316934",review resource file as a functional bundle; inspect only ProjectLibre-specific keys
GRP-00883,RESOURCE_KEY,projectlibre_core,modules/projectlibre_core/src/main/resources/com/projectlibre1/strings/client_fi.properties,68,68,LOW,"PLD-10C8EDC7D4C5C955,PLD-E754593CC22E511D,PLD-CE66186A999B1C29,PLD-31614F607AB0AAD8,PLD-B719B8801DF2F2F3",review resource file as a functional bundle; inspect only ProjectLibre-specific keys
GRP-00884,RESOURCE_KEY,projectlibre_core,modules/projectlibre_core/src/main/resources/com/projectlibre1/strings/client_fr.properties,703,703,LOW,"PLD-C80F618886329DD9,PLD-4086A99AB8BC1274,PLD-EE94EAC8AE00C0B8,PLD-FE4C0F8EC5A09EF9,PLD-61EB9BF1B431408A",review resource file as a functional bundle; inspect only ProjectLibre-specific keys
GRP-00885,RESOURCE_KEY,projectlibre_core,modules/projectlibre_core/src/main/resources/com/projectlibre1/strings/client_fr2.properties,985,985,LOW,"PLD-9D1ACDB3E74A6BBB,PLD-FFF1A7B08A4666F2,PLD-4B9F727E4067516C,PLD-2ADCA9FB1313BD83,PLD-55040701524BA075",review resource file as a functional bundle; inspect only ProjectLibre-specific keys
GRP-00886,RESOURCE_KEY,projectlibre_core,modules/projectlibre_core/src/main/resources/com/projectlibre1/strings/client_gl.properties,42,42,LOW,"PLD-BA194485B2EF386B,PLD-99315A4B1EC0EC9E,PLD-E264C60258D0B031,PLD-2B80F296F1265B57,PLD-D9F11AA439A53F6F",review resource file as a functional bundle; inspect only ProjectLibre-specific keys
GRP-00887,RESOURCE_KEY,projectlibre_core,modules/projectlibre_core/src/main/resources/com/projectlibre1/strings/client_hi.properties,1079,1079,LOW,"PLD-E9A5D14AB1A3585E,PLD-51349290A85F9BA9,PLD-60B23296DB1A8B92,PLD-A61A0AB963517500,PLD-55ED14F1DE061E02",review resource file as a functional bundle; inspect only ProjectLibre-specific keys
GRP-00888,RESOURCE_KEY,projectlibre_core,modules/projectlibre_core/src/main/resources/com/projectlibre1/strings/client_it.properties,1104,1104,LOW,"PLD-DD92EA4717047B38,PLD-5C12B16FD2E1C095,PLD-9087163A51528ECE,PLD-52689510D7E270DD,PLD-D9735AD46BF08AF6",review resource file as a functional bundle; inspect only ProjectLibre-specific keys
GRP-00889,RESOURCE_KEY,projectlibre_core,modules/projectlibre_core/src/main/resources/com/projectlibre1/strings/client_it2.properties,1099,1099,LOW,"PLD-F55939006E46AC6C,PLD-56A4DB4CE75393A7,PLD-9E28A2E2B1037D0F,PLD-FA27F8EE559CC01F,PLD-D9331B9460441541",review resource file as a functional bundle; inspect only ProjectLibre-specific keys
GRP-00890,RESOURCE_KEY,projectlibre_core,modules/projectlibre_core/src/main/resources/com/projectlibre1/strings/client_ja.properties,1099,1099,LOW,"PLD-2ADFA4FFDD8A4AF5,PLD-0318E0F7206BE133,PLD-BEF7BB41E1E49862,PLD-9ED2414A23C43520,PLD-37FC60AC316CB4A3",review resource file as a functional bundle; inspect only ProjectLibre-specific keys
GRP-00891,RESOURCE_KEY,projectlibre_core,modules/projectlibre_core/src/main/resources/com/projectlibre1/strings/client_kh.properties,1078,1078,LOW,"PLD-D627023D27D999E4,PLD-CE4983E54185A38A,PLD-9A70BD9D89F151EF,PLD-775FCFE299F8D69D,PLD-13FDF82916403356",review resource file as a functional bundle; inspect only ProjectLibre-specific keys
GRP-00892,RESOURCE_KEY,projectlibre_core,modules/projectlibre_core/src/main/resources/com/projectlibre1/strings/client_km.properties,1078,1078,LOW,"PLD-5782B97B9FAB764F,PLD-A9D0C983D7A54901,PLD-2BEDFC0020C2E9C9,PLD-F8902062009AD916,PLD-5CBA925503F6F31D",review resource file as a functional bundle; inspect only ProjectLibre-specific keys
GRP-00893,RESOURCE_KEY,projectlibre_core,modules/projectlibre_core/src/main/resources/com/projectlibre1/strings/client_ko.properties,41,41,LOW,"PLD-C884DE872C3E0F6D,PLD-9AB9C6F5A6FE2CB9,PLD-5C12ADCC282037E0,PLD-D62633396A08A1DB,PLD-682FBFCC46F14DB1",review resource file as a functional bundle; inspect only ProjectLibre-specific keys
GRP-00894,RESOURCE_KEY,projectlibre_core,modules/projectlibre_core/src/main/resources/com/projectlibre1/strings/client_nl.properties,704,704,LOW,"PLD-373B5FD494FCF108,PLD-887F2161D40C0C5A,PLD-F61A9FA30BD9528D,PLD-FF3C6BC8D34A54B8,PLD-7C4748DBAFA59979",review resource file as a functional bundle; inspect only ProjectLibre-specific keys
GRP-00895,RESOURCE_KEY,projectlibre_core,modules/projectlibre_core/src/main/resources/com/projectlibre1/strings/client_pt.properties,774,774,LOW,"PLD-9FB810A10AF6E76A,PLD-AF015D05CB01D1E5,PLD-7BFAEB3F93CC9BBD,PLD-AD08F7D4B4F97DB3,PLD-52608F49E226666E",review resource file as a functional bundle; inspect only ProjectLibre-specific keys
GRP-00896,RESOURCE_KEY,projectlibre_core,modules/projectlibre_core/src/main/resources/com/projectlibre1/strings/client_pt2.properties,1009,1009,LOW,"PLD-DE6E4608AD995611,PLD-8E9B1E0D119A0D9F,PLD-4DD20B1D62707EE8,PLD-712BF02C2F4FE015,PLD-573F9F05621A266D",review resource file as a functional bundle; inspect only ProjectLibre-specific keys
GRP-00897,RESOURCE_KEY,projectlibre_core,modules/projectlibre_core/src/main/resources/com/projectlibre1/strings/client_ru.properties,245,245,LOW,"PLD-67DF5AB2A57B3F94,PLD-15ED86ADF640E6B5,PLD-AB969594BBBB5664,PLD-A0175C409599FD2A,PLD-1F4B5142902A5C99",review resource file as a functional bundle; inspect only ProjectLibre-specific keys
GRP-00898,RESOURCE_KEY,projectlibre_core,modules/projectlibre_core/src/main/resources/com/projectlibre1/strings/client_sk.properties,721,721,LOW,"PLD-056B10058D7EB2D6,PLD-1255F31D393650E7,PLD-742A923F36313BC7,PLD-DE78E5671B8D92EB,PLD-E2E04D66BC60F050",review resource file as a functional bundle; inspect only ProjectLibre-specific keys
GRP-00899,RESOURCE_KEY,projectlibre_core,modules/projectlibre_core/src/main/resources/com/projectlibre1/strings/client_sv.properties,484,484,LOW,"PLD-E1829FEE3C18A889,PLD-4B1288296C7E1D67,PLD-D472E20CDF72127F,PLD-64482FDA1A12EB0F,PLD-D2690AC4B64608C0",review resource file as a functional bundle; inspect only ProjectLibre-specific keys
GRP-00900,RESOURCE_KEY,projectlibre_core,modules/projectlibre_core/src/main/resources/com/projectlibre1/strings/client_ta.properties,1099,1099,LOW,"PLD-0FAC1AC97E26524A,PLD-27B0BB8DAB0A6AA7,PLD-6D9B2459A21D88C1,PLD-964693D8563EBA78,PLD-40D9ED81B8753CBF",review resource file as a functional bundle; inspect only ProjectLibre-specific keys
GRP-00901,RESOURCE_KEY,projectlibre_core,modules/projectlibre_core/src/main/resources/com/projectlibre1/strings/client_th.properties,1079,1079,LOW,"PLD-C1AECFDF6958556F,PLD-9D454D30577567F7,PLD-95E4519B28BA2D4F,PLD-3E82DF972F8F12A8,PLD-72D6DB157F262A07",review resource file as a functional bundle; inspect only ProjectLibre-specific keys
GRP-00902,RESOURCE_KEY,projectlibre_core,modules/projectlibre_core/src/main/resources/com/projectlibre1/strings/client_tr.properties,1099,1099,LOW,"PLD-B90D2642C0767F3F,PLD-FC0621C42CCE2501,PLD-C7170919CB5FE08B,PLD-4E4A49F158580B58,PLD-F9D839BFA7279C35",review resource file as a functional bundle; inspect only ProjectLibre-specific keys
GRP-00903,RESOURCE_KEY,projectlibre_core,modules/projectlibre_core/src/main/resources/com/projectlibre1/strings/client_uk.properties,926,926,LOW,"PLD-AF0E94A23884C8AA,PLD-27EAD8628C16D6B8,PLD-CE0B8EC88596AC6A,PLD-BB3542BF876171D4,PLD-DDCB079F49A4ADAB",review resource file as a functional bundle; inspect only ProjectLibre-specific keys
GRP-00904,RESOURCE_KEY,projectlibre_core,modules/projectlibre_core/src/main/resources/com/projectlibre1/strings/client_ur.properties,1078,1078,LOW,"PLD-3057D9DD51229925,PLD-3D1276A100AD0543,PLD-F031E7348521C028,PLD-D0B82CB886EB5877,PLD-E1A51ED1EF4E6DE8",review resource file as a functional bundle; inspect only ProjectLibre-specific keys
GRP-00905,RESOURCE_KEY,projectlibre_core,modules/projectlibre_core/src/main/resources/com/projectlibre1/strings/client_vi.properties,1051,1051,LOW,"PLD-147057887DAE7033,PLD-FDF99410F448C296,PLD-FA38F4D30F1E443F,PLD-1C0744C176A4729F,PLD-72D7FE46F0820126",review resource file as a functional bundle; inspect only ProjectLibre-specific keys
GRP-00906,RESOURCE_KEY,projectlibre_core,modules/projectlibre_core/src/main/resources/com/projectlibre1/strings/client_zh.properties,1075,1075,LOW,"PLD-4D0A1BAFBFC63B74,PLD-4B570F888C312E22,PLD-7ACA1B0B99E1BB1D,PLD-9B51B3FA9A07F6E7,PLD-4E2DE3910D15F828",review resource file as a functional bundle; inspect only ProjectLibre-specific keys
GRP-00907,RESOURCE_KEY,projectlibre_core,modules/projectlibre_core/src/main/resources/com/projectlibre1/strings/client_zh2.properties,1075,1075,LOW,"PLD-ED9A4940ABBD1896,PLD-833CD7FD853D1757,PLD-E035EA7B2D450204,PLD-5669EDEC09FDB3DD,PLD-9C7DD9AB7B19C846",review resource file as a functional bundle; inspect only ProjectLibre-specific keys
GRP-00908,RESOURCE_KEY,projectlibre_core,modules/projectlibre_core/src/main/resources/com/projectlibre1/strings/client_zh_CN.properties,1049,1049,LOW,"PLD-59C164B457DC7337,PLD-120449256A70D244,PLD-1F139496A3A3523A,PLD-325032AFFE74F343,PLD-AD04A2C0EF95FB10",review resource file as a functional bundle; inspect only ProjectLibre-specific keys
GRP-00909,RESOURCE_KEY,projectlibre_core,modules/projectlibre_core/src/main/resources/com/projectlibre1/strings/client_zh_CN1.properties,1079,1079,LOW,"PLD-8267D00596F37916,PLD-8761A4B0A905DF2F,PLD-8E84BA5A8AFCC0DE,PLD-A2C6217F88EC4BB4,PLD-A0AA3DB0A7009DF4",review resource file as a functional bundle; inspect only ProjectLibre-specific keys
GRP-00910,RESOURCE_KEY,projectlibre_core,modules/projectlibre_core/src/main/resources/com/projectlibre1/strings/client_zh_CN2.properties,1006,1006,LOW,"PLD-3BF70322D0AF3B50,PLD-06E60A7ACC9C9FF7,PLD-F0CBD1F6B3FDDCE6,PLD-0325696A3CDAE2A9,PLD-D8ADE5B87EBCE2E6",review resource file as a functional bundle; inspect only ProjectLibre-specific keys
GRP-00911,RESOURCE_KEY,projectlibre_core,modules/projectlibre_core/src/main/resources/com/projectlibre1/strings/client_zh_CN3.properties,1069,1069,LOW,"PLD-7DF3ACD43A3AADF5,PLD-0E692281309DBBBC,PLD-CB35A2CF9ED38E23,PLD-F25FEDEDE58DABBB,PLD-1048690FA50D461A",review resource file as a functional bundle; inspect only ProjectLibre-specific keys
GRP-00912,RESOURCE_KEY,projectlibre_core,modules/projectlibre_core/src/main/resources/com/projectlibre1/strings/client_zh_TW.properties,1075,1075,LOW,"PLD-511C4B868BE27CDA,PLD-A9D30A2108DD9395,PLD-D10B03DFE365E003,PLD-243938D3626906B6,PLD-C8EA627B3461A74F",review resource file as a functional bundle; inspect only ProjectLibre-specific keys
GRP-00913,RESOURCE_KEY,projectlibre_core,modules/projectlibre_core/src/main/resources/com/projectlibre1/strings/nativeCodePage/client_ja.properties,1079,1079,LOW,"PLD-C5A113BCDBE2A12B,PLD-498BA46B72B84F54,PLD-444DBC80C57505CF,PLD-0B96E74121AED029,PLD-9D682544D4B8528F",review resource file as a functional bundle; inspect only ProjectLibre-specific keys
GRP-00914,RESOURCE_KEY,projectlibre_core,modules/projectlibre_core/src/main/resources/com/projectlibre1/strings/nativeCodePage/client_zh_CN.properties,54,54,LOW,"PLD-D1C6B81AB9A7B234,PLD-2E171ED1E7878D4E,PLD-02C663C1F3CEE1F7,PLD-7B2C237AD0CD154B,PLD-D055E1B6F61CB2B6",review resource file as a functional bundle; inspect only ProjectLibre-specific keys
GRP-00915,RESOURCE_KEY,projectlibre_core,modules/projectlibre_core/src/main/resources/org/projectlibre/strings/client.properties,1077,1077,LOW,"PLD-73E051889D394D89,PLD-42A579A00BF487C2,PLD-CD7D671735B90EF9,PLD-4E8F757A833CAEAF,PLD-4B9135853895098C",review resource file as a functional bundle; inspect only ProjectLibre-specific keys
GRP-00916,RESOURCE_KEY,projectlibre_core,modules/projectlibre_core/src/main/resources/org/projectlibre/strings/client_ar.properties,1079,1079,LOW,"PLD-E427D4ED2852E85C,PLD-DC65BEBDCB0112A4,PLD-5FBBEAB9161FE926,PLD-BBB135D8A63D7E14,PLD-9A6042FEFC48EB9F",review resource file as a functional bundle; inspect only ProjectLibre-specific keys
GRP-00917,RESOURCE_KEY,projectlibre_core,modules/projectlibre_core/src/main/resources/org/projectlibre/strings/client_es.properties,1079,1079,LOW,"PLD-5A1B693F872418E1,PLD-8E1C5E0AFC56C07D,PLD-DB014F24630DB3EE,PLD-93EAE51A1AB4A843,PLD-F4BE97C0550B0BD7",review resource file as a functional bundle; inspect only ProjectLibre-specific keys
GRP-00918,RESOURCE_KEY,projectlibre_core,modules/projectlibre_core/src/main/resources/org/projectlibre/strings/client_hi.properties,1079,1079,LOW,"PLD-C3902804B036BA51,PLD-07B7E982DAE2ABAE,PLD-97F18ABBE289C7C8,PLD-32527CB87F8024B6,PLD-FC8616B42B896216",review resource file as a functional bundle; inspect only ProjectLibre-specific keys
GRP-00919,RESOURCE_KEY,projectlibre_core,modules/projectlibre_core/src/main/resources/org/projectlibre/strings/client_it.properties,1079,1079,LOW,"PLD-3B60B24DFBACD61C,PLD-0B16874922F4B9A8,PLD-25C5A746E808AF1B,PLD-30F847F59C763A5B,PLD-501998D1F6B45504",review resource file as a functional bundle; inspect only ProjectLibre-specific keys
GRP-00920,RESOURCE_KEY,projectlibre_core,modules/projectlibre_core/src/main/resources/org/projectlibre/strings/client_ko.properties,1020,1020,LOW,"PLD-57D540AACE3A67FF,PLD-60AE7D40AAE35EBF,PLD-1DDC6B200A850F0C,PLD-795DF1BAEDCF6CB6,PLD-087043505882A640",review resource file as a functional bundle; inspect only ProjectLibre-specific keys
GRP-00921,RESOURCE_KEY,projectlibre_core,modules/projectlibre_core/src/main/resources/org/projectlibre/strings/client_nl.properties,1080,1080,LOW,"PLD-7A4FFE20591AEAA4,PLD-A16F43B69B77EE81,PLD-4C89D41A66423EA4,PLD-E39B8792E9AE461E,PLD-4D1087E7D9661270",review resource file as a functional bundle; inspect only ProjectLibre-specific keys
GRP-00922,RESOURCE_KEY,projectlibre_core,modules/projectlibre_core/src/main/resources/org/projectlibre/strings/internal.properties,75,75,LOW,"PLD-7475775D9D6356DD,PLD-2E0FCE4850B0A4F6,PLD-0CDA1B821BD18339,PLD-0465B59433B8CDFD,PLD-2991A6885531DCB1",review resource file as a functional bundle; inspect only ProjectLibre-specific keys
GRP-00923,RESOURCE_KEY,projectlibre_core,openproj_core/src/com/projity/strings/client.properties,24,24,LOW,"PLD-4EC9516BAE417820,PLD-9F0E29851AE9D449,PLD-27591DFD241D32AF,PLD-543C48BE578181CC,PLD-48F61E7074863C78",review resource file as a functional bundle; inspect only ProjectLibre-specific keys
GRP-00924,RESOURCE_KEY,projectlibre_core,openproj_core/src/com/projity/strings/client_cs.properties,5,5,LOW,"PLD-51D402A61861BD26,PLD-AF29A6635CA6F125,PLD-441BF66C40CE273A,PLD-5AF45CC1DAEA794A,PLD-14C7D68B7469B173",review resource file as a functional bundle; inspect only ProjectLibre-specific keys
GRP-00925,RESOURCE_KEY,projectlibre_core,openproj_core/src/com/projity/strings/client_de.properties,5,5,LOW,"PLD-9549F97F99460D66,PLD-F97F18C879F07FFF,PLD-B0187834D0A890F6,PLD-A96E37568312328E,PLD-F41756B2955DDDA0",review resource file as a functional bundle; inspect only ProjectLibre-specific keys
GRP-00926,RESOURCE_KEY,projectlibre_core,openproj_core/src/com/projity/strings/client_es.properties,13,13,LOW,"PLD-66E12755F8A44D8C,PLD-9579336B6412F836,PLD-12B23832615D3277,PLD-C1FBBA96DC697A98,PLD-64DFB3B8237DCC41",review resource file as a functional bundle; inspect only ProjectLibre-specific keys
GRP-00927,RESOURCE_KEY,projectlibre_core,openproj_core/src/com/projity/strings/client_fi.properties,5,5,LOW,"PLD-0ADF3C5CACE4DEFE,PLD-9E47B37A9BF1F897,PLD-9DF596489E1AC338,PLD-BF706478AA3287EA,PLD-BA0E25CF8D56526D",review resource file as a functional bundle; inspect only ProjectLibre-specific keys
GRP-00928,RESOURCE_KEY,projectlibre_core,openproj_core/src/com/projity/strings/client_fr.properties,22,22,LOW,"PLD-18AF066E8D9CF192,PLD-0E132B0AEFBED08A,PLD-BC49DAEF3B0F8336,PLD-A9AE797C76111B32,PLD-488560487A8584E7",review resource file as a functional bundle; inspect only ProjectLibre-specific keys
GRP-00929,RESOURCE_KEY,projectlibre_core,openproj_core/src/com/projity/strings/client_gl.properties,5,5,LOW,"PLD-8AABE1CFDB3095D1,PLD-F3227D2AF8E00F8F,PLD-22E0259759E11867,PLD-D6A89BE6EC4D3215,PLD-2058631EC4C40D5C",review resource file as a functional bundle; inspect only ProjectLibre-specific keys
GRP-00930,RESOURCE_KEY,projectlibre_core,openproj_core/src/com/projity/strings/client_ko.properties,5,5,LOW,"PLD-99AADBCA62F09175,PLD-4FB95D7D0743C8B2,PLD-68ADEA47A6F33736,PLD-080B22036C6BC283,PLD-B25A46587378D0DD",review resource file as a functional bundle; inspect only ProjectLibre-specific keys
GRP-00931,RESOURCE_KEY,projectlibre_core,openproj_core/src/com/projity/strings/client_nl.properties,14,14,LOW,"PLD-0A662A288343A120,PLD-86F774FD3E0F7395,PLD-E3D7B10C9F715FC7,PLD-3DE22507773357CC,PLD-B435CAC05F358BAC",review resource file as a functional bundle; inspect only ProjectLibre-specific keys
GRP-00932,RESOURCE_KEY,projectlibre_core,openproj_core/src/com/projity/strings/client_pt.properties,13,13,LOW,"PLD-952091B340DAA195,PLD-D49D96CC5DCB2777,PLD-FC65592859CFB0F0,PLD-7F52D9A77F061096,PLD-41A3E3620BA6FFA0",review resource file as a functional bundle; inspect only ProjectLibre-specific keys
GRP-00933,RESOURCE_KEY,projectlibre_core,openproj_core/src/com/projity/strings/client_ru.properties,30,30,LOW,"PLD-742EAFE4C019D953,PLD-0BFD615192831E0A,PLD-A261725DEA56BD60,PLD-CE94D04BBA56B529,PLD-C2A2B73F1F9B1CB6",review resource file as a functional bundle; inspect only ProjectLibre-specific keys
GRP-00934,RESOURCE_KEY,projectlibre_core,openproj_core/src/com/projity/strings/client_sk.properties,5,5,LOW,"PLD-827AFA28803EBEAF,PLD-594628AF6BC7971B,PLD-853ADF1169DC4E5D,PLD-6FC34F8A837A8ACC,PLD-26A208F6EC7008C1",review resource file as a functional bundle; inspect only ProjectLibre-specific keys
GRP-00935,RESOURCE_KEY,projectlibre_core,openproj_core/src/com/projity/strings/client_sv.properties,21,21,LOW,"PLD-E63D33A51F63D9F7,PLD-E9D43CAF65879F1F,PLD-4E786B164B8FB7EA,PLD-E0AD9651C181E33D,PLD-DB514EC80F0E4E57",review resource file as a functional bundle; inspect only ProjectLibre-specific keys
GRP-00936,RESOURCE_KEY,projectlibre_core,openproj_core/src/com/projity/strings/client_uk.properties,5,5,LOW,"PLD-3E938525C7122BB9,PLD-0D6E4CBD829B04A2,PLD-D8DB672ADCBC4DAD,PLD-3F4F264BCB19CE3D,PLD-EBB67666609EC8CA",review resource file as a functional bundle; inspect only ProjectLibre-specific keys
GRP-00937,RESOURCE_KEY,projectlibre_core,openproj_core/src/com/projity/strings/client_zh_CN.properties,13,13,LOW,"PLD-4389A8134F1DD901,PLD-1CFE2C03C8EBE52F,PLD-FA96E4D002FD96C1,PLD-2810A1F4CA6F2020,PLD-6D5B8A537033A025",review resource file as a functional bundle; inspect only ProjectLibre-specific keys
GRP-00938,RESOURCE_KEY,projectlibre_core,openproj_core/src/com/projity/strings/nativeCodePage/client_zh_CN.properties,5,5,LOW,"PLD-82FA9326567CE174,PLD-50582DB9435A9BA2,PLD-6002E7F829161BF4,PLD-D58685C99C82BD28,PLD-A14F83D8156284C4",review resource file as a functional bundle; inspect only ProjectLibre-specific keys
GRP-00939,RESOURCE_KEY,projectlibre_core,projectlibre_core/src/com/projectlibre1/strings/client.properties,4,4,LOW,"PLD-223AE23227F7B43C,PLD-8686DCF6120E0136,PLD-0AA66A433820E0E9,PLD-44DF486F367B96DF",review resource file as a functional bundle; inspect only ProjectLibre-specific keys
GRP-00940,RESOURCE_KEY,projectlibre_core,projectlibre_core/src/com/projectlibre1/strings/client_ar.properties,7,7,LOW,"PLD-92C47ABC9A26ACCE,PLD-15DFDD89777ABFC3,PLD-307E906177F5E9FF,PLD-751C72185136B8AD,PLD-65FC5464A4E2EF0C",review resource file as a functional bundle; inspect only ProjectLibre-specific keys
GRP-00941,RESOURCE_KEY,projectlibre_core,projectlibre_core/src/com/projectlibre1/strings/client_cs.properties,5,5,LOW,"PLD-D136BBCE3C73F5E1,PLD-A5C1C96D06044032,PLD-3BFAB99ACAFF86A9,PLD-BCF2158CB144F36C,PLD-CED4FCD18AF07CB6",review resource file as a functional bundle; inspect only ProjectLibre-specific keys
GRP-00942,RESOURCE_KEY,projectlibre_core,projectlibre_core/src/com/projectlibre1/strings/client_da.properties,7,7,LOW,"PLD-FD2D7A0FC156CA7D,PLD-E4CA254BFA540D40,PLD-3B6C4AA644C64CF5,PLD-E21805278EC75287,PLD-7E07D15FB3E05A4D",review resource file as a functional bundle; inspect only ProjectLibre-specific keys
GRP-00943,RESOURCE_KEY,projectlibre_core,projectlibre_core/src/com/projectlibre1/strings/client_de.properties,2,2,LOW,"PLD-CED72E4697374234,PLD-D83C95C5DF946191",review resource file as a functional bundle; inspect only ProjectLibre-specific keys
GRP-00944,RESOURCE_KEY,projectlibre_core,projectlibre_core/src/com/projectlibre1/strings/client_el.properties,7,7,LOW,"PLD-DD764DC50624DF3B,PLD-6DC452DE8AF8A6D3,PLD-40C5B4C2B72BAA65,PLD-D7CEE61E10DCC472,PLD-A5DC0FBCFF9C2558",review resource file as a functional bundle; inspect only ProjectLibre-specific keys
GRP-00945,RESOURCE_KEY,projectlibre_core,projectlibre_core/src/com/projectlibre1/strings/client_es.properties,7,7,LOW,"PLD-2B311CAB72373A38,PLD-C9C14B6FB902BB0F,PLD-2BF76A8F7C649DAA,PLD-2BEFB13EE990AD98,PLD-1D636E7923BF7C34",review resource file as a functional bundle; inspect only ProjectLibre-specific keys
GRP-00946,RESOURCE_KEY,projectlibre_core,projectlibre_core/src/com/projectlibre1/strings/client_es2.properties,7,7,LOW,"PLD-4745ABEE607CAEA5,PLD-0ED931250BAFE59A,PLD-343F9ABE5319DD80,PLD-EF75125021E573BF,PLD-43F8CDB524615C66",review resource file as a functional bundle; inspect only ProjectLibre-specific keys
GRP-00947,RESOURCE_KEY,projectlibre_core,projectlibre_core/src/com/projectlibre1/strings/client_fa.properties,5,5,LOW,"PLD-C5E4D5EAAB846B60,PLD-9C11C7C3DA3D6CE9,PLD-346F1FDCAD4B2E6D,PLD-EC91A4BF3956DB12,PLD-CE73E6A32D6092FD",review resource file as a functional bundle; inspect only ProjectLibre-specific keys
GRP-00948,RESOURCE_KEY,projectlibre_core,projectlibre_core/src/com/projectlibre1/strings/client_fr.properties,6,6,LOW,"PLD-44D55064CAF88AB6,PLD-1FECB2F640F3A944,PLD-296C86F0B42DEB6E,PLD-89AC99290A5EA652,PLD-560055943BFE5894",review resource file as a functional bundle; inspect only ProjectLibre-specific keys
GRP-00949,RESOURCE_KEY,projectlibre_core,projectlibre_core/src/com/projectlibre1/strings/client_fr2.properties,7,7,LOW,"PLD-49262F68B2527470,PLD-B3FD0A9F0ECEC58E,PLD-6D160FC8A3F0C08B,PLD-37216298BBFFAF1B,PLD-7AAB1C16D6D22B8B",review resource file as a functional bundle; inspect only ProjectLibre-specific keys
GRP-00950,RESOURCE_KEY,projectlibre_core,projectlibre_core/src/com/projectlibre1/strings/client_hi.properties,7,7,LOW,"PLD-CCED6BE4952E2B93,PLD-03CC2D39B10AC52D,PLD-AA1FF42403DA0C0E,PLD-AC25444A8EE83640,PLD-F87B40EFBD36D316",review resource file as a functional bundle; inspect only ProjectLibre-specific keys
GRP-00951,RESOURCE_KEY,projectlibre_core,projectlibre_core/src/com/projectlibre1/strings/client_it.properties,7,7,LOW,"PLD-32AB2A1C573F154F,PLD-C9818F7A87261DD0,PLD-F90E2B665AD7F090,PLD-FF4F3363F2C0A978,PLD-A43BF4E4676F19E3",review resource file as a functional bundle; inspect only ProjectLibre-specific keys
GRP-00952,RESOURCE_KEY,projectlibre_core,projectlibre_core/src/com/projectlibre1/strings/client_it2.properties,7,7,LOW,"PLD-7EA824505D364EC0,PLD-C34439C61351541D,PLD-EF372FF096021620,PLD-2B0D9A2C4D1A82C2,PLD-D2308A415083AD18",review resource file as a functional bundle; inspect only ProjectLibre-specific keys
GRP-00953,RESOURCE_KEY,projectlibre_core,projectlibre_core/src/com/projectlibre1/strings/client_ja.properties,7,7,LOW,"PLD-23477B11274771C2,PLD-101DEECADBEDB91B,PLD-EF2655EAB0D7C777,PLD-6E56B57E91A5D2A8,PLD-C6226EACFD544D1C",review resource file as a functional bundle; inspect only ProjectLibre-specific keys
GRP-00954,RESOURCE_KEY,projectlibre_core,projectlibre_core/src/com/projectlibre1/strings/client_kh.properties,7,7,LOW,"PLD-B030178C494FA280,PLD-E2C487815118FD4C,PLD-BAF22D246025C543,PLD-97A70EFAC53F7C0E,PLD-AA11A6A6B01B0FAC",review resource file as a functional bundle; inspect only ProjectLibre-specific keys
GRP-00955,RESOURCE_KEY,projectlibre_core,projectlibre_core/src/com/projectlibre1/strings/client_km.properties,7,7,LOW,"PLD-3A10CF326A9085F1,PLD-E4FF78D0AEC1D9FB,PLD-E5026F432692BC8D,PLD-0B23BA4AFAB7FA9A,PLD-966049C806AEF6E1",review resource file as a functional bundle; inspect only ProjectLibre-specific keys
GRP-00956,RESOURCE_KEY,projectlibre_core,projectlibre_core/src/com/projectlibre1/strings/client_nl.properties,2,2,LOW,"PLD-EF6EB9D33D3F6825,PLD-32DD56333AF911B5",review resource file as a functional bundle; inspect only ProjectLibre-specific keys
GRP-00957,RESOURCE_KEY,projectlibre_core,projectlibre_core/src/com/projectlibre1/strings/client_pt.properties,4,4,LOW,"PLD-07AF4D4198DEE558,PLD-3B9912B9FE7CDE71,PLD-9BEB26B52B0C98A6,PLD-57C4DB5369953560",review resource file as a functional bundle; inspect only ProjectLibre-specific keys
GRP-00958,RESOURCE_KEY,projectlibre_core,projectlibre_core/src/com/projectlibre1/strings/client_pt2.properties,7,7,LOW,"PLD-D06217B64C410044,PLD-5396B5B298057016,PLD-A899ED47B63C2615,PLD-6EBC5796B11A517B,PLD-9E863CF705633E18",review resource file as a functional bundle; inspect only ProjectLibre-specific keys
GRP-00959,RESOURCE_KEY,projectlibre_core,projectlibre_core/src/com/projectlibre1/strings/client_ru.properties,6,6,LOW,"PLD-5720AAA31DFA014E,PLD-A735F805E80C1EB4,PLD-07BBC6A3FFAB25C4,PLD-213E6AD92BCF75E3,PLD-54C4EE65D1D18950",review resource file as a functional bundle; inspect only ProjectLibre-specific keys
GRP-00960,RESOURCE_KEY,projectlibre_core,projectlibre_core/src/com/projectlibre1/strings/client_sk.properties,4,4,LOW,"PLD-E0B9E3549AC753AF,PLD-A0A98B21B2854F12,PLD-A3E576E051E502BC,PLD-E7F932C51DCA8CF4",review resource file as a functional bundle; inspect only ProjectLibre-specific keys
GRP-00961,RESOURCE_KEY,projectlibre_core,projectlibre_core/src/com/projectlibre1/strings/client_sv.properties,3,3,LOW,"PLD-B657446C9CA61875,PLD-6E10C20044625B7D,PLD-F193C2437242C208",review resource file as a functional bundle; inspect only ProjectLibre-specific keys
GRP-00962,RESOURCE_KEY,projectlibre_core,projectlibre_core/src/com/projectlibre1/strings/client_ta.properties,7,7,LOW,"PLD-1FB867DB01F3CC18,PLD-D1C3C1620F6DFB47,PLD-2A97D840E56803DD,PLD-CC3F338B7AFD3AD0,PLD-C825472BC5E358EB",review resource file as a functional bundle; inspect only ProjectLibre-specific keys
GRP-00963,RESOURCE_KEY,projectlibre_core,projectlibre_core/src/com/projectlibre1/strings/client_th.properties,7,7,LOW,"PLD-949DB9C71DA68EBA,PLD-A76BD22C9E88DAF6,PLD-E04253F006988941,PLD-4FD3BA2677D10341,PLD-0446DC04E28842EA",review resource file as a functional bundle; inspect only ProjectLibre-specific keys
GRP-00964,RESOURCE_KEY,projectlibre_core,projectlibre_core/src/com/projectlibre1/strings/client_tr.properties,7,7,LOW,"PLD-6DDBD6188BCB0489,PLD-DD6F8C00F8DA14E0,PLD-321581165756C5A8,PLD-730BB76E7CF1E225,PLD-A20546F4A0A61AC8",review resource file as a functional bundle; inspect only ProjectLibre-specific keys
GRP-00965,RESOURCE_KEY,projectlibre_core,projectlibre_core/src/com/projectlibre1/strings/client_uk.properties,1,1,LOW,PLD-40375AFFEE2FFD88,review resource file as a functional bundle; inspect only ProjectLibre-specific keys
GRP-00966,RESOURCE_KEY,projectlibre_core,projectlibre_core/src/com/projectlibre1/strings/client_ur.properties,7,7,LOW,"PLD-F2C8292D1DF72AD8,PLD-701FE7AF1491C20B,PLD-6B5ADC35EE6997F6,PLD-D23050BB20071506,PLD-F57248F9183B8BD6",review resource file as a functional bundle; inspect only ProjectLibre-specific keys
GRP-00967,RESOURCE_KEY,projectlibre_core,projectlibre_core/src/com/projectlibre1/strings/client_vi.properties,7,7,LOW,"PLD-E2332207A900B79A,PLD-98C33A9D96AE3D1E,PLD-358B7D87317702D3,PLD-712CADDD7EEDC9C1,PLD-3D5026C34F112F57",review resource file as a functional bundle; inspect only ProjectLibre-specific keys
GRP-00968,RESOURCE_KEY,projectlibre_core,projectlibre_core/src/com/projectlibre1/strings/client_zh.properties,7,7,LOW,"PLD-1CCA28ABEB15FD23,PLD-3B9058EFA0FA4349,PLD-CAA7587310DE13AF,PLD-E2D00C2218F71EE5,PLD-E3F0AD0BBEDEA0E0",review resource file as a functional bundle; inspect only ProjectLibre-specific keys
GRP-00969,RESOURCE_KEY,projectlibre_core,projectlibre_core/src/com/projectlibre1/strings/client_zh2.properties,7,7,LOW,"PLD-B5AB08BFA747827A,PLD-6395E49D29A98803,PLD-4EB01DCBBFD37E59,PLD-56106633245DFF06,PLD-9C5A0811B0EB44DB",review resource file as a functional bundle; inspect only ProjectLibre-specific keys
GRP-00970,RESOURCE_KEY,projectlibre_core,projectlibre_core/src/com/projectlibre1/strings/client_zh_CN.properties,7,7,LOW,"PLD-48AC73FF3BF0BD6F,PLD-8D7C5E9F13F65F46,PLD-499E53982452807B,PLD-0318F8A54931E511,PLD-6F302EE3FC008CC2",review resource file as a functional bundle; inspect only ProjectLibre-specific keys
GRP-00971,RESOURCE_KEY,projectlibre_core,projectlibre_core/src/com/projectlibre1/strings/client_zh_CN1.properties,7,7,LOW,"PLD-BD39608B782A4517,PLD-C9E862B4F36DF60D,PLD-AED467A1EC7231AE,PLD-03EA6BC8B727DF7E,PLD-203FF0CEB9EB4241",review resource file as a functional bundle; inspect only ProjectLibre-specific keys
GRP-00972,RESOURCE_KEY,projectlibre_core,projectlibre_core/src/com/projectlibre1/strings/client_zh_CN2.properties,7,7,LOW,"PLD-A38450234B423BED,PLD-2AF64857CC82676F,PLD-38E39393514B4B1C,PLD-C8A061CB637C2AC7,PLD-D4E320E6C8E0D83E",review resource file as a functional bundle; inspect only ProjectLibre-specific keys
GRP-00973,RESOURCE_KEY,projectlibre_core,projectlibre_core/src/com/projectlibre1/strings/client_zh_CN3.properties,7,7,LOW,"PLD-ABEAECADD4D54F24,PLD-E076F18F1ADF613B,PLD-24E34AED7F39F350,PLD-5A7770D71443DD84,PLD-33163471AB2A800B",review resource file as a functional bundle; inspect only ProjectLibre-specific keys
GRP-00974,RESOURCE_KEY,projectlibre_core,projectlibre_core/src/com/projectlibre1/strings/client_zh_TW.properties,7,7,LOW,"PLD-0BFC6BED5F9B463E,PLD-549029529CF4B540,PLD-F9064E68C67BF349,PLD-E110955C206EEB03,PLD-FD8D280EEDB5E0F0",review resource file as a functional bundle; inspect only ProjectLibre-specific keys
GRP-00975,RESOURCE_KEY,projectlibre_core,projectlibre_core/src/com/projectlibre1/strings/nativeCodePage/client_ja.properties,7,7,LOW,"PLD-58E76E6250785235,PLD-8075420B44AE5B38,PLD-30CB4282755B1CF4,PLD-4E58E98E2F59FB00,PLD-E255F1FCF722C71E",review resource file as a functional bundle; inspect only ProjectLibre-specific keys
GRP-00976,RESOURCE_KEY,projectlibre_core,projectlibre_core/src/org/projectlibre/strings/client.properties,7,7,LOW,"PLD-E0206593CB014564,PLD-8EAE97ED6DF27F51,PLD-9D2CB37101A4EBD8,PLD-803F80D664C826C3,PLD-7B05F3C9DE639EED",review resource file as a functional bundle; inspect only ProjectLibre-specific keys
GRP-00977,RESOURCE_KEY,projectlibre_core,projectlibre_core/src/org/projectlibre/strings/client_ar.properties,7,7,LOW,"PLD-DEF75CE7AD77A8A1,PLD-3116E43CB9915CDC,PLD-4BAB3E96533AA567,PLD-374206CDFA95A788,PLD-40727CB8B6CA4B23",review resource file as a functional bundle; inspect only ProjectLibre-specific keys
GRP-00978,RESOURCE_KEY,projectlibre_core,projectlibre_core/src/org/projectlibre/strings/client_es.properties,7,7,LOW,"PLD-C73FE60F28328D43,PLD-0385C6470C24D382,PLD-87806D7103C9D32A,PLD-E5BF1F87A7416A28,PLD-05F00CFD3AD611AD",review resource file as a functional bundle; inspect only ProjectLibre-specific keys
GRP-00979,RESOURCE_KEY,projectlibre_core,projectlibre_core/src/org/projectlibre/strings/client_hi.properties,7,7,LOW,"PLD-71D454848E07A463,PLD-CE8AE6551120F3D5,PLD-B5A365612B7B20CD,PLD-CF908DDFC0DB38D2,PLD-6EEDDA1A8BDD4D3E",review resource file as a functional bundle; inspect only ProjectLibre-specific keys
GRP-00980,RESOURCE_KEY,projectlibre_core,projectlibre_core/src/org/projectlibre/strings/client_it.properties,7,7,LOW,"PLD-7C370F5CBE3859C3,PLD-42F1ED65A423EFD5,PLD-FB3D2D9923F93442,PLD-A1C70D6B423219C1,PLD-FEC1E1948CED4221",review resource file as a functional bundle; inspect only ProjectLibre-specific keys
GRP-00981,RESOURCE_KEY,projectlibre_core,projectlibre_core/src/org/projectlibre/strings/client_ko.properties,7,7,LOW,"PLD-6BC6B35AC44EE98F,PLD-A728B80214479808,PLD-F86B285DADAE587D,PLD-0239203E0EA9CF10,PLD-E23987C520DCC78B",review resource file as a functional bundle; inspect only ProjectLibre-specific keys
GRP-00982,RESOURCE_KEY,projectlibre_core,projectlibre_core/src/org/projectlibre/strings/client_nl.properties,7,7,LOW,"PLD-4CBA2BEA01A07587,PLD-9204F43DEA352775,PLD-F3D5C279FAB5A8A2,PLD-A2B8C0901CC40685,PLD-AB703CFAB17DCF67",review resource file as a functional bundle; inspect only ProjectLibre-specific keys
GRP-00983,RESOURCE_KEY,projectlibre_core,projectlibre_core/src/org/projectlibre/strings/internal.properties,1,1,LOW,PLD-CD0B91E9D54B2F5D,review resource file as a functional bundle; inspect only ProjectLibre-specific keys
GRP-00984,RESOURCE_KEY,projectlibre_ui,modules/projectlibre_ui/src/main/resources/com/projectlibre1/menu/menu.properties,154,0,HIGH,"PLD-051D00DB4AE03700,PLD-E47FE0DC928F0571,PLD-8E3D62FA860334EB,PLD-01BA691844E44C6A,PLD-A705EF25D8A29B8B",review resource file as a functional bundle; inspect only ProjectLibre-specific keys
GRP-00985,RESOURCE_KEY,projectlibre_ui,modules/projectlibre_ui/src/main/resources/com/projectlibre1/menu/menuInternal.properties,262,0,HIGH,"PLD-691364CA3A62EF70,PLD-6291CDBBEC5E560A,PLD-8F43A64A9CEFB549,PLD-2B0519120C7546B6,PLD-3103E125EFC65021",review resource file as a functional bundle; inspect only ProjectLibre-specific keys
GRP-00986,RESOURCE_KEY,projectlibre_ui,modules/projectlibre_ui/src/main/resources/com/projectlibre1/menu/menu_ar.properties,148,0,HIGH,"PLD-73650014A5520412,PLD-34D56B1E68635732,PLD-25C9A2000AA27D0C,PLD-70875E2153076518,PLD-2BAC4DE97A6AE203",review resource file as a functional bundle; inspect only ProjectLibre-specific keys
GRP-00987,RESOURCE_KEY,projectlibre_ui,modules/projectlibre_ui/src/main/resources/com/projectlibre1/menu/menu_da.properties,144,0,HIGH,"PLD-FB381A2680F9AC3F,PLD-7E66D42AEF1BF133,PLD-1D03010B9E06790E,PLD-EC1D63B297476A5E,PLD-CD3E8FCF2724C984",review resource file as a functional bundle; inspect only ProjectLibre-specific keys
GRP-00988,RESOURCE_KEY,projectlibre_ui,modules/projectlibre_ui/src/main/resources/com/projectlibre1/menu/menu_de.properties,139,0,HIGH,"PLD-FB4162B7278D0E47,PLD-BAE45A36E5FF1381,PLD-203162401346EE52,PLD-10A41A678CDB6642,PLD-3739AE9F8118B0B2",review resource file as a functional bundle; inspect only ProjectLibre-specific keys
GRP-00989,RESOURCE_KEY,projectlibre_ui,modules/projectlibre_ui/src/main/resources/com/projectlibre1/menu/menu_el.properties,144,0,HIGH,"PLD-23C1B62EE1C17D85,PLD-D3DC9169F30D5E8F,PLD-895A7F5E136C004B,PLD-6BF088DB51A0E838,PLD-77FFB491FC10E111",review resource file as a functional bundle; inspect only ProjectLibre-specific keys
GRP-00990,RESOURCE_KEY,projectlibre_ui,modules/projectlibre_ui/src/main/resources/com/projectlibre1/menu/menu_es.properties,115,0,HIGH,"PLD-D313C8A9A119C7FD,PLD-C213E2EB722F5661,PLD-E9159CE8B1B33957,PLD-F6ECED756A35603F,PLD-803ED15DC3D54570",review resource file as a functional bundle; inspect only ProjectLibre-specific keys
GRP-00991,RESOURCE_KEY,projectlibre_ui,modules/projectlibre_ui/src/main/resources/com/projectlibre1/menu/menu_es2.properties,115,0,HIGH,"PLD-2475C36988BEFB1D,PLD-D10A19B275C515BD,PLD-56306C9808C1E367,PLD-D17935DB9B64BB36,PLD-1A57C6D9E0903B4A",review resource file as a functional bundle; inspect only ProjectLibre-specific keys
GRP-00992,RESOURCE_KEY,projectlibre_ui,modules/projectlibre_ui/src/main/resources/com/projectlibre1/menu/menu_fr.properties,126,0,HIGH,"PLD-EE6A29A92E615582,PLD-DBA4728F6A02C41E,PLD-117E2175972ECEBD,PLD-9C40422D9EC25202,PLD-849A88FFE842848F",review resource file as a functional bundle; inspect only ProjectLibre-specific keys
GRP-00993,RESOURCE_KEY,projectlibre_ui,modules/projectlibre_ui/src/main/resources/com/projectlibre1/menu/menu_hi.properties,117,0,HIGH,"PLD-36F134A56B99D29A,PLD-A8D3EFCC7BFE8863,PLD-C70810D6CD05FD40,PLD-1F1502AF18D6575A,PLD-AF5E2323B3409187",review resource file as a functional bundle; inspect only ProjectLibre-specific keys
GRP-00994,RESOURCE_KEY,projectlibre_ui,modules/projectlibre_ui/src/main/resources/com/projectlibre1/menu/menu_it.properties,143,0,HIGH,"PLD-39BA940D2222399A,PLD-E2621C33620EBE21,PLD-33E6224103020AAC,PLD-021B73FCD25B2454,PLD-F35B8DBB9251257D",review resource file as a functional bundle; inspect only ProjectLibre-specific keys
GRP-00995,RESOURCE_KEY,projectlibre_ui,modules/projectlibre_ui/src/main/resources/com/projectlibre1/menu/menu_it2.properties,144,0,HIGH,"PLD-1C7A20466B9EA52A,PLD-FE03BE544B83EA0F,PLD-84E084CA7E82EE0F,PLD-9A3B5740395C959D,PLD-78CE60FE9809BED2",review resource file as a functional bundle; inspect only ProjectLibre-specific keys
GRP-00996,RESOURCE_KEY,projectlibre_ui,modules/projectlibre_ui/src/main/resources/com/projectlibre1/menu/menu_ja.properties,153,0,HIGH,"PLD-4E686154077D20D6,PLD-B61208D5DA08B135,PLD-E880DA61C160BA62,PLD-27C03356B7B1027A,PLD-0F684C483403F9F7",review resource file as a functional bundle; inspect only ProjectLibre-specific keys
GRP-00997,RESOURCE_KEY,projectlibre_ui,modules/projectlibre_ui/src/main/resources/com/projectlibre1/menu/menu_kh.properties,71,0,HIGH,"PLD-70B3BF74DAE55223,PLD-FA6C8BA2FB44E815,PLD-1F3EF467877B27CF,PLD-D193743D1DBA5D1E,PLD-FD576965A614FD8C",review resource file as a functional bundle; inspect only ProjectLibre-specific keys
GRP-00998,RESOURCE_KEY,projectlibre_ui,modules/projectlibre_ui/src/main/resources/com/projectlibre1/menu/menu_km.properties,155,0,HIGH,"PLD-BC1F7D62A5428E01,PLD-9FC3ADF62F5C6E2D,PLD-1A34702DF6C89DBB,PLD-E599D98F2DDFD72A,PLD-D8ADB4C0387CE836",review resource file as a functional bundle; inspect only ProjectLibre-specific keys
GRP-00999,RESOURCE_KEY,projectlibre_ui,modules/projectlibre_ui/src/main/resources/com/projectlibre1/menu/menu_ko.properties,154,0,HIGH,"PLD-C001A635B2D18491,PLD-924F271AD227D5E6,PLD-964B59CD2A3B753D,PLD-792854E105C863B1,PLD-3F250135803DD35D",review resource file as a functional bundle; inspect only ProjectLibre-specific keys
GRP-01000,RESOURCE_KEY,projectlibre_ui,modules/projectlibre_ui/src/main/resources/com/projectlibre1/menu/menu_nl.properties,139,0,HIGH,"PLD-9292FAD0B079333D,PLD-A29065F633B52BB4,PLD-8E25AB50F171AE31,PLD-A7AE7BAEB29C4DCF,PLD-A259949631D1EB65",review resource file as a functional bundle; inspect only ProjectLibre-specific keys
GRP-01001,RESOURCE_KEY,projectlibre_ui,modules/projectlibre_ui/src/main/resources/com/projectlibre1/menu/menu_pt.properties,151,0,HIGH,"PLD-E342259913A2AE57,PLD-0006BBFEF0306534,PLD-5B7C9779188AD77E,PLD-7D3C36520A518A54,PLD-0D53DDA57EC04A1B",review resource file as a functional bundle; inspect only ProjectLibre-specific keys
GRP-01002,RESOURCE_KEY,projectlibre_ui,modules/projectlibre_ui/src/main/resources/com/projectlibre1/menu/menu_ru.properties,153,0,HIGH,"PLD-1CB5A5DBD230F5EF,PLD-BDB335D628989D65,PLD-44F62899ECD60F12,PLD-43E762FEA39EE53C,PLD-82B23691667EE65C",review resource file as a functional bundle; inspect only ProjectLibre-specific keys
GRP-01003,RESOURCE_KEY,projectlibre_ui,modules/projectlibre_ui/src/main/resources/com/projectlibre1/menu/menu_sv.properties,129,0,HIGH,"PLD-EBCBEC6D0DD64C8C,PLD-7B68B0C69F43F502,PLD-151716ACBB07E758,PLD-25CF3A8561D24E0E,PLD-77D2AA21364E2CA9",review resource file as a functional bundle; inspect only ProjectLibre-specific keys
GRP-01004,RESOURCE_KEY,projectlibre_ui,modules/projectlibre_ui/src/main/resources/com/projectlibre1/menu/menu_ta.properties,273,0,HIGH,"PLD-CADD50E1BD4D86D1,PLD-3069C7B0CEDC8BDC,PLD-5C9113EA9D6AF99F,PLD-1DC4C0662F13440D,PLD-EFBD0A06D3D10DEA",review resource file as a functional bundle; inspect only ProjectLibre-specific keys
GRP-01005,RESOURCE_KEY,projectlibre_ui,modules/projectlibre_ui/src/main/resources/com/projectlibre1/menu/menu_th.properties,144,0,HIGH,"PLD-1ACD22E39FD8DFF3,PLD-A7DFB1FA92548811,PLD-FD1132057AAB7F0A,PLD-CB6BAB07EBD1E6CE,PLD-D6DB01DD5CB7BFA6",review resource file as a functional bundle; inspect only ProjectLibre-specific keys
GRP-01006,RESOURCE_KEY,projectlibre_ui,modules/projectlibre_ui/src/main/resources/com/projectlibre1/menu/menu_tr.properties,155,0,HIGH,"PLD-FCE942843DD69A2E,PLD-2464571CCA4641F3,PLD-0158CFD1FBE8F175,PLD-5BDE4FEC1EBAA851,PLD-B576DBF648FDA45B",review resource file as a functional bundle; inspect only ProjectLibre-specific keys
GRP-01007,RESOURCE_KEY,projectlibre_ui,modules/projectlibre_ui/src/main/resources/com/projectlibre1/menu/menu_ur.properties,155,0,HIGH,"PLD-E269020F227BF779,PLD-24A64E2E1D14D111,PLD-3CAEEA9F3723F554,PLD-62D10CAC2073E9C2,PLD-2D571CC71424AD13",review resource file as a functional bundle; inspect only ProjectLibre-specific keys
GRP-01008,RESOURCE_KEY,projectlibre_ui,modules/projectlibre_ui/src/main/resources/com/projectlibre1/menu/menu_vi.properties,144,0,HIGH,"PLD-EBDCAF949B376059,PLD-DAA5E4158EE904B0,PLD-1E6470051090ED80,PLD-FF49BCF826AED5B9,PLD-3EC27426CB551123",review resource file as a functional bundle; inspect only ProjectLibre-specific keys
GRP-01009,RESOURCE_KEY,projectlibre_ui,modules/projectlibre_ui/src/main/resources/com/projectlibre1/menu/menu_zh.properties,144,0,HIGH,"PLD-682EA6A5E9D88241,PLD-F65F4D69D3489D79,PLD-DCC9C653905F11C2,PLD-61824CE96EEB512F,PLD-7ED849F61B5ADA88",review resource file as a functional bundle; inspect only ProjectLibre-specific keys
GRP-01010,RESOURCE_KEY,projectlibre_ui,modules/projectlibre_ui/src/main/resources/com/projectlibre1/menu/menu_zh_CN.properties,153,0,HIGH,"PLD-F3866F156FF875AC,PLD-4C9436D8A587F309,PLD-399288AEC3A01568,PLD-9E924A7193B6B4F6,PLD-F70870D44A29A557",review resource file as a functional bundle; inspect only ProjectLibre-specific keys
GRP-01011,RESOURCE_KEY,projectlibre_ui,modules/projectlibre_ui/src/main/resources/com/projectlibre1/menu/menu_zh_CN1.properties,155,0,HIGH,"PLD-7193FD32745A8C31,PLD-C385A5A687FD953D,PLD-913C2A6362AFA868,PLD-C8A8FD5E52642CB4,PLD-8E48A56888C722D9",review resource file as a functional bundle; inspect only ProjectLibre-specific keys
GRP-01012,RESOURCE_KEY,projectlibre_ui,modules/projectlibre_ui/src/main/resources/com/projectlibre1/menu/menu_zh_CN3.properties,155,0,HIGH,"PLD-1773819579A2AE8E,PLD-E52E722145A34BBC,PLD-CC97438D01A5F435,PLD-5FFD62BD45EC6D03,PLD-5C11A6F77352FA61",review resource file as a functional bundle; inspect only ProjectLibre-specific keys
GRP-01013,RESOURCE_KEY,projectlibre_ui,modules/projectlibre_ui/src/main/resources/com/projectlibre1/menu/menu_zh_TW.properties,144,0,HIGH,"PLD-28FE0EE1F4B504D0,PLD-970896142E52E42F,PLD-ECF6FAD760D10422,PLD-B975452ACD2C3983,PLD-6AFB612A46335ED8",review resource file as a functional bundle; inspect only ProjectLibre-specific keys
GRP-01014,RESOURCE_KEY,projectlibre_ui,modules/projectlibre_ui/src/main/resources/com/projectlibre1/menu/nativeCodePage/menu_jp.properties,155,0,HIGH,"PLD-F831A3CE41FFF7A1,PLD-3AA2814851F99517,PLD-F76B6DD4AB40320F,PLD-C3849A2259D0B705,PLD-70D69A4A95FDBD69",review resource file as a functional bundle; inspect only ProjectLibre-specific keys
GRP-01015,RESOURCE_KEY,projectlibre_ui,modules/projectlibre_ui/src/main/resources/com/projectlibre1/menu/nativeCodePage/menu_zh_CN.properties,20,0,HIGH,"PLD-9AA6DFB9111EDA0C,PLD-87D35214006EB1D2,PLD-D2415B0F161DA00E,PLD-1277F2DC382825B3,PLD-5A68ACE177C6C848",review resource file as a functional bundle; inspect only ProjectLibre-specific keys
GRP-01016,RESOURCE_KEY,projectlibre_ui,modules/projectlibre_ui/src/main/resources/com/projectlibre1/pm/graphic/images.properties,32,32,LOW,"PLD-043C6222D7210FFB,PLD-9710288A2A49BDB5,PLD-F01606C472025FF8,PLD-64FAFA280685095F,PLD-22B71704E6142EA1",review resource file as a functional bundle; inspect only ProjectLibre-specific keys
GRP-01017,RESOURCE_KEY,projectlibre_ui,openproj_ui/src/com/projity/menu/menu.properties,896,0,HIGH,"PLD-1C1BCD73B2F1EF69,PLD-08E55D4CE6DA7162,PLD-02C02243CECA2A41,PLD-A3A2349D6B0F3997,PLD-4EB3FA0192FF4328",review resource file as a functional bundle; inspect only ProjectLibre-specific keys
GRP-01018,RESOURCE_KEY,projectlibre_ui,openproj_ui/src/com/projity/menu/menu_cs.properties,904,0,HIGH,"PLD-466EF3049C3A0091,PLD-C796DCDA161FF29D,PLD-17A9D5A76753A417,PLD-B5EC5CE335C9853B,PLD-800585AB7510FB64",review resource file as a functional bundle; inspect only ProjectLibre-specific keys
GRP-01019,RESOURCE_KEY,projectlibre_ui,openproj_ui/src/com/projity/menu/menu_de.properties,867,0,HIGH,"PLD-09FFED9E82BC3873,PLD-8F54A5CF4DD6252A,PLD-F4D7D95CF0293E69,PLD-3F660097C3AD17D8,PLD-447B8A9F7C3EC3E2",review resource file as a functional bundle; inspect only ProjectLibre-specific keys
GRP-01020,RESOURCE_KEY,projectlibre_ui,openproj_ui/src/com/projity/menu/menu_es.properties,903,0,HIGH,"PLD-E5F61510FDD0EDA2,PLD-8E8995AAF2A0660B,PLD-D6D69590AF629520,PLD-4946E3E3A8A7F77C,PLD-0E601C4A9902C27C",review resource file as a functional bundle; inspect only ProjectLibre-specific keys
GRP-01021,RESOURCE_KEY,projectlibre_ui,openproj_ui/src/com/projity/menu/menu_fa.properties,904,0,HIGH,"PLD-D9CB3889631775B0,PLD-212DFC3C4A74CED7,PLD-5C33D6EB18A6E653,PLD-68906FF0344DB98B,PLD-9C4F4D8CB68514AD",review resource file as a functional bundle; inspect only ProjectLibre-specific keys
GRP-01022,RESOURCE_KEY,projectlibre_ui,openproj_ui/src/com/projity/menu/menu_fi.properties,904,0,HIGH,"PLD-E332A021074B395A,PLD-103B38ADA3C7441E,PLD-F4F38D4EB2EE6F27,PLD-955209DC3FAB4A77,PLD-058158963B483CAB",review resource file as a functional bundle; inspect only ProjectLibre-specific keys
GRP-01023,RESOURCE_KEY,projectlibre_ui,openproj_ui/src/com/projity/menu/menu_fr.properties,899,0,HIGH,"PLD-80401DC56F6B28E6,PLD-38C47A221C8E7AB9,PLD-2AB548EBDF0F358A,PLD-1D4559806FD1E635,PLD-E5CC38F3AE2ED416",review resource file as a functional bundle; inspect only ProjectLibre-specific keys
GRP-01024,RESOURCE_KEY,projectlibre_ui,openproj_ui/src/com/projity/menu/menu_gl.properties,872,0,HIGH,"PLD-CAA98D5B491AF748,PLD-B40C30B9374CB1CB,PLD-4F02EA0C779E09D1,PLD-6559C3405E513BA8,PLD-8DCE0171D5A22429",review resource file as a functional bundle; inspect only ProjectLibre-specific keys
GRP-01025,RESOURCE_KEY,projectlibre_ui,openproj_ui/src/com/projity/menu/menu_it.properties,899,0,HIGH,"PLD-C0F0CB727DEAA09A,PLD-30D862D266A9A5C8,PLD-5C79FCAE3CEF6038,PLD-483C0E5646464B37,PLD-C0184EC1982A8974",review resource file as a functional bundle; inspect only ProjectLibre-specific keys
GRP-01026,RESOURCE_KEY,projectlibre_ui,openproj_ui/src/com/projity/menu/menu_ja.properties,897,0,HIGH,"PLD-9A32B012F944C66A,PLD-88C1F93688222379,PLD-9793BA430924AD07,PLD-1B5B01CA17F35360,PLD-98424686D43C0E3B",review resource file as a functional bundle; inspect only ProjectLibre-specific keys
GRP-01027,RESOURCE_KEY,projectlibre_ui,openproj_ui/src/com/projity/menu/menu_ko.properties,899,0,HIGH,"PLD-4E8D3C032D1CBF7E,PLD-A35F6232732D4E12,PLD-03E7DE3C236085D2,PLD-AA1EDA2DAAEC4245,PLD-6ECABFC891981D3D",review resource file as a functional bundle; inspect only ProjectLibre-specific keys
GRP-01028,RESOURCE_KEY,projectlibre_ui,openproj_ui/src/com/projity/menu/menu_nl.properties,906,0,HIGH,"PLD-932EBA7B34EBF225,PLD-0001E108C832AB43,PLD-A39279E561A3FAE7,PLD-87CE9FA0C84B319C,PLD-594B1DCF9B81A669",review resource file as a functional bundle; inspect only ProjectLibre-specific keys
GRP-01029,RESOURCE_KEY,projectlibre_ui,openproj_ui/src/com/projity/menu/menu_pt.properties,898,0,HIGH,"PLD-DD042895391C58EB,PLD-D0D6AFBDEA519510,PLD-D12BB9620D27CD0B,PLD-425E950E7E8D8DA3,PLD-CF784A2C67C9C2C2",review resource file as a functional bundle; inspect only ProjectLibre-specific keys
GRP-01030,RESOURCE_KEY,projectlibre_ui,openproj_ui/src/com/projity/menu/menu_ru.properties,898,0,HIGH,"PLD-D8D7E8FB063AB54B,PLD-30A4A606205BC1C6,PLD-0AA5D83A271111F1,PLD-3F479E0D7A0C99CD,PLD-8E6D33FD1A67CC93",review resource file as a functional bundle; inspect only ProjectLibre-specific keys
GRP-01031,RESOURCE_KEY,projectlibre_ui,openproj_ui/src/com/projity/menu/menu_sk.properties,904,0,HIGH,"PLD-54A582E8761017E8,PLD-FF3DA57D3F17CE0B,PLD-C87D23458838CF14,PLD-A435929B1F218E8F,PLD-75091BA12E4A5C09",review resource file as a functional bundle; inspect only ProjectLibre-specific keys
GRP-01032,RESOURCE_KEY,projectlibre_ui,openproj_ui/src/com/projity/menu/menu_sv.properties,898,0,HIGH,"PLD-DF6F613BBCAC90C3,PLD-7DBE146CF1127376,PLD-F1EC892CAEEF2583,PLD-7DDB5782A8A4F524,PLD-1539FA1E20DC508C",review resource file as a functional bundle; inspect only ProjectLibre-specific keys
GRP-01033,RESOURCE_KEY,projectlibre_ui,openproj_ui/src/com/projity/menu/menu_uk.properties,904,0,HIGH,"PLD-ECBFB545B2875B0C,PLD-F3D56DD0CCF8F92B,PLD-D129E218F25AB879,PLD-2A903C617E3C37BD,PLD-021EF78CEDEDE177",review resource file as a functional bundle; inspect only ProjectLibre-specific keys
GRP-01034,RESOURCE_KEY,projectlibre_ui,openproj_ui/src/com/projity/menu/menu_zh_CN.properties,899,0,HIGH,"PLD-7A9CF862E38C448C,PLD-F2062E8156E55793,PLD-6FED65ED25933E6B,PLD-2441C17E86C86CD4,PLD-2BD4AEEBFF6B8193",review resource file as a functional bundle; inspect only ProjectLibre-specific keys
GRP-01035,RESOURCE_KEY,projectlibre_ui,openproj_ui/src/com/projity/menu/nativeCodePage/menu_zh_CN.properties,15,0,HIGH,"PLD-90405EBA6B6AAE89,PLD-943162B3A080EAA5,PLD-0D0D956EEAF52EE2,PLD-79E3E61E71A6EF52,PLD-AD28FC1681F10477",review resource file as a functional bundle; inspect only ProjectLibre-specific keys
GRP-01036,RESOURCE_KEY,projectlibre_ui,openproj_ui/src/com/projity/pm/graphic/images.properties,3,3,LOW,"PLD-F3CAA92A46F240A7,PLD-2BDF8DA508FE1E54,PLD-335FF0682839AD62",review resource file as a functional bundle; inspect only ProjectLibre-specific keys
GRP-01037,RESOURCE_KEY,projectlibre_ui,projectlibre_ui/src/com/projectlibre1/menu/menu.properties,10,0,HIGH,"PLD-C4BDB618A95070C6,PLD-2FF9A9AB67E06A64,PLD-56F1C06F43B14503,PLD-9963BAA68CFCFA2B,PLD-F3C624C5D94A0EC9",review resource file as a functional bundle; inspect only ProjectLibre-specific keys
GRP-01038,RESOURCE_KEY,projectlibre_ui,projectlibre_ui/src/com/projectlibre1/menu/menuInternal.properties,10,0,HIGH,"PLD-6F097BD4CD7FE499,PLD-D8BCCEABDBC30D7A,PLD-3298A741B912C24A,PLD-8F1A8E81D989B007,PLD-BD2BF85DD6B35F74",review resource file as a functional bundle; inspect only ProjectLibre-specific keys
GRP-01039,RESOURCE_KEY,projectlibre_ui,projectlibre_ui/src/com/projectlibre1/menu/menu_ja.properties,9,0,HIGH,"PLD-2EC52572F2E3321A,PLD-2F955B62FBBBD729,PLD-1AE2E3C8684BB0F5,PLD-9A16BA0F8BFE41F6,PLD-66D7FF1E6683C524",review resource file as a functional bundle; inspect only ProjectLibre-specific keys
GRP-01040,TYPE,projectlibre_core,modules/projectlibre_core/src/main/java/com/projectlibre/core/fields/Field.java,1,1,LOW,PLD-06D32434016C0E93,review related Java symbols in the same source file
GRP-01041,TYPE,projectlibre_core,modules/projectlibre_core/src/main/java/com/projectlibre/core/fields/FieldList.java,1,1,LOW,PLD-2A97A435AA47603D,review related Java symbols in the same source file
GRP-01042,TYPE,projectlibre_core,modules/projectlibre_core/src/main/java/com/projectlibre/core/fields/FieldManager.java,1,1,LOW,PLD-5E34FCE359D2501B,review related Java symbols in the same source file
GRP-01043,TYPE,projectlibre_core,modules/projectlibre_core/src/main/java/com/projectlibre/core/fields/FieldTypeConverter.java,1,1,LOW,PLD-4348C6D8AE8B6CB4,review related Java symbols in the same source file
GRP-01044,TYPE,projectlibre_core,modules/projectlibre_core/src/main/java/com/projectlibre/core/fields/FieldUtil.java,1,1,LOW,PLD-CB55312E24C8C38F,review related Java symbols in the same source file
GRP-01045,TYPE,projectlibre_core,modules/projectlibre_core/src/main/java/com/projectlibre/core/fields/HasFields.java,1,1,LOW,PLD-4D53CB6229F3420B,review related Java symbols in the same source file
GRP-01046,TYPE,projectlibre_core,modules/projectlibre_core/src/main/java/com/projectlibre/core/hierarchy/DefaultHierarchy.java,1,1,LOW,PLD-527AE06CCF21B580,review related Java symbols in the same source file
GRP-01047,TYPE,projectlibre_core,modules/projectlibre_core/src/main/java/com/projectlibre/core/hierarchy/DefaultHierarchyNode.java,1,1,LOW,PLD-33DAED22B1A69B44,review related Java symbols in the same source file
GRP-01048,TYPE,projectlibre_core,modules/projectlibre_core/src/main/java/com/projectlibre/core/hierarchy/HasHierarchies.java,1,1,LOW,PLD-59F7610948F6550C,review related Java symbols in the same source file
GRP-01049,TYPE,projectlibre_core,modules/projectlibre_core/src/main/java/com/projectlibre/core/hierarchy/Hierarchy.java,3,3,LOW,"PLD-90F479597AD7DDB8,PLD-01FB3A9FC8D08B6D,PLD-ED172EF4C3894A81",review related Java symbols in the same source file
GRP-01050,TYPE,projectlibre_core,modules/projectlibre_core/src/main/java/com/projectlibre/core/hierarchy/HierarchyNode.java,1,1,LOW,PLD-F228605A27BC586D,review related Java symbols in the same source file
GRP-01051,TYPE,projectlibre_core,modules/projectlibre_core/src/main/java/com/projectlibre/core/id/UniqueId.java,1,1,LOW,PLD-501D7D83A7E5F1C9,review related Java symbols in the same source file
GRP-01052,TYPE,projectlibre_core,modules/projectlibre_core/src/main/java/com/projectlibre/core/nodes/AbstractNode.java,1,1,LOW,PLD-17B8B9B1D2385248,review related Java symbols in the same source file
GRP-01053,TYPE,projectlibre_core,modules/projectlibre_core/src/main/java/com/projectlibre/core/nodes/AbstractNodeContainer.java,1,1,LOW,PLD-1ACEC24F18C1C31D,review related Java symbols in the same source file
GRP-01054,TYPE,projectlibre_core,modules/projectlibre_core/src/main/java/com/projectlibre/core/nodes/DefaultNode.java,1,1,LOW,PLD-DE1586A1346401AB,review related Java symbols in the same source file
GRP-01055,TYPE,projectlibre_core,modules/projectlibre_core/src/main/java/com/projectlibre/core/nodes/HasId.java,1,1,LOW,PLD-0569995086E22AED,review related Java symbols in the same source file
GRP-01056,TYPE,projectlibre_core,modules/projectlibre_core/src/main/java/com/projectlibre/core/nodes/Node.java,1,1,LOW,PLD-E8ADC202ABC81C22,review related Java symbols in the same source file
GRP-01057,TYPE,projectlibre_core,modules/projectlibre_core/src/main/java/com/projectlibre/core/nodes/NodeContainer.java,1,1,LOW,PLD-57BF838A73BD4F84,review related Java symbols in the same source file
GRP-01058,TYPE,projectlibre_core,modules/projectlibre_core/src/main/java/com/projectlibre/core/nodes/NodeId.java,1,1,LOW,PLD-926ED54875EA9C7F,review related Java symbols in the same source file
GRP-01059,TYPE,projectlibre_core,modules/projectlibre_core/src/main/java/com/projectlibre/core/time/DefaultTimeInterval.java,1,1,LOW,PLD-A41F09909C97B54A,review related Java symbols in the same source file
GRP-01060,TYPE,projectlibre_core,modules/projectlibre_core/src/main/java/com/projectlibre/core/time/DefaultTimeIntervals.java,2,2,LOW,"PLD-A91EF5816817A2DA,PLD-3761795194C5FD43",review related Java symbols in the same source file
GRP-01061,TYPE,projectlibre_core,modules/projectlibre_core/src/main/java/com/projectlibre/core/time/DefaultTimephasedValue.java,1,0,LOW,PLD-841E5FF224B5146A,review related Java symbols in the same source file
GRP-01062,TYPE,projectlibre_core,modules/projectlibre_core/src/main/java/com/projectlibre/core/time/DefaultTimephasedValues.java,1,0,LOW,PLD-1DCF229E3E014B9E,review related Java symbols in the same source file
GRP-01063,TYPE,projectlibre_core,modules/projectlibre_core/src/main/java/com/projectlibre/core/time/Duration.java,1,1,LOW,PLD-644208CFDFD93CDB,review related Java symbols in the same source file
GRP-01064,TYPE,projectlibre_core,modules/projectlibre_core/src/main/java/com/projectlibre/core/time/Rate.java,1,1,LOW,PLD-D809C7ADD941EF5A,review related Java symbols in the same source file
GRP-01065,TYPE,projectlibre_core,modules/projectlibre_core/src/main/java/com/projectlibre/core/time/TimeInterval.java,1,1,LOW,PLD-1B2206EEED9803D0,review related Java symbols in the same source file
GRP-01066,TYPE,projectlibre_core,modules/projectlibre_core/src/main/java/com/projectlibre/core/time/TimeIntervals.java,1,1,LOW,PLD-B934F64B05208E1D,review related Java symbols in the same source file
GRP-01067,TYPE,projectlibre_core,modules/projectlibre_core/src/main/java/com/projectlibre/core/time/TimeUnit.java,1,1,LOW,PLD-D61CAB44C378C18C,review related Java symbols in the same source file
GRP-01068,TYPE,projectlibre_core,modules/projectlibre_core/src/main/java/com/projectlibre/core/time/TimeUtil.java,1,1,LOW,PLD-E9E069171ACE8FCD,review related Java symbols in the same source file
GRP-01069,TYPE,projectlibre_core,modules/projectlibre_core/src/main/java/com/projectlibre/core/time/TimephasedType.java,1,0,LOW,PLD-1D6ECEE4E7E79BBD,review related Java symbols in the same source file
GRP-01070,TYPE,projectlibre_core,modules/projectlibre_core/src/main/java/com/projectlibre/core/time/TimephasedValue.java,1,0,LOW,PLD-0097B79A3DECFC13,review related Java symbols in the same source file
GRP-01071,TYPE,projectlibre_core,modules/projectlibre_core/src/main/java/com/projectlibre/core/time/Timephasedvalues.java,1,0,LOW,PLD-CE018DB4A8EDA372,review related Java symbols in the same source file
GRP-01072,TYPE,projectlibre_core,modules/projectlibre_core/src/main/java/com/projectlibre/core/time/WorkContour.java,1,1,LOW,PLD-38AF05FE10E288E9,review related Java symbols in the same source file
GRP-01073,TYPE,projectlibre_core,modules/projectlibre_core/src/main/java/com/projectlibre/core/versions/VersionComparator.java,1,1,LOW,PLD-EB6DB13FE41CEA18,review related Java symbols in the same source file
GRP-01074,TYPE,projectlibre_core,modules/projectlibre_core/src/main/java/com/projectlibre/pm/calendar/CalendarId.java,1,0,LOW,PLD-F314345244A76B7F,review related Java symbols in the same source file
GRP-01075,TYPE,projectlibre_core,modules/projectlibre_core/src/main/java/com/projectlibre/pm/calendar/CalendarManager.java,1,0,LOW,PLD-50D724888AF78C7C,review related Java symbols in the same source file
GRP-01076,TYPE,projectlibre_core,modules/projectlibre_core/src/main/java/com/projectlibre/pm/calendar/CalendarOptions.java,1,0,LOW,PLD-CD2ACDAE8A3D5284,review related Java symbols in the same source file
GRP-01077,TYPE,projectlibre_core,modules/projectlibre_core/src/main/java/com/projectlibre/pm/calendar/DayType.java,1,0,LOW,PLD-78850D8189C059EC,review related Java symbols in the same source file
GRP-01078,TYPE,projectlibre_core,modules/projectlibre_core/src/main/java/com/projectlibre/pm/calendar/DefaultWorkCalendar.java,1,0,LOW,PLD-5C78109BB46266EF,review related Java symbols in the same source file
GRP-01079,TYPE,projectlibre_core,modules/projectlibre_core/src/main/java/com/projectlibre/pm/calendar/DuplicateCalendarException.java,1,0,LOW,PLD-9B3B36CAF23C3BF9,review related Java symbols in the same source file
GRP-01080,TYPE,projectlibre_core,modules/projectlibre_core/src/main/java/com/projectlibre/pm/calendar/HasCalendar.java,1,0,LOW,PLD-84F60806C7F2AB43,review related Java symbols in the same source file
GRP-01081,TYPE,projectlibre_core,modules/projectlibre_core/src/main/java/com/projectlibre/pm/calendar/WorkCalendar.java,1,0,LOW,PLD-CD8ADFD3E47D24C5,review related Java symbols in the same source file
GRP-01082,TYPE,projectlibre_core,modules/projectlibre_core/src/main/java/com/projectlibre/pm/calendar/WorkCalendarException.java,1,0,LOW,PLD-04039DD69D6FF461,review related Java symbols in the same source file
GRP-01083,TYPE,projectlibre_core,modules/projectlibre_core/src/main/java/com/projectlibre/pm/calendar/WorkDay.java,1,0,LOW,PLD-0287DDF8BB56C200,review related Java symbols in the same source file
GRP-01084,TYPE,projectlibre_core,modules/projectlibre_core/src/main/java/com/projectlibre/pm/calendar/WorkRange.java,1,0,LOW,PLD-6F1426AFDA7C5C61,review related Java symbols in the same source file
GRP-01085,TYPE,projectlibre_core,modules/projectlibre_core/src/main/java/com/projectlibre/pm/calendar/WorkWeek.java,1,0,LOW,PLD-378A5211A1C7790C,review related Java symbols in the same source file
GRP-01086,TYPE,projectlibre_core,modules/projectlibre_core/src/main/java/com/projectlibre/pm/resources/Resource.java,1,1,LOW,PLD-DA50AA5A7F00B22D,review related Java symbols in the same source file
GRP-01087,TYPE,projectlibre_core,modules/projectlibre_core/src/main/java/com/projectlibre/pm/resources/ResourcePool.java,1,1,LOW,PLD-9AA06719D1E9D97D,review related Java symbols in the same source file
GRP-01088,TYPE,projectlibre_core,modules/projectlibre_core/src/main/java/com/projectlibre/pm/scheduler/ScheduleChangedEvent.java,1,0,LOW,PLD-3E9FD54EC327E24E,review related Java symbols in the same source file
GRP-01089,TYPE,projectlibre_core,modules/projectlibre_core/src/main/java/com/projectlibre/pm/scheduler/Scheduler.java,1,0,LOW,PLD-6B5C70855208D339,review related Java symbols in the same source file
GRP-01090,TYPE,projectlibre_core,modules/projectlibre_core/src/main/java/com/projectlibre/pm/scheduling/AccrueType.java,1,0,LOW,PLD-67EB678E4BF98F0A,review related Java symbols in the same source file
GRP-01091,TYPE,projectlibre_core,modules/projectlibre_core/src/main/java/com/projectlibre/pm/scheduling/ConstraintType.java,1,0,LOW,PLD-E997A53F4955D5DE,review related Java symbols in the same source file
GRP-01092,TYPE,projectlibre_core,modules/projectlibre_core/src/main/java/com/projectlibre/pm/scheduling/EarnedValueMethod.java,1,0,LOW,PLD-D1CA5459A4F29EBA,review related Java symbols in the same source file
GRP-01093,TYPE,projectlibre_core,modules/projectlibre_core/src/main/java/com/projectlibre/pm/scheduling/Schedule.java,1,0,LOW,PLD-6745FF5EDF1EF5F8,review related Java symbols in the same source file
GRP-01094,TYPE,projectlibre_core,modules/projectlibre_core/src/main/java/com/projectlibre/pm/scheduling/ScheduleFrom.java,1,0,LOW,PLD-DFE7F47DD262F817,review related Java symbols in the same source file
GRP-01095,TYPE,projectlibre_core,modules/projectlibre_core/src/main/java/com/projectlibre/pm/scheduling/SchedulingType.java,1,0,LOW,PLD-32955400762BC35A,review related Java symbols in the same source file
GRP-01096,TYPE,projectlibre_core,modules/projectlibre_core/src/main/java/com/projectlibre/pm/tasks/Assignment.java,1,1,LOW,PLD-31DD9BCC7F769EFB,review related Java symbols in the same source file
GRP-01097,TYPE,projectlibre_core,modules/projectlibre_core/src/main/java/com/projectlibre/pm/tasks/Dependency.java,1,0,LOW,PLD-8B5EC8EAF13265D8,review related Java symbols in the same source file
GRP-01098,TYPE,projectlibre_core,modules/projectlibre_core/src/main/java/com/projectlibre/pm/tasks/DependencyType.java,1,0,LOW,PLD-F28501C92E9DB99B,review related Java symbols in the same source file
GRP-01099,TYPE,projectlibre_core,modules/projectlibre_core/src/main/java/com/projectlibre/pm/tasks/Project.java,1,1,LOW,PLD-496A6970B64BBA80,review related Java symbols in the same source file
GRP-01100,TYPE,projectlibre_core,modules/projectlibre_core/src/main/java/com/projectlibre/pm/tasks/SnapshotList.java,1,0,LOW,PLD-35163CBEC57A3F03,review related Java symbols in the same source file
GRP-01101,TYPE,projectlibre_core,modules/projectlibre_core/src/main/java/com/projectlibre/pm/tasks/Task.java,1,1,LOW,PLD-6304BEA699E78518,review related Java symbols in the same source file
GRP-01102,TYPE,projectlibre_core,modules/projectlibre_core/src/main/java/com/projectlibre/pm/tasks/TaskHistory.java,1,1,LOW,PLD-AF261ACD53C334DC,review related Java symbols in the same source file
GRP-01103,TYPE,projectlibre_core,modules/projectlibre_core/src/main/java/com/projectlibre/pm/tasks/TaskSnapshot.java,1,0,LOW,PLD-0739253CE277DB83,review related Java symbols in the same source file
GRP-01104,TYPE,projectlibre_core,modules/projectlibre_core/src/main/java/com/projectlibre1/functor/StringList.java,1,1,LOW,PLD-2051376163BDF20A,review related Java symbols in the same source file
GRP-01105,TYPE,projectlibre_core,modules/projectlibre_core/src/main/java/com/projectlibre1/grouping/core/summaries/DeepChildSearcher.java,1,1,LOW,PLD-6CC960D9F409C9C6,review related Java symbols in the same source file
GRP-01106,TYPE,projectlibre_core,modules/projectlibre_core/src/main/java/com/projectlibre1/grouping/core/transform/ViewTransformer.java,1,1,LOW,PLD-5E62EA87C23C2E17,review related Java symbols in the same source file
GRP-01107,TYPE,projectlibre_core,modules/projectlibre_core/src/main/java/com/projectlibre1/job/Job.java,1,1,LOW,PLD-98D57C0D698AF5DC,review related Java symbols in the same source file
GRP-01108,TYPE,projectlibre_core,modules/projectlibre_core/src/main/java/com/projectlibre1/pm/dependency/HasDependenciesImpl.java,2,0,LOW,"PLD-5541BDFE77E9DF69,PLD-F93A7401D47F55AC",review related Java symbols in the same source file
GRP-01109,TYPE,projectlibre_core,modules/projectlibre_core/src/main/java/com/projectlibre1/pm/scheduling/ScheduleUtil.java,1,0,LOW,PLD-486642804EBEF50A,review related Java symbols in the same source file
GRP-01110,TYPE,projectlibre_core,modules/projectlibre_core/src/main/java/com/projectlibre1/pm/task/Task.java,3,3,LOW,"PLD-2597109B883CCC1F,PLD-9511548CE7C392F1,PLD-1AA28D3CD9BDFF9A",review related Java symbols in the same source file
GRP-01111,TYPE,projectlibre_core,modules/projectlibre_core/src/main/java/com/projectlibre1/server/access/ErrorLogger.java,2,2,LOW,"PLD-336BD3A2E008B49A,PLD-FAA34B84666F9F49",review related Java symbols in the same source file
GRP-01112,TYPE,projectlibre_core,modules/projectlibre_core/src/main/java/com/projectlibre1/session/AbstractSession.java,1,1,LOW,PLD-C652026427808286,review related Java symbols in the same source file
GRP-01113,TYPE,projectlibre_core,modules/projectlibre_core/src/main/java/com/projectlibre1/util/DataUtils.java,2,2,LOW,"PLD-0C0D153E81638847,PLD-0A641D6F0B42B771",review related Java symbols in the same source file
GRP-01114,TYPE,projectlibre_core,modules/projectlibre_core/src/main/java/org/projectlibre/core/configuration/Configuration.java,2,2,LOW,"PLD-FD28FDCB87E06B75,PLD-AB7C14CA95B25512",review related Java symbols in the same source file
GRP-01115,TYPE,projectlibre_core,modules/projectlibre_core/src/main/java/org/projectlibre/core/configuration/ConfigurationFile.java,1,1,LOW,PLD-5756D54B78F78413,review related Java symbols in the same source file
GRP-01116,TYPE,projectlibre_core,modules/projectlibre_core/src/main/java/org/projectlibre/core/configuration/CoreConfiguration.java,1,1,LOW,PLD-37BB4C0AE71E4C6B,review related Java symbols in the same source file
GRP-01117,TYPE,projectlibre_core,modules/projectlibre_core/src/main/java/org/projectlibre/core/configuration/adapters/DictionaryAdapter.java,1,1,LOW,PLD-27E632833BE29493,review related Java symbols in the same source file
GRP-01118,TYPE,projectlibre_core,modules/projectlibre_core/src/main/java/org/projectlibre/core/configuration/adapters/DictionaryAdapterList.java,1,1,LOW,PLD-E311E81E7CADC00D,review related Java symbols in the same source file
GRP-01119,TYPE,projectlibre_core,modules/projectlibre_core/src/main/java/org/projectlibre/core/configuration/adapters/MapAdapter.java,1,1,LOW,PLD-67A7DF98F1E5D4CA,review related Java symbols in the same source file
GRP-01120,TYPE,projectlibre_core,modules/projectlibre_core/src/main/java/org/projectlibre/core/configuration/adapters/MapAdapterEntry.java,1,1,LOW,PLD-C53BEF18F4AB0C51,review related Java symbols in the same source file
GRP-01121,TYPE,projectlibre_core,modules/projectlibre_core/src/main/java/org/projectlibre/core/configuration/adapters/MapAdapterList.java,1,1,LOW,PLD-A1BA5B597C567210,review related Java symbols in the same source file
GRP-01122,TYPE,projectlibre_core,modules/projectlibre_core/src/main/java/org/projectlibre/core/dictionary/Dictionary.java,3,3,LOW,"PLD-1DE991511606F447,PLD-2715D16E1AD99F45,PLD-DA136D2483BC658A",review related Java symbols in the same source file
GRP-01123,TYPE,projectlibre_core,modules/projectlibre_core/src/main/java/org/projectlibre/core/dictionary/DictionaryCategory.java,1,1,LOW,PLD-334605AD75140065,review related Java symbols in the same source file
GRP-01124,TYPE,projectlibre_core,modules/projectlibre_core/src/main/java/org/projectlibre/core/dictionary/HasCategories.java,1,1,LOW,PLD-B84A6C4DA8CD13CC,review related Java symbols in the same source file
GRP-01125,TYPE,projectlibre_core,modules/projectlibre_core/src/main/java/org/projectlibre/core/dictionary/HasStringId.java,1,1,LOW,PLD-E8DE24920F9E3836,review related Java symbols in the same source file
GRP-01126,TYPE,projectlibre_core,modules/projectlibre_core/src/main/java/org/projectlibre/core/util/ArrayFormatException.java,1,1,LOW,PLD-F08F74201C85110C,review related Java symbols in the same source file
GRP-01127,TYPE,projectlibre_core,modules/projectlibre_core/src/main/java/org/projectlibre/core/util/ArrayUtil.java,1,1,LOW,PLD-69AABD13EAB5043A,review related Java symbols in the same source file
GRP-01128,TYPE,projectlibre_core,modules/projectlibre_core/src/main/java/org/projectlibre/core/util/PLClosure.java,1,1,LOW,PLD-111C89FD84E0570A,review related Java symbols in the same source file
GRP-01129,TYPE,projectlibre_core,modules/projectlibre_core/src/main/java/org/projectlibre/core/util/PLFunctionUtil.java,1,1,LOW,PLD-D0A21EE542872EBA,review related Java symbols in the same source file
GRP-01130,TYPE,projectlibre_core,modules/projectlibre_core/src/main/java/org/projectlibre/core/util/ResourceUtil.java,1,1,LOW,PLD-04D6A0FD98710E85,review related Java symbols in the same source file
GRP-01131,TYPE,projectlibre_core,modules/projectlibre_core/src/main/java/org/projectlibre/strings/Strings.java,1,1,LOW,PLD-0D5C963AD2237111,review related Java symbols in the same source file
GRP-01132,TYPE,projectlibre_core,openproj_core/src/com/projity/configuration/FieldDictionary.java,2,2,LOW,"PLD-D557541E1097BA69,PLD-CAC3AC0D267D3FCE",review related Java symbols in the same source file
GRP-01133,TYPE,projectlibre_core,openproj_core/src/com/projity/exchange/LocalFileImporter.java,2,2,LOW,"PLD-BB679CE86908C7F3,PLD-32D8A9288AA0FB1C",review related Java symbols in the same source file
GRP-01134,TYPE,projectlibre_core,openproj_core/src/com/projity/grouping/core/NodeBridge.java,1,1,LOW,PLD-31DCAF46E2431E37,review related Java symbols in the same source file
GRP-01135,TYPE,projectlibre_core,openproj_core/src/com/projity/grouping/core/hierarchy/AbstractMutableNodeHierarchy.java,4,4,LOW,"PLD-B54A2AF9F342FF3D,PLD-1CCA4F9346F7109A,PLD-D2AE8D0A8DF17885,PLD-B05131CDAC9FA88A",review related Java symbols in the same source file
GRP-01136,TYPE,projectlibre_core,openproj_core/src/com/projity/grouping/core/model/AssignmentNodeModel.java,1,1,LOW,PLD-86F172EA18506FE8,review related Java symbols in the same source file
GRP-01137,TYPE,projectlibre_core,openproj_core/src/com/projity/grouping/core/summaries/DeepChildSearcher.java,1,1,LOW,PLD-3602424715C84430,review related Java symbols in the same source file
GRP-01138,TYPE,projectlibre_core,openproj_core/src/com/projity/grouping/core/transform/ViewTransformer.java,1,1,LOW,PLD-21EC8E36750B8253,review related Java symbols in the same source file
GRP-01139,TYPE,projectlibre_core,openproj_core/src/com/projity/job/Job.java,11,11,LOW,"PLD-5864EACB1AE92079,PLD-2E51C698A6A87C39,PLD-F2826B6782877773,PLD-B61F4EB892A43B34,PLD-5D2501E5CD8E7B3B",review related Java symbols in the same source file
GRP-01140,TYPE,projectlibre_core,openproj_core/src/com/projity/pm/assignment/Assignment.java,3,3,LOW,"PLD-BDB30B939303CF2B,PLD-654BA315A7B1152C,PLD-E4ED9CD241BCD81D",review related Java symbols in the same source file
GRP-01141,TYPE,projectlibre_core,openproj_core/src/com/projity/pm/assignment/HasAssignmentsImpl.java,1,1,LOW,PLD-3A19DB8EF1D3ACA2,review related Java symbols in the same source file
GRP-01142,TYPE,projectlibre_core,openproj_core/src/com/projity/pm/calendar/WorkingCalendar.java,1,0,LOW,PLD-1069087D53FC8DA5,review related Java symbols in the same source file
GRP-01143,TYPE,projectlibre_core,openproj_core/src/com/projity/pm/dependency/DependencyService.java,1,0,LOW,PLD-8D85B361A0C36854,review related Java symbols in the same source file
GRP-01144,TYPE,projectlibre_core,openproj_core/src/com/projity/pm/dependency/HasDependenciesImpl.java,2,0,LOW,"PLD-0B0B9ECB8BA13F48,PLD-07CA3CDF82925656",review related Java symbols in the same source file
GRP-01145,TYPE,projectlibre_core,openproj_core/src/com/projity/pm/key/uniqueid/UniqueIdPool.java,1,1,LOW,PLD-DD6CF8F442339229,review related Java symbols in the same source file
GRP-01146,TYPE,projectlibre_core,openproj_core/src/com/projity/pm/resource/ResourceImpl.java,1,1,LOW,PLD-39458394DC7C4B12,review related Java symbols in the same source file
GRP-01147,TYPE,projectlibre_core,openproj_core/src/com/projity/pm/scheduling/ScheduleUtil.java,1,0,LOW,PLD-4DA043D9449DC232,review related Java symbols in the same source file
GRP-01148,TYPE,projectlibre_core,openproj_core/src/com/projity/pm/task/NormalTask.java,4,4,LOW,"PLD-2D2ADFBFB7A74463,PLD-FA958CF935A811DE,PLD-63811A5DC0AE7C49,PLD-87C7374EC34DE0F5",review related Java symbols in the same source file
GRP-01149,TYPE,projectlibre_core,openproj_core/src/com/projity/pm/task/Portfolio.java,4,4,LOW,"PLD-009283751CDC0F1E,PLD-9290F1A69C9D71EB,PLD-6F194E5D4E9F8EB7,PLD-E7F7CAAC804D213B",review related Java symbols in the same source file
GRP-01150,TYPE,projectlibre_core,openproj_core/src/com/projity/pm/task/Project.java,4,4,LOW,"PLD-00F89A23A40DB42C,PLD-C0BB4656C27C9E35,PLD-0A95EFBAF0579218,PLD-5584A2C6E03AA47D",review related Java symbols in the same source file
GRP-01151,TYPE,projectlibre_core,openproj_core/src/com/projity/pm/task/ProjectFactory.java,9,9,LOW,"PLD-8B8CC924DCDDC29F,PLD-71E7305C515D4D15,PLD-B1FB6C1277AB5BE6,PLD-49B71DDE5CDA71AD,PLD-64EF055E0658A051",review related Java symbols in the same source file
GRP-01152,TYPE,projectlibre_core,openproj_core/src/com/projity/pm/task/Task.java,2,2,LOW,"PLD-C01D675817D9B59E,PLD-211285C5751FF468",review related Java symbols in the same source file
GRP-01153,TYPE,projectlibre_core,openproj_core/src/com/projity/scripting/FormulaClass.java,1,1,LOW,PLD-4FE62C6913551491,review related Java symbols in the same source file
GRP-01154,TYPE,projectlibre_core,openproj_core/src/com/projity/server/access/ErrorLogger.java,2,2,LOW,"PLD-C229E9D90D45BAC3,PLD-E5215981058420C3",review related Java symbols in the same source file
GRP-01155,TYPE,projectlibre_core,openproj_core/src/com/projity/session/AbstractSession.java,1,1,LOW,PLD-C1C5D9D573B2EE06,review related Java symbols in the same source file
GRP-01156,TYPE,projectlibre_core,openproj_core/src/com/projity/session/FileHelper.java,6,6,LOW,"PLD-CCB289884C3AF777,PLD-71FFD8FD7FA4927B,PLD-CB0DE4A184D24526,PLD-9E28711CC62435F7,PLD-8C9F079C69591AA0",review related Java symbols in the same source file
GRP-01157,TYPE,projectlibre_core,openproj_core/src/com/projity/session/LocalSession.java,7,7,LOW,"PLD-EB0C24FFAC141E0A,PLD-A1894A079267C31E,PLD-29CB99FDF3A82D04,PLD-0B7C9E4E3D11E635,PLD-AD7084DE13C35126",review related Java symbols in the same source file
GRP-01158,TYPE,projectlibre_core,openproj_core/src/com/projity/util/DataUtils.java,2,2,LOW,"PLD-3367C342326743C3,PLD-EE2DEF345394847D",review related Java symbols in the same source file
GRP-01159,TYPE,projectlibre_core,openproj_core/src/com/projity/util/VersionUtils.java,1,1,LOW,PLD-A9E828BD426C653E,review related Java symbols in the same source file
GRP-01160,TYPE,projectlibre_core,openproj_core/src/org/openproj/util/UpdateChecker.java,3,3,LOW,"PLD-161B1C0F09B654AB,PLD-2CC5678807F3836B,PLD-8BDEA0BC59AAB208",review related Java symbols in the same source file
GRP-01161,TYPE,projectlibre_core,openproj_core/src/org/openproj/util/UpdateCheckerFormula.java,1,1,LOW,PLD-D27A8E477D3F798B,review related Java symbols in the same source file
GRP-01162,TYPE,projectlibre_core,projectlibre_core/src/com/projectlibre1/configuration/FieldDictionary.java,2,2,LOW,"PLD-9BAC015A570F88E9,PLD-67AE4AA17D5861F4",review related Java symbols in the same source file
GRP-01163,TYPE,projectlibre_core,projectlibre_core/src/com/projectlibre1/exchange/LocalFileImporter.java,5,5,LOW,"PLD-2964708C5C6EEC5D,PLD-BF46CE8F07FCFA95,PLD-781B41C8DF3DFBEA,PLD-C5891FF1057DAC4C,PLD-CEADCE59AB02D643",review related Java symbols in the same source file
GRP-01164,TYPE,projectlibre_core,projectlibre_core/src/com/projectlibre1/functor/StringList.java,1,1,LOW,PLD-006A7DBF7403DE29,review related Java symbols in the same source file
GRP-01165,TYPE,projectlibre_core,projectlibre_core/src/com/projectlibre1/grouping/core/NodeBridge.java,1,1,LOW,PLD-7A3A3EDD8265F44D,review related Java symbols in the same source file
GRP-01166,TYPE,projectlibre_core,projectlibre_core/src/com/projectlibre1/grouping/core/hierarchy/AbstractMutableNodeHierarchy.java,4,4,LOW,"PLD-B49D93D8ACF775A2,PLD-8015E903FC0ABFE7,PLD-EFBD41920C611F95,PLD-782B87E65523976B",review related Java symbols in the same source file
GRP-01167,TYPE,projectlibre_core,projectlibre_core/src/com/projectlibre1/grouping/core/model/AssignmentNodeModel.java,1,1,LOW,PLD-EFDB83192DED226B,review related Java symbols in the same source file
GRP-01168,TYPE,projectlibre_core,projectlibre_core/src/com/projectlibre1/job/Job.java,10,10,LOW,"PLD-ECB3EF7609FBF828,PLD-8C9104A1721A6FA5,PLD-3381F80C3FC9217B,PLD-F55907571B045A8D,PLD-99ABBEE3927F6858",review related Java symbols in the same source file
GRP-01169,TYPE,projectlibre_core,projectlibre_core/src/com/projectlibre1/pm/assignment/Assignment.java,3,3,LOW,"PLD-29C9E37D874917BD,PLD-EE1686D45CD17DF7,PLD-2D6EBF0033CD5AA9",review related Java symbols in the same source file
GRP-01170,TYPE,projectlibre_core,projectlibre_core/src/com/projectlibre1/pm/assignment/HasAssignmentsImpl.java,1,1,LOW,PLD-9EE14FEC3AB9E551,review related Java symbols in the same source file
GRP-01171,TYPE,projectlibre_core,projectlibre_core/src/com/projectlibre1/pm/calendar/WorkingCalendar.java,1,0,LOW,PLD-9C95A9348AC764D4,review related Java symbols in the same source file
GRP-01172,TYPE,projectlibre_core,projectlibre_core/src/com/projectlibre1/pm/dependency/DependencyService.java,1,0,LOW,PLD-F2DBFB1C1B0DC757,review related Java symbols in the same source file
GRP-01173,TYPE,projectlibre_core,projectlibre_core/src/com/projectlibre1/pm/key/uniqueid/UniqueIdPool.java,1,1,LOW,PLD-3DB427354F0DA9BD,review related Java symbols in the same source file
GRP-01174,TYPE,projectlibre_core,projectlibre_core/src/com/projectlibre1/pm/resource/ResourceImpl.java,1,1,LOW,PLD-E197D5738839722E,review related Java symbols in the same source file
GRP-01175,TYPE,projectlibre_core,projectlibre_core/src/com/projectlibre1/pm/task/NormalTask.java,4,4,LOW,"PLD-5F00AADB647ED742,PLD-D92D7428567F89E9,PLD-1E31538D6154DC51,PLD-294955827B7668EF",review related Java symbols in the same source file
GRP-01176,TYPE,projectlibre_core,projectlibre_core/src/com/projectlibre1/pm/task/Portfolio.java,4,4,LOW,"PLD-89F5888B9EC0240F,PLD-40B9952C15AEFB18,PLD-AD9B2BCCC91974F5,PLD-03CF6605B7DBE344",review related Java symbols in the same source file
GRP-01177,TYPE,projectlibre_core,projectlibre_core/src/com/projectlibre1/pm/task/Project.java,4,4,LOW,"PLD-EC14FE7FE30D952C,PLD-A646D49C015B84CA,PLD-21699E5DC7B19C56,PLD-87D2B259CEEBC92F",review related Java symbols in the same source file
GRP-01178,TYPE,projectlibre_core,projectlibre_core/src/com/projectlibre1/pm/task/ProjectFactory.java,9,9,LOW,"PLD-6C1AB294A1A35743,PLD-1B1085750DF0A77E,PLD-E8263D0E5FA46FD3,PLD-AC6B6C4819CFA330,PLD-7B5ECA32D177EA34",review related Java symbols in the same source file
GRP-01179,TYPE,projectlibre_core,projectlibre_core/src/com/projectlibre1/pm/task/Task.java,5,5,LOW,"PLD-7777DB610E654A1A,PLD-AB6BC530E9D9BA73,PLD-61E337BCE178D218,PLD-B7523FC8133DA574,PLD-5F0F28CEE395833D",review related Java symbols in the same source file
GRP-01180,TYPE,projectlibre_core,projectlibre_core/src/com/projectlibre1/scripting/FormulaClass.java,1,1,LOW,PLD-CB9E7246A412A2EE,review related Java symbols in the same source file
GRP-01181,TYPE,projectlibre_core,projectlibre_core/src/com/projectlibre1/session/FileHelper.java,6,6,LOW,"PLD-596625C5F58DB4B6,PLD-5A65CFC6CA0B0CEF,PLD-938D343B0105F58E,PLD-6CA31A45E334906D,PLD-8372DA3A98D3EA59",review related Java symbols in the same source file
GRP-01182,TYPE,projectlibre_core,projectlibre_core/src/com/projectlibre1/session/LocalSession.java,7,7,LOW,"PLD-5D7638FA4CC21DE9,PLD-9141CA53FD7F6A9C,PLD-4DC1003CAE45B493,PLD-96249DF43FE6668F,PLD-E22D1C46BA479CF5",review related Java symbols in the same source file
GRP-01183,TYPE,projectlibre_core,projectlibre_core/src/com/projectlibre1/util/VersionUtils.java,1,1,LOW,PLD-CF34513019AB54C2,review related Java symbols in the same source file
GRP-01184,TYPE,projectlibre_core,projectlibre_core/src/org/projectlibre1/util/UpdateChecker.java,2,2,LOW,"PLD-F036B50AEB0B5C5F,PLD-AFC36F84B966D5AB",review related Java symbols in the same source file
GRP-01185,TYPE,projectlibre_exchange,modules/projectlibre_core/src/main/java/com/projectlibre1/server/data/CalendarData.java,2,0,LOW,"PLD-3E3AE7BC55350A21,PLD-499406BE0863723D",review related Java symbols in the same source file
GRP-01186,TYPE,projectlibre_exchange,modules/projectlibre_core/src/main/java/com/projectlibre1/server/data/ProjectData.java,2,0,LOW,"PLD-2D842F15D6C04445,PLD-AC713C5D192FC188",review related Java symbols in the same source file
GRP-01187,TYPE,projectlibre_exchange,modules/projectlibre_exchange/src/main/java/com/projectlibre/core/pm/exchange/MspExporter.java,1,0,LOW,PLD-5130D590CD4D3077,review related Java symbols in the same source file
GRP-01188,TYPE,projectlibre_exchange,modules/projectlibre_exchange/src/main/java/com/projectlibre/core/pm/exchange/MspImporter.java,2,0,LOW,"PLD-B3B94C67C7E8795E,PLD-DD12DEC3139893ED",review related Java symbols in the same source file
GRP-01189,TYPE,projectlibre_exchange,modules/projectlibre_exchange/src/main/java/com/projectlibre/core/pm/exchange/ProjectConverter.java,2,0,LOW,"PLD-F39287C89E9D0959,PLD-6654573256C231FE",review related Java symbols in the same source file
GRP-01190,TYPE,projectlibre_exchange,modules/projectlibre_exchange/src/main/java/com/projectlibre/core/pm/exchange/converters/mpx/MpxAssignmentConverter.java,1,0,LOW,PLD-6CF4D4BDCEB6C3ED,review related Java symbols in the same source file
GRP-01191,TYPE,projectlibre_exchange,modules/projectlibre_exchange/src/main/java/com/projectlibre/core/pm/exchange/converters/mpx/MpxCalendarConverter.java,1,0,LOW,PLD-96A3CB169F670953,review related Java symbols in the same source file
GRP-01192,TYPE,projectlibre_exchange,modules/projectlibre_exchange/src/main/java/com/projectlibre/core/pm/exchange/converters/mpx/MpxDependencyConverter.java,1,0,LOW,PLD-F6A8831EB376231B,review related Java symbols in the same source file
GRP-01193,TYPE,projectlibre_exchange,modules/projectlibre_exchange/src/main/java/com/projectlibre/core/pm/exchange/converters/mpx/MpxExceptionConverter.java,1,0,LOW,PLD-4D1BA8B4A505A8D3,review related Java symbols in the same source file
GRP-01194,TYPE,projectlibre_exchange,modules/projectlibre_exchange/src/main/java/com/projectlibre/core/pm/exchange/converters/mpx/MpxImportState.java,1,0,LOW,PLD-5048D65929680BA4,review related Java symbols in the same source file
GRP-01195,TYPE,projectlibre_exchange,modules/projectlibre_exchange/src/main/java/com/projectlibre/core/pm/exchange/converters/mpx/MpxOptionsConverter.java,1,0,LOW,PLD-F0CBF0663E9D7D85,review related Java symbols in the same source file
GRP-01196,TYPE,projectlibre_exchange,modules/projectlibre_exchange/src/main/java/com/projectlibre/core/pm/exchange/converters/mpx/MpxProjectConverter.java,1,0,LOW,PLD-56F378B6D5E89889,review related Java symbols in the same source file
GRP-01197,TYPE,projectlibre_exchange,modules/projectlibre_exchange/src/main/java/com/projectlibre/core/pm/exchange/converters/mpx/MpxRangeConverter.java,1,0,LOW,PLD-0873176C85BD878A,review related Java symbols in the same source file
GRP-01198,TYPE,projectlibre_exchange,modules/projectlibre_exchange/src/main/java/com/projectlibre/core/pm/exchange/converters/mpx/MpxResourceConverter.java,1,0,LOW,PLD-DB47CE10E57D3A3A,review related Java symbols in the same source file
GRP-01199,TYPE,projectlibre_exchange,modules/projectlibre_exchange/src/main/java/com/projectlibre/core/pm/exchange/converters/mpx/MpxTaskConverter.java,1,0,LOW,PLD-4957E3A8A4B33314,review related Java symbols in the same source file
GRP-01200,TYPE,projectlibre_exchange,modules/projectlibre_exchange/src/main/java/com/projectlibre/core/pm/exchange/converters/mpx/MpxTimephasedConverter.java,1,0,LOW,PLD-9F481AFB32E5F420,review related Java symbols in the same source file
GRP-01201,TYPE,projectlibre_exchange,modules/projectlibre_exchange/src/main/java/com/projectlibre/core/pm/exchange/converters/mpx/type/MpxAccrueTypeConverter.java,1,0,LOW,PLD-CCEED3177C51EEC5,review related Java symbols in the same source file
GRP-01202,TYPE,projectlibre_exchange,modules/projectlibre_exchange/src/main/java/com/projectlibre/core/pm/exchange/converters/mpx/type/MpxConstraintTypeConverter.java,1,0,LOW,PLD-A6B0575E9EE8EDFE,review related Java symbols in the same source file
GRP-01203,TYPE,projectlibre_exchange,modules/projectlibre_exchange/src/main/java/com/projectlibre/core/pm/exchange/converters/mpx/type/MpxDependencyTypeConverter.java,1,0,LOW,PLD-4F522E406FD1DE5F,review related Java symbols in the same source file
GRP-01204,TYPE,projectlibre_exchange,modules/projectlibre_exchange/src/main/java/com/projectlibre/core/pm/exchange/converters/mpx/type/MpxDurationConverter.java,1,0,LOW,PLD-21881CF01CBC9191,review related Java symbols in the same source file
GRP-01205,TYPE,projectlibre_exchange,modules/projectlibre_exchange/src/main/java/com/projectlibre/core/pm/exchange/converters/mpx/type/MpxEarnedValueMethodConverter.java,1,0,LOW,PLD-E11AC6E22D60CF03,review related Java symbols in the same source file
GRP-01206,TYPE,projectlibre_exchange,modules/projectlibre_exchange/src/main/java/com/projectlibre/core/pm/exchange/converters/mpx/type/MpxPriorityConverter.java,1,0,LOW,PLD-8476620C6E89C77B,review related Java symbols in the same source file
GRP-01207,TYPE,projectlibre_exchange,modules/projectlibre_exchange/src/main/java/com/projectlibre/core/pm/exchange/converters/mpx/type/MpxRateConverter.java,1,0,LOW,PLD-359481831D5F6BA4,review related Java symbols in the same source file
GRP-01208,TYPE,projectlibre_exchange,modules/projectlibre_exchange/src/main/java/com/projectlibre/core/pm/exchange/converters/mpx/type/MpxScheduleFromConverter.java,1,0,LOW,PLD-8828657C9021A3AF,review related Java symbols in the same source file
GRP-01209,TYPE,projectlibre_exchange,modules/projectlibre_exchange/src/main/java/com/projectlibre/core/pm/exchange/converters/mpx/type/MpxSchedulingTypeConverter.java,1,0,LOW,PLD-DA48F01306504BD0,review related Java symbols in the same source file
GRP-01210,TYPE,projectlibre_exchange,modules/projectlibre_exchange/src/main/java/com/projectlibre/core/pm/exchange/converters/op/OpAssignmentConverter.java,1,0,LOW,PLD-5711945A35B645F6,review related Java symbols in the same source file
GRP-01211,TYPE,projectlibre_exchange,modules/projectlibre_exchange/src/main/java/com/projectlibre/core/pm/exchange/converters/op/OpCalendarConverter.java,1,0,LOW,PLD-F8863520082826BC,review related Java symbols in the same source file
GRP-01212,TYPE,projectlibre_exchange,modules/projectlibre_exchange/src/main/java/com/projectlibre/core/pm/exchange/converters/op/OpDependencyConverter.java,1,0,LOW,PLD-29A4BD80004FED91,review related Java symbols in the same source file
GRP-01213,TYPE,projectlibre_exchange,modules/projectlibre_exchange/src/main/java/com/projectlibre/core/pm/exchange/converters/op/OpExceptionConverter.java,1,0,LOW,PLD-70456E84A3FB3747,review related Java symbols in the same source file
GRP-01214,TYPE,projectlibre_exchange,modules/projectlibre_exchange/src/main/java/com/projectlibre/core/pm/exchange/converters/op/OpImportState.java,1,0,LOW,PLD-2702B01F5F28C7CB,review related Java symbols in the same source file
GRP-01215,TYPE,projectlibre_exchange,modules/projectlibre_exchange/src/main/java/com/projectlibre/core/pm/exchange/converters/op/OpOptionsConverter.java,1,0,LOW,PLD-14D283FFCD937082,review related Java symbols in the same source file
GRP-01216,TYPE,projectlibre_exchange,modules/projectlibre_exchange/src/main/java/com/projectlibre/core/pm/exchange/converters/op/OpProjectConverter.java,1,0,LOW,PLD-79D1BC9D9980DF1D,review related Java symbols in the same source file
GRP-01217,TYPE,projectlibre_exchange,modules/projectlibre_exchange/src/main/java/com/projectlibre/core/pm/exchange/converters/op/OpRangeConverter.java,1,0,LOW,PLD-928A0BD4C66F624D,review related Java symbols in the same source file
GRP-01218,TYPE,projectlibre_exchange,modules/projectlibre_exchange/src/main/java/com/projectlibre/core/pm/exchange/converters/op/OpResourceConverter.java,1,0,LOW,PLD-1C36DA6C4E1EF54C,review related Java symbols in the same source file
GRP-01219,TYPE,projectlibre_exchange,modules/projectlibre_exchange/src/main/java/com/projectlibre/core/pm/exchange/converters/op/OpTaskConverter.java,1,0,LOW,PLD-9CE7316B70D8B239,review related Java symbols in the same source file
GRP-01220,TYPE,projectlibre_exchange,modules/projectlibre_exchange/src/main/java/com/projectlibre/core/pm/exchange/converters/op/OpTimephasedConverter.java,1,0,LOW,PLD-D0FA8FC752DBA98B,review related Java symbols in the same source file
GRP-01221,TYPE,projectlibre_exchange,modules/projectlibre_exchange/src/main/java/com/projectlibre/core/pm/exchange/converters/op/type/OpAccrueTypeConverter.java,1,0,LOW,PLD-8B84A0271E024A80,review related Java symbols in the same source file
GRP-01222,TYPE,projectlibre_exchange,modules/projectlibre_exchange/src/main/java/com/projectlibre/core/pm/exchange/converters/op/type/OpDependencyTypeConverter.java,1,0,LOW,PLD-1835F4AC0DCECB8F,review related Java symbols in the same source file
GRP-01223,TYPE,projectlibre_exchange,modules/projectlibre_exchange/src/main/java/com/projectlibre/core/pm/exchange/converters/op/type/OpDurationConverter.java,1,0,LOW,PLD-29CD24F9CB2A1CE1,review related Java symbols in the same source file
GRP-01224,TYPE,projectlibre_exchange,modules/projectlibre_exchange/src/main/java/com/projectlibre/core/pm/exchange/converters/op/type/OpEarnedValueMethodConverter.java,1,0,LOW,PLD-A9D5AF623E1B7A97,review related Java symbols in the same source file
GRP-01225,TYPE,projectlibre_exchange,modules/projectlibre_exchange/src/main/java/com/projectlibre/core/pm/exchange/converters/op/type/OpRateConverter.java,1,0,LOW,PLD-6F1128633629D0C3,review related Java symbols in the same source file
GRP-01226,TYPE,projectlibre_exchange,modules/projectlibre_exchange/src/main/java/com/projectlibre/core/pm/exchange/converters/op/type/OpSchedulingTypeConverter.java,1,0,LOW,PLD-49D4E7CB1316CFC1,review related Java symbols in the same source file
GRP-01227,TYPE,projectlibre_exchange,modules/projectlibre_exchange/src/main/java/com/projectlibre/core/pm/exchange/converters/type/CalendarUTCLongConverter.java,1,0,LOW,PLD-0933C77594D3A8F3,review related Java symbols in the same source file
GRP-01228,TYPE,projectlibre_exchange,modules/projectlibre_exchange/src/main/java/com/projectlibre/core/pm/exchange/converters/type/DateHoursMinsConverter.java,1,0,LOW,PLD-5CF59D5808E5074F,review related Java symbols in the same source file
GRP-01229,TYPE,projectlibre_exchange,modules/projectlibre_exchange/src/main/java/com/projectlibre/core/pm/exchange/converters/type/DateLongConverter.java,1,0,LOW,PLD-9BE38950B1E12B09,review related Java symbols in the same source file
GRP-01230,TYPE,projectlibre_exchange,modules/projectlibre_exchange/src/main/java/com/projectlibre/core/pm/exchange/converters/type/DateUTCConverter.java,1,0,LOW,PLD-F8DDE0A97C173754,review related Java symbols in the same source file
GRP-01231,TYPE,projectlibre_exchange,modules/projectlibre_exchange/src/main/java/com/projectlibre/core/pm/exchange/converters/type/DateUTCLongConverter.java,1,0,LOW,PLD-6017F9E9DFB88353,review related Java symbols in the same source file
GRP-01232,TYPE,projectlibre_exchange,modules/projectlibre_exchange/src/main/java/com/projectlibre/core/pm/exchange/converters/type/LongDateConverter.java,1,0,LOW,PLD-918CB0A21AF781D8,review related Java symbols in the same source file
GRP-01233,TYPE,projectlibre_exchange,modules/projectlibre_exchange/src/main/java/com/projectlibre/core/pm/exchange/converters/type/NumberDoubleConverter.java,1,0,LOW,PLD-67A60170B4DA6E8E,review related Java symbols in the same source file
GRP-01234,TYPE,projectlibre_exchange,modules/projectlibre_exchange/src/main/java/com/projectlibre/core/pm/exchange/converters/type/PercentNumberRatioDoubleConverter.java,1,0,LOW,PLD-31437AC1EE0498FA,review related Java symbols in the same source file
GRP-01235,TYPE,projectlibre_exchange,modules/projectlibre_exchange/src/main/java/com/projectlibre/core/pm/exchange/converters/type/TruncatedStringConverter.java,1,0,LOW,PLD-9B3C0077937E207F,review related Java symbols in the same source file
GRP-01236,TYPE,projectlibre_exchange,modules/projectlibre_exchange/src/main/java/com/projectlibre/exchange/OPExporter.java,1,0,LOW,PLD-DB32D1CB5D518CC6,review related Java symbols in the same source file
GRP-01237,TYPE,projectlibre_exchange,modules/projectlibre_exchange/src/main/java/com/projectlibre/exchange/OPImporter.java,1,0,LOW,PLD-04973DF0558C985C,review related Java symbols in the same source file
GRP-01238,TYPE,projectlibre_exchange,modules/projectlibre_exchange/src/main/java/com/projectlibre1/exchange/Context.java,1,0,LOW,PLD-846A957EFEC7B662,review related Java symbols in the same source file
GRP-01239,TYPE,projectlibre_exchange,modules/projectlibre_exchange/src/main/java/com/projectlibre1/exchange/ImportedCalendarService.java,1,0,LOW,PLD-29D196D1720B2ED6,review related Java symbols in the same source file
GRP-01240,TYPE,projectlibre_exchange,modules/projectlibre_exchange/src/main/java/com/projectlibre1/exchange/MicrosoftImporter.java,1,0,LOW,PLD-D4684055A5D01E48,review related Java symbols in the same source file
GRP-01241,TYPE,projectlibre_exchange,modules/projectlibre_exchange/src/main/java/com/projectlibre1/exchange/ServerFileImporter.java,1,0,LOW,PLD-C03114223E23F443,review related Java symbols in the same source file
GRP-01242,TYPE,projectlibre_exchange,modules/projectlibre_exchange/src/main/java/com/projectlibre1/exchange/ServerLocalFileImporter.java,4,0,LOW,"PLD-E95393A8D9C8DCE5,PLD-41CC98232750DB0D,PLD-7BE2A17C16488A82,PLD-3C745BD377D42EE1",review related Java symbols in the same source file
GRP-01243,TYPE,projectlibre_exchange,modules/projectlibre_exchange/src/main/java/com/projectlibre1/server/data/AssignmentData.java,2,0,LOW,"PLD-2D7BA5E7A6F4B2A6,PLD-5FB7564C51EC791B",review related Java symbols in the same source file
GRP-01244,TYPE,projectlibre_exchange,modules/projectlibre_exchange/src/main/java/com/projectlibre1/server/data/ByteArrayObject.java,1,0,LOW,PLD-0476E5A1089F46FD,review related Java symbols in the same source file
GRP-01245,TYPE,projectlibre_exchange,modules/projectlibre_exchange/src/main/java/com/projectlibre1/server/data/CompanyData.java,2,0,LOW,"PLD-54E35E7BCE86C4C7,PLD-2BD31CE9379402EA",review related Java symbols in the same source file
GRP-01246,TYPE,projectlibre_exchange,modules/projectlibre_exchange/src/main/java/com/projectlibre1/server/data/CustomFieldsMapper.java,2,0,LOW,"PLD-A81DB1E7BBE837DB,PLD-B47A21E750684275",review related Java symbols in the same source file
GRP-01247,TYPE,projectlibre_exchange,modules/projectlibre_exchange/src/main/java/com/projectlibre1/server/data/DataObjectImpl.java,1,0,LOW,PLD-2346645E8A2156D2,review related Java symbols in the same source file
GRP-01248,TYPE,projectlibre_exchange,modules/projectlibre_exchange/src/main/java/com/projectlibre1/server/data/EnterpriseResourceData.java,2,0,LOW,"PLD-EE0552DE9D5D5BCC,PLD-4A40D66816257DE6",review related Java symbols in the same source file
GRP-01249,TYPE,projectlibre_exchange,modules/projectlibre_exchange/src/main/java/com/projectlibre1/server/data/GroupData.java,1,0,LOW,PLD-2DBE35838CB37BF8,review related Java symbols in the same source file
GRP-01250,TYPE,projectlibre_exchange,modules/projectlibre_exchange/src/main/java/com/projectlibre1/server/data/IncrementalData.java,1,0,LOW,PLD-60237DE5A0651668,review related Java symbols in the same source file
GRP-01251,TYPE,projectlibre_exchange,modules/projectlibre_exchange/src/main/java/com/projectlibre1/server/data/LinkData.java,2,0,LOW,"PLD-1C92F075776465FC,PLD-9256EB2F8FCF5A6F",review related Java symbols in the same source file
GRP-01252,TYPE,projectlibre_exchange,modules/projectlibre_exchange/src/main/java/com/projectlibre1/server/data/LockException.java,1,0,LOW,PLD-6DB3FFB4FCFE8D62,review related Java symbols in the same source file
GRP-01253,TYPE,projectlibre_exchange,modules/projectlibre_exchange/src/main/java/com/projectlibre1/server/data/MPXConverter.java,1,0,LOW,PLD-608C336FD391B88E,review related Java symbols in the same source file
GRP-01254,TYPE,projectlibre_exchange,modules/projectlibre_exchange/src/main/java/com/projectlibre1/server/data/MSPDISerializer.java,1,0,LOW,PLD-DB32D5185FABE94F,review related Java symbols in the same source file
GRP-01255,TYPE,projectlibre_exchange,modules/projectlibre_exchange/src/main/java/com/projectlibre1/server/data/ProjectSerializer.java,1,0,LOW,PLD-1CBD555276D10089,review related Java symbols in the same source file
GRP-01256,TYPE,projectlibre_exchange,modules/projectlibre_exchange/src/main/java/com/projectlibre1/server/data/ResourceData.java,2,0,LOW,"PLD-6BC968B9D5C005A8,PLD-C32C7648213BC1D4",review related Java symbols in the same source file
GRP-01257,TYPE,projectlibre_exchange,modules/projectlibre_exchange/src/main/java/com/projectlibre1/server/data/RoleData.java,1,0,LOW,PLD-97DBA18B20F7A08E,review related Java symbols in the same source file
GRP-01258,TYPE,projectlibre_exchange,modules/projectlibre_exchange/src/main/java/com/projectlibre1/server/data/SerializeOptions.java,1,0,LOW,PLD-A119C8D748ACA057,review related Java symbols in the same source file
GRP-01259,TYPE,projectlibre_exchange,modules/projectlibre_exchange/src/main/java/com/projectlibre1/server/data/SerializeUtil.java,1,0,LOW,PLD-EA9018F8419F25FF,review related Java symbols in the same source file
GRP-01260,TYPE,projectlibre_exchange,modules/projectlibre_exchange/src/main/java/com/projectlibre1/server/data/Serializer.java,4,0,LOW,"PLD-0899A64F5C766B63,PLD-2DBBE8BBF02A1517,PLD-34F79A2659EA23D4,PLD-0172BC439EF32F31",review related Java symbols in the same source file
GRP-01261,TYPE,projectlibre_exchange,modules/projectlibre_exchange/src/main/java/com/projectlibre1/server/data/TaskData.java,2,0,LOW,"PLD-04B06C73E175AB19,PLD-94A03DC89C979162",review related Java symbols in the same source file
GRP-01262,TYPE,projectlibre_exchange,modules/projectlibre_exchange/src/main/java/com/projectlibre1/server/data/TypeSystemConverter.java,1,0,LOW,PLD-FFADE892073648B9,review related Java symbols in the same source file
GRP-01263,TYPE,projectlibre_exchange,modules/projectlibre_exchange/src/main/java/com/projectlibre1/server/data/TypeSystemConverterFactory.java,1,0,LOW,PLD-A5DACE5E77BF59C2,review related Java symbols in the same source file
GRP-01264,TYPE,projectlibre_exchange,modules/projectlibre_exchange/src/main/java/com/projectlibre1/server/data/UserData.java,2,0,LOW,"PLD-E3EC715D937DADDF,PLD-AD94737F3F7D794B",review related Java symbols in the same source file
GRP-01265,TYPE,projectlibre_exchange,modules/projectlibre_exchange/src/main/java/com/projectlibre1/server/data/linker/Linker.java,3,0,LOW,"PLD-5C970CB068558C9B,PLD-155D81DCE1D54582,PLD-E1FE0DAB45FA58F7",review related Java symbols in the same source file
GRP-01266,TYPE,projectlibre_exchange,modules/projectlibre_exchange/src/main/java/com/projectlibre1/server/data/linker/ResourceLinker.java,1,0,LOW,PLD-42908825DC5FF080,review related Java symbols in the same source file
GRP-01267,TYPE,projectlibre_exchange,modules/projectlibre_exchange/src/main/java/com/projectlibre1/server/data/linker/TaskLinker.java,2,0,LOW,"PLD-5803A5885B8A53D2,PLD-4ABDE51B11EE0670",review related Java symbols in the same source file
GRP-01268,TYPE,projectlibre_exchange,modules/projectlibre_exchange/src/main/java/com/projectlibre1/server/data/mspdi/ModifiedMSPDIWriter.java,1,0,LOW,PLD-B68428F312845528,review related Java symbols in the same source file
GRP-01269,TYPE,projectlibre_exchange,modules/projectlibre_exchange/src/main/java/com/projectlibre1/server/data/mspdi/ProjectContentHandler.java,1,0,LOW,PLD-EE666E844F000329,review related Java symbols in the same source file
GRP-01270,TYPE,projectlibre_exchange,modules/projectlibre_exchange/src/main/java/com/projectlibre1/server/data/mspdi/TimeDistributedTypeMapper.java,1,0,LOW,PLD-05A8586CF79FAA2F,review related Java symbols in the same source file
GRP-01271,TYPE,projectlibre_exchange,modules/projectlibre_exchange/src/main/java/com/projectlibre1/server/data/mspdi/TimephasedConsumer.java,1,0,LOW,PLD-F4CE76197BA14569,review related Java symbols in the same source file
GRP-01272,TYPE,projectlibre_exchange,modules/projectlibre_exchange/src/main/java/com/projectlibre1/server/data/mspdi/TimephasedGetter.java,1,0,LOW,PLD-C7C87ED10DE4A3CA,review related Java symbols in the same source file
GRP-01273,TYPE,projectlibre_exchange,modules/projectlibre_exchange/src/main/java/com/projectlibre1/server/data/mspdi/TimephasedService.java,1,0,LOW,PLD-214DCA4C65F12863,review related Java symbols in the same source file
GRP-01274,TYPE,projectlibre_exchange,modules/projectlibre_exchange/src/main/java/com/projectlibre1/server/data/mspdi/XsdDuration.java,1,0,LOW,PLD-E2C4A989C6B59800,review related Java symbols in the same source file
GRP-01275,TYPE,projectlibre_exchange,modules/projectlibre_exchange/src/test/java/com/projectlibre1/exchange/MicrosoftImporterTest.java,1,0,LOW,PLD-D47F11BF823625D8,review related Java symbols in the same source file
GRP-01276,TYPE,projectlibre_exchange,projectlibre_exchange/src/com/projectlibre/core/pm/exchange/ImprovedMSPDIReader.java,1,0,LOW,PLD-C8588FE5AB642328,review related Java symbols in the same source file
GRP-01277,TYPE,projectlibre_exchange,projectlibre_exchange/src/com/projectlibre1/exchange/MicrosoftImporter.java,9,0,LOW,"PLD-4B06CA1C8104E7FC,PLD-075457AEF3685A8F,PLD-96287563C500EF15,PLD-EADE2666E4A6D888,PLD-FBBB494AF1BA1F90",review related Java symbols in the same source file
GRP-01278,TYPE,projectlibre_exchange,projectlibre_exchange/src/com/projectlibre1/server/data/MSPDISerializer.java,2,0,LOW,"PLD-9E8AC83CC8916C43,PLD-6F4286EB1B8F8FE1",review related Java symbols in the same source file
GRP-01279,TYPE,projectlibre_exchange,projectlibre_exchange/src/com/projectlibre1/server/data/Serializer.java,10,0,LOW,"PLD-17A1E016E08265DE,PLD-E6930AA2CCEFAF89,PLD-02ED3015022976AA,PLD-DD62B0CD49A19E04,PLD-DDFA0F15635A5333",review related Java symbols in the same source file
GRP-01280,TYPE,projectlibre_exchange,projectlibre_exchange/src/com/projectlibre1/server/data/mspdi/ModifiedMSPDIWriter.java,1,0,LOW,PLD-8F0034A3150751D0,review related Java symbols in the same source file
GRP-01281,TYPE,projectlibre_exchange,projectlibre_exchange/src/com/projectlibre1/server/data/mspdi/NewModifiedMSPDIReader.java,1,0,LOW,PLD-94C88DA7675032A8,review related Java symbols in the same source file
GRP-01282,TYPE,projectlibre_ui,modules/projectlibre_ui/src/main/java/com/projectlibre/ui/ribbon/CustomRibbonBandGenerator.java,1,1,LOW,PLD-7090C82D225F5C7D,review related Java symbols in the same source file
GRP-01283,TYPE,projectlibre_ui,modules/projectlibre_ui/src/main/java/com/projectlibre1/dialog/AboutDialog.java,1,1,LOW,PLD-5851D3812D7D61B8,review related Java symbols in the same source file
GRP-01284,TYPE,projectlibre_ui,modules/projectlibre_ui/src/main/java/com/projectlibre1/dialog/ActionJList.java,2,2,LOW,"PLD-A7A70F44E412AEB5,PLD-8E17A7B874C3F136",review related Java symbols in the same source file
GRP-01285,TYPE,projectlibre_ui,modules/projectlibre_ui/src/main/java/com/projectlibre1/dialog/BaselineDialog.java,2,2,LOW,"PLD-2FD6DB31AA7911A0,PLD-92B8A1D7FF73D076",review related Java symbols in the same source file
GRP-01286,TYPE,projectlibre_ui,modules/projectlibre_ui/src/main/java/com/projectlibre1/dialog/DependencyDialog.java,1,1,LOW,PLD-0F61F5AA08E14162,review related Java symbols in the same source file
GRP-01287,TYPE,projectlibre_ui,modules/projectlibre_ui/src/main/java/com/projectlibre1/dialog/HelpDialog.java,1,1,LOW,PLD-27C5D86EAEE1BA2A,review related Java symbols in the same source file
GRP-01288,TYPE,projectlibre_ui,modules/projectlibre_ui/src/main/java/com/projectlibre1/dialog/InformationDialog.java,2,2,LOW,"PLD-324D3FC623D1A0D5,PLD-F3C747FA5BC56BE8",review related Java symbols in the same source file
GRP-01289,TYPE,projectlibre_ui,modules/projectlibre_ui/src/main/java/com/projectlibre1/dialog/LocaleDialog.java,4,4,LOW,"PLD-BE827D76B79869F4,PLD-CDE137D6926CC536,PLD-1110D3EC85F7B716,PLD-2D71F4C5E466A9EC",review related Java symbols in the same source file
GRP-01290,TYPE,projectlibre_ui,modules/projectlibre_ui/src/main/java/com/projectlibre1/dialog/RenameProjectDialog.java,1,1,LOW,PLD-612AF203338FD67E,review related Java symbols in the same source file
GRP-01291,TYPE,projectlibre_ui,modules/projectlibre_ui/src/main/java/com/projectlibre1/dialog/UpdateProjectDialogBox.java,2,2,LOW,"PLD-1725AFF0E6AA8A07,PLD-5BE1EFA6CC9C7FEF",review related Java symbols in the same source file
GRP-01292,TYPE,projectlibre_ui,modules/projectlibre_ui/src/main/java/com/projectlibre1/dialog/XbsDependencyDialog.java,1,1,LOW,PLD-6824A5E98B85C637,review related Java symbols in the same source file
GRP-01293,TYPE,projectlibre_ui,modules/projectlibre_ui/src/main/java/com/projectlibre1/dialog/assignment/AssignmentDialog.java,5,5,LOW,"PLD-052172E24B43B22D,PLD-0C74E356A05ABFE3,PLD-C065009373DD79B0,PLD-2C3643EA78A0A20E,PLD-7BDF79C5B67B4B66",review related Java symbols in the same source file
GRP-01294,TYPE,projectlibre_ui,modules/projectlibre_ui/src/main/java/com/projectlibre1/dialog/calendar/Intervals.java,1,1,LOW,PLD-1A72EFA3A64E1781,review related Java symbols in the same source file
GRP-01295,TYPE,projectlibre_ui,modules/projectlibre_ui/src/main/java/com/projectlibre1/dialog/calendar/NewBaseCalendarDialog.java,2,2,LOW,"PLD-9BE0904C33C47060,PLD-9EFBCDD6C26AFA09",review related Java symbols in the same source file
GRP-01296,TYPE,projectlibre_ui,modules/projectlibre_ui/src/main/java/com/projectlibre1/menu/ExtRibbonFactory.java,1,0,HIGH,PLD-3CDA730AEAD054E9,review related Java symbols in the same source file
GRP-01297,TYPE,projectlibre_ui,modules/projectlibre_ui/src/main/java/com/projectlibre1/menu/HyperLinkToolTip.java,2,0,HIGH,"PLD-6CDAB0DF5B71B5EB,PLD-6EF75ECA0ED743B0",review related Java symbols in the same source file
GRP-01298,TYPE,projectlibre_ui,modules/projectlibre_ui/src/main/java/com/projectlibre1/pm/graphic/chart/ChartCorner.java,1,1,LOW,PLD-18960414FF447F84,review related Java symbols in the same source file
GRP-01299,TYPE,projectlibre_ui,modules/projectlibre_ui/src/main/java/com/projectlibre1/pm/graphic/chart/TimeChartPanel.java,2,2,LOW,"PLD-D81CFA1F251B2CA1,PLD-CD7E1D63A987E64A",review related Java symbols in the same source file
GRP-01300,TYPE,projectlibre_ui,modules/projectlibre_ui/src/main/java/com/projectlibre1/pm/graphic/frames/GraphicManager.java,2,2,LOW,"PLD-3A63ED137A8626AF,PLD-EB626CC5A34F421D",review related Java symbols in the same source file
GRP-01301,TYPE,projectlibre_ui,modules/projectlibre_ui/src/main/java/com/projectlibre1/pm/graphic/frames/MainFrame.java,1,1,LOW,PLD-5C1756323FE9E8F2,review related Java symbols in the same source file
GRP-01302,TYPE,projectlibre_ui,modules/projectlibre_ui/src/main/java/com/projectlibre1/pm/graphic/frames/MainFrameFactory.java,1,1,LOW,PLD-C4A327674E4B3EEC,review related Java symbols in the same source file
GRP-01303,TYPE,projectlibre_ui,modules/projectlibre_ui/src/main/java/com/projectlibre1/pm/graphic/frames/MainRibbonFrame.java,1,1,LOW,PLD-31017A60B4348AF5,review related Java symbols in the same source file
GRP-01304,TYPE,projectlibre_ui,modules/projectlibre_ui/src/main/java/com/projectlibre1/pm/graphic/frames/StartupFactory.java,3,3,LOW,"PLD-F3E0BF7A2A7E638B,PLD-E8ABF314B43150EB,PLD-B7D34B3653F6496A",review related Java symbols in the same source file
GRP-01305,TYPE,projectlibre_ui,modules/projectlibre_ui/src/main/java/com/projectlibre1/pm/graphic/frames/workspace/NamedFrame.java,2,2,LOW,"PLD-1F164AF0CF2AF82A,PLD-6ED8759471C43620",review related Java symbols in the same source file
GRP-01306,TYPE,projectlibre_ui,modules/projectlibre_ui/src/main/java/com/projectlibre1/pm/graphic/network/NetworkPopupMenu.java,1,0,HIGH,PLD-A537A288075DF4AB,review related Java symbols in the same source file
GRP-01307,TYPE,projectlibre_ui,modules/projectlibre_ui/src/main/java/com/projectlibre1/pm/graphic/spreadsheet/common/CommonSpreadSheet.java,1,1,LOW,PLD-CFB93BE38DC2470E,review related Java symbols in the same source file
GRP-01308,TYPE,projectlibre_ui,modules/projectlibre_ui/src/main/java/org/projectlibre/export/ImageExport.java,1,1,LOW,PLD-EED327B08285D7D8,review related Java symbols in the same source file
GRP-01309,TYPE,projectlibre_ui,modules/projectlibre_ui/src/main/java/org/projectlibre/export/PDFExport.java,1,1,LOW,PLD-098228DB909097EB,review related Java symbols in the same source file
GRP-01310,TYPE,projectlibre_ui,modules/projectlibre_ui/src/main/java/org/projectlibre/print/ProjectLibrePrintServiceImpl.java,1,1,LOW,PLD-AC7C32CFDC2A90DD,review related Java symbols in the same source file
GRP-01311,TYPE,projectlibre_ui,openproj_ui/src/com/projity/dialog/AboutDialog.java,1,1,LOW,PLD-BABA0D50410EFD87,review related Java symbols in the same source file
GRP-01312,TYPE,projectlibre_ui,openproj_ui/src/com/projity/dialog/AbstractDialog.java,5,5,LOW,"PLD-1F8A1C832C2230F2,PLD-FA23D007C2A67FA5,PLD-2EBD261B8138B4F4,PLD-F67489C923FC7C5B,PLD-41E1D66696DA5BC1",review related Java symbols in the same source file
GRP-01313,TYPE,projectlibre_ui,openproj_ui/src/com/projity/dialog/ActionJList.java,2,2,LOW,"PLD-A026D602A466F538,PLD-F4FECF180ADAA826",review related Java symbols in the same source file
GRP-01314,TYPE,projectlibre_ui,openproj_ui/src/com/projity/dialog/BaselineDialog.java,2,2,LOW,"PLD-F7CDD11D53F54F07,PLD-E823A20666357ECC",review related Java symbols in the same source file
GRP-01315,TYPE,projectlibre_ui,openproj_ui/src/com/projity/dialog/DependencyDialog.java,1,1,LOW,PLD-692BE40D76BE18A2,review related Java symbols in the same source file
GRP-01316,TYPE,projectlibre_ui,openproj_ui/src/com/projity/dialog/FieldDialog.java,1,1,LOW,PLD-CD65B22083F4026D,review related Java symbols in the same source file
GRP-01317,TYPE,projectlibre_ui,openproj_ui/src/com/projity/dialog/FindDialog.java,2,2,LOW,"PLD-220B849A32C44098,PLD-1B2F2625A237FB96",review related Java symbols in the same source file
GRP-01318,TYPE,projectlibre_ui,openproj_ui/src/com/projity/dialog/HelpDialog.java,4,4,LOW,"PLD-7C012E32C5CDF9B7,PLD-5A86F02BB5DF6EA6,PLD-2F049433DB376B57,PLD-AE296E2D97B2AB4A",review related Java symbols in the same source file
GRP-01319,TYPE,projectlibre_ui,openproj_ui/src/com/projity/dialog/InformationDialog.java,2,2,LOW,"PLD-A9FFF8D49E8EAE8B,PLD-BB168E96F6A85F70",review related Java symbols in the same source file
GRP-01320,TYPE,projectlibre_ui,openproj_ui/src/com/projity/dialog/LicenseDialog.java,2,2,LOW,"PLD-75BD33CB0E64712A,PLD-EA161B20F68C7FF5",review related Java symbols in the same source file
GRP-01321,TYPE,projectlibre_ui,openproj_ui/src/com/projity/dialog/LoginDialog.java,2,2,LOW,"PLD-5F1D8AD5BC889D54,PLD-596AC0FCD628FA91",review related Java symbols in the same source file
GRP-01322,TYPE,projectlibre_ui,openproj_ui/src/com/projity/dialog/LookupDialog.java,3,3,LOW,"PLD-D72B99C9D2C37E98,PLD-CEAC55202B2739DC,PLD-96F4FF515832B497",review related Java symbols in the same source file
GRP-01323,TYPE,projectlibre_ui,openproj_ui/src/com/projity/dialog/OpenProjectDialog.java,5,5,LOW,"PLD-5A3674D93921D6AC,PLD-42FDE5C4E9E733DE,PLD-ABE5EBE7861A4FA8,PLD-91617961F985D6B3,PLD-0B53F9F9C20551CC",review related Java symbols in the same source file
GRP-01324,TYPE,projectlibre_ui,openproj_ui/src/com/projity/dialog/PODOnlyFeature.java,2,2,LOW,"PLD-82DC574DD18591B3,PLD-BEEEB92AFAC41F8D",review related Java symbols in the same source file
GRP-01325,TYPE,projectlibre_ui,openproj_ui/src/com/projity/dialog/ProjectDialog.java,1,1,LOW,PLD-3F7C7E1EB368B504,review related Java symbols in the same source file
GRP-01326,TYPE,projectlibre_ui,openproj_ui/src/com/projity/dialog/RenameProjectDialog.java,1,1,LOW,PLD-54634663DEAE689A,review related Java symbols in the same source file
GRP-01327,TYPE,projectlibre_ui,openproj_ui/src/com/projity/dialog/ResourceInformationDialog.java,2,2,LOW,"PLD-4FAFC62FD00E2EF7,PLD-22B2FFBFB079C499",review related Java symbols in the same source file
GRP-01328,TYPE,projectlibre_ui,openproj_ui/src/com/projity/dialog/ResourceMappingDialog.java,2,2,LOW,"PLD-7EAC2388283B233B,PLD-2A966371158C5FA0",review related Java symbols in the same source file
GRP-01329,TYPE,projectlibre_ui,openproj_ui/src/com/projity/dialog/TipOfTheDay.java,1,1,LOW,PLD-E9AC8CE731C20299,review related Java symbols in the same source file
GRP-01330,TYPE,projectlibre_ui,openproj_ui/src/com/projity/dialog/TryPODDialog.java,2,2,LOW,"PLD-7CE42F36725BAC59,PLD-D4D4221EFDA709EA",review related Java symbols in the same source file
GRP-01331,TYPE,projectlibre_ui,openproj_ui/src/com/projity/dialog/UpdateProjectDialogBox.java,2,2,LOW,"PLD-FD1621DF103822C8,PLD-18E98A4D33B07BC6",review related Java symbols in the same source file
GRP-01332,TYPE,projectlibre_ui,openproj_ui/src/com/projity/dialog/WelcomeDialog.java,1,1,LOW,PLD-43C8E5E78572660C,review related Java symbols in the same source file
GRP-01333,TYPE,projectlibre_ui,openproj_ui/src/com/projity/dialog/XbsDependencyDialog.java,1,1,LOW,PLD-F3F505082FE0CB1B,review related Java symbols in the same source file
GRP-01334,TYPE,projectlibre_ui,openproj_ui/src/com/projity/dialog/assignment/AssignmentDialog.java,5,5,LOW,"PLD-C4B0E861DC904A5A,PLD-E41F9751BF42B0DD,PLD-58719E10127692A8,PLD-0E121E7E90635D9A,PLD-CEE30BFD80840964",review related Java symbols in the same source file
GRP-01335,TYPE,projectlibre_ui,openproj_ui/src/com/projity/dialog/calendar/ChangeWorkingTimeDialogBox.java,11,11,LOW,"PLD-3BE621E2595430E9,PLD-77E3EA4EED40057C,PLD-41CD7C4DF516AC67,PLD-A28DEC54219B3FE7,PLD-CEC997EE476BAB5F",review related Java symbols in the same source file
GRP-01336,TYPE,projectlibre_ui,openproj_ui/src/com/projity/dialog/calendar/Intervals.java,1,1,LOW,PLD-5E30B8F638835CC2,review related Java symbols in the same source file
GRP-01337,TYPE,projectlibre_ui,openproj_ui/src/com/projity/dialog/calendar/NewBaseCalendarDialog.java,2,2,LOW,"PLD-E40A9508CC862D8B,PLD-C24F48BEF274F830",review related Java symbols in the same source file
GRP-01338,TYPE,projectlibre_ui,openproj_ui/src/com/projity/dialog/options/CalendarDialogBox.java,1,1,LOW,PLD-DD69DF978EBB12CA,review related Java symbols in the same source file
GRP-01339,TYPE,projectlibre_ui,openproj_ui/src/com/projity/dialog/util/ComponentFactory.java,5,5,LOW,"PLD-19F190CD302340A6,PLD-DB567A37B155DAFB,PLD-69C639780FF30BD5,PLD-300B895864E17A3D,PLD-14385CC3D3679F31",review related Java symbols in the same source file
GRP-01340,TYPE,projectlibre_ui,openproj_ui/src/com/projity/dialog/util/LookupField.java,1,1,LOW,PLD-C245F3D54EE6F207,review related Java symbols in the same source file
GRP-01341,TYPE,projectlibre_ui,openproj_ui/src/com/projity/menu/HyperLinkToolTip.java,2,0,HIGH,"PLD-21B114C6A205E5BD,PLD-13FCAA3482955A38",review related Java symbols in the same source file
GRP-01342,TYPE,projectlibre_ui,openproj_ui/src/com/projity/offline_graphics/UILister.java,2,2,LOW,"PLD-226F633B7B64810A,PLD-7DA3A1AFBCAB2A3C",review related Java symbols in the same source file
GRP-01343,TYPE,projectlibre_ui,openproj_ui/src/com/projity/pm/graphic/ChangeAwareTextField.java,1,1,LOW,PLD-56BB10EA5B9C309A,review related Java symbols in the same source file
GRP-01344,TYPE,projectlibre_ui,openproj_ui/src/com/projity/pm/graphic/Statusbar.java,2,2,LOW,"PLD-92934716E31C8A19,PLD-51198CAF10E13255",review related Java symbols in the same source file
GRP-01345,TYPE,projectlibre_ui,openproj_ui/src/com/projity/pm/graphic/TabbedNavigation.java,3,3,LOW,"PLD-E2E546E62562E96E,PLD-D55AFC41E74C8305,PLD-7A56611AA44557DE",review related Java symbols in the same source file
GRP-01346,TYPE,projectlibre_ui,openproj_ui/src/com/projity/pm/graphic/chart/ChartCorner.java,1,1,LOW,PLD-85B1455D15438B02,review related Java symbols in the same source file
GRP-01347,TYPE,projectlibre_ui,openproj_ui/src/com/projity/pm/graphic/chart/ChartLegend.java,9,9,LOW,"PLD-1563BD7847CC5B24,PLD-01E757A32DF3D599,PLD-14DD7BF7E9E87BC8,PLD-EDE23A86D9397163,PLD-8F40CA4CA361DD46",review related Java symbols in the same source file
GRP-01348,TYPE,projectlibre_ui,openproj_ui/src/com/projity/pm/graphic/chart/ChartModel.java,1,1,LOW,PLD-ED9A9A4C68C26664,review related Java symbols in the same source file
GRP-01349,TYPE,projectlibre_ui,openproj_ui/src/com/projity/pm/graphic/chart/TimeChartPanel.java,3,3,LOW,"PLD-192C9087F283E852,PLD-F6C15456AEE9A055,PLD-DB73C8CCF0C5F981",review related Java symbols in the same source file
GRP-01350,TYPE,projectlibre_ui,openproj_ui/src/com/projity/pm/graphic/chart/TimeChartPopupMenu.java,1,0,HIGH,PLD-8009F5485C936C64,review related Java symbols in the same source file
GRP-01351,TYPE,projectlibre_ui,openproj_ui/src/com/projity/pm/graphic/frames/DocumentFrame.java,3,3,LOW,"PLD-939828D498BC6482,PLD-00765A55E4F2D53B,PLD-B68867EC46EE6595",review related Java symbols in the same source file
GRP-01352,TYPE,projectlibre_ui,openproj_ui/src/com/projity/pm/graphic/frames/GraphicManager.java,17,17,LOW,"PLD-FB7BB6FFD8278052,PLD-7CD627BCC1592D2E,PLD-6ED8A673A07104A6,PLD-E793955D85C3D489,PLD-DD7D203CF9DE6E63",review related Java symbols in the same source file
GRP-01353,TYPE,projectlibre_ui,openproj_ui/src/com/projity/pm/graphic/frames/MainFrame.java,1,1,LOW,PLD-CCE463084DA9F943,review related Java symbols in the same source file
GRP-01354,TYPE,projectlibre_ui,openproj_ui/src/com/projity/pm/graphic/frames/StartupFactory.java,5,5,LOW,"PLD-8AB28D64258CF63D,PLD-EA5D1F94CFE4C050,PLD-C8361D2EF141CE82,PLD-E64EC93509995D68,PLD-758FA2A500E84CD0",review related Java symbols in the same source file
GRP-01355,TYPE,projectlibre_ui,openproj_ui/src/com/projity/pm/graphic/frames/workspace/DefaultFrameManager.java,1,1,LOW,PLD-91BCF8BB28BCE666,review related Java symbols in the same source file
GRP-01356,TYPE,projectlibre_ui,openproj_ui/src/com/projity/pm/graphic/frames/workspace/NamedFrame.java,2,2,LOW,"PLD-A0F0BB0C54979396,PLD-23285802F428E7B8",review related Java symbols in the same source file
GRP-01357,TYPE,projectlibre_ui,openproj_ui/src/com/projity/pm/graphic/gantt/GanttPopupMenu.java,1,0,HIGH,PLD-4FE446195A9F3356,review related Java symbols in the same source file
GRP-01358,TYPE,projectlibre_ui,openproj_ui/src/com/projity/pm/graphic/gantt/GanttRenderer.java,1,1,LOW,PLD-128FA62BD18CD277,review related Java symbols in the same source file
GRP-01359,TYPE,projectlibre_ui,openproj_ui/src/com/projity/pm/graphic/network/NetworkPopupMenu.java,1,0,HIGH,PLD-FB8B743222F88881,review related Java symbols in the same source file
GRP-01360,TYPE,projectlibre_ui,openproj_ui/src/com/projity/pm/graphic/spreadsheet/SpreadSheet.java,15,15,LOW,"PLD-19BFC64006C8D37C,PLD-233FF0F8397D3DE7,PLD-F4751BC2A6223450,PLD-5443A966A298F255,PLD-CEE2AB072238457A",review related Java symbols in the same source file
GRP-01361,TYPE,projectlibre_ui,openproj_ui/src/com/projity/pm/graphic/spreadsheet/SpreadSheetColumnMenu.java,4,4,HIGH,"PLD-96CE8C063C2335AE,PLD-13C0A8B5056FD92E,PLD-895E5473DC6E65EC,PLD-083C284E445086B3",review related Java symbols in the same source file
GRP-01362,TYPE,projectlibre_ui,openproj_ui/src/com/projity/pm/graphic/spreadsheet/SpreadSheetParamsImpl.java,1,1,LOW,PLD-35CE179B36E2E007,review related Java symbols in the same source file
GRP-01363,TYPE,projectlibre_ui,openproj_ui/src/com/projity/pm/graphic/spreadsheet/SpreadSheetUtils.java,1,1,LOW,PLD-7BA0C93E213581A6,review related Java symbols in the same source file
GRP-01364,TYPE,projectlibre_ui,openproj_ui/src/com/projity/pm/graphic/spreadsheet/common/CommonSpreadSheet.java,2,2,LOW,"PLD-07EDA10E360C569C,PLD-67BE8864E2FE2B93",review related Java symbols in the same source file
GRP-01365,TYPE,projectlibre_ui,openproj_ui/src/com/projity/pm/graphic/spreadsheet/common/CommonSpreadSheetModel.java,1,1,LOW,PLD-F6E41FD93039A422,review related Java symbols in the same source file
GRP-01366,TYPE,projectlibre_ui,openproj_ui/src/com/projity/pm/graphic/spreadsheet/common/SpreadSheetCorner.java,1,1,LOW,PLD-6E489247AA02EA4D,review related Java symbols in the same source file
GRP-01367,TYPE,projectlibre_ui,openproj_ui/src/com/projity/pm/graphic/spreadsheet/common/SpreadSheetRowHeader.java,4,4,LOW,"PLD-04DF43738861E722,PLD-FE1E89DEB64FE824,PLD-300C767C80B037D1,PLD-96FD55B9105E8447",review related Java symbols in the same source file
GRP-01368,TYPE,projectlibre_ui,openproj_ui/src/com/projity/pm/graphic/spreadsheet/common/transfer/NodeListTransferHandler.java,2,2,LOW,"PLD-7F5B47BA5218EEDE,PLD-C79245610E6C462F",review related Java symbols in the same source file
GRP-01369,TYPE,projectlibre_ui,openproj_ui/src/com/projity/pm/graphic/spreadsheet/editor/DateEditor.java,2,2,LOW,"PLD-B3CE6F468037F07D,PLD-45BF7D4330EB5512",review related Java symbols in the same source file
GRP-01370,TYPE,projectlibre_ui,openproj_ui/src/com/projity/pm/graphic/spreadsheet/editor/SpreadSheetCellEditorAdapter.java,3,3,LOW,"PLD-8E7FF54B972321E2,PLD-6B82BBE690CBAB53,PLD-BAD45F91D5A64B69",review related Java symbols in the same source file
GRP-01371,TYPE,projectlibre_ui,openproj_ui/src/com/projity/pm/graphic/timescale/ScaledScrollPane.java,1,1,LOW,PLD-FBFF4DF03C83FB6B,review related Java symbols in the same source file
GRP-01372,TYPE,projectlibre_ui,openproj_ui/src/com/projity/pm/graphic/views/GanttView.java,1,1,LOW,PLD-AF1A6E8FBD320A4E,review related Java symbols in the same source file
GRP-01373,TYPE,projectlibre_ui,openproj_ui/src/com/projity/pm/graphic/views/ResourceView.java,2,2,LOW,"PLD-CE87F3123C83A4FA,PLD-4D0EA97CAA328771",review related Java symbols in the same source file
GRP-01374,TYPE,projectlibre_ui,openproj_ui/src/com/projity/pm/graphic/views/SplittedView.java,1,1,LOW,PLD-5AA9DE513853494E,review related Java symbols in the same source file
GRP-01375,TYPE,projectlibre_ui,openproj_ui/src/com/projity/pm/graphic/views/UsageDetailView.java,1,1,LOW,PLD-ED6FAF1F8DB79739,review related Java symbols in the same source file
GRP-01376,TYPE,projectlibre_ui,openproj_ui/src/com/projity/pm/graphic/views/synchro/ScrollPaneSynchronizer.java,3,3,LOW,"PLD-27F76BC9F278654D,PLD-D0B83CC2C08737AA,PLD-A2659D508AAACBF6",review related Java symbols in the same source file
GRP-01377,TYPE,projectlibre_ui,openproj_ui/src/com/projity/pm/graphic/xbs/XbsInteractor.java,1,1,LOW,PLD-BDCE85927C23C5CA,review related Java symbols in the same source file
GRP-01378,TYPE,projectlibre_ui,openproj_ui/src/com/projity/print/ExtendedPrintServiceImpl.java,1,1,LOW,PLD-E8F4C5C45F2B6344,review related Java symbols in the same source file
GRP-01379,TYPE,projectlibre_ui,openproj_ui/src/com/projity/print/GraphPageable.java,1,1,LOW,PLD-819C575545FF6589,review related Java symbols in the same source file
GRP-01380,TYPE,projectlibre_ui,openproj_ui/src/com/projity/print/PageSetup.java,19,19,LOW,"PLD-EC920CC5D8291F25,PLD-C9D99B1981914717,PLD-EF5002254017B1F2,PLD-DF0FCB5D7DAB564A,PLD-13A9CE2DF02D0FD4",review related Java symbols in the same source file
GRP-01381,TYPE,projectlibre_ui,openproj_ui/src/com/projity/print/PrintPreviewFrame.java,1,1,LOW,PLD-7BE0D4BDB62185FE,review related Java symbols in the same source file
GRP-01382,TYPE,projectlibre_ui,openproj_ui/src/com/projity/reports/view/ReportView.java,3,3,LOW,"PLD-6B5A5DDB3228514A,PLD-FF941220AEB2C08D,PLD-2B9924F239DC8A70",review related Java symbols in the same source file
GRP-01383,TYPE,projectlibre_ui,projectlibre_ui/src/com/projectlibre/ui/ribbon/ProjectLibreRibbon.java,1,1,LOW,PLD-B161679F0FEC809F,review related Java symbols in the same source file
GRP-01384,TYPE,projectlibre_ui,projectlibre_ui/src/com/projectlibre/ui/ribbon/ProjectLibreRibbonUI.java,21,21,LOW,"PLD-DA452211718EC3B3,PLD-F8A60A22C33D7E7C,PLD-112FD5184D612292,PLD-3CB5CA9895083984,PLD-197D549CA927D0A2",review related Java symbols in the same source file
GRP-01385,TYPE,projectlibre_ui,projectlibre_ui/src/com/projectlibre1/dialog/AbstractDialog.java,5,5,LOW,"PLD-FB7DC6958EA761C3,PLD-846393E506F6F3B2,PLD-212BA433B2604F0F,PLD-63ABFF8FAE4EE065,PLD-FF0F56E4C9289ABB",review related Java symbols in the same source file
GRP-01386,TYPE,projectlibre_ui,projectlibre_ui/src/com/projectlibre1/dialog/FieldDialog.java,1,1,LOW,PLD-6FACA466DF189EFD,review related Java symbols in the same source file
GRP-01387,TYPE,projectlibre_ui,projectlibre_ui/src/com/projectlibre1/dialog/FindDialog.java,2,2,LOW,"PLD-E30D9E9388CEF351,PLD-4EA42CAC8A9553FE",review related Java symbols in the same source file
GRP-01388,TYPE,projectlibre_ui,projectlibre_ui/src/com/projectlibre1/dialog/HelpDialog.java,7,7,LOW,"PLD-20E6C35F23F5B75F,PLD-14510C69272D8567,PLD-A6818EAF93DC4C3C,PLD-F7246E11081762D4,PLD-BB08706A8F1A06C5",review related Java symbols in the same source file
GRP-01389,TYPE,projectlibre_ui,projectlibre_ui/src/com/projectlibre1/dialog/LicenseDialog.java,2,2,LOW,"PLD-A93405CCE0EEC9A5,PLD-4D5543C8FF120AA1",review related Java symbols in the same source file
GRP-01390,TYPE,projectlibre_ui,projectlibre_ui/src/com/projectlibre1/dialog/LocaleDialog.java,10,10,LOW,"PLD-F95D2B6D36C188CF,PLD-F91A59B5A59CBDD0,PLD-FF83FE05D3C48339,PLD-2D981583FF2C959D,PLD-B53820478EDFCFFF",review related Java symbols in the same source file
GRP-01391,TYPE,projectlibre_ui,projectlibre_ui/src/com/projectlibre1/dialog/LoginDialog.java,2,2,LOW,"PLD-ED871F4E72245DA3,PLD-D102634435A387B3",review related Java symbols in the same source file
GRP-01392,TYPE,projectlibre_ui,projectlibre_ui/src/com/projectlibre1/dialog/LookupDialog.java,3,3,LOW,"PLD-2DB00C1FC93D01D7,PLD-D57618AB7AF9890D,PLD-59606AF7FBE26339",review related Java symbols in the same source file
GRP-01393,TYPE,projectlibre_ui,projectlibre_ui/src/com/projectlibre1/dialog/OpenProjectDialog.java,5,5,LOW,"PLD-4186BF8C309C7B9F,PLD-B2AD66F6620398D4,PLD-0D19967E813E9B59,PLD-979F83FDDB7D5714,PLD-95F9E2BE5D834271",review related Java symbols in the same source file
GRP-01394,TYPE,projectlibre_ui,projectlibre_ui/src/com/projectlibre1/dialog/ProjectDialog.java,1,1,LOW,PLD-65A9403190A931FF,review related Java symbols in the same source file
GRP-01395,TYPE,projectlibre_ui,projectlibre_ui/src/com/projectlibre1/dialog/ResourceInformationDialog.java,2,2,LOW,"PLD-8C2CAAC3478E623F,PLD-F42CD1458847E3AC",review related Java symbols in the same source file
GRP-01396,TYPE,projectlibre_ui,projectlibre_ui/src/com/projectlibre1/dialog/ResourceMappingDialog.java,2,2,LOW,"PLD-A3C7A89761284010,PLD-9C59395CB7D6B0CA",review related Java symbols in the same source file
GRP-01397,TYPE,projectlibre_ui,projectlibre_ui/src/com/projectlibre1/dialog/TipOfTheDay.java,1,1,LOW,PLD-1A1E5D3EDEC64216,review related Java symbols in the same source file
GRP-01398,TYPE,projectlibre_ui,projectlibre_ui/src/com/projectlibre1/dialog/WelcomeDialog.java,1,1,LOW,PLD-23AC156517019E9A,review related Java symbols in the same source file
GRP-01399,TYPE,projectlibre_ui,projectlibre_ui/src/com/projectlibre1/dialog/calendar/ChangeWorkingTimeDialogBox.java,11,11,LOW,"PLD-82CA094537FE5A35,PLD-46EECD4A10DF0B32,PLD-55055BFAE18A6004,PLD-4D96B8FA28B71E66,PLD-0C7805C62534F998",review related Java symbols in the same source file
GRP-01400,TYPE,projectlibre_ui,projectlibre_ui/src/com/projectlibre1/dialog/options/CalendarDialogBox.java,1,1,LOW,PLD-618520506B5B5C89,review related Java symbols in the same source file
GRP-01401,TYPE,projectlibre_ui,projectlibre_ui/src/com/projectlibre1/dialog/util/ComponentFactory.java,5,5,LOW,"PLD-A021AB467F63F13E,PLD-E324AB78488C9AEF,PLD-384D10AD6E7227BD,PLD-89CDF79D22F74482,PLD-5AFC53D069A3C1EB",review related Java symbols in the same source file
GRP-01402,TYPE,projectlibre_ui,projectlibre_ui/src/com/projectlibre1/dialog/util/LookupField.java,1,1,LOW,PLD-ED6A2524592CF166,review related Java symbols in the same source file
GRP-01403,TYPE,projectlibre_ui,projectlibre_ui/src/com/projectlibre1/offline_graphics/UILister.java,2,2,LOW,"PLD-0317DED265D97C1B,PLD-F80D28C35E27E8B3",review related Java symbols in the same source file
GRP-01404,TYPE,projectlibre_ui,projectlibre_ui/src/com/projectlibre1/pm/graphic/ChangeAwareTextField.java,2,2,LOW,"PLD-A94A1979F72DF650,PLD-8E24B0A6BCF4EC5D",review related Java symbols in the same source file
GRP-01405,TYPE,projectlibre_ui,projectlibre_ui/src/com/projectlibre1/pm/graphic/Statusbar.java,2,2,LOW,"PLD-862031F3EB920F70,PLD-419A7C423016202D",review related Java symbols in the same source file
GRP-01406,TYPE,projectlibre_ui,projectlibre_ui/src/com/projectlibre1/pm/graphic/TabbedNavigation.java,3,3,LOW,"PLD-FA40CDBF521E2ACB,PLD-9D4DD21415A4BC5A,PLD-68184DD7CE155E56",review related Java symbols in the same source file
GRP-01407,TYPE,projectlibre_ui,projectlibre_ui/src/com/projectlibre1/pm/graphic/chart/ChartLegend.java,9,9,LOW,"PLD-FA0D2FCFDC42D57E,PLD-53627729E07F3207,PLD-D0F5DA66EB3D4108,PLD-AFEA3871BAF7B0EC,PLD-381D18AF1A2E2AD0",review related Java symbols in the same source file
GRP-01408,TYPE,projectlibre_ui,projectlibre_ui/src/com/projectlibre1/pm/graphic/chart/ChartModel.java,1,1,LOW,PLD-141B58DC7EA120B6,review related Java symbols in the same source file
GRP-01409,TYPE,projectlibre_ui,projectlibre_ui/src/com/projectlibre1/pm/graphic/chart/TimeChartPanel.java,1,1,LOW,PLD-6A91436AAFF688BB,review related Java symbols in the same source file
GRP-01410,TYPE,projectlibre_ui,projectlibre_ui/src/com/projectlibre1/pm/graphic/chart/TimeChartPopupMenu.java,1,0,HIGH,PLD-AEBB3E32F27E5F4F,review related Java symbols in the same source file
GRP-01411,TYPE,projectlibre_ui,projectlibre_ui/src/com/projectlibre1/pm/graphic/frames/DocumentFrame.java,3,3,LOW,"PLD-E60CCD29BBEA3B0C,PLD-4F1DCE39061623C6,PLD-B2A97070811604C0",review related Java symbols in the same source file
GRP-01412,TYPE,projectlibre_ui,projectlibre_ui/src/com/projectlibre1/pm/graphic/frames/GraphicManager.java,22,22,LOW,"PLD-3EDCE7F7550F6937,PLD-A1F8B1B94B1E0E17,PLD-3A908B338BA47770,PLD-649C799F53171D8B,PLD-B0745635DFFE4477",review related Java symbols in the same source file
GRP-01413,TYPE,projectlibre_ui,projectlibre_ui/src/com/projectlibre1/pm/graphic/frames/MainRibbonFrame.java,1,1,LOW,PLD-1167D73DE14DCD88,review related Java symbols in the same source file
GRP-01414,TYPE,projectlibre_ui,projectlibre_ui/src/com/projectlibre1/pm/graphic/frames/StartupFactory.java,2,2,LOW,"PLD-2700C53033D51C9C,PLD-8451374C5C0E7524",review related Java symbols in the same source file
GRP-01415,TYPE,projectlibre_ui,projectlibre_ui/src/com/projectlibre1/pm/graphic/frames/TestFrame.java,1,1,LOW,PLD-6103698409E9E28F,review related Java symbols in the same source file
GRP-01416,TYPE,projectlibre_ui,projectlibre_ui/src/com/projectlibre1/pm/graphic/frames/workspace/DefaultFrameManager.java,1,1,LOW,PLD-78B6BCFFB23260AB,review related Java symbols in the same source file
GRP-01417,TYPE,projectlibre_ui,projectlibre_ui/src/com/projectlibre1/pm/graphic/gantt/GanttPopupMenu.java,1,0,HIGH,PLD-D209E800B875DAC7,review related Java symbols in the same source file
GRP-01418,TYPE,projectlibre_ui,projectlibre_ui/src/com/projectlibre1/pm/graphic/gantt/GanttRenderer.java,1,1,LOW,PLD-507831BDE62CD99C,review related Java symbols in the same source file
GRP-01419,TYPE,projectlibre_ui,projectlibre_ui/src/com/projectlibre1/pm/graphic/spreadsheet/SpreadSheet.java,15,15,LOW,"PLD-E337557CF2AD3F04,PLD-F903116E00C540BC,PLD-586CFBC93B29EDE7,PLD-80DF874F87779FA8,PLD-AF70710FCC881BA2",review related Java symbols in the same source file
GRP-01420,TYPE,projectlibre_ui,projectlibre_ui/src/com/projectlibre1/pm/graphic/spreadsheet/SpreadSheetColumnMenu.java,4,4,HIGH,"PLD-BA07A2E3981ECFD6,PLD-F3A8D42F010F406B,PLD-635F41ABA95759A5,PLD-F2A1BBBFB62E05BB",review related Java symbols in the same source file
GRP-01421,TYPE,projectlibre_ui,projectlibre_ui/src/com/projectlibre1/pm/graphic/spreadsheet/SpreadSheetParamsImpl.java,1,1,LOW,PLD-D80A0063AECCCA5F,review related Java symbols in the same source file
GRP-01422,TYPE,projectlibre_ui,projectlibre_ui/src/com/projectlibre1/pm/graphic/spreadsheet/SpreadSheetUtils.java,1,1,LOW,PLD-139D29F5CA95008C,review related Java symbols in the same source file
GRP-01423,TYPE,projectlibre_ui,projectlibre_ui/src/com/projectlibre1/pm/graphic/spreadsheet/common/CommonSpreadSheet.java,1,1,LOW,PLD-D52C5B112B160760,review related Java symbols in the same source file
GRP-01424,TYPE,projectlibre_ui,projectlibre_ui/src/com/projectlibre1/pm/graphic/spreadsheet/common/CommonSpreadSheetModel.java,1,1,LOW,PLD-3FFB93F77201C1AB,review related Java symbols in the same source file
GRP-01425,TYPE,projectlibre_ui,projectlibre_ui/src/com/projectlibre1/pm/graphic/spreadsheet/common/SpreadSheetCorner.java,1,1,LOW,PLD-36B1D366744BF2EA,review related Java symbols in the same source file
GRP-01426,TYPE,projectlibre_ui,projectlibre_ui/src/com/projectlibre1/pm/graphic/spreadsheet/common/SpreadSheetRowHeader.java,4,4,LOW,"PLD-C59F965E6DF25CE2,PLD-635F5003BE1AD769,PLD-488CC99D6ADD847A,PLD-0F1226BF1F007FB3",review related Java symbols in the same source file
GRP-01427,TYPE,projectlibre_ui,projectlibre_ui/src/com/projectlibre1/pm/graphic/spreadsheet/common/transfer/NodeListTransferHandler.java,2,2,LOW,"PLD-FCDADDEB2FB2893B,PLD-9EAD954F6D02CE3A",review related Java symbols in the same source file
GRP-01428,TYPE,projectlibre_ui,projectlibre_ui/src/com/projectlibre1/pm/graphic/spreadsheet/editor/DateEditor.java,2,2,LOW,"PLD-CB941F6BA04B5CD9,PLD-1E54F6E5E8471ED7",review related Java symbols in the same source file
GRP-01429,TYPE,projectlibre_ui,projectlibre_ui/src/com/projectlibre1/pm/graphic/spreadsheet/editor/SpreadSheetCellEditorAdapter.java,3,3,LOW,"PLD-FEFAE09BF4E6D5A1,PLD-3E207AEB67270290,PLD-3948FB425C151A23",review related Java symbols in the same source file
GRP-01430,TYPE,projectlibre_ui,projectlibre_ui/src/com/projectlibre1/pm/graphic/timescale/ScaledScrollPane.java,1,1,LOW,PLD-9197D0FB09C6FE2A,review related Java symbols in the same source file
GRP-01431,TYPE,projectlibre_ui,projectlibre_ui/src/com/projectlibre1/pm/graphic/views/GanttView.java,1,1,LOW,PLD-882740D915CF1DB2,review related Java symbols in the same source file
GRP-01432,TYPE,projectlibre_ui,projectlibre_ui/src/com/projectlibre1/pm/graphic/views/ResourceView.java,2,2,LOW,"PLD-923DE9B6BEEE54B7,PLD-7F978A0A6B6897D8",review related Java symbols in the same source file
GRP-01433,TYPE,projectlibre_ui,projectlibre_ui/src/com/projectlibre1/pm/graphic/views/SplittedView.java,1,1,LOW,PLD-BD5FA508FAFB88FA,review related Java symbols in the same source file
GRP-01434,TYPE,projectlibre_ui,projectlibre_ui/src/com/projectlibre1/pm/graphic/views/UsageDetailView.java,1,1,LOW,PLD-C69B1C597688E5B8,review related Java symbols in the same source file
GRP-01435,TYPE,projectlibre_ui,projectlibre_ui/src/com/projectlibre1/pm/graphic/views/synchro/ScrollPaneSynchronizer.java,3,3,LOW,"PLD-FA76696996C33246,PLD-E6450057F89E2214,PLD-F38974E8032E4F60",review related Java symbols in the same source file
GRP-01436,TYPE,projectlibre_ui,projectlibre_ui/src/com/projectlibre1/pm/graphic/xbs/XbsInteractor.java,1,1,LOW,PLD-0151677C3841AFBA,review related Java symbols in the same source file
GRP-01437,TYPE,projectlibre_ui,projectlibre_ui/src/com/projectlibre1/print/GraphPageable.java,1,1,LOW,PLD-1D20195FCDDACA6A,review related Java symbols in the same source file
GRP-01438,TYPE,projectlibre_ui,projectlibre_ui/src/com/projectlibre1/print/PageSetup.java,18,18,LOW,"PLD-DA57029C3F543D19,PLD-B3B182EF20F38413,PLD-AC4BA631FFFC6AE3,PLD-37F97B65CA0F9EDA,PLD-4E1C71D64E675BB3",review related Java symbols in the same source file
GRP-01439,TYPE,projectlibre_ui,projectlibre_ui/src/com/projectlibre1/print/PrintPreviewFrame.java,1,1,LOW,PLD-D2D767381114FDA5,review related Java symbols in the same source file
GRP-01440,TYPE,projectlibre_ui,projectlibre_ui/src/com/projectlibre1/reports/view/ReportView.java,3,3,LOW,"PLD-4B0881DEBE8D2910,PLD-6177C0758B9DE026,PLD-CFDFE9EE3708C66A",review related Java symbols in the same source file
GRP-01441,TYPE,projectlibre_ui,projectlibre_ui/src/org/projectlibre/export/ImageExport.java,3,3,LOW,"PLD-DE31B28AE5F0BFF3,PLD-870AC151F1008205,PLD-94FCC14CA05DE263",review related Java symbols in the same source file
GRP-01442,TYPE,projectlibre_ui,projectlibre_ui/src/org/projectlibre/export/PDFExport.java,2,2,LOW,"PLD-A5B863E5096F3A9D,PLD-DA18787A0D256959",review related Java symbols in the same source file
GRP-01443,XML_NODE,packaging,openproj_build/build.xml,201,201,MEDIUM,"PLD-91E7512C20E9C39A,PLD-6192AFB96D668366,PLD-4FFAC6A251D7DE55,PLD-33A9CDBCF9D8D9BA,PLD-7EE83EA6C675FA21",review template/config file as a document; inspect changed nodes in context
GRP-01444,XML_NODE,packaging,openproj_build/resources/openproj.xml,6,6,MEDIUM,"PLD-5827BA19ABB21142,PLD-1C173BA2EB2876CF,PLD-CF2327F3E0C2A907,PLD-88476EDB92C33A10,PLD-7BE81D3A76074222",review template/config file as a document; inspect changed nodes in context
GRP-01445,XML_NODE,packaging,projectlibre_build/build.xml,452,452,MEDIUM,"PLD-0BABF9E8CADA0E44,PLD-C59CAFC44095504B,PLD-EEF9ACE547B82758,PLD-C6ED21D0FF7D07C9,PLD-11540719EA849381",review template/config file as a document; inspect changed nodes in context
GRP-01446,XML_NODE,projectlibre_contrib,openproj_contrib/build.xml,13,0,MEDIUM,"PLD-A9A73AF471AC0D96,PLD-EF993AE4C262C628,PLD-0370D01EBED07F0B,PLD-97556AFCC5390269,PLD-8D729752F1D9D6A8",review template/config file as a document; inspect changed nodes in context
GRP-01447,XML_NODE,projectlibre_contrib,projectlibre_contrib/build.xml,53,0,MEDIUM,"PLD-34A92637165EDF07,PLD-40DA78C084076449,PLD-423E90F96E3B1502,PLD-5AEAF8164882460C,PLD-9D810A8CEBE7F161",review template/config file as a document; inspect changed nodes in context
GRP-01448,XML_NODE,projectlibre_core,modules/projectlibre_core/src/main/resources/com/projectlibre1/configuration/configuration.xml,74,74,MEDIUM,"PLD-E23D320094181242,PLD-53D7883FAE66FB79,PLD-206EF589A8F2BDA9,PLD-030BE022ADE0A461,PLD-DBE07D45C5497E2E",review template/config file as a document; inspect changed nodes in context
GRP-01449,XML_NODE,projectlibre_core,modules/projectlibre_core/src/main/resources/com/projectlibre1/configuration/view.xml,41,41,MEDIUM,"PLD-72B14AA4645DA0B8,PLD-9E426E6CA8F8D107,PLD-B499A9AAE4CA472C,PLD-E53AA27BAFC35B30,PLD-EB634F9B8DDD7173",review template/config file as a document; inspect changed nodes in context
GRP-01450,XML_NODE,projectlibre_core,modules/projectlibre_core/src/main/resources/org/projectlibre/core/configuration/configuration.xml,7,7,MEDIUM,"PLD-16A2AE5FA18892E0,PLD-0E8A4FC6E927D724,PLD-D25790C1A460CAC1,PLD-FF58A3C266768548,PLD-BDB525875EBE12F0",review template/config file as a document; inspect changed nodes in context
GRP-01451,XML_NODE,projectlibre_core,projectlibre_core/build.xml,3,3,MEDIUM,"PLD-5E2288B63B6B0DCD,PLD-BB07028669D5971B,PLD-BCE83356F074EE51",review template/config file as a document; inspect changed nodes in context
GRP-01452,XML_NODE,projectlibre_core,projectlibre_core/src/com/projectlibre1/configuration/configuration.xml,1,1,MEDIUM,PLD-789E8D997036B6B1,review template/config file as a document; inspect changed nodes in context
GRP-01453,XML_NODE,projectlibre_exchange,modules/projectlibre_exchange/testdata/New Product.xml,11351,0,MEDIUM,"PLD-64333DCD4AF2C4BA,PLD-308BD3765BF6DA59,PLD-F9A54C770038F61E,PLD-26D4E8B6BFF06A52,PLD-AA0975901961D487",review template/config file as a document; inspect changed nodes in context
GRP-01454,XML_NODE,projectlibre_exchange,projectlibre_exchange/.settings/org.eclipse.wst.common.project.facet.core.xml,6,0,MEDIUM,"PLD-AAE25EA18091758D,PLD-C9E3EABD42414C77,PLD-56C773C7C003C760,PLD-82A4DABA42D155C4,PLD-2A52885BE239582B",review template/config file as a document; inspect changed nodes in context
GRP-01455,XML_NODE,projectlibre_exchange,projectlibre_exchange/build.xml,37,0,MEDIUM,"PLD-27EAB20137990771,PLD-32A32BF38E51E12C,PLD-C2FFACFE844CA50E,PLD-6DF852B41664FC61,PLD-66C358C62D3939B4",review template/config file as a document; inspect changed nodes in context
