current_path,module,kind,current_ref,current_sha256,openproj_commit,openproj_path,openproj_sha256,projectlibre_baseline,first_commit,claimed_origin,normalized_openproj_match,introduced_by,license,disposition,evidence,reviewer
modules/projectlibre_application/build.gradle.kts,projectlibre_application,other,HEAD,43b3afbae5055011609870b0ded2374c66c5d020eacd00ae6e0d2bda41f5ffb8,d2fa3c20a,,,0530be227f4a10c5545cce8d3db20ac5a4d76a66,REVIEW_REQUIRED,Unknown,false,REVIEW_REQUIRED,REVIEW_REQUIRED,REVIEW,no path match in OpenProj baseline; classify origin manually,
modules/projectlibre_application/src/main/java/com/projectlibre1/application/AutoRecoveryStore.java,projectlibre_application,java,HEAD,6683b2e0a75d849f13e6ac2276f5da2ed9f3572339b53fea76a797f9c95e9903,d2fa3c20a,,,0530be227f4a10c5545cce8d3db20ac5a4d76a66,REVIEW_REQUIRED,Unknown,false,REVIEW_REQUIRED,REVIEW_REQUIRED,REVIEW,no path match in OpenProj baseline; classify origin manually,
modules/projectlibre_application/src/main/java/com/projectlibre1/application/ProjectDocumentWorkflow.java,projectlibre_application,java,HEAD,316f875e91b15a39604c981f4a3e43711405835413ab9b5b43f0a5500aa63699,d2fa3c20a,,,0530be227f4a10c5545cce8d3db20ac5a4d76a66,REVIEW_REQUIRED,Unknown,false,REVIEW_REQUIRED,REVIEW_REQUIRED,REVIEW,no path match in OpenProj baseline; classify origin manually,
modules/projectlibre_application/src/main/java/com/projectlibre1/application/ProjectFilePolicies.java,projectlibre_application,java,HEAD,d657d9d1573352d53a7cb0a3ca62e097be293de8acf8a577c821ffc6784f4e90,d2fa3c20a,,,0530be227f4a10c5545cce8d3db20ac5a4d76a66,REVIEW_REQUIRED,Unknown,false,REVIEW_REQUIRED,REVIEW_REQUIRED,REVIEW,no path match in OpenProj baseline; classify origin manually,
modules/projectlibre_application/src/main/java/com/projectlibre1/application/ProjectLoadWorkflow.java,projectlibre_application,java,HEAD,79ce5399d911d741ac95fe324b389e24526babd45a8f0ab47d9343a4b9b3cd7c,d2fa3c20a,,,0530be227f4a10c5545cce8d3db20ac5a4d76a66,REVIEW_REQUIRED,Unknown,false,REVIEW_REQUIRED,REVIEW_REQUIRED,REVIEW,no path match in OpenProj baseline; classify origin manually,
modules/projectlibre_application/src/main/java/com/projectlibre1/application/RecentProjectStore.java,projectlibre_application,java,HEAD,999965d7b1052885456999788349727725a6bcbeda735c77613a18f29a6a95fb,d2fa3c20a,,,0530be227f4a10c5545cce8d3db20ac5a4d76a66,REVIEW_REQUIRED,Unknown,false,REVIEW_REQUIRED,REVIEW_REQUIRED,REVIEW,no path match in OpenProj baseline; classify origin manually,
modules/projectlibre_application/src/test/java/com/projectlibre1/application/AutoRecoveryStoreTest.java,projectlibre_application,test,HEAD,fa0d9d9f939e38eef8461980f8ced08af19c1523c26c7a7caefd031c71ee6580,d2fa3c20a,,,0530be227f4a10c5545cce8d3db20ac5a4d76a66,REVIEW_REQUIRED,Unknown,false,REVIEW_REQUIRED,REVIEW_REQUIRED,REVIEW,no path match in OpenProj baseline; classify origin manually,
modules/projectlibre_application/src/test/java/com/projectlibre1/application/ProjectDocumentWorkflowTest.java,projectlibre_application,test,HEAD,574b122aa3505c7cc2bc1f9bc06664b595bc104a87e3561723da36c54c06ec1d,d2fa3c20a,,,0530be227f4a10c5545cce8d3db20ac5a4d76a66,REVIEW_REQUIRED,Unknown,false,REVIEW_REQUIRED,REVIEW_REQUIRED,REVIEW,no path match in OpenProj baseline; classify origin manually,
modules/projectlibre_application/src/test/java/com/projectlibre1/application/ProjectFilePoliciesTest.java,projectlibre_application,test,HEAD,21c59e1d91fcd838b223cb8b641e69018a37d162a27be06ba1586ef96ae69854,d2fa3c20a,,,0530be227f4a10c5545cce8d3db20ac5a4d76a66,REVIEW_REQUIRED,Unknown,false,REVIEW_REQUIRED,REVIEW_REQUIRED,REVIEW,no path match in OpenProj baseline; classify origin manually,
modules/projectlibre_application/src/test/java/com/projectlibre1/application/ProjectLoadWorkflowTest.java,projectlibre_application,test,HEAD,925ead8adf0fc088180ddcea079289ea98119b9c9bb8fbf3a7e259f49ce28d91,d2fa3c20a,,,0530be227f4a10c5545cce8d3db20ac5a4d76a66,REVIEW_REQUIRED,Unknown,false,REVIEW_REQUIRED,REVIEW_REQUIRED,REVIEW,no path match in OpenProj baseline; classify origin manually,
modules/projectlibre_application/src/test/java/com/projectlibre1/application/RecentProjectStoreTest.java,projectlibre_application,test,HEAD,9cc4dafb86e59fe4446fdb11c178678cb1b9ec0471162b3ef4668e5036087b97,d2fa3c20a,,,0530be227f4a10c5545cce8d3db20ac5a4d76a66,REVIEW_REQUIRED,Unknown,false,REVIEW_REQUIRED,REVIEW_REQUIRED,REVIEW,no path match in OpenProj baseline; classify origin manually,
modules/projectlibre_contrib/.gitignore,projectlibre_contrib,other,HEAD,b1dfc2631da42274672b2b753129ab28d46f519e23f088debc7700989705faf5,d2fa3c20a,,,0530be227f4a10c5545cce8d3db20ac5a4d76a66,REVIEW_REQUIRED,Unknown,false,REVIEW_REQUIRED,REVIEW_REQUIRED,REVIEW,no path match in OpenProj baseline; classify origin manually,
modules/projectlibre_contrib/build.gradle.kts,projectlibre_contrib,other,HEAD,46ac0e91c2ed6396d41c294686348acbd131e3843a6d91646c7464525666d428,d2fa3c20a,,,0530be227f4a10c5545cce8d3db20ac5a4d76a66,REVIEW_REQUIRED,ThirdParty:JasperReports,false,REVIEW_REQUIRED,REVIEW_REQUIRED,KEEP_THIRD_PARTY,third-party notice detected; verify upstream license,
modules/projectlibre_contrib/build.properties,projectlibre_contrib,other,HEAD,423fc152094de6b40a64920b5d855e2c91060948475ea5b378ef4e7e2cbf4ee0,d2fa3c20a,openproj_contrib/build.properties,fd16b40e1aec3f4085f9c6fcc6b989afa1c064c293e4447ad2f90c2867826e91,0530be227f4a10c5545cce8d3db20ac5a4d76a66,REVIEW_REQUIRED,Unknown,false,REVIEW_REQUIRED,REVIEW_REQUIRED,REVIEW,OpenProj path exists but content differs; perform hunk-level comparison,
modules/projectlibre_contrib/projectlibre_contrib.conf,projectlibre_contrib,other,HEAD,56f359fd51fc871566e27e8477d27f36dc83382b0c8d1acd4344766cdb59ca4c,d2fa3c20a,,,0530be227f4a10c5545cce8d3db20ac5a4d76a66,REVIEW_REQUIRED,Unknown,false,REVIEW_REQUIRED,REVIEW_REQUIRED,REVIEW,no path match in OpenProj baseline; classify origin manually,
modules/projectlibre_contrib/projectlibre_exchange.conf,projectlibre_contrib,other,HEAD,050735a9bcbb205851c8efdbb1e05f66c5e19b342e3c6a931d7d2f737361e006,d2fa3c20a,,,0530be227f4a10c5545cce8d3db20ac5a4d76a66,REVIEW_REQUIRED,Unknown,false,REVIEW_REQUIRED,REVIEW_REQUIRED,REVIEW,no path match in OpenProj baseline; classify origin manually,
modules/projectlibre_contrib/projectlibre_reports.conf,projectlibre_contrib,other,HEAD,e6c3966efcb9b4dafa7ebcac592062fd2264adbdade53198671aebdb356cf926,d2fa3c20a,,,0530be227f4a10c5545cce8d3db20ac5a4d76a66,REVIEW_REQUIRED,Unknown,false,REVIEW_REQUIRED,REVIEW_REQUIRED,REVIEW,no path match in OpenProj baseline; classify origin manually,
modules/projectlibre_contrib/projectlibre_script.conf,projectlibre_contrib,other,HEAD,6c3fcebeb7c80bc6132a204e3b8e2b5f9e1ebc4a306246f755d748670ed6cba7,d2fa3c20a,,,0530be227f4a10c5545cce8d3db20ac5a4d76a66,REVIEW_REQUIRED,Unknown,false,REVIEW_REQUIRED,REVIEW_REQUIRED,REVIEW,no path match in OpenProj baseline; classify origin manually,
modules/projectlibre_contrib/src/main/java/apple/dts/samplecode/osxadapter/OSXAdapter.java,projectlibre_contrib,java,HEAD,43d5c96c7cdebd7e69a0af0bf70b883916f065c214c018397de367fd754dd0ae,d2fa3c20a,openproj_contrib/src/apple/dts/samplecode/osxadapter/OSXAdapter.java,e408adc57a348a4d0e37fc306bf54bb44cecd53069152831a2e66373863b8e20,0530be227f4a10c5545cce8d3db20ac5a4d76a66,REVIEW_REQUIRED,Unknown,false,REVIEW_REQUIRED,REVIEW_REQUIRED,REVIEW,OpenProj path exists but content differs; perform hunk-level comparison,
modules/projectlibre_contrib/src/main/java/com/projectlibre1/contrib/ClassLoaderUtils.java,projectlibre_contrib,java,HEAD,e7e4bc46c550051110525b3748165c38983d2098574d77ede2fe60c09c71d2ee,d2fa3c20a,openproj_contrib/src/com/projity/contrib/ClassLoaderUtils.java,b0987f1cd7897e23c34f316e2f82a77c5126ad04d5fdc50677d2e44d99eaecd0,0530be227f4a10c5545cce8d3db20ac5a4d76a66,REVIEW_REQUIRED,Unknown,false,REVIEW_REQUIRED,REVIEW_REQUIRED,REVIEW,OpenProj path exists but content differs; perform hunk-level comparison,
modules/projectlibre_contrib/src/main/java/com/projectlibre1/contrib/ClassResolverFilter.java,projectlibre_contrib,java,HEAD,398b7ded080eb441ce21b16f7589e2ecd2134cb19af14f76079fcf32c3192391,d2fa3c20a,openproj_contrib/src/com/projity/contrib/ClassResolverFilter.java,8e30f0022f5dd615713cf4e9a260bb8ffe0db339510344628337c58c28153bf2,0530be227f4a10c5545cce8d3db20ac5a4d76a66,REVIEW_REQUIRED,Unknown,true,REVIEW_REQUIRED,REVIEW_REQUIRED,KEEP_OPENPROJ,normalized content matches OpenProj baseline,
modules/projectlibre_contrib/src/main/java/com/projectlibre1/contrib/calendar/ContribIntervals.java,projectlibre_contrib,java,HEAD,7f2c0b63b5975357cbf23f44215d0a78de12d2a67f1865613aa1b217aefcb12a,d2fa3c20a,openproj_contrib/src/com/projity/contrib/calendar/ContribIntervals.java,ee0b033c15749c6e39a7e3ff092d8659ff99460cd12943037b64be261a24e7d0,0530be227f4a10c5545cce8d3db20ac5a4d76a66,REVIEW_REQUIRED,Unknown,false,REVIEW_REQUIRED,REVIEW_REQUIRED,REVIEW,OpenProj path exists but content differs; perform hunk-level comparison,
modules/projectlibre_contrib/src/main/java/com/projectlibre1/contrib/calendar/JXXMonthView.java,projectlibre_contrib,java,HEAD,44f25ee8e2019d6470f7416c7bc97d4a60bfe5fadd780ba0fdce443f966ea106,d2fa3c20a,openproj_contrib/src/com/projity/contrib/calendar/JXXMonthView.java,76caf1c00afe5c59d458af31107fe2c168999b9fef21a6fb792d5af9dd24610b,0530be227f4a10c5545cce8d3db20ac5a4d76a66,REVIEW_REQUIRED,ThirdParty:JasperReports,false,REVIEW_REQUIRED,REVIEW_REQUIRED,KEEP_THIRD_PARTY,third-party notice detected; verify upstream license,
modules/projectlibre_contrib/src/main/java/com/projectlibre1/contrib/util/Log.java,projectlibre_contrib,java,HEAD,93c8284be955f9128b653479306d7d11bc76dc7a03b5a5ef29d7bdb5838ad8b0,d2fa3c20a,openproj_contrib/src/com/projity/contrib/util/Log.java,a142309d510086e93cda67d10a6a8707cfd9ee420d4a5649083178c1e5217fad,0530be227f4a10c5545cce8d3db20ac5a4d76a66,REVIEW_REQUIRED,ProjectLibre,true,REVIEW_REQUIRED,CPAL-1.0,KEEP_OPENPROJ,normalized content matches OpenProj baseline,
modules/projectlibre_contrib/src/main/java/com/projectlibre1/contrib/util/LogFactory.java,projectlibre_contrib,java,HEAD,8599a0a657abdcbe8f691e2a21e8451f2d4f8f888f343a21e9c305b73c2bd3f6,d2fa3c20a,openproj_contrib/src/com/projity/contrib/util/LogFactory.java,90d98fc186f1f180f1665313b49b3518d61e17ea689245e0ebffb5e0e76ca129,0530be227f4a10c5545cce8d3db20ac5a4d76a66,REVIEW_REQUIRED,ProjectLibre,true,REVIEW_REQUIRED,CPAL-1.0,KEEP_OPENPROJ,normalized content matches OpenProj baseline,
modules/projectlibre_contrib/src/main/java/net/sf/jasperreports/compilers/JRBshCalculator.java,projectlibre_contrib,java,HEAD,e2aa6d9c9b3130a379fedcdd767e84e494164b70e10e8012c889fea369533f32,d2fa3c20a,openproj_contrib/src/net/sf/jasperreports/compilers/JRBshCalculator.java,fe8ea388f5c229776ac1504fb341051ecb83d4d4b03476c8183dd2e8378a4455,0530be227f4a10c5545cce8d3db20ac5a4d76a66,REVIEW_REQUIRED,ThirdParty:JasperReports,false,REVIEW_REQUIRED,REVIEW_REQUIRED,KEEP_THIRD_PARTY,third-party notice detected; verify upstream license,
modules/projectlibre_contrib/src/main/java/net/sf/jasperreports/compilers/JRBshCompiler.java,projectlibre_contrib,java,HEAD,5ab9cc24c70bc83f6675c608ebb6073b86ca191d016248cc344604a8c3bde6e0,d2fa3c20a,openproj_contrib/src/net/sf/jasperreports/compilers/JRBshCompiler.java,f4c874892b0289ef6eca6ccbb2da5717dbcc10f3a3e218e60d48c1eedfba3d1b,0530be227f4a10c5545cce8d3db20ac5a4d76a66,REVIEW_REQUIRED,ThirdParty:JasperReports,false,REVIEW_REQUIRED,REVIEW_REQUIRED,KEEP_THIRD_PARTY,third-party notice detected; verify upstream license,
modules/projectlibre_contrib/src/main/java/net/sf/jasperreports/compilers/JRBshGenerator.java,projectlibre_contrib,java,HEAD,b0fe83ba89fdc91a9765f33cf2f004a8d11b3657efe52d5ed1331e6ad0f982cd,d2fa3c20a,openproj_contrib/src/net/sf/jasperreports/compilers/JRBshGenerator.java,56aa773ad881281335502aa72b5eb15c1226e08f87f9d0887e79af7a9cdd1e3a,0530be227f4a10c5545cce8d3db20ac5a4d76a66,REVIEW_REQUIRED,ThirdParty:JasperReports,false,REVIEW_REQUIRED,REVIEW_REQUIRED,KEEP_THIRD_PARTY,third-party notice detected; verify upstream license,
modules/projectlibre_contrib/src/main/java/org/jdesktop/swing/calendar/DateSpan.java,projectlibre_contrib,java,HEAD,9431968458fe21c0d173c382f32019e38a074db528c5f74bc484e3a6a55c3d66,d2fa3c20a,,,0530be227f4a10c5545cce8d3db20ac5a4d76a66,REVIEW_REQUIRED,Unknown,false,REVIEW_REQUIRED,REVIEW_REQUIRED,REVIEW,no path match in OpenProj baseline; classify origin manually,
modules/projectlibre_contrib/src/main/resources/net/sf/jasperreports/view/viewer_ca.properties,projectlibre_contrib,resource,HEAD,a7e95bb863d5e57f9c47b0589e0d9776884a6b15e95105f06c0c38c7088b784d,d2fa3c20a,openproj_contrib/src/net/sf/jasperreports/view/viewer_ca.properties,a7e95bb863d5e57f9c47b0589e0d9776884a6b15e95105f06c0c38c7088b784d,0530be227f4a10c5545cce8d3db20ac5a4d76a66,REVIEW_REQUIRED,Unknown,true,REVIEW_REQUIRED,REVIEW_REQUIRED,KEEP_OPENPROJ,normalized content matches OpenProj baseline,
modules/projectlibre_contrib/src/main/resources/net/sf/jasperreports/view/viewer_cs.properties,projectlibre_contrib,resource,HEAD,bbd64bfc27e8dae5248c37667481f3af38d339fab9c18a7c38b51d3dfbb1f8ce,d2fa3c20a,openproj_contrib/src/net/sf/jasperreports/view/viewer_cs.properties,bbd64bfc27e8dae5248c37667481f3af38d339fab9c18a7c38b51d3dfbb1f8ce,0530be227f4a10c5545cce8d3db20ac5a4d76a66,REVIEW_REQUIRED,Unknown,true,REVIEW_REQUIRED,REVIEW_REQUIRED,KEEP_OPENPROJ,normalized content matches OpenProj baseline,
modules/projectlibre_contrib/src/main/resources/net/sf/jasperreports/view/viewer_de.properties,projectlibre_contrib,resource,HEAD,56cbde92fb6affa8a947fc33622d0b7fd9c0e6cd53cf18c0b9f1195df22eeba1,d2fa3c20a,openproj_contrib/src/net/sf/jasperreports/view/viewer_de.properties,56cbde92fb6affa8a947fc33622d0b7fd9c0e6cd53cf18c0b9f1195df22eeba1,0530be227f4a10c5545cce8d3db20ac5a4d76a66,REVIEW_REQUIRED,Unknown,true,REVIEW_REQUIRED,REVIEW_REQUIRED,KEEP_OPENPROJ,normalized content matches OpenProj baseline,
modules/projectlibre_contrib/src/main/resources/net/sf/jasperreports/view/viewer_en.properties,projectlibre_contrib,resource,HEAD,4aab06374ef32da20634e0a60c2cca114b642c77aae1d38ba7535f6bb77605bc,d2fa3c20a,openproj_contrib/src/net/sf/jasperreports/view/viewer_en.properties,4aab06374ef32da20634e0a60c2cca114b642c77aae1d38ba7535f6bb77605bc,0530be227f4a10c5545cce8d3db20ac5a4d76a66,REVIEW_REQUIRED,Unknown,true,REVIEW_REQUIRED,REVIEW_REQUIRED,KEEP_OPENPROJ,normalized content matches OpenProj baseline,
modules/projectlibre_contrib/src/main/resources/net/sf/jasperreports/view/viewer_es.properties,projectlibre_contrib,resource,HEAD,46c93efa0617b90c0c110f37d94e3da7fe5c675ea5f2829b65897450ed612fb0,d2fa3c20a,openproj_contrib/src/net/sf/jasperreports/view/viewer_es.properties,46c93efa0617b90c0c110f37d94e3da7fe5c675ea5f2829b65897450ed612fb0,0530be227f4a10c5545cce8d3db20ac5a4d76a66,REVIEW_REQUIRED,Unknown,true,REVIEW_REQUIRED,REVIEW_REQUIRED,KEEP_OPENPROJ,normalized content matches OpenProj baseline,
modules/projectlibre_contrib/src/main/resources/net/sf/jasperreports/view/viewer_fr.properties,projectlibre_contrib,resource,HEAD,9f7a2e2f2ef74bb70af659330cbfb816d120c00e00e2627e564f67bef7b30643,d2fa3c20a,openproj_contrib/src/net/sf/jasperreports/view/viewer_fr.properties,9f7a2e2f2ef74bb70af659330cbfb816d120c00e00e2627e564f67bef7b30643,0530be227f4a10c5545cce8d3db20ac5a4d76a66,REVIEW_REQUIRED,Unknown,true,REVIEW_REQUIRED,REVIEW_REQUIRED,KEEP_OPENPROJ,normalized content matches OpenProj baseline,
modules/projectlibre_contrib/src/main/resources/net/sf/jasperreports/view/viewer_it.properties,projectlibre_contrib,resource,HEAD,77bfcda8fbe06bcfba235ab5b668c9bf689dee39961ecc08b7f84b6b6afa5c58,d2fa3c20a,openproj_contrib/src/net/sf/jasperreports/view/viewer_it.properties,77bfcda8fbe06bcfba235ab5b668c9bf689dee39961ecc08b7f84b6b6afa5c58,0530be227f4a10c5545cce8d3db20ac5a4d76a66,REVIEW_REQUIRED,Unknown,true,REVIEW_REQUIRED,REVIEW_REQUIRED,KEEP_OPENPROJ,normalized content matches OpenProj baseline,
modules/projectlibre_contrib/src/main/resources/net/sf/jasperreports/view/viewer_pt.properties,projectlibre_contrib,resource,HEAD,dec064139505ff0bf3b1f0b91147d64b7bddca2e52b247821f3f4eb5a57b5657,d2fa3c20a,openproj_contrib/src/net/sf/jasperreports/view/viewer_pt.properties,dec064139505ff0bf3b1f0b91147d64b7bddca2e52b247821f3f4eb5a57b5657,0530be227f4a10c5545cce8d3db20ac5a4d76a66,REVIEW_REQUIRED,Unknown,true,REVIEW_REQUIRED,REVIEW_REQUIRED,KEEP_OPENPROJ,normalized content matches OpenProj baseline,
modules/projectlibre_contrib/src/main/resources/net/sf/jasperreports/view/viewer_pt_BR.properties,projectlibre_contrib,resource,HEAD,2e67e236a046a048d5e6554fd8df17310a33090fd48b684aa0e5dee29515eb1c,d2fa3c20a,openproj_contrib/src/net/sf/jasperreports/view/viewer_pt_BR.properties,2e67e236a046a048d5e6554fd8df17310a33090fd48b684aa0e5dee29515eb1c,0530be227f4a10c5545cce8d3db20ac5a4d76a66,REVIEW_REQUIRED,Unknown,true,REVIEW_REQUIRED,REVIEW_REQUIRED,KEEP_OPENPROJ,normalized content matches OpenProj baseline,
modules/projectlibre_contrib/src/main/resources/net/sf/jasperreports/view/viewer_ro.properties,projectlibre_contrib,resource,HEAD,15a44f7c3b388cbff642adc9843e45f0ffa64a2152383597b03dfc1a17e98ced,d2fa3c20a,openproj_contrib/src/net/sf/jasperreports/view/viewer_ro.properties,15a44f7c3b388cbff642adc9843e45f0ffa64a2152383597b03dfc1a17e98ced,0530be227f4a10c5545cce8d3db20ac5a4d76a66,REVIEW_REQUIRED,Unknown,true,REVIEW_REQUIRED,REVIEW_REQUIRED,KEEP_OPENPROJ,normalized content matches OpenProj baseline,
modules/projectlibre_contrib/src/main/resources/net/sf/jasperreports/view/viewer_sk.properties,projectlibre_contrib,resource,HEAD,8d41f1abbb50ef57cad95f623048ab9ddbb3108f330fae3c966c35ae57e13c11,d2fa3c20a,openproj_contrib/src/net/sf/jasperreports/view/viewer_sk.properties,8d41f1abbb50ef57cad95f623048ab9ddbb3108f330fae3c966c35ae57e13c11,0530be227f4a10c5545cce8d3db20ac5a4d76a66,REVIEW_REQUIRED,Unknown,true,REVIEW_REQUIRED,REVIEW_REQUIRED,KEEP_OPENPROJ,normalized content matches OpenProj baseline,
modules/projectlibre_contrib/src/main/resources/net/sf/jasperreports/view/viewer_sv.properties,projectlibre_contrib,resource,HEAD,d5ad6f99dfa3f0d632844f6a6eadba556c04917ec6eecc0cd3fea4d3556b2159,d2fa3c20a,openproj_contrib/src/net/sf/jasperreports/view/viewer_sv.properties,d5ad6f99dfa3f0d632844f6a6eadba556c04917ec6eecc0cd3fea4d3556b2159,0530be227f4a10c5545cce8d3db20ac5a4d76a66,REVIEW_REQUIRED,Unknown,true,REVIEW_REQUIRED,REVIEW_REQUIRED,KEEP_OPENPROJ,normalized content matches OpenProj baseline,
modules/projectlibre_contrib/src/test/java/com/projectlibre1/contrib/ClassLoaderUtilsTest.java,projectlibre_contrib,test,HEAD,05faff6807770175c6318b5a2f6dafb5290e5ad8b292023dca2d13cfcdb6f1e1,d2fa3c20a,,,0530be227f4a10c5545cce8d3db20ac5a4d76a66,REVIEW_REQUIRED,Unknown,false,REVIEW_REQUIRED,REVIEW_REQUIRED,REVIEW,no path match in OpenProj baseline; classify origin manually,
modules/projectlibre_contrib/src/test/java/com/projectlibre1/contrib/calendar/ContribIntervalsTest.java,projectlibre_contrib,test,HEAD,0af4f7fcde7343334398a542cb2f7836f87c072d7079e084443dcf5f46712b50,d2fa3c20a,,,0530be227f4a10c5545cce8d3db20ac5a4d76a66,REVIEW_REQUIRED,Unknown,false,REVIEW_REQUIRED,REVIEW_REQUIRED,REVIEW,no path match in OpenProj baseline; classify origin manually,
modules/projectlibre_core/.gitignore,projectlibre_core,other,HEAD,011944fae84d5c0f64d150e38daee4b583d6a31d828c305d0424521603f1b309,d2fa3c20a,,,0530be227f4a10c5545cce8d3db20ac5a4d76a66,REVIEW_REQUIRED,Unknown,false,REVIEW_REQUIRED,REVIEW_REQUIRED,REVIEW,no path match in OpenProj baseline; classify origin manually,
modules/projectlibre_core/build.gradle.kts,projectlibre_core,other,HEAD,748362c14944269594aa0c5dd95d8c7d461e549a12b895465345cdbbfa73088e,d2fa3c20a,,,0530be227f4a10c5545cce8d3db20ac5a4d76a66,REVIEW_REQUIRED,Unknown,false,REVIEW_REQUIRED,REVIEW_REQUIRED,REVIEW,no path match in OpenProj baseline; classify origin manually,
modules/projectlibre_core/src/main/java/com/projectlibre/core/fields/Field.java,projectlibre_core,java,HEAD,01163ba12840dfed5a1e61492ed537ed7bcb2665dd5606c4941fe926b2a05d33,d2fa3c20a,,,0530be227f4a10c5545cce8d3db20ac5a4d76a66,REVIEW_REQUIRED,ProjectLibre,false,REVIEW_REQUIRED,CPAL-1.0,REVIEW,no path match in OpenProj baseline; classify origin manually,
modules/projectlibre_core/src/main/java/com/projectlibre/core/fields/FieldId.java,projectlibre_core,java,HEAD,9e02bf2b27e3fced5b0966fff3cfae802be946e1220b897018c87fbb76f897f5,d2fa3c20a,,,0530be227f4a10c5545cce8d3db20ac5a4d76a66,REVIEW_REQUIRED,ProjectLibre,false,REVIEW_REQUIRED,CPAL-1.0,REVIEW,no path match in OpenProj baseline; classify origin manually,
modules/projectlibre_core/src/main/java/com/projectlibre/core/fields/FieldList.java,projectlibre_core,java,HEAD,000687538d45a94117021718ead4f457646946a803160fc2f8de1d8c95355928,d2fa3c20a,,,0530be227f4a10c5545cce8d3db20ac5a4d76a66,REVIEW_REQUIRED,ProjectLibre,false,REVIEW_REQUIRED,CPAL-1.0,REVIEW,no path match in OpenProj baseline; classify origin manually,
modules/projectlibre_core/src/main/java/com/projectlibre/core/fields/FieldManager.java,projectlibre_core,java,HEAD,39a5062dff21463415fe8e472a9cf99041210e23a067352049d9e02317ff724a,d2fa3c20a,,,0530be227f4a10c5545cce8d3db20ac5a4d76a66,REVIEW_REQUIRED,ProjectLibre,false,REVIEW_REQUIRED,CPAL-1.0,REVIEW,no path match in OpenProj baseline; classify origin manually,
modules/projectlibre_core/src/main/java/com/projectlibre/core/fields/FieldTypeConverter.java,projectlibre_core,java,HEAD,701ca52b292c2fbb09489da087992b4a6e47ae372187b85341d0801fb733c655,d2fa3c20a,,,0530be227f4a10c5545cce8d3db20ac5a4d76a66,REVIEW_REQUIRED,ProjectLibre,false,REVIEW_REQUIRED,CPAL-1.0,REVIEW,no path match in OpenProj baseline; classify origin manually,
modules/projectlibre_core/src/main/java/com/projectlibre/core/fields/FieldUtil.java,projectlibre_core,java,HEAD,7b8f37d3c22de0f8dd5b39be33d5c86b92171280b918f6fd2795bb48147f1332,d2fa3c20a,,,0530be227f4a10c5545cce8d3db20ac5a4d76a66,REVIEW_REQUIRED,ProjectLibre,false,REVIEW_REQUIRED,CPAL-1.0,REVIEW,no path match in OpenProj baseline; classify origin manually,
modules/projectlibre_core/src/main/java/com/projectlibre/core/fields/HasFields.java,projectlibre_core,java,HEAD,310532203c9b763f38b719d2a67c425662fd2d2b7a054376d6e1ef0698d9cdcf,d2fa3c20a,,,0530be227f4a10c5545cce8d3db20ac5a4d76a66,REVIEW_REQUIRED,ProjectLibre,false,REVIEW_REQUIRED,CPAL-1.0,REVIEW,no path match in OpenProj baseline; classify origin manually,
modules/projectlibre_core/src/main/java/com/projectlibre/core/hierarchy/DefaultHierarchy.java,projectlibre_core,java,HEAD,4790ddffbb7443e27d3c3176a6bad70a882d737cc890beb5f8e165e84a5b7a24,d2fa3c20a,,,0530be227f4a10c5545cce8d3db20ac5a4d76a66,REVIEW_REQUIRED,ProjectLibre,false,REVIEW_REQUIRED,CPAL-1.0,REVIEW,no path match in OpenProj baseline; classify origin manually,
modules/projectlibre_core/src/main/java/com/projectlibre/core/hierarchy/DefaultHierarchyNode.java,projectlibre_core,java,HEAD,b1285ef5ede3b601868c835472e351fed1e7b2e3fe0af82670929d5c08223451,d2fa3c20a,,,0530be227f4a10c5545cce8d3db20ac5a4d76a66,REVIEW_REQUIRED,ProjectLibre,false,REVIEW_REQUIRED,CPAL-1.0,REVIEW,no path match in OpenProj baseline; classify origin manually,
modules/projectlibre_core/src/main/java/com/projectlibre/core/hierarchy/HasHierarchies.java,projectlibre_core,java,HEAD,e5095d601895e83bf38bb3fb41cc16ef655865dda856573450a962c10fcb5a2f,d2fa3c20a,,,0530be227f4a10c5545cce8d3db20ac5a4d76a66,REVIEW_REQUIRED,ProjectLibre,false,REVIEW_REQUIRED,CPAL-1.0,REVIEW,no path match in OpenProj baseline; classify origin manually,
modules/projectlibre_core/src/main/java/com/projectlibre/core/hierarchy/Hierarchy.java,projectlibre_core,java,HEAD,12ad0f1070ffc3655964f09dc0edb8a9b99d1af69c22e9dfc5695d4b6a525487,d2fa3c20a,,,0530be227f4a10c5545cce8d3db20ac5a4d76a66,REVIEW_REQUIRED,ProjectLibre,false,REVIEW_REQUIRED,CPAL-1.0,REVIEW,no path match in OpenProj baseline; classify origin manually,
modules/projectlibre_core/src/main/java/com/projectlibre/core/hierarchy/HierarchyNode.java,projectlibre_core,java,HEAD,f2d978f83784ce661761e6eacd4babade838fd737b7ab2d2a136acaaf30dab1e,d2fa3c20a,,,0530be227f4a10c5545cce8d3db20ac5a4d76a66,REVIEW_REQUIRED,ProjectLibre,false,REVIEW_REQUIRED,CPAL-1.0,REVIEW,no path match in OpenProj baseline; classify origin manually,
modules/projectlibre_core/src/main/java/com/projectlibre/core/id/UniqueId.java,projectlibre_core,java,HEAD,b1d55dc271a88490bf2a838462c5bb2a37d08460256a5e5c22805fe97dc004db,d2fa3c20a,,,0530be227f4a10c5545cce8d3db20ac5a4d76a66,REVIEW_REQUIRED,ProjectLibre,false,REVIEW_REQUIRED,CPAL-1.0,REVIEW,no path match in OpenProj baseline; classify origin manually,
modules/projectlibre_core/src/main/java/com/projectlibre/core/nodes/AbstractNode.java,projectlibre_core,java,HEAD,0d0675b20f7879c0566c941032f36d0d00d6920768e1ebe8221db8909006b493,d2fa3c20a,,,0530be227f4a10c5545cce8d3db20ac5a4d76a66,REVIEW_REQUIRED,ProjectLibre,false,REVIEW_REQUIRED,CPAL-1.0,REVIEW,no path match in OpenProj baseline; classify origin manually,
modules/projectlibre_core/src/main/java/com/projectlibre/core/nodes/AbstractNodeContainer.java,projectlibre_core,java,HEAD,908126b2a4a0e49f6e0ae1b611f038df2b6b0faf242c309508a1c30285891868,d2fa3c20a,,,0530be227f4a10c5545cce8d3db20ac5a4d76a66,REVIEW_REQUIRED,ProjectLibre,false,REVIEW_REQUIRED,CPAL-1.0,REVIEW,no path match in OpenProj baseline; classify origin manually,
modules/projectlibre_core/src/main/java/com/projectlibre/core/nodes/DefaultNode.java,projectlibre_core,java,HEAD,305394d820f8ab8bbf0fd2ec538f2c51f8f0a30c4da435856a9f01de218c9011,d2fa3c20a,,,0530be227f4a10c5545cce8d3db20ac5a4d76a66,REVIEW_REQUIRED,ProjectLibre,false,REVIEW_REQUIRED,CPAL-1.0,REVIEW,no path match in OpenProj baseline; classify origin manually,
modules/projectlibre_core/src/main/java/com/projectlibre/core/nodes/HasId.java,projectlibre_core,java,HEAD,359da776c94f278f2e46da60c138f1bdec9bfff10a6f8411178ab82a3244b1de,d2fa3c20a,,,0530be227f4a10c5545cce8d3db20ac5a4d76a66,REVIEW_REQUIRED,ProjectLibre,false,REVIEW_REQUIRED,CPAL-1.0,REVIEW,no path match in OpenProj baseline; classify origin manually,
modules/projectlibre_core/src/main/java/com/projectlibre/core/nodes/Node.java,projectlibre_core,java,HEAD,facea4b7737577a03e62a28125c9c5bec9afab89927634f6c22a1bb621fb006f,d2fa3c20a,,,0530be227f4a10c5545cce8d3db20ac5a4d76a66,REVIEW_REQUIRED,ProjectLibre,false,REVIEW_REQUIRED,CPAL-1.0,REVIEW,no path match in OpenProj baseline; classify origin manually,
modules/projectlibre_core/src/main/java/com/projectlibre/core/nodes/NodeContainer.java,projectlibre_core,java,HEAD,768b8c758fb632e54a44af1b7880a11bf1ed1a09dc7efc429f7356196cae3cd6,d2fa3c20a,,,0530be227f4a10c5545cce8d3db20ac5a4d76a66,REVIEW_REQUIRED,ProjectLibre,false,REVIEW_REQUIRED,CPAL-1.0,REVIEW,no path match in OpenProj baseline; classify origin manually,
modules/projectlibre_core/src/main/java/com/projectlibre/core/nodes/NodeId.java,projectlibre_core,java,HEAD,c36716207577804fb952d8e1acf0b43fac2802c0796a92abf2643c251ab37898,d2fa3c20a,,,0530be227f4a10c5545cce8d3db20ac5a4d76a66,REVIEW_REQUIRED,ProjectLibre,false,REVIEW_REQUIRED,CPAL-1.0,REVIEW,no path match in OpenProj baseline; classify origin manually,
modules/projectlibre_core/src/main/java/com/projectlibre/core/time/DefaultTimeInterval.java,projectlibre_core,java,HEAD,abb93aa2435308499cffe27eb18f1837ad727c530b8156bbc367fecebc174f94,d2fa3c20a,,,0530be227f4a10c5545cce8d3db20ac5a4d76a66,REVIEW_REQUIRED,ProjectLibre,false,REVIEW_REQUIRED,CPAL-1.0,REVIEW,no path match in OpenProj baseline; classify origin manually,
modules/projectlibre_core/src/main/java/com/projectlibre/core/time/DefaultTimeIntervals.java,projectlibre_core,java,HEAD,f87e0fc6cddc961aada43ba0dbf0d6b86b78e880a0f6acb94a52aa58b1866e84,d2fa3c20a,,,0530be227f4a10c5545cce8d3db20ac5a4d76a66,REVIEW_REQUIRED,ProjectLibre,false,REVIEW_REQUIRED,CPAL-1.0,REVIEW,no path match in OpenProj baseline; classify origin manually,
modules/projectlibre_core/src/main/java/com/projectlibre/core/time/DefaultTimephasedValue.java,projectlibre_core,java,HEAD,e32aab8da22e3ee90ff9493efe86f8f6329b12b6fa6ce5b16ad566033881ab2e,d2fa3c20a,,,0530be227f4a10c5545cce8d3db20ac5a4d76a66,REVIEW_REQUIRED,ProjectLibre,false,REVIEW_REQUIRED,CPAL-1.0,REVIEW,no path match in OpenProj baseline; classify origin manually,
modules/projectlibre_core/src/main/java/com/projectlibre/core/time/DefaultTimephasedValues.java,projectlibre_core,java,HEAD,97b4fa757c294aea8f0eefaef2f3243ba7d158f9dfba4779a8e857c78c30ac2d,d2fa3c20a,,,0530be227f4a10c5545cce8d3db20ac5a4d76a66,REVIEW_REQUIRED,ProjectLibre,false,REVIEW_REQUIRED,CPAL-1.0,REVIEW,no path match in OpenProj baseline; classify origin manually,
modules/projectlibre_core/src/main/java/com/projectlibre/core/time/Duration.java,projectlibre_core,java,HEAD,77dac8a0485741bdcb745f1df9cce0b64996825420f58ed64c51fe46bde6b359,d2fa3c20a,,,0530be227f4a10c5545cce8d3db20ac5a4d76a66,REVIEW_REQUIRED,ProjectLibre,false,REVIEW_REQUIRED,CPAL-1.0,REVIEW,no path match in OpenProj baseline; classify origin manually,
modules/projectlibre_core/src/main/java/com/projectlibre/core/time/Rate.java,projectlibre_core,java,HEAD,0e92cd5f50aad84a7aca6c882ad263ee60ba3b67e5fb8af8ce399381db32d785,d2fa3c20a,,,0530be227f4a10c5545cce8d3db20ac5a4d76a66,REVIEW_REQUIRED,ProjectLibre,false,REVIEW_REQUIRED,CPAL-1.0,REVIEW,no path match in OpenProj baseline; classify origin manually,
modules/projectlibre_core/src/main/java/com/projectlibre/core/time/TimeInterval.java,projectlibre_core,java,HEAD,00f0c30b1abdf56e762e418f3fbdc4c3f6f286cdccb509721360b69d82e3f5db,d2fa3c20a,,,0530be227f4a10c5545cce8d3db20ac5a4d76a66,REVIEW_REQUIRED,ProjectLibre,false,REVIEW_REQUIRED,CPAL-1.0,REVIEW,no path match in OpenProj baseline; classify origin manually,
modules/projectlibre_core/src/main/java/com/projectlibre/core/time/TimeIntervals.java,projectlibre_core,java,HEAD,1b1ae2d3f681faecb9c5467b142a0667f647a94628d41d9eec2b1bf3aa0ca527,d2fa3c20a,,,0530be227f4a10c5545cce8d3db20ac5a4d76a66,REVIEW_REQUIRED,ProjectLibre,false,REVIEW_REQUIRED,CPAL-1.0,REVIEW,no path match in OpenProj baseline; classify origin manually,
modules/projectlibre_core/src/main/java/com/projectlibre/core/time/TimeUnit.java,projectlibre_core,java,HEAD,88ee457bedf002a0f98f71e373d98000b4f1f681a648e5d5090b43a7c1116abd,d2fa3c20a,,,0530be227f4a10c5545cce8d3db20ac5a4d76a66,REVIEW_REQUIRED,ProjectLibre,false,REVIEW_REQUIRED,CPAL-1.0,REVIEW,no path match in OpenProj baseline; classify origin manually,
modules/projectlibre_core/src/main/java/com/projectlibre/core/time/TimeUtil.java,projectlibre_core,java,HEAD,61bdd00aed16c0abfb1e25c37e45c37e30cb9fcdfb5b8cb6891073dadb458cd3,d2fa3c20a,,,0530be227f4a10c5545cce8d3db20ac5a4d76a66,REVIEW_REQUIRED,ProjectLibre,false,REVIEW_REQUIRED,CPAL-1.0,REVIEW,no path match in OpenProj baseline; classify origin manually,
modules/projectlibre_core/src/main/java/com/projectlibre/core/time/TimephasedType.java,projectlibre_core,java,HEAD,80459c12e4bc8b0fccf279aafb940d71fde3322af27704efe15deb44bfcfb460,d2fa3c20a,,,0530be227f4a10c5545cce8d3db20ac5a4d76a66,REVIEW_REQUIRED,ProjectLibre,false,REVIEW_REQUIRED,CPAL-1.0,REVIEW,no path match in OpenProj baseline; classify origin manually,
modules/projectlibre_core/src/main/java/com/projectlibre/core/time/TimephasedValue.java,projectlibre_core,java,HEAD,c359e0274559682d707411f56cd3bf2ec24febf15d835ff738866bba29c21abd,d2fa3c20a,,,0530be227f4a10c5545cce8d3db20ac5a4d76a66,REVIEW_REQUIRED,ProjectLibre,false,REVIEW_REQUIRED,CPAL-1.0,REVIEW,no path match in OpenProj baseline; classify origin manually,
modules/projectlibre_core/src/main/java/com/projectlibre/core/time/Timephasedvalues.java,projectlibre_core,java,HEAD,33203addecc26805326f105ac565cae01b9dc96a33b09b16bcafb3c3c778143b,d2fa3c20a,,,0530be227f4a10c5545cce8d3db20ac5a4d76a66,REVIEW_REQUIRED,ProjectLibre,false,REVIEW_REQUIRED,CPAL-1.0,REVIEW,no path match in OpenProj baseline; classify origin manually,
modules/projectlibre_core/src/main/java/com/projectlibre/core/time/WorkContour.java,projectlibre_core,java,HEAD,62c20f7405fd28f5013bf506301054865e7b7c5615859f03fd8c7bf3361ef033,d2fa3c20a,,,0530be227f4a10c5545cce8d3db20ac5a4d76a66,REVIEW_REQUIRED,ProjectLibre,false,REVIEW_REQUIRED,CPAL-1.0,REVIEW,no path match in OpenProj baseline; classify origin manually,
modules/projectlibre_core/src/main/java/com/projectlibre/core/versions/VersionComparator.java,projectlibre_core,java,HEAD,001c5b741d2e042476a4086431014368b4b4a5333c1f97dd730085a9716cc009,d2fa3c20a,,,0530be227f4a10c5545cce8d3db20ac5a4d76a66,REVIEW_REQUIRED,ProjectLibre,false,REVIEW_REQUIRED,CPAL-1.0,REVIEW,no path match in OpenProj baseline; classify origin manually,
modules/projectlibre_core/src/main/java/com/projectlibre/pm/calendar/CalendarId.java,projectlibre_core,java,HEAD,702c12dccb254b278ab2acf2188912451156b0ad8ab6a8937b0e76064c976cdd,d2fa3c20a,,,0530be227f4a10c5545cce8d3db20ac5a4d76a66,REVIEW_REQUIRED,ProjectLibre,false,REVIEW_REQUIRED,CPAL-1.0,REVIEW,no path match in OpenProj baseline; classify origin manually,
modules/projectlibre_core/src/main/java/com/projectlibre/pm/calendar/CalendarManager.java,projectlibre_core,java,HEAD,f9d2382dd971f44f396bc0909152ba2957e16d05c14013feeb38526237047c5d,d2fa3c20a,,,0530be227f4a10c5545cce8d3db20ac5a4d76a66,REVIEW_REQUIRED,ProjectLibre,false,REVIEW_REQUIRED,CPAL-1.0,REVIEW,no path match in OpenProj baseline; classify origin manually,
modules/projectlibre_core/src/main/java/com/projectlibre/pm/calendar/CalendarOptions.java,projectlibre_core,java,HEAD,681d6cd68620fe73c5d04266b323790dc21f25790abbae01ce5241484279d5c7,d2fa3c20a,,,0530be227f4a10c5545cce8d3db20ac5a4d76a66,REVIEW_REQUIRED,ProjectLibre,false,REVIEW_REQUIRED,CPAL-1.0,REVIEW,no path match in OpenProj baseline; classify origin manually,
modules/projectlibre_core/src/main/java/com/projectlibre/pm/calendar/DayType.java,projectlibre_core,java,HEAD,a20b6db2faaa3695ee3d26a5f728c649729c6dfc44826ced3e483d41749796a4,d2fa3c20a,,,0530be227f4a10c5545cce8d3db20ac5a4d76a66,REVIEW_REQUIRED,ProjectLibre,false,REVIEW_REQUIRED,CPAL-1.0,REVIEW,no path match in OpenProj baseline; classify origin manually,
modules/projectlibre_core/src/main/java/com/projectlibre/pm/calendar/DefaultWorkCalendar.java,projectlibre_core,java,HEAD,1f128a3b22cfc6ca97a3409fac39631df140b3005e8d9e54e5c7aa0d453962b7,d2fa3c20a,,,0530be227f4a10c5545cce8d3db20ac5a4d76a66,REVIEW_REQUIRED,ProjectLibre,false,REVIEW_REQUIRED,CPAL-1.0,REVIEW,no path match in OpenProj baseline; classify origin manually,
modules/projectlibre_core/src/main/java/com/projectlibre/pm/calendar/DuplicateCalendarException.java,projectlibre_core,java,HEAD,9bdc78d6787e9d333b7cace2dc31740e6e2d015deee54022b3d78d856a619779,d2fa3c20a,,,0530be227f4a10c5545cce8d3db20ac5a4d76a66,REVIEW_REQUIRED,ProjectLibre,false,REVIEW_REQUIRED,CPAL-1.0,REVIEW,no path match in OpenProj baseline; classify origin manually,
modules/projectlibre_core/src/main/java/com/projectlibre/pm/calendar/HasCalendar.java,projectlibre_core,java,HEAD,48d03563122ec0ba4fb48a03e1be30f87b577d46baa6eb0a6375ba8b3be988bc,d2fa3c20a,,,0530be227f4a10c5545cce8d3db20ac5a4d76a66,REVIEW_REQUIRED,ProjectLibre,false,REVIEW_REQUIRED,CPAL-1.0,REVIEW,no path match in OpenProj baseline; classify origin manually,
modules/projectlibre_core/src/main/java/com/projectlibre/pm/calendar/WorkCalendar.java,projectlibre_core,java,HEAD,42e9df5ea333116b9b58d3e301e2d95d3fec2996a301e920a059e46aef5b0948,d2fa3c20a,,,0530be227f4a10c5545cce8d3db20ac5a4d76a66,REVIEW_REQUIRED,ProjectLibre,false,REVIEW_REQUIRED,CPAL-1.0,REVIEW,no path match in OpenProj baseline; classify origin manually,
modules/projectlibre_core/src/main/java/com/projectlibre/pm/calendar/WorkCalendarException.java,projectlibre_core,java,HEAD,44abb70ba76a39d330f54b8eb46fa4234e47249fd21c4853be06b383403bf5f3,d2fa3c20a,,,0530be227f4a10c5545cce8d3db20ac5a4d76a66,REVIEW_REQUIRED,ProjectLibre,false,REVIEW_REQUIRED,CPAL-1.0,REVIEW,no path match in OpenProj baseline; classify origin manually,
modules/projectlibre_core/src/main/java/com/projectlibre/pm/calendar/WorkDay.java,projectlibre_core,java,HEAD,9fc2fa0a0f06a72529bbf4c8c59088363cb7b07f9a998b4886827686b7501dcb,d2fa3c20a,,,0530be227f4a10c5545cce8d3db20ac5a4d76a66,REVIEW_REQUIRED,ProjectLibre,false,REVIEW_REQUIRED,CPAL-1.0,REVIEW,no path match in OpenProj baseline; classify origin manually,
modules/projectlibre_core/src/main/java/com/projectlibre/pm/calendar/WorkRange.java,projectlibre_core,java,HEAD,091c5b320f3193d08ef38dcd3f8d7a6121fb4daf4a0d865fca45e85f9b2ae70a,d2fa3c20a,,,0530be227f4a10c5545cce8d3db20ac5a4d76a66,REVIEW_REQUIRED,ProjectLibre,false,REVIEW_REQUIRED,CPAL-1.0,REVIEW,no path match in OpenProj baseline; classify origin manually,
modules/projectlibre_core/src/main/java/com/projectlibre/pm/calendar/WorkWeek.java,projectlibre_core,java,HEAD,99213b086e55bb736b454bf538ebb538c6e599063b60337e57e07ddb59c4ab05,d2fa3c20a,,,0530be227f4a10c5545cce8d3db20ac5a4d76a66,REVIEW_REQUIRED,ProjectLibre,false,REVIEW_REQUIRED,CPAL-1.0,REVIEW,no path match in OpenProj baseline; classify origin manually,
modules/projectlibre_core/src/main/java/com/projectlibre/pm/resources/Resource.java,projectlibre_core,java,HEAD,2d5b6b7c9ee2c28fc2b4f738cc7923128480e7dc9910ae3313304df192235e5d,d2fa3c20a,,,0530be227f4a10c5545cce8d3db20ac5a4d76a66,REVIEW_REQUIRED,ProjectLibre,false,REVIEW_REQUIRED,CPAL-1.0,REVIEW,no path match in OpenProj baseline; classify origin manually,
modules/projectlibre_core/src/main/java/com/projectlibre/pm/resources/ResourcePool.java,projectlibre_core,java,HEAD,9c64c34c85632ef9343a11d690fd1d1cfc7f355bb2a292f1548d72144bddf65c,d2fa3c20a,,,0530be227f4a10c5545cce8d3db20ac5a4d76a66,REVIEW_REQUIRED,ProjectLibre,false,REVIEW_REQUIRED,CPAL-1.0,REVIEW,no path match in OpenProj baseline; classify origin manually,
modules/projectlibre_core/src/main/java/com/projectlibre/pm/scheduler/ScheduleChangedEvent.java,projectlibre_core,java,HEAD,ef84df7408eccb79f0127a78bd62666171c5d904b5487a1731cb334f79415ddf,d2fa3c20a,,,0530be227f4a10c5545cce8d3db20ac5a4d76a66,REVIEW_REQUIRED,ProjectLibre,false,REVIEW_REQUIRED,CPAL-1.0,REVIEW,no path match in OpenProj baseline; classify origin manually,
modules/projectlibre_core/src/main/java/com/projectlibre/pm/scheduler/Scheduler.java,projectlibre_core,java,HEAD,51bdff087dcfd4c258399846a12ee55e7b6aec7b251f0748575e784bebd5e3ef,d2fa3c20a,,,0530be227f4a10c5545cce8d3db20ac5a4d76a66,REVIEW_REQUIRED,ProjectLibre,false,REVIEW_REQUIRED,CPAL-1.0,REVIEW,no path match in OpenProj baseline; classify origin manually,
modules/projectlibre_core/src/main/java/com/projectlibre/pm/scheduling/AccrueType.java,projectlibre_core,java,HEAD,487951278c32413b3518e0f6128b6d350584a9b2990d96cb01793fb5b7851c17,d2fa3c20a,,,0530be227f4a10c5545cce8d3db20ac5a4d76a66,REVIEW_REQUIRED,ProjectLibre,false,REVIEW_REQUIRED,CPAL-1.0,REVIEW,no path match in OpenProj baseline; classify origin manually,
modules/projectlibre_core/src/main/java/com/projectlibre/pm/scheduling/ConstraintType.java,projectlibre_core,java,HEAD,f5f4ea942ad0e24f54abec934d181ab3b68ca5a2e7757438c4f2cf0f14994695,d2fa3c20a,,,0530be227f4a10c5545cce8d3db20ac5a4d76a66,REVIEW_REQUIRED,ProjectLibre,false,REVIEW_REQUIRED,CPAL-1.0,REVIEW,no path match in OpenProj baseline; classify origin manually,
modules/projectlibre_core/src/main/java/com/projectlibre/pm/scheduling/EarnedValueMethod.java,projectlibre_core,java,HEAD,f8f74aa990813de32692937c4123400011bed3ff1281d40cd65544facfec4da1,d2fa3c20a,,,0530be227f4a10c5545cce8d3db20ac5a4d76a66,REVIEW_REQUIRED,Unknown,false,REVIEW_REQUIRED,REVIEW_REQUIRED,REVIEW,no path match in OpenProj baseline; classify origin manually,
modules/projectlibre_core/src/main/java/com/projectlibre/pm/scheduling/Schedule.java,projectlibre_core,java,HEAD,05a424b13b220fb29cbe5b405a3c2303d9bee64ca8beedfba2e309497b6475f0,d2fa3c20a,,,0530be227f4a10c5545cce8d3db20ac5a4d76a66,REVIEW_REQUIRED,ProjectLibre,false,REVIEW_REQUIRED,CPAL-1.0,REVIEW,no path match in OpenProj baseline; classify origin manually,
modules/projectlibre_core/src/main/java/com/projectlibre/pm/scheduling/ScheduleFrom.java,projectlibre_core,java,HEAD,e0c2fbe7087afb7bea82f0b77b8e7f6d4e0cde624018039650a6b711b173310d,d2fa3c20a,,,0530be227f4a10c5545cce8d3db20ac5a4d76a66,REVIEW_REQUIRED,ProjectLibre,false,REVIEW_REQUIRED,CPAL-1.0,REVIEW,no path match in OpenProj baseline; classify origin manually,
modules/projectlibre_core/src/main/java/com/projectlibre/pm/scheduling/SchedulingType.java,projectlibre_core,java,HEAD,274453010840138b60945039f4cdfbaddb16825a4f978c399130fa90b4e43f38,d2fa3c20a,,,0530be227f4a10c5545cce8d3db20ac5a4d76a66,REVIEW_REQUIRED,ProjectLibre,false,REVIEW_REQUIRED,CPAL-1.0,REVIEW,no path match in OpenProj baseline; classify origin manually,
modules/projectlibre_core/src/main/java/com/projectlibre/pm/tasks/Assignment.java,projectlibre_core,java,HEAD,06bdd8a891175877ee527ea5c5a844db5847034113e5f8e5776aec23d87b2e32,d2fa3c20a,,,0530be227f4a10c5545cce8d3db20ac5a4d76a66,REVIEW_REQUIRED,ProjectLibre,false,REVIEW_REQUIRED,CPAL-1.0,REVIEW,no path match in OpenProj baseline; classify origin manually,
modules/projectlibre_core/src/main/java/com/projectlibre/pm/tasks/Dependency.java,projectlibre_core,java,HEAD,4a9e2cc7980a70e0cc52f102b3d58995142c88e85e77d8e8b08bc944bbd889b8,d2fa3c20a,,,0530be227f4a10c5545cce8d3db20ac5a4d76a66,REVIEW_REQUIRED,ProjectLibre,false,REVIEW_REQUIRED,CPAL-1.0,REVIEW,no path match in OpenProj baseline; classify origin manually,
modules/projectlibre_core/src/main/java/com/projectlibre/pm/tasks/DependencyType.java,projectlibre_core,java,HEAD,ad90aaea962d3882a2fb94c7bad43e944b78531be6d6ec3c48bd1c50053e56f0,d2fa3c20a,,,0530be227f4a10c5545cce8d3db20ac5a4d76a66,REVIEW_REQUIRED,ProjectLibre,false,REVIEW_REQUIRED,CPAL-1.0,REVIEW,no path match in OpenProj baseline; classify origin manually,
modules/projectlibre_core/src/main/java/com/projectlibre/pm/tasks/Project.java,projectlibre_core,java,HEAD,c479bc98ed6a6f05c8ee040cd7e79a2e87dda8370ffffc0a41d780f2b67592aa,d2fa3c20a,,,0530be227f4a10c5545cce8d3db20ac5a4d76a66,REVIEW_REQUIRED,ProjectLibre,false,REVIEW_REQUIRED,CPAL-1.0,REVIEW,no path match in OpenProj baseline; classify origin manually,
modules/projectlibre_core/src/main/java/com/projectlibre/pm/tasks/SnapshotList.java,projectlibre_core,java,HEAD,ca60c86e31fb1c10bdf76e323b02c701125d21d870762626f8ea254733b0ad72,d2fa3c20a,,,0530be227f4a10c5545cce8d3db20ac5a4d76a66,REVIEW_REQUIRED,ProjectLibre,false,REVIEW_REQUIRED,CPAL-1.0,REVIEW,no path match in OpenProj baseline; classify origin manually,
modules/projectlibre_core/src/main/java/com/projectlibre/pm/tasks/Task.java,projectlibre_core,java,HEAD,e23cf67991b87ed7ef43df9ced2fe011473b338517a3f49fef6fb39e9cae4c2a,d2fa3c20a,,,0530be227f4a10c5545cce8d3db20ac5a4d76a66,REVIEW_REQUIRED,ProjectLibre,false,REVIEW_REQUIRED,CPAL-1.0,REVIEW,no path match in OpenProj baseline; classify origin manually,
modules/projectlibre_core/src/main/java/com/projectlibre/pm/tasks/TaskHistory.java,projectlibre_core,java,HEAD,e951ea1674266fc54efca1e9bfe6d6b95d870a5c332081221acf6e739e0aafee,d2fa3c20a,,,0530be227f4a10c5545cce8d3db20ac5a4d76a66,REVIEW_REQUIRED,ProjectLibre,false,REVIEW_REQUIRED,CPAL-1.0,REVIEW,no path match in OpenProj baseline; classify origin manually,
modules/projectlibre_core/src/main/java/com/projectlibre/pm/tasks/TaskSnapshot.java,projectlibre_core,java,HEAD,35f727bc0997bd595e20336826d51d8fd9457429a5df09e1de1a0da28a33c255,d2fa3c20a,,,0530be227f4a10c5545cce8d3db20ac5a4d76a66,REVIEW_REQUIRED,ProjectLibre,false,REVIEW_REQUIRED,CPAL-1.0,REVIEW,no path match in OpenProj baseline; classify origin manually,
modules/projectlibre_core/src/main/java/com/projectlibre1/algorithm/CalculationVisitor.java,projectlibre_core,java,HEAD,a6cf2ba5b8fdc2c5bc9f8bc07245870241db3b8b29fe4dbedadfea3f27836357,d2fa3c20a,openproj_core/src/com/projity/algorithm/CalculationVisitor.java,f171ee3f5f9d9a1e524406738c3e9843b68d1a1f1b89de42a60f28a6e531c519,0530be227f4a10c5545cce8d3db20ac5a4d76a66,REVIEW_REQUIRED,ProjectLibre,true,REVIEW_REQUIRED,CPAL-1.0,KEEP_OPENPROJ,normalized content matches OpenProj baseline,
modules/projectlibre_core/src/main/java/com/projectlibre1/algorithm/CollectionIntervalGenerator.java,projectlibre_core,java,HEAD,02985403ad401482f62f5066d9f300e10ce6139516626fea253e484916bb8adb,d2fa3c20a,openproj_core/src/com/projity/algorithm/CollectionIntervalGenerator.java,40b531b10590108dc499249d66260c19a7828b628c7215c4a72779fd99688b91,0530be227f4a10c5545cce8d3db20ac5a4d76a66,REVIEW_REQUIRED,ProjectLibre,false,REVIEW_REQUIRED,CPAL-1.0,REVIEW,OpenProj path exists but content differs; perform hunk-level comparison,
modules/projectlibre_core/src/main/java/com/projectlibre1/algorithm/DateInRangePredicate.java,projectlibre_core,java,HEAD,35b33f0ac35db7f94d4524da680e6fc30bd7a8820af47f5898be6ddbaded139b,d2fa3c20a,openproj_core/src/com/projity/algorithm/DateInRangePredicate.java,9f720ffef76c6b3d3bc8020ac00333dfce0581ef0249a9e3f87bf69ba95c29fa,0530be227f4a10c5545cce8d3db20ac5a4d76a66,REVIEW_REQUIRED,ProjectLibre,false,REVIEW_REQUIRED,CPAL-1.0,REVIEW,OpenProj path exists but content differs; perform hunk-level comparison,
modules/projectlibre_core/src/main/java/com/projectlibre1/algorithm/DoubleValue.java,projectlibre_core,java,HEAD,88b019cff6c16ddd6617fde0bd78028168076cf99719a834e258edb69578939e,d2fa3c20a,openproj_core/src/com/projity/algorithm/DoubleValue.java,7ccb099368416e387ee45b75364d157bac922c8ac620a95e7fd0f4f3d72381f3,0530be227f4a10c5545cce8d3db20ac5a4d76a66,REVIEW_REQUIRED,ProjectLibre,true,REVIEW_REQUIRED,CPAL-1.0,KEEP_OPENPROJ,normalized content matches OpenProj baseline,
modules/projectlibre_core/src/main/java/com/projectlibre1/algorithm/InstantIntervalGenerator.java,projectlibre_core,java,HEAD,897a5553be47799870067af52a0d1fcb50e15d30cd7b19386247aeab1797335b,d2fa3c20a,openproj_core/src/com/projity/algorithm/InstantIntervalGenerator.java,daa7c7beeb5b436e662fbd3515b1ea43448fa027db079f7c1ea98bc7365a4d3b,0530be227f4a10c5545cce8d3db20ac5a4d76a66,REVIEW_REQUIRED,ProjectLibre,false,REVIEW_REQUIRED,CPAL-1.0,REVIEW,OpenProj path exists but content differs; perform hunk-level comparison,
modules/projectlibre_core/src/main/java/com/projectlibre1/algorithm/IntervalGenerator.java,projectlibre_core,java,HEAD,b5d3da1f0a16a6f47c8ebf54c37201bf630a0c15d029c0e4608cf0aaf7449000,d2fa3c20a,openproj_core/src/com/projity/algorithm/IntervalGenerator.java,8cfdf5e43322b29e032c552c1796ed18c4bcdc9a689e5368f082c35bcf46c92c,0530be227f4a10c5545cce8d3db20ac5a4d76a66,REVIEW_REQUIRED,ProjectLibre,true,REVIEW_REQUIRED,CPAL-1.0,KEEP_OPENPROJ,normalized content matches OpenProj baseline,
modules/projectlibre_core/src/main/java/com/projectlibre1/algorithm/IntervalGeneratorSet.java,projectlibre_core,java,HEAD,b8874ae79575b99db76c91b1f6e29c00d7cc6720beb7b5aaa412fbf0dca45bf3,d2fa3c20a,openproj_core/src/com/projity/algorithm/IntervalGeneratorSet.java,29523341f4ecd47d818dc057335264f82126634c46fb41154b1359cf7c1c7b85,0530be227f4a10c5545cce8d3db20ac5a4d76a66,REVIEW_REQUIRED,ProjectLibre,false,REVIEW_REQUIRED,CPAL-1.0,REVIEW,OpenProj path exists but content differs; perform hunk-level comparison,
modules/projectlibre_core/src/main/java/com/projectlibre1/algorithm/IntervalValue.java,projectlibre_core,java,HEAD,417271ffeed1a44670078bedab8a7e9ba7a31112934bffa28609b6128a7d309c,d2fa3c20a,openproj_core/src/com/projity/algorithm/IntervalValue.java,1ee5fbf0b43222d97337ea5fb33a5b7ca1540dc7c59f26d942ed2df013668a49,0530be227f4a10c5545cce8d3db20ac5a4d76a66,REVIEW_REQUIRED,ProjectLibre,true,REVIEW_REQUIRED,CPAL-1.0,KEEP_OPENPROJ,normalized content matches OpenProj baseline,
modules/projectlibre_core/src/main/java/com/projectlibre1/algorithm/Merge.java,projectlibre_core,java,HEAD,7e41deae9da666cfb8a638210b65b186e371dfbf5ae1ff767545a41ace1e99d6,d2fa3c20a,openproj_core/src/com/projity/algorithm/Merge.java,f9b54fc40fddd33f3020faf1c43f90348242cc6b6f979d40be4e06a78d22620d,0530be227f4a10c5545cce8d3db20ac5a4d76a66,REVIEW_REQUIRED,ProjectLibre,true,REVIEW_REQUIRED,CPAL-1.0,KEEP_OPENPROJ,normalized content matches OpenProj baseline,
modules/projectlibre_core/src/main/java/com/projectlibre1/algorithm/Query.java,projectlibre_core,java,HEAD,63a95191a0e1858cdc65b173e0e20ecb9e1ddfdc170b8d65bdbf53f733884358,d2fa3c20a,openproj_core/src/com/projity/algorithm/Query.java,ff487a1de0a7bc4bce840685b2abc76a3caf727ea100cfc3005498233f86dc5d,0530be227f4a10c5545cce8d3db20ac5a4d76a66,REVIEW_REQUIRED,ProjectLibre,false,REVIEW_REQUIRED,CPAL-1.0,REVIEW,OpenProj path exists but content differs; perform hunk-level comparison,
modules/projectlibre_core/src/main/java/com/projectlibre1/algorithm/RangeIntervalGenerator.java,projectlibre_core,java,HEAD,52637885a4c8f06eac3fa317bb8aff6c624f0f9b965020686ef7399edfacbb4b,d2fa3c20a,openproj_core/src/com/projity/algorithm/RangeIntervalGenerator.java,4c27f0ccaacfade13df59c263ab5ab25c557b9b71b8aeab3535317497daa2cde,0530be227f4a10c5545cce8d3db20ac5a4d76a66,REVIEW_REQUIRED,ProjectLibre,false,REVIEW_REQUIRED,CPAL-1.0,REVIEW,OpenProj path exists but content differs; perform hunk-level comparison,
modules/projectlibre_core/src/main/java/com/projectlibre1/algorithm/ReverseQuery.java,projectlibre_core,java,HEAD,6545d642e0d0a2922c04bb5a16332b2fea2206d34ec636896646354f3300d638,d2fa3c20a,openproj_core/src/com/projity/algorithm/ReverseQuery.java,ac3454337a5c5d356008eb9592b74bf83f45e1311c3a954c347c866f405db10c,0530be227f4a10c5545cce8d3db20ac5a4d76a66,REVIEW_REQUIRED,ProjectLibre,false,REVIEW_REQUIRED,CPAL-1.0,REVIEW,OpenProj path exists but content differs; perform hunk-level comparison,
modules/projectlibre_core/src/main/java/com/projectlibre1/algorithm/SelectFrom.java,projectlibre_core,java,HEAD,77bbd542970278c8412521559ed115420f624408d6afc5fab09b17c30430303b,d2fa3c20a,openproj_core/src/com/projity/algorithm/SelectFrom.java,fc1d7e0d150094a22581cfd8a2c6f7de2cd7eb935befcfbe8c2682f9c44fc9d3,0530be227f4a10c5545cce8d3db20ac5a4d76a66,REVIEW_REQUIRED,ProjectLibre,false,REVIEW_REQUIRED,CPAL-1.0,REVIEW,OpenProj path exists but content differs; perform hunk-level comparison,
modules/projectlibre_core/src/main/java/com/projectlibre1/algorithm/TimeIteratorGenerator.java,projectlibre_core,java,HEAD,a1eebf4f9acdc7868138be61793759fbe66c7c7a410ee94659e674b2896ed23f,d2fa3c20a,openproj_core/src/com/projity/algorithm/TimeIteratorGenerator.java,07a734598342a80b8af8504f33fb85b37b94be42349c0800b5ea34d2b06ecc75,0530be227f4a10c5545cce8d3db20ac5a4d76a66,REVIEW_REQUIRED,ProjectLibre,false,REVIEW_REQUIRED,CPAL-1.0,REVIEW,OpenProj path exists but content differs; perform hunk-level comparison,
modules/projectlibre_core/src/main/java/com/projectlibre1/algorithm/ValueDifference.java,projectlibre_core,java,HEAD,9ca2fdcf18b18ee51d8281147bfc3c11639124a61f7ac31d9787654226ad6dc3,d2fa3c20a,openproj_core/src/com/projity/algorithm/ValueDifference.java,c1a51b39f0f458e98e72ff564264b5aa61e7b6ba10d649146491c3639807c5e1,0530be227f4a10c5545cce8d3db20ac5a4d76a66,REVIEW_REQUIRED,ProjectLibre,false,REVIEW_REQUIRED,CPAL-1.0,REVIEW,OpenProj path exists but content differs; perform hunk-level comparison,
modules/projectlibre_core/src/main/java/com/projectlibre1/algorithm/ValueDivision.java,projectlibre_core,java,HEAD,98331f2cbc77d54bc6db4e4b7fea92fddae33519bde3ad2f0f01e63f01277917,d2fa3c20a,openproj_core/src/com/projity/algorithm/ValueDivision.java,034555eff0815157b472d44f60c69a7c39606c12587fd9185170acc84ef29452,0530be227f4a10c5545cce8d3db20ac5a4d76a66,REVIEW_REQUIRED,ProjectLibre,false,REVIEW_REQUIRED,CPAL-1.0,REVIEW,OpenProj path exists but content differs; perform hunk-level comparison,
modules/projectlibre_core/src/main/java/com/projectlibre1/algorithm/ValueOf.java,projectlibre_core,java,HEAD,38f053ac29ab9c5530e74d47373aa7957f18f84c6cad2e894147c3edf507408c,d2fa3c20a,openproj_core/src/com/projity/algorithm/ValueOf.java,b6466c065edc2e1562d937f5139a5a7924de2eff3cc3effecb5da113571f383d,0530be227f4a10c5545cce8d3db20ac5a4d76a66,REVIEW_REQUIRED,ProjectLibre,false,REVIEW_REQUIRED,CPAL-1.0,REVIEW,OpenProj path exists but content differs; perform hunk-level comparison,
modules/projectlibre_core/src/main/java/com/projectlibre1/algorithm/ValueSum.java,projectlibre_core,java,HEAD,dd352102c417744d62377181437b3a1c04bf3dfc1c9fad867496134dcc058426,d2fa3c20a,openproj_core/src/com/projity/algorithm/ValueSum.java,165df20bd269d6ad4bf475419d93e050a227dc7a47e0e74d96e879256edd6943,0530be227f4a10c5545cce8d3db20ac5a4d76a66,REVIEW_REQUIRED,ProjectLibre,false,REVIEW_REQUIRED,CPAL-1.0,REVIEW,OpenProj path exists but content differs; perform hunk-level comparison,
modules/projectlibre_core/src/main/java/com/projectlibre1/algorithm/buffer/CalculatedValues.java,projectlibre_core,java,HEAD,7c8c4988e469f8135670a1399ba83428ba53bc2fbe80c108b7b2c7179177e843,d2fa3c20a,openproj_core/src/com/projity/algorithm/buffer/CalculatedValues.java,28b13b817d544e9c005be2686a1e519ebe6f00a52901558561bd923bb823a219,0530be227f4a10c5545cce8d3db20ac5a4d76a66,REVIEW_REQUIRED,ProjectLibre,true,REVIEW_REQUIRED,CPAL-1.0,KEEP_OPENPROJ,normalized content matches OpenProj baseline,
modules/projectlibre_core/src/main/java/com/projectlibre1/algorithm/buffer/GroupedCalculatedValues.java,projectlibre_core,java,HEAD,cbe231d9dab7ab6a9d02a82a4d919bd70a858dbfa4fd2fffed6b606f66ef0a76,d2fa3c20a,openproj_core/src/com/projity/algorithm/buffer/GroupedCalculatedValues.java,68c85cce5ce4ab40fbfe3d46dfdc09d0941297b92b21b2ac1aa18fad4233a4e8,0530be227f4a10c5545cce8d3db20ac5a4d76a66,REVIEW_REQUIRED,ProjectLibre,false,REVIEW_REQUIRED,CPAL-1.0,REVIEW,OpenProj path exists but content differs; perform hunk-level comparison,
modules/projectlibre_core/src/main/java/com/projectlibre1/algorithm/buffer/IntervalCallback.java,projectlibre_core,java,HEAD,696d5d6b19b84e2f45429b4ee568c4d4efdec808817a385f0db33a522556f021,d2fa3c20a,openproj_core/src/com/projity/algorithm/buffer/IntervalCallback.java,57e0db8269eefeed6a97302f7fb33decdedcf61e303fc5199a0f5d08844d0c7a,0530be227f4a10c5545cce8d3db20ac5a4d76a66,REVIEW_REQUIRED,ProjectLibre,true,REVIEW_REQUIRED,CPAL-1.0,KEEP_OPENPROJ,normalized content matches OpenProj baseline,
modules/projectlibre_core/src/main/java/com/projectlibre1/algorithm/buffer/NonGroupedCalculatedValues.java,projectlibre_core,java,HEAD,39a668ee0f5321eafe4ae5b7e75adce3bb039667fc2967e1bf6c2622c34510e5,d2fa3c20a,openproj_core/src/com/projity/algorithm/buffer/NonGroupedCalculatedValues.java,d12c5c728a9f383e4efd199577d9e756caadf72304de4e56338bdb683417e962,0530be227f4a10c5545cce8d3db20ac5a4d76a66,REVIEW_REQUIRED,ProjectLibre,false,REVIEW_REQUIRED,CPAL-1.0,REVIEW,OpenProj path exists but content differs; perform hunk-level comparison,
modules/projectlibre_core/src/main/java/com/projectlibre1/algorithm/buffer/Point.java,projectlibre_core,java,HEAD,6f8b459fb27661bd502ab14fb0859ee9c8fe590f66a5bd8a998e1eca409fcb96,d2fa3c20a,openproj_core/src/com/projity/algorithm/buffer/Point.java,06b21a19840814024520da5a027c3e1b1afb8077e0fbf752f88fb4503ecd2f95,0530be227f4a10c5545cce8d3db20ac5a4d76a66,REVIEW_REQUIRED,ProjectLibre,false,REVIEW_REQUIRED,CPAL-1.0,REVIEW,OpenProj path exists but content differs; perform hunk-level comparison,
modules/projectlibre_core/src/main/java/com/projectlibre1/algorithm/buffer/SeriesCallback.java,projectlibre_core,java,HEAD,b743c5e53b7c4b1f23109b7ab8c19affda4e44ca193c640a7396cd6234b75cb3,d2fa3c20a,openproj_core/src/com/projity/algorithm/buffer/SeriesCallback.java,a5219d452b38ff5ae09dfe115b5defc895e38d51dab951fd527b5b0ec235adc0,0530be227f4a10c5545cce8d3db20ac5a4d76a66,REVIEW_REQUIRED,ProjectLibre,true,REVIEW_REQUIRED,CPAL-1.0,KEEP_OPENPROJ,normalized content matches OpenProj baseline,
modules/projectlibre_core/src/main/java/com/projectlibre1/association/Association.java,projectlibre_core,java,HEAD,a66452c1bccc8b435aa3e4ee7d11c7f86b75461dc52cfded3670fc8ae516a285,d2fa3c20a,openproj_core/src/com/projity/association/Association.java,ca30b04849215bb63beeef43931b0e382630b527bd7a5951b8351e6ef3a054a8,0530be227f4a10c5545cce8d3db20ac5a4d76a66,REVIEW_REQUIRED,ProjectLibre,false,REVIEW_REQUIRED,CPAL-1.0,REVIEW,OpenProj path exists but content differs; perform hunk-level comparison,
modules/projectlibre_core/src/main/java/com/projectlibre1/association/AssociationComparator.java,projectlibre_core,java,HEAD,b618943ba3766ded49b2f2a8400d0b44e8caee2b2b5b52a635ab0d0026a44202,d2fa3c20a,openproj_core/src/com/projity/association/AssociationComparator.java,d4595bdf2ae3b21408d5b1243d2b6dd4d26441f4b9dfc854ab67384297c6f05f,0530be227f4a10c5545cce8d3db20ac5a4d76a66,REVIEW_REQUIRED,ProjectLibre,false,REVIEW_REQUIRED,CPAL-1.0,REVIEW,OpenProj path exists but content differs; perform hunk-level comparison,
modules/projectlibre_core/src/main/java/com/projectlibre1/association/AssociationFormat.java,projectlibre_core,java,HEAD,35595c8cb20162922fc58e33c0abf9779235510ef7c36b0575ef8703756bde7b,d2fa3c20a,openproj_core/src/com/projity/association/AssociationFormat.java,b7a3b33f1e13bfb7ef3e38a91ece91fd698cf6b3a8b567a6a7a929778e96a430,0530be227f4a10c5545cce8d3db20ac5a4d76a66,REVIEW_REQUIRED,ProjectLibre,true,REVIEW_REQUIRED,CPAL-1.0,KEEP_OPENPROJ,normalized content matches OpenProj baseline,
modules/projectlibre_core/src/main/java/com/projectlibre1/association/AssociationFormatParameters.java,projectlibre_core,java,HEAD,7a2723572499191b8cdb44ef0b0c0ba28fdfda9390c414cf53573175ba254dc6,d2fa3c20a,openproj_core/src/com/projity/association/AssociationFormatParameters.java,79a5f798e3d50c5b87a2d74a922d1a8360b3d0adff9c43c3d6fa206517b600b9,0530be227f4a10c5545cce8d3db20ac5a4d76a66,REVIEW_REQUIRED,ProjectLibre,true,REVIEW_REQUIRED,CPAL-1.0,KEEP_OPENPROJ,normalized content matches OpenProj baseline,
modules/projectlibre_core/src/main/java/com/projectlibre1/association/AssociationList.java,projectlibre_core,java,HEAD,b22537af16fabbfe1081afa29e1933406b06f41b4c69ef44edb1bcba15e28497,d2fa3c20a,openproj_core/src/com/projity/association/AssociationList.java,514608474e98eb45768ead1cb071c96238db5bed6dcfdf647ec00dca0ba1c9b8,0530be227f4a10c5545cce8d3db20ac5a4d76a66,REVIEW_REQUIRED,ProjectLibre,false,REVIEW_REQUIRED,CPAL-1.0,REVIEW,OpenProj path exists but content differs; perform hunk-level comparison,
modules/projectlibre_core/src/main/java/com/projectlibre1/association/AssociationListFormat.java,projectlibre_core,java,HEAD,961405d7af2b657335fa73f5ad5a5be1d79fae4f7c7395a859ebcfe1fb5411d3,d2fa3c20a,openproj_core/src/com/projity/association/AssociationListFormat.java,ad4b2f0178a6dd795c8652c4afb89a5af920697c7f8cb3ee0a61e3cbeede60ba,0530be227f4a10c5545cce8d3db20ac5a4d76a66,REVIEW_REQUIRED,ProjectLibre,false,REVIEW_REQUIRED,CPAL-1.0,REVIEW,OpenProj path exists but content differs; perform hunk-level comparison,
modules/projectlibre_core/src/main/java/com/projectlibre1/association/InvalidAssociationException.java,projectlibre_core,java,HEAD,65b5367f54dccb647cea8336879dd4839004a2a14a48c14a37f67c0fcd08f636,d2fa3c20a,openproj_core/src/com/projity/association/InvalidAssociationException.java,0676afd41bf3be1f663267fd0b5ffd94ebbd1108b4f13a8ca596e9824ca6ea65,0530be227f4a10c5545cce8d3db20ac5a4d76a66,REVIEW_REQUIRED,ProjectLibre,true,REVIEW_REQUIRED,CPAL-1.0,KEEP_OPENPROJ,normalized content matches OpenProj baseline,
modules/projectlibre_core/src/main/java/com/projectlibre1/collaboration/CollaborationMetadataStore.java,projectlibre_core,java,HEAD,b6ab6cee16db24ec5c43c2152b8a7a70b83069333ed90a1829f078d43ea902e1,d2fa3c20a,,,0530be227f4a10c5545cce8d3db20ac5a4d76a66,REVIEW_REQUIRED,Unknown,false,REVIEW_REQUIRED,REVIEW_REQUIRED,REVIEW,no path match in OpenProj baseline; classify origin manually,
modules/projectlibre_core/src/main/java/com/projectlibre1/collaboration/CollaborationSession.java,projectlibre_core,java,HEAD,daba97d6d7ec1a098d7c3fa8b7aa9fb21b80dc6054f99db9a50847f48d5b94b2,d2fa3c20a,,,0530be227f4a10c5545cce8d3db20ac5a4d76a66,REVIEW_REQUIRED,Unknown,false,REVIEW_REQUIRED,REVIEW_REQUIRED,REVIEW,no path match in OpenProj baseline; classify origin manually,
modules/projectlibre_core/src/main/java/com/projectlibre1/collaboration/ProjectMergeService.java,projectlibre_core,java,HEAD,4201fdbc9da9e600e4288e37047bafd613fcd4a5a55e75205d4eb6a95643ab28,d2fa3c20a,,,0530be227f4a10c5545cce8d3db20ac5a4d76a66,REVIEW_REQUIRED,Unknown,false,REVIEW_REQUIRED,REVIEW_REQUIRED,REVIEW,no path match in OpenProj baseline; classify origin manually,
modules/projectlibre_core/src/main/java/com/projectlibre1/collaboration/TaskLockManager.java,projectlibre_core,java,HEAD,6bb1456f6e27b2fbc0c52657d35770e85e9b78f6979632890d93963254ad3a2c,d2fa3c20a,,,0530be227f4a10c5545cce8d3db20ac5a4d76a66,REVIEW_REQUIRED,Unknown,false,REVIEW_REQUIRED,REVIEW_REQUIRED,REVIEW,no path match in OpenProj baseline; classify origin manually,
modules/projectlibre_core/src/main/java/com/projectlibre1/collaboration/UserWorkspaceState.java,projectlibre_core,java,HEAD,04ba21d39c90db87724f4658b0076abbd39b65a2366a03ba5d049697275bdbef,d2fa3c20a,,,0530be227f4a10c5545cce8d3db20ac5a4d76a66,REVIEW_REQUIRED,Unknown,false,REVIEW_REQUIRED,REVIEW_REQUIRED,REVIEW,no path match in OpenProj baseline; classify origin manually,
modules/projectlibre_core/src/main/java/com/projectlibre1/command/Command.java,projectlibre_core,java,HEAD,1487a17d0bb7b83e3fbb65c88f831d803e8fea17c8f1dab33e8260272d000da6,d2fa3c20a,openproj_core/src/com/projity/command/Command.java,32b099a62464419ac1904fb4ea22f325623071bf29acaecb0516c42345881144,0530be227f4a10c5545cce8d3db20ac5a4d76a66,REVIEW_REQUIRED,ProjectLibre,true,REVIEW_REQUIRED,CPAL-1.0,KEEP_OPENPROJ,normalized content matches OpenProj baseline,
modules/projectlibre_core/src/main/java/com/projectlibre1/command/UpdateProjectCommand.java,projectlibre_core,java,HEAD,4a7d86e555ea29c4e5aa7a087e81078b8a844198ef020e03ff6f08e6f27456bb,d2fa3c20a,openproj_core/src/com/projity/command/UpdateProjectCommand.java,fa1a2f50c00f9cc47880177c06b6c7839c4bb93a547b435dffc3b6b0400ebee2,0530be227f4a10c5545cce8d3db20ac5a4d76a66,REVIEW_REQUIRED,ProjectLibre,true,REVIEW_REQUIRED,CPAL-1.0,KEEP_OPENPROJ,normalized content matches OpenProj baseline,
modules/projectlibre_core/src/main/java/com/projectlibre1/company/ApplicationUser.java,projectlibre_core,java,HEAD,a4b2cef6c2bce557e2b4b4469864843b5106183cc85202fd9334a8c69332b140,d2fa3c20a,openproj_core/src/com/projity/company/ApplicationUser.java,6fc7ff6018a244e9b2d56a07ab10fc29e4bc474fa40855826a355d50eda63def,0530be227f4a10c5545cce8d3db20ac5a4d76a66,REVIEW_REQUIRED,ProjectLibre,true,REVIEW_REQUIRED,CPAL-1.0,KEEP_OPENPROJ,normalized content matches OpenProj baseline,
modules/projectlibre_core/src/main/java/com/projectlibre1/company/DefaultUser.java,projectlibre_core,java,HEAD,8fc7e298310f14e9b6552e5cbe7454ac7e00c762e55c0830f7c44fbd73fc2c9d,d2fa3c20a,openproj_core/src/com/projity/company/DefaultUser.java,0338a6740a18a077f3b92df2782a7ab9c96215e9bf4c174812425b94404a5f23,0530be227f4a10c5545cce8d3db20ac5a4d76a66,REVIEW_REQUIRED,ProjectLibre,false,REVIEW_REQUIRED,CPAL-1.0,REVIEW,OpenProj path exists but content differs; perform hunk-level comparison,
modules/projectlibre_core/src/main/java/com/projectlibre1/company/UserUtil.java,projectlibre_core,java,HEAD,08ff6b9975629f9497b497ddb8b235f196eec77b6c97aed5f9342d3853e733ed,d2fa3c20a,openproj_core/src/com/projity/company/UserUtil.java,e6371c316c0d62301a0372e547cd77d43e9ca1d50859c112ce87d4a293a2b377,0530be227f4a10c5545cce8d3db20ac5a4d76a66,REVIEW_REQUIRED,ProjectLibre,true,REVIEW_REQUIRED,CPAL-1.0,KEEP_OPENPROJ,normalized content matches OpenProj baseline,
modules/projectlibre_core/src/main/java/com/projectlibre1/configuration/CalculationPreference.java,projectlibre_core,java,HEAD,1eab8b72d501ba50fe2587cccb1633551e237e1d06dc8e1a52a6abbb9bc51cf5,d2fa3c20a,openproj_core/src/com/projity/configuration/CalculationPreference.java,2b31da3c0ba506caf2bbf2e23c59d26515a9f99ef3965da5ddd9e5519d38345d,0530be227f4a10c5545cce8d3db20ac5a4d76a66,REVIEW_REQUIRED,ProjectLibre,true,REVIEW_REQUIRED,CPAL-1.0,KEEP_OPENPROJ,normalized content matches OpenProj baseline,
modules/projectlibre_core/src/main/java/com/projectlibre1/configuration/ChartDefinition.java,projectlibre_core,java,HEAD,fccbbfa31c358028ed9e47dfffe7e589430744a473a4d7459221cbdb88f02740,d2fa3c20a,openproj_core/src/com/projity/configuration/ChartDefinition.java,fd0d0b80aa916828747206ae8206b640c5c33bd646338320f8127792c75a7d8f,0530be227f4a10c5545cce8d3db20ac5a4d76a66,REVIEW_REQUIRED,ProjectLibre,true,REVIEW_REQUIRED,CPAL-1.0,KEEP_OPENPROJ,normalized content matches OpenProj baseline,
modules/projectlibre_core/src/main/java/com/projectlibre1/configuration/CircularDependencyException.java,projectlibre_core,java,HEAD,7f5bdf837e28f57a2a170b4802e87c44aeecbdbbf458a85b920fb41429414f36,d2fa3c20a,openproj_core/src/com/projity/configuration/CircularDependencyException.java,352b920752eecd818fe2a546c1b13a3ab473209005355d64b4b3e8b9eda4ac45,0530be227f4a10c5545cce8d3db20ac5a4d76a66,REVIEW_REQUIRED,ProjectLibre,true,REVIEW_REQUIRED,CPAL-1.0,KEEP_OPENPROJ,normalized content matches OpenProj baseline,
modules/projectlibre_core/src/main/java/com/projectlibre1/configuration/Configuration.java,projectlibre_core,java,HEAD,c3d186039679b2e46c0d6f615b0a1654b9ad82a48dd2a32aa1b546ed3bcf05d1,d2fa3c20a,openproj_core/src/com/projity/configuration/Configuration.java,41de8f8f1ec8a6ffa378ce89698ec2e184d4043a4dc7b9201193d1138dd75fe6,0530be227f4a10c5545cce8d3db20ac5a4d76a66,REVIEW_REQUIRED,ProjectLibre,false,REVIEW_REQUIRED,CPAL-1.0,REVIEW,OpenProj path exists but content differs; perform hunk-level comparison,
modules/projectlibre_core/src/main/java/com/projectlibre1/configuration/ConfigurationReader.java,projectlibre_core,java,HEAD,b71cb77fc992e5e8330b789be66357861c27cfd6a5abde72f45a4bc253509c03,d2fa3c20a,openproj_core/src/com/projity/configuration/ConfigurationReader.java,43e3b658f92b9a32bbbff06481ed1bc91edf35b6e1653ab64185ff701ee71e74,0530be227f4a10c5545cce8d3db20ac5a4d76a66,REVIEW_REQUIRED,ProjectLibre,false,REVIEW_REQUIRED,CPAL-1.0,REVIEW,OpenProj path exists but content differs; perform hunk-level comparison,
modules/projectlibre_core/src/main/java/com/projectlibre1/configuration/Dictionary.java,projectlibre_core,java,HEAD,31f98438cd1d1f9f2010d3775a0738f9a95b02b8b2aff05ce1050fc9ff523bf7,d2fa3c20a,openproj_core/src/com/projity/configuration/Dictionary.java,f84882c9756585bb43223bd60110e265867d5a875413e0f634c46120b7a864df,0530be227f4a10c5545cce8d3db20ac5a4d76a66,REVIEW_REQUIRED,ProjectLibre,false,REVIEW_REQUIRED,CPAL-1.0,REVIEW,OpenProj path exists but content differs; perform hunk-level comparison,
modules/projectlibre_core/src/main/java/com/projectlibre1/configuration/FieldDictionary.java,projectlibre_core,java,HEAD,60c1cc06517bff7d181e030e369c9fb9d22039631f692152e3ad1da022b76405,d2fa3c20a,openproj_core/src/com/projity/configuration/FieldDictionary.java,62d70e2ea0ddfba03022175bf883301df122e6cd7cf951173edee26a6cfe3774,0530be227f4a10c5545cce8d3db20ac5a4d76a66,REVIEW_REQUIRED,ProjectLibre,false,REVIEW_REQUIRED,CPAL-1.0,REVIEW,OpenProj path exists but content differs; perform hunk-level comparison,
modules/projectlibre_core/src/main/java/com/projectlibre1/configuration/FieldDictionaryFactory.java,projectlibre_core,java,HEAD,c048d082934bde3710cb13508e75ef0c435cf2d6fe92732fcb68024edda2354b,d2fa3c20a,openproj_core/src/com/projity/configuration/FieldDictionaryFactory.java,bb803f3ac8db77ba0466d351d0ab9c9a405b0a8482051f9016e9658555c4dda4,0530be227f4a10c5545cce8d3db20ac5a4d76a66,REVIEW_REQUIRED,ProjectLibre,true,REVIEW_REQUIRED,CPAL-1.0,KEEP_OPENPROJ,normalized content matches OpenProj baseline,
modules/projectlibre_core/src/main/java/com/projectlibre1/configuration/NamedItem.java,projectlibre_core,java,HEAD,077607fdbba78a491687d6ece6dba186f02a7c99129bb5752471211e123b2ed3,d2fa3c20a,openproj_core/src/com/projity/configuration/NamedItem.java,37c696e6b0bbb3d18b3fa9a0bd3127a4a5d870dc5317a8995a603eb110b7ae5f,0530be227f4a10c5545cce8d3db20ac5a4d76a66,REVIEW_REQUIRED,ProjectLibre,true,REVIEW_REQUIRED,CPAL-1.0,KEEP_OPENPROJ,normalized content matches OpenProj baseline,
modules/projectlibre_core/src/main/java/com/projectlibre1/configuration/NamedList.java,projectlibre_core,java,HEAD,6eefe3893548e3da3e1c249d6b32e566428162cd5dbed1b44839610fd843b665,d2fa3c20a,openproj_core/src/com/projity/configuration/NamedList.java,d35c2a9582b3c39148f2962be5dcad54eea995fb8826405647a2ece0a7a0fb58,0530be227f4a10c5545cce8d3db20ac5a4d76a66,REVIEW_REQUIRED,ProjectLibre,false,REVIEW_REQUIRED,CPAL-1.0,REVIEW,OpenProj path exists but content differs; perform hunk-level comparison,
modules/projectlibre_core/src/main/java/com/projectlibre1/configuration/ProvidesDigesterEvents.java,projectlibre_core,java,HEAD,ac35bb5b9637136b57acf1e9984125c970790349700db1fa11edbe9c6e6ec8b2,d2fa3c20a,openproj_core/src/com/projity/configuration/ProvidesDigesterEvents.java,3563dc4314d6a9cdb08f220c02669de7aad013680ae538298612e867a856163f,0530be227f4a10c5545cce8d3db20ac5a4d76a66,REVIEW_REQUIRED,ProjectLibre,true,REVIEW_REQUIRED,CPAL-1.0,KEEP_OPENPROJ,normalized content matches OpenProj baseline,
modules/projectlibre_core/src/main/java/com/projectlibre1/configuration/ReportColumns.java,projectlibre_core,java,HEAD,b8b453fbb6182d50d3f61f782411053edd9fa28f7a0626e7e92470e21a37e96a,d2fa3c20a,openproj_core/src/com/projity/configuration/ReportColumns.java,0290c743a563ee9ce5aca3abbcc2ade17799758903758840c753f22604e9f77f,0530be227f4a10c5545cce8d3db20ac5a4d76a66,REVIEW_REQUIRED,ProjectLibre,false,REVIEW_REQUIRED,CPAL-1.0,REVIEW,OpenProj path exists but content differs; perform hunk-level comparison,
modules/projectlibre_core/src/main/java/com/projectlibre1/configuration/ReportDefinition.java,projectlibre_core,java,HEAD,d023e8120bed22cb6a25267e0205d811634072cadcfe1c974df985fe28b5e8fa,d2fa3c20a,openproj_core/src/com/projity/configuration/ReportDefinition.java,d7a40965281749d3664ebfeb2d6595dc94a6ce6ce4f46763d9d643f6dc656132,0530be227f4a10c5545cce8d3db20ac5a4d76a66,REVIEW_REQUIRED,ProjectLibre,false,REVIEW_REQUIRED,CPAL-1.0,REVIEW,OpenProj path exists but content differs; perform hunk-level comparison,
modules/projectlibre_core/src/main/java/com/projectlibre1/configuration/ScriptClass.java,projectlibre_core,java,HEAD,ffd1c5c8e89d11ce8c45ca21fdbd6a8cfd1a747f4617d5704addc974073012a4,d2fa3c20a,openproj_core/src/com/projity/configuration/ScriptClass.java,57c122cf51ce16c456173f46b5ff04473ec5dd5b1e06a2d5504b01f675a140c0,0530be227f4a10c5545cce8d3db20ac5a4d76a66,REVIEW_REQUIRED,ProjectLibre,true,REVIEW_REQUIRED,CPAL-1.0,KEEP_OPENPROJ,normalized content matches OpenProj baseline,
modules/projectlibre_core/src/main/java/com/projectlibre1/configuration/ScriptConfiguration.java,projectlibre_core,java,HEAD,1c364ce9c33e6f41363ca34e40408c14d63285de7f9c3a5ca781a79372e6a397,d2fa3c20a,openproj_core/src/com/projity/configuration/ScriptConfiguration.java,eead96755e3cc3788bc741449a8f1af62282d1ef07cd45273fd7cb47243b7c1d,0530be227f4a10c5545cce8d3db20ac5a4d76a66,REVIEW_REQUIRED,ProjectLibre,true,REVIEW_REQUIRED,CPAL-1.0,KEEP_OPENPROJ,normalized content matches OpenProj baseline,
modules/projectlibre_core/src/main/java/com/projectlibre1/configuration/Settings.java,projectlibre_core,java,HEAD,7eff3275b9d575b594170b3dedcf58d1aae02595bb0a4d28b77f8bcc7b4a8c9d,d2fa3c20a,openproj_core/src/com/projity/configuration/Settings.java,dbf487394651727694abaf6ec6acf96605fb6159eb6613232ad0c1c5fdb5f28a,0530be227f4a10c5545cce8d3db20ac5a4d76a66,REVIEW_REQUIRED,ProjectLibre,false,REVIEW_REQUIRED,CPAL-1.0,REVIEW,OpenProj path exists but content differs; perform hunk-level comparison,
modules/projectlibre_core/src/main/java/com/projectlibre1/datatype/CanSupplyRateUnit.java,projectlibre_core,java,HEAD,f7875a47c6b5171df08325c59110fca3a4b101e18728a9005a166a0280b53160,d2fa3c20a,openproj_core/src/com/projity/datatype/CanSupplyRateUnit.java,f846f70cd5b472406efb8ab4197c5e6cfed005b63bfb258d796181abcbcfaab7,0530be227f4a10c5545cce8d3db20ac5a4d76a66,REVIEW_REQUIRED,ProjectLibre,true,REVIEW_REQUIRED,CPAL-1.0,KEEP_OPENPROJ,normalized content matches OpenProj baseline,
modules/projectlibre_core/src/main/java/com/projectlibre1/datatype/Duration.java,projectlibre_core,java,HEAD,82a487c87940ff2c1274fcb4875106633c62addab1db64c3b3bfc50c6c44c5a8,d2fa3c20a,openproj_core/src/com/projity/datatype/Duration.java,b1d6229b9837a599c0d406a1572a703f767e2a40db3f24ea69083886c44a9e7a,0530be227f4a10c5545cce8d3db20ac5a4d76a66,REVIEW_REQUIRED,ProjectLibre,false,REVIEW_REQUIRED,CPAL-1.0,REVIEW,OpenProj path exists but content differs; perform hunk-level comparison,
modules/projectlibre_core/src/main/java/com/projectlibre1/datatype/DurationFormat.java,projectlibre_core,java,HEAD,eaad684fa13ee6da81628d5d7e4222adbc974ad75ddf4102689778a6526f574f,d2fa3c20a,openproj_core/src/com/projity/datatype/DurationFormat.java,bb1e29fdcb0718577f766f9e9bcfbf17119a321fe3b5bc5eef60d917a2d66e51,0530be227f4a10c5545cce8d3db20ac5a4d76a66,REVIEW_REQUIRED,ProjectLibre,false,REVIEW_REQUIRED,CPAL-1.0,REVIEW,OpenProj path exists but content differs; perform hunk-level comparison,
modules/projectlibre_core/src/main/java/com/projectlibre1/datatype/Hyperlink.java,projectlibre_core,java,HEAD,6e4d15639f5523e3f620ac8de518a3796e027cf89e5ec0aa29e062252019e2a7,d2fa3c20a,openproj_core/src/com/projity/datatype/Hyperlink.java,e246b489167e43499396c10407d8e96e711300f76b0e067f091ada9048001dec,0530be227f4a10c5545cce8d3db20ac5a4d76a66,REVIEW_REQUIRED,ProjectLibre,true,REVIEW_REQUIRED,CPAL-1.0,KEEP_OPENPROJ,normalized content matches OpenProj baseline,
modules/projectlibre_core/src/main/java/com/projectlibre1/datatype/ImageLink.java,projectlibre_core,java,HEAD,e1244e754d73fd1152ad20e10151afe20e26febde98a9a49367859ddff06cd2b,d2fa3c20a,openproj_core/src/com/projity/datatype/ImageLink.java,f1e5cbeb7528701bf7e2dd5d7af50ec7cc24a2da3c5fe1e32615950e05584216,0530be227f4a10c5545cce8d3db20ac5a4d76a66,REVIEW_REQUIRED,ProjectLibre,false,REVIEW_REQUIRED,CPAL-1.0,REVIEW,OpenProj path exists but content differs; perform hunk-level comparison,
modules/projectlibre_core/src/main/java/com/projectlibre1/datatype/Money.java,projectlibre_core,java,HEAD,637072bf6c05ba1ec2ae1135a8e66e5dc60deddf9b9bd3baa8673010b491c90b,d2fa3c20a,openproj_core/src/com/projity/datatype/Money.java,77b526954db84e2fb8f37baa70200c545b8e697153c0b0914d089e501e6fca95,0530be227f4a10c5545cce8d3db20ac5a4d76a66,REVIEW_REQUIRED,ProjectLibre,false,REVIEW_REQUIRED,CPAL-1.0,REVIEW,OpenProj path exists but content differs; perform hunk-level comparison,
modules/projectlibre_core/src/main/java/com/projectlibre1/datatype/PercentFormat.java,projectlibre_core,java,HEAD,f953e04438db35ac523e5a8a4cf8c83e77ac62c37aea7588e17fa4463ae2d344,d2fa3c20a,openproj_core/src/com/projity/datatype/PercentFormat.java,5e91ba694907bfee22bd88a6dd80643b99de879299e883473565a79764c7b07c,0530be227f4a10c5545cce8d3db20ac5a4d76a66,REVIEW_REQUIRED,ProjectLibre,false,REVIEW_REQUIRED,CPAL-1.0,REVIEW,OpenProj path exists but content differs; perform hunk-level comparison,
modules/projectlibre_core/src/main/java/com/projectlibre1/datatype/Rate.java,projectlibre_core,java,HEAD,bd7e71de7cebadf95f98fd56d5a3384d3a3522849fdbe7188a550032f8259572,d2fa3c20a,openproj_core/src/com/projity/datatype/Rate.java,3e863baac057d3431501afd458ec93e08c5f29ead5c623d51bdeee187ad12534,0530be227f4a10c5545cce8d3db20ac5a4d76a66,REVIEW_REQUIRED,ProjectLibre,false,REVIEW_REQUIRED,CPAL-1.0,REVIEW,OpenProj path exists but content differs; perform hunk-level comparison,
modules/projectlibre_core/src/main/java/com/projectlibre1/datatype/RateFormat.java,projectlibre_core,java,HEAD,605aa016b7f4c994f6fe3bfbde6b86ffac40f25a1eafcea4d523ecfd02f69c5f,d2fa3c20a,openproj_core/src/com/projity/datatype/RateFormat.java,9d5eedfe9c3d6759391ad93f0bd6a33f78cc860728c30d13ba12d88cb1a368ab,0530be227f4a10c5545cce8d3db20ac5a4d76a66,REVIEW_REQUIRED,ProjectLibre,false,REVIEW_REQUIRED,CPAL-1.0,REVIEW,OpenProj path exists but content differs; perform hunk-level comparison,
modules/projectlibre_core/src/main/java/com/projectlibre1/datatype/TimeUnit.java,projectlibre_core,java,HEAD,e5924bdc96b6481d97dd62835e428e5c2d79a3f7ef1c2816d49dd3ab17a626b7,d2fa3c20a,openproj_core/src/com/projity/datatype/TimeUnit.java,30a61d00aba3623dbf9eb9b192243f8d8103d677b9bb3a9c6a0a9b655eea11bb,0530be227f4a10c5545cce8d3db20ac5a4d76a66,REVIEW_REQUIRED,ProjectLibre,false,REVIEW_REQUIRED,CPAL-1.0,REVIEW,OpenProj path exists but content differs; perform hunk-level comparison,
modules/projectlibre_core/src/main/java/com/projectlibre1/datatype/Work.java,projectlibre_core,java,HEAD,9bcefae755f451f9387ffd68e0544635169e33a857567b02faac51f619d929f9,d2fa3c20a,openproj_core/src/com/projity/datatype/Work.java,6a9ae5b5f2e02040a0a4e56340989e922e508eeb0274850351c4536d9d0d802a,0530be227f4a10c5545cce8d3db20ac5a4d76a66,REVIEW_REQUIRED,ProjectLibre,true,REVIEW_REQUIRED,CPAL-1.0,KEEP_OPENPROJ,normalized content matches OpenProj baseline,
modules/projectlibre_core/src/main/java/com/projectlibre1/document/Document.java,projectlibre_core,java,HEAD,14de8d3d1617448e158a5efee0ee49ea947e2c093bfb7ccbae0f1b835b718205,d2fa3c20a,openproj_core/src/com/projity/document/Document.java,6aa50358cda4c4c74624f23eb758d40503995686cdb7099aa088a13cdf774a04,0530be227f4a10c5545cce8d3db20ac5a4d76a66,REVIEW_REQUIRED,ProjectLibre,true,REVIEW_REQUIRED,CPAL-1.0,KEEP_OPENPROJ,normalized content matches OpenProj baseline,
modules/projectlibre_core/src/main/java/com/projectlibre1/document/ObjectEvent.java,projectlibre_core,java,HEAD,94eef5bc10b571bdaf44d2f0a18fc59eb881a6601e9202840a4ae154e90c9f16,d2fa3c20a,openproj_core/src/com/projity/document/ObjectEvent.java,7783914c650afaaa716222c91d342b349b75d12f13229cd7236b87f1b7565116,0530be227f4a10c5545cce8d3db20ac5a4d76a66,REVIEW_REQUIRED,ProjectLibre,false,REVIEW_REQUIRED,CPAL-1.0,REVIEW,OpenProj path exists but content differs; perform hunk-level comparison,
modules/projectlibre_core/src/main/java/com/projectlibre1/document/ObjectEventManager.java,projectlibre_core,java,HEAD,08271c80a893bf9ba9d6d5f3f0fde82a09f4550997e82a00b70c660a41213b2d,d2fa3c20a,openproj_core/src/com/projity/document/ObjectEventManager.java,824e4919f9cc87f7ccf1c4bb8f82bcffa3ccc6bcb169fbead212b4c225ed0fa3,0530be227f4a10c5545cce8d3db20ac5a4d76a66,REVIEW_REQUIRED,ProjectLibre,true,REVIEW_REQUIRED,CPAL-1.0,KEEP_OPENPROJ,normalized content matches OpenProj baseline,
modules/projectlibre_core/src/main/java/com/projectlibre1/document/ObjectSelectionEvent.java,projectlibre_core,java,HEAD,fe2c034fc201afdb9ffc0e722f87c255f40c69c04ac4ad31a2a694df64fe0f80,d2fa3c20a,openproj_core/src/com/projity/document/ObjectSelectionEvent.java,fb752fbc35c7c1f91ee61909c99c2938312a670d4ef62a8b1fd95db73ae25ae9,0530be227f4a10c5545cce8d3db20ac5a4d76a66,REVIEW_REQUIRED,ProjectLibre,true,REVIEW_REQUIRED,CPAL-1.0,KEEP_OPENPROJ,normalized content matches OpenProj baseline,
modules/projectlibre_core/src/main/java/com/projectlibre1/document/ObjectSelectionEventManager.java,projectlibre_core,java,HEAD,cd174524d87286d3ab7d1d9e2599b7397200935f2affa68aca2bd7315850dad3,d2fa3c20a,openproj_core/src/com/projity/document/ObjectSelectionEventManager.java,e3de38716e6534314ded8d7368907927b8b1697fb8891deb5db8857c92f7aff1,0530be227f4a10c5545cce8d3db20ac5a4d76a66,REVIEW_REQUIRED,ProjectLibre,true,REVIEW_REQUIRED,CPAL-1.0,KEEP_OPENPROJ,normalized content matches OpenProj baseline,
modules/projectlibre_core/src/main/java/com/projectlibre1/document/ObjectSelectionListener.java,projectlibre_core,java,HEAD,3e3cbaedac586bd2bd1e241e8db6e6ff88cb8b41a4fa5cc1a5a9c31ba299a768,d2fa3c20a,openproj_core/src/com/projity/document/ObjectSelectionListener.java,f0edc7c27f2e2f99197956e5b217f907dde2ac1fc01ddc1d9208b29a0a7ba58b,0530be227f4a10c5545cce8d3db20ac5a4d76a66,REVIEW_REQUIRED,ProjectLibre,true,REVIEW_REQUIRED,CPAL-1.0,KEEP_OPENPROJ,normalized content matches OpenProj baseline,
modules/projectlibre_core/src/main/java/com/projectlibre1/exchange/FileImporter.java,projectlibre_core,java,HEAD,3025aac2fa5b6ab37ac8698882ee4b2a5d6acdf1a0859f87680b854ea0ed7e4c,d2fa3c20a,openproj_core/src/com/projity/exchange/FileImporter.java,f86f7e63f1d4c92325865fa6e22dbc59909d0efab2a6fd400d6fd8b775c88143,0530be227f4a10c5545cce8d3db20ac5a4d76a66,REVIEW_REQUIRED,ProjectLibre,false,REVIEW_REQUIRED,CPAL-1.0,REVIEW,OpenProj path exists but content differs; perform hunk-level comparison,
modules/projectlibre_core/src/main/java/com/projectlibre1/exchange/LocalFileImporter.java,projectlibre_core,java,HEAD,bcf4b1b9d4699964ae1a9f73ebd488960958e80ec6ac54d694c101681360341a,d2fa3c20a,openproj_core/src/com/projity/exchange/LocalFileImporter.java,d37405ebbbea2fa19bedaf7fe13d283ff5275820de2a910b058246bd594ed43f,0530be227f4a10c5545cce8d3db20ac5a4d76a66,REVIEW_REQUIRED,ProjectLibre,false,REVIEW_REQUIRED,CPAL-1.0,REVIEW,OpenProj path exists but content differs; perform hunk-level comparison,
modules/projectlibre_core/src/main/java/com/projectlibre1/exchange/ResourceMappingForm.java,projectlibre_core,java,HEAD,a4b3645dcf764b21b08a9ee1a8aae50301c6c7c370062eec59fe50439fd63015,d2fa3c20a,openproj_core/src/com/projity/exchange/ResourceMappingForm.java,e3cf151cdfa27a9528d628b181d6ceb256ace90a277e2bf0220fee32b874c04c,0530be227f4a10c5545cce8d3db20ac5a4d76a66,REVIEW_REQUIRED,ProjectLibre,false,REVIEW_REQUIRED,CPAL-1.0,REVIEW,OpenProj path exists but content differs; perform hunk-level comparison,
modules/projectlibre_core/src/main/java/com/projectlibre1/exchange/TimeDistributedTypeMapperConstants.java,projectlibre_core,java,HEAD,1ccabfad69e26780f963dc8afe417e3a528e59c35c7fd538e5fc09831e786738,d2fa3c20a,openproj_core/src/com/projity/exchange/TimeDistributedTypeMapperConstants.java,8f2e7e80603998293ee464d81b38f4251762bc74b8c00adde5510f764ec985f0,0530be227f4a10c5545cce8d3db20ac5a4d76a66,REVIEW_REQUIRED,ProjectLibre,true,REVIEW_REQUIRED,CPAL-1.0,KEEP_OPENPROJ,normalized content matches OpenProj baseline,
modules/projectlibre_core/src/main/java/com/projectlibre1/field/AlgorithmFieldUpdater.java,projectlibre_core,java,HEAD,498ce2dd4fdb811dc82ac30ecf17f306294d81cf97d0adee728809020710a4c5,d2fa3c20a,openproj_core/src/com/projity/field/AlgorithmFieldUpdater.java,a2f6710624670ada8c3e3d60a945d8abd2d642d45f6c6c3daf4087459cc8e400,0530be227f4a10c5545cce8d3db20ac5a4d76a66,REVIEW_REQUIRED,ProjectLibre,true,REVIEW_REQUIRED,CPAL-1.0,KEEP_OPENPROJ,normalized content matches OpenProj baseline,
modules/projectlibre_core/src/main/java/com/projectlibre1/field/CanBeDirty.java,projectlibre_core,java,HEAD,071e341ccb76adb1f28565e55d952750d1ef412caf658cbac90702e91c09e819,d2fa3c20a,openproj_core/src/com/projity/field/CanBeDirty.java,6a69c23dbc0cbd39904876f936f883d2c4cc647b4f99f886711697591b7d0241,0530be227f4a10c5545cce8d3db20ac5a4d76a66,REVIEW_REQUIRED,ProjectLibre,true,REVIEW_REQUIRED,CPAL-1.0,KEEP_OPENPROJ,normalized content matches OpenProj baseline,
modules/projectlibre_core/src/main/java/com/projectlibre1/field/CustomFields.java,projectlibre_core,java,HEAD,c78fafdcd42ac245df72a66e5ef1c97db8304e41431973d83773b074581f7319,d2fa3c20a,openproj_core/src/com/projity/field/CustomFields.java,7f0908667121b93f2b2dfc5f3786634d2006d4888ea2e7f8d49db9f8de8ec6e6,0530be227f4a10c5545cce8d3db20ac5a4d76a66,REVIEW_REQUIRED,ProjectLibre,true,REVIEW_REQUIRED,CPAL-1.0,KEEP_OPENPROJ,normalized content matches OpenProj baseline,
modules/projectlibre_core/src/main/java/com/projectlibre1/field/CustomFieldsImpl.java,projectlibre_core,java,HEAD,3e7ee52fe83a54b1db8d485ae2d2879f883edcd997bb310bc59302aaa9b1c421,d2fa3c20a,openproj_core/src/com/projity/field/CustomFieldsImpl.java,50e10c5c00a218e52545d18af01dd1305cb4ea9c6e0813f6bd6b32ba7eed77c4,0530be227f4a10c5545cce8d3db20ac5a4d76a66,REVIEW_REQUIRED,ProjectLibre,false,REVIEW_REQUIRED,CPAL-1.0,REVIEW,OpenProj path exists but content differs; perform hunk-level comparison,
modules/projectlibre_core/src/main/java/com/projectlibre1/field/DefaultFieldAccessControl.java,projectlibre_core,java,HEAD,b2a8806fbf8044caac54ee76fc477c4ce2831efc4ddc552ce7893e849860715b,d2fa3c20a,openproj_core/src/com/projity/field/DefaultFieldAccessControl.java,2802832acb032d87403a8af88fa9fee477eaeb6a150c85afdfacabe4859da51a,0530be227f4a10c5545cce8d3db20ac5a4d76a66,REVIEW_REQUIRED,ProjectLibre,true,REVIEW_REQUIRED,CPAL-1.0,KEEP_OPENPROJ,normalized content matches OpenProj baseline,
modules/projectlibre_core/src/main/java/com/projectlibre1/field/DelegatesFields.java,projectlibre_core,java,HEAD,8cc4f5a8d1bde5841f72035e0336eb92c3d21163a8b20c8178c1fcf87c15ef09,d2fa3c20a,openproj_core/src/com/projity/field/DelegatesFields.java,d572040355eddccee3c2c7e5067106e0c504e4816292564028e450c0363ac14e,0530be227f4a10c5545cce8d3db20ac5a4d76a66,REVIEW_REQUIRED,ProjectLibre,true,REVIEW_REQUIRED,CPAL-1.0,KEEP_OPENPROJ,normalized content matches OpenProj baseline,
modules/projectlibre_core/src/main/java/com/projectlibre1/field/DynamicSelect.java,projectlibre_core,java,HEAD,6a33b83893507c653802fbc76cf9f7a04b06315cda23fd8c386fc064c886928e,d2fa3c20a,openproj_core/src/com/projity/field/DynamicSelect.java,02d1fc330d5c93e0f50f846a17468c17a3d2536d5681b4294db313e607799af3,0530be227f4a10c5545cce8d3db20ac5a4d76a66,REVIEW_REQUIRED,ProjectLibre,false,REVIEW_REQUIRED,CPAL-1.0,REVIEW,OpenProj path exists but content differs; perform hunk-level comparison,
modules/projectlibre_core/src/main/java/com/projectlibre1/field/Field.java,projectlibre_core,java,HEAD,1a8041bab2f50cfe998bb43ef805b7f64475594390d4cfbe97cb04a0a5cef6b0,d2fa3c20a,openproj_core/src/com/projity/field/Field.java,fd7634278cbee7c60e6d679ed32d8ac0cd5241f1f0754cc8e3445113e3b0d2dd,0530be227f4a10c5545cce8d3db20ac5a4d76a66,REVIEW_REQUIRED,ProjectLibre,false,REVIEW_REQUIRED,CPAL-1.0,REVIEW,OpenProj path exists but content differs; perform hunk-level comparison,
modules/projectlibre_core/src/main/java/com/projectlibre1/field/FieldAccessible.java,projectlibre_core,java,HEAD,b3f8029b7e3b5e56f6dfe82f1262b1ecd39b73e5e857265d33e97d6df9545801,d2fa3c20a,openproj_core/src/com/projity/field/FieldAccessible.java,3a3986616b00cbacce2e9959b5d3e72215b72e665fa5bdee88f8e897cda8afa9,0530be227f4a10c5545cce8d3db20ac5a4d76a66,REVIEW_REQUIRED,ProjectLibre,true,REVIEW_REQUIRED,CPAL-1.0,KEEP_OPENPROJ,normalized content matches OpenProj baseline,
modules/projectlibre_core/src/main/java/com/projectlibre1/field/FieldContext.java,projectlibre_core,java,HEAD,ed49e6eed0efd925948111e0fccade0e2fb5dba37faa3e8c24ed9cfdd8d191f5,d2fa3c20a,openproj_core/src/com/projity/field/FieldContext.java,40f3a1bd94bc8efa509b15100b7d5f93405dbf656f46da859c7b3b38dd5005d4,0530be227f4a10c5545cce8d3db20ac5a4d76a66,REVIEW_REQUIRED,ProjectLibre,false,REVIEW_REQUIRED,CPAL-1.0,REVIEW,OpenProj path exists but content differs; perform hunk-level comparison,
modules/projectlibre_core/src/main/java/com/projectlibre1/field/FieldConverter.java,projectlibre_core,java,HEAD,fdf06f93add4b60ab739a0e8805af3680564b765289f777356001e325bae8a6f,d2fa3c20a,openproj_core/src/com/projity/field/FieldConverter.java,d82680c5c5e7c1d72e4566f59b2069a9dfda3f83f1158b46c1010251b65e9f36,0530be227f4a10c5545cce8d3db20ac5a4d76a66,REVIEW_REQUIRED,ProjectLibre,false,REVIEW_REQUIRED,CPAL-1.0,REVIEW,OpenProj path exists but content differs; perform hunk-level comparison,
modules/projectlibre_core/src/main/java/com/projectlibre1/field/FieldParseException.java,projectlibre_core,java,HEAD,29174c0dd9cfc8cfacaadaa48b289a39e4afb1f19cbb66805597a8cb38caa2bc,d2fa3c20a,openproj_core/src/com/projity/field/FieldParseException.java,ad55154ed5de87fea6bd26d683089722925f654151bc9302f0f3651cda43ff90,0530be227f4a10c5545cce8d3db20ac5a4d76a66,REVIEW_REQUIRED,ProjectLibre,false,REVIEW_REQUIRED,CPAL-1.0,REVIEW,OpenProj path exists but content differs; perform hunk-level comparison,
modules/projectlibre_core/src/main/java/com/projectlibre1/field/FieldValues.java,projectlibre_core,java,HEAD,19590480ef3849aeb5dccd1d82a1992e6e5cdd20c035aca728e8b23cdd30150b,d2fa3c20a,openproj_core/src/com/projity/field/FieldValues.java,f5a9c69d63ff59642b47f83e1af1affe636291a697294839e181de56e303e90e,0530be227f4a10c5545cce8d3db20ac5a4d76a66,REVIEW_REQUIRED,ProjectLibre,false,REVIEW_REQUIRED,CPAL-1.0,REVIEW,OpenProj path exists but content differs; perform hunk-level comparison,
modules/projectlibre_core/src/main/java/com/projectlibre1/field/Finder.java,projectlibre_core,java,HEAD,f9fbe3413b2b5e9f89872747681bfe2619b0db8673c64520f5098d3defc4e0be,d2fa3c20a,openproj_core/src/com/projity/field/Finder.java,30db8d89aba8c176252be1cf8b59e43491ef981bf97d8ec259898c0571ed2291,0530be227f4a10c5545cce8d3db20ac5a4d76a66,REVIEW_REQUIRED,ProjectLibre,true,REVIEW_REQUIRED,CPAL-1.0,KEEP_OPENPROJ,normalized content matches OpenProj baseline,
modules/projectlibre_core/src/main/java/com/projectlibre1/field/HasExtraFields.java,projectlibre_core,java,HEAD,a890d024c227c8f77fea358b6e38e3c48fe741b13067e6361f13a33ee647f9cf,d2fa3c20a,openproj_core/src/com/projity/field/HasExtraFields.java,5243d61f3ac88934d14acd2810d4dad84f38837f698bfeb16814b6385808af81,0530be227f4a10c5545cce8d3db20ac5a4d76a66,REVIEW_REQUIRED,ProjectLibre,true,REVIEW_REQUIRED,CPAL-1.0,KEEP_OPENPROJ,normalized content matches OpenProj baseline,
modules/projectlibre_core/src/main/java/com/projectlibre1/field/HasExtraFieldsImpl.java,projectlibre_core,java,HEAD,a3cedd0aab369f95fa8c3f25a798a14ceff1e3fd15863a60333e4ea287d41fe7,d2fa3c20a,openproj_core/src/com/projity/field/HasExtraFieldsImpl.java,55bdfff74eb4989319964dfba1deddb1695088ac219863071f7e98e59b70052d,0530be227f4a10c5545cce8d3db20ac5a4d76a66,REVIEW_REQUIRED,ProjectLibre,true,REVIEW_REQUIRED,CPAL-1.0,KEEP_OPENPROJ,normalized content matches OpenProj baseline,
modules/projectlibre_core/src/main/java/com/projectlibre1/field/InvalidFormulaException.java,projectlibre_core,java,HEAD,efe5504dbbcbac3a3cb23152343b22053650f1b970c42800da8cd094f77b393f,d2fa3c20a,openproj_core/src/com/projity/field/InvalidFormulaException.java,f1fdf84e80aaf171d449210862261287871e4396248e421f0bcd76fa3583bb8f,0530be227f4a10c5545cce8d3db20ac5a4d76a66,REVIEW_REQUIRED,ProjectLibre,false,REVIEW_REQUIRED,CPAL-1.0,REVIEW,OpenProj path exists but content differs; perform hunk-level comparison,
modules/projectlibre_core/src/main/java/com/projectlibre1/field/ObjectRef.java,projectlibre_core,java,HEAD,638ac147ba70fc92acdb8a6725d2c27f5654f2ed013374b113112ed132e148fd,d2fa3c20a,openproj_core/src/com/projity/field/ObjectRef.java,d244d5644be9d6ca94a895cb90d2da24667790d11c377c251cb7cc5148d3f487,0530be227f4a10c5545cce8d3db20ac5a4d76a66,REVIEW_REQUIRED,ProjectLibre,true,REVIEW_REQUIRED,CPAL-1.0,KEEP_OPENPROJ,normalized content matches OpenProj baseline,
modules/projectlibre_core/src/main/java/com/projectlibre1/field/OptionsFilter.java,projectlibre_core,java,HEAD,54765c2e42e4bf7afcd25427733bff1c7222eb01eb436035f8624d096811fe3a,d2fa3c20a,openproj_core/src/com/projity/field/OptionsFilter.java,a1032428f1091bb967d60069e33a00444649aa1d0eb36d1d0ba32c349ded4824,0530be227f4a10c5545cce8d3db20ac5a4d76a66,REVIEW_REQUIRED,ProjectLibre,false,REVIEW_REQUIRED,CPAL-1.0,REVIEW,OpenProj path exists but content differs; perform hunk-level comparison,
modules/projectlibre_core/src/main/java/com/projectlibre1/field/Range.java,projectlibre_core,java,HEAD,9ec2c2cc270c3de7a5f7a35dc86a23d45393c29f57b6d8114c75910780d93c19,d2fa3c20a,openproj_core/src/com/projity/field/Range.java,871d9d3c8e826559dc695f62852e0c31a1086d2850386119524d72c852e21606,0530be227f4a10c5545cce8d3db20ac5a4d76a66,REVIEW_REQUIRED,ProjectLibre,false,REVIEW_REQUIRED,CPAL-1.0,REVIEW,OpenProj path exists but content differs; perform hunk-level comparison,
modules/projectlibre_core/src/main/java/com/projectlibre1/field/Select.java,projectlibre_core,java,HEAD,424137401be663d67bf4b78db5375f39bd63be50e93a9cb3588f8cf4bcb11d69,d2fa3c20a,openproj_core/src/com/projity/field/Select.java,be6ee69c52c05c322f69d7bf172ab6a8836801a92a5faa460bca22278d606ea3,0530be227f4a10c5545cce8d3db20ac5a4d76a66,REVIEW_REQUIRED,ProjectLibre,false,REVIEW_REQUIRED,CPAL-1.0,REVIEW,OpenProj path exists but content differs; perform hunk-level comparison,
modules/projectlibre_core/src/main/java/com/projectlibre1/field/SelectOption.java,projectlibre_core,java,HEAD,21c37fc2445825bac5c35ea10be64349b8dd8d5b33b1fe9c9449fbe794a028d5,d2fa3c20a,openproj_core/src/com/projity/field/SelectOption.java,15230467cf6746bb419a9c212573cbe665ad557c90d6a203c3829159fd908e1a,0530be227f4a10c5545cce8d3db20ac5a4d76a66,REVIEW_REQUIRED,ProjectLibre,false,REVIEW_REQUIRED,CPAL-1.0,REVIEW,OpenProj path exists but content differs; perform hunk-level comparison,
modules/projectlibre_core/src/main/java/com/projectlibre1/field/StaticSelect.java,projectlibre_core,java,HEAD,ab3c38cf33edf80511ae8e0a34d24f7c7d59b4caba5946d497d8176131e07119,d2fa3c20a,openproj_core/src/com/projity/field/StaticSelect.java,b41423282c529dc943263b3f8ad411543ef9cef0cd038d785370e024f44e9c14,0530be227f4a10c5545cce8d3db20ac5a4d76a66,REVIEW_REQUIRED,ProjectLibre,false,REVIEW_REQUIRED,CPAL-1.0,REVIEW,OpenProj path exists but content differs; perform hunk-level comparison,
modules/projectlibre_core/src/main/java/com/projectlibre1/functor/Closure2.java,projectlibre_core,java,HEAD,5f93d7ff28af19e197424f1684c1fa657d88dd9641dc9d28960e67078d4f9e07,d2fa3c20a,openproj_core/src/com/projity/functor/Closure2.java,724bb2a79a7c6b89564fc88bd17cb4efcd23ab35c694717c3a1795cde0b62f9b,0530be227f4a10c5545cce8d3db20ac5a4d76a66,REVIEW_REQUIRED,ProjectLibre,true,REVIEW_REQUIRED,CPAL-1.0,KEEP_OPENPROJ,normalized content matches OpenProj baseline,
modules/projectlibre_core/src/main/java/com/projectlibre1/functor/ClosureVisitor.java,projectlibre_core,java,HEAD,2b9c567bcc86c25ebd61f147d4dfc38e33888e6cbbd2d154922d9e700ca1a6df,d2fa3c20a,openproj_core/src/com/projity/functor/ClosureVisitor.java,3e8e5d7268f8c67e40a3b0f8f8cbeba4abdb0dd772c7a4b9a3667388ef8d37e0,0530be227f4a10c5545cce8d3db20ac5a4d76a66,REVIEW_REQUIRED,ProjectLibre,true,REVIEW_REQUIRED,CPAL-1.0,KEEP_OPENPROJ,normalized content matches OpenProj baseline,
modules/projectlibre_core/src/main/java/com/projectlibre1/functor/CollectionVisitor.java,projectlibre_core,java,HEAD,59026bf7efff350624dad698a27fc630c06bf8568bb6389e391a35d4596a009b,d2fa3c20a,openproj_core/src/com/projity/functor/CollectionVisitor.java,eeb851da0d124b739952b788a3c8ddc1be77a5e6ee1189caa7935f7e082520a0,0530be227f4a10c5545cce8d3db20ac5a4d76a66,REVIEW_REQUIRED,ProjectLibre,false,REVIEW_REQUIRED,CPAL-1.0,REVIEW,OpenProj path exists but content differs; perform hunk-level comparison,
modules/projectlibre_core/src/main/java/com/projectlibre1/functor/DoubleSum.java,projectlibre_core,java,HEAD,c285489f25d9ccf5074ad91b1b36238fb0fb49bf4d137b8773060c6d5411dedf,d2fa3c20a,openproj_core/src/com/projity/functor/DoubleSum.java,5d9abb95c0e68e0050b7ba5cb45b7e666abb43a6a3d7e82d652dc2457ce9c8b8,0530be227f4a10c5545cce8d3db20ac5a4d76a66,REVIEW_REQUIRED,ProjectLibre,false,REVIEW_REQUIRED,CPAL-1.0,REVIEW,OpenProj path exists but content differs; perform hunk-level comparison,
modules/projectlibre_core/src/main/java/com/projectlibre1/functor/IntervalConsumer.java,projectlibre_core,java,HEAD,34f621f01bebf8cf1c0644b428b06071077484cdffd4d3e5633bcdfd7af065bc,d2fa3c20a,openproj_core/src/com/projity/functor/IntervalConsumer.java,922ef0463def9362601657999cf79b29a715edee105cb236e9b9b1a109534eb7,0530be227f4a10c5545cce8d3db20ac5a4d76a66,REVIEW_REQUIRED,ProjectLibre,true,REVIEW_REQUIRED,CPAL-1.0,KEEP_OPENPROJ,normalized content matches OpenProj baseline,
modules/projectlibre_core/src/main/java/com/projectlibre1/functor/NumberClosure.java,projectlibre_core,java,HEAD,a00ecc5eb72bc42fe8d6c6b797d069f244d465dd25a214cb44ddd15456327fd0,d2fa3c20a,openproj_core/src/com/projity/functor/NumberClosure.java,39d3533df4e7c57617c51d163cff8e01923e20cbbefe6ceba49fdf5706d9b022,0530be227f4a10c5545cce8d3db20ac5a4d76a66,REVIEW_REQUIRED,ProjectLibre,false,REVIEW_REQUIRED,CPAL-1.0,REVIEW,OpenProj path exists but content differs; perform hunk-level comparison,
modules/projectlibre_core/src/main/java/com/projectlibre1/functor/ObjectVisitor.java,projectlibre_core,java,HEAD,ef6a583fce731864d80d0b54f3658f1f1757c4c88b4c353269ed81a30f7ce313,d2fa3c20a,openproj_core/src/com/projity/functor/ObjectVisitor.java,fe922432f534af412cc9225e8dd282673078c9adcb723f37d52b1915581eab58,0530be227f4a10c5545cce8d3db20ac5a4d76a66,REVIEW_REQUIRED,ProjectLibre,false,REVIEW_REQUIRED,CPAL-1.0,REVIEW,OpenProj path exists but content differs; perform hunk-level comparison,
modules/projectlibre_core/src/main/java/com/projectlibre1/functor/PrintString.java,projectlibre_core,java,HEAD,7bea3c6dc5003a096abce83575736388e194421c3409e289e6150a949b5a2613,d2fa3c20a,openproj_core/src/com/projity/functor/PrintString.java,b3deae740c807732cd8879b4c93e7492ea8e2a9c093e5d19f2a6eaf2e650225f,0530be227f4a10c5545cce8d3db20ac5a4d76a66,REVIEW_REQUIRED,ProjectLibre,false,REVIEW_REQUIRED,CPAL-1.0,REVIEW,OpenProj path exists but content differs; perform hunk-level comparison,
modules/projectlibre_core/src/main/java/com/projectlibre1/functor/ReflectionPredicate.java,projectlibre_core,java,HEAD,6d571425db07806c1775184acd4689bdaaf3b107624bb2aa19f0788dca387bda,d2fa3c20a,openproj_core/src/com/projity/functor/ReflectionPredicate.java,d6455df416080f5da703289d49cf593ecd88cb818abd195b0ed4b8ef8d9ac3b9,0530be227f4a10c5545cce8d3db20ac5a4d76a66,REVIEW_REQUIRED,ProjectLibre,false,REVIEW_REQUIRED,CPAL-1.0,REVIEW,OpenProj path exists but content differs; perform hunk-level comparison,
modules/projectlibre_core/src/main/java/com/projectlibre1/functor/ScheduleIntervalGenerator.java,projectlibre_core,java,HEAD,810b6afd20cc8688eb7b8f9c84170a30f95b6de6c2415b284d2ef5bf55aedb42,d2fa3c20a,openproj_core/src/com/projity/functor/ScheduleIntervalGenerator.java,1d2f1815bd9be0fa8ee96966038c78058d596c54e44cab6d15a87c9419fb87c1,0530be227f4a10c5545cce8d3db20ac5a4d76a66,REVIEW_REQUIRED,ProjectLibre,true,REVIEW_REQUIRED,CPAL-1.0,KEEP_OPENPROJ,normalized content matches OpenProj baseline,
modules/projectlibre_core/src/main/java/com/projectlibre1/functor/StringList.java,projectlibre_core,java,HEAD,b1c2199ed480948cf880e2dd3b9c7fdeeeac867695aadfb0cf7c80406655b393,d2fa3c20a,openproj_core/src/com/projity/functor/StringList.java,9074a408bef437692b906be1d631592559df2a9311860eb592166006d81c174b,0530be227f4a10c5545cce8d3db20ac5a4d76a66,REVIEW_REQUIRED,ProjectLibre,false,REVIEW_REQUIRED,CPAL-1.0,REVIEW,OpenProj path exists but content differs; perform hunk-level comparison,
modules/projectlibre_core/src/main/java/com/projectlibre1/graphic/configuration/ActionList.java,projectlibre_core,java,HEAD,855390875a19d4ec9d5785507cc97965672844aacce51b73d2fcc8ae530b23dc,d2fa3c20a,openproj_core/src/com/projity/graphic/configuration/ActionList.java,3ec33d1cc9d4356180bff4826dfadcd5e6d8c845794ef307dff9669d95e954fb,0530be227f4a10c5545cce8d3db20ac5a4d76a66,REVIEW_REQUIRED,ProjectLibre,true,REVIEW_REQUIRED,CPAL-1.0,KEEP_OPENPROJ,normalized content matches OpenProj baseline,
modules/projectlibre_core/src/main/java/com/projectlibre1/graphic/configuration/ActionListFactory.java,projectlibre_core,java,HEAD,543ed016a8596fd279c50977a98bdb1b812906c4d17863821b36329abf57360e,d2fa3c20a,openproj_core/src/com/projity/graphic/configuration/ActionListFactory.java,6494a36aab7a6ae472d0d5a6b89364f25a589bc559c2310a923d0e7f7558c1b7,0530be227f4a10c5545cce8d3db20ac5a4d76a66,REVIEW_REQUIRED,ProjectLibre,false,REVIEW_REQUIRED,CPAL-1.0,REVIEW,OpenProj path exists but content differs; perform hunk-level comparison,
modules/projectlibre_core/src/main/java/com/projectlibre1/graphic/configuration/ActionLists.java,projectlibre_core,java,HEAD,0789273c348bfb74d1b97ed57f4608e5089887bdd67ef809538f140df612990f,d2fa3c20a,openproj_core/src/com/projity/graphic/configuration/ActionLists.java,92a39ec371e537574776b5c8374f452a7131289b4ee5d7f393cfc938751264a1,0530be227f4a10c5545cce8d3db20ac5a4d76a66,REVIEW_REQUIRED,ProjectLibre,false,REVIEW_REQUIRED,CPAL-1.0,REVIEW,OpenProj path exists but content differs; perform hunk-level comparison,
modules/projectlibre_core/src/main/java/com/projectlibre1/graphic/configuration/BarFormat.java,projectlibre_core,java,HEAD,04426f49894de16d53c7f45d046b0fd40d382e8c17c01ba0cd7269eb80600188,d2fa3c20a,openproj_core/src/com/projity/graphic/configuration/BarFormat.java,ff5c08402babc1dc74523f4617dbef3de087e97c14af1d4951d869a4dcba1d2f,0530be227f4a10c5545cce8d3db20ac5a4d76a66,REVIEW_REQUIRED,ProjectLibre,false,REVIEW_REQUIRED,CPAL-1.0,REVIEW,OpenProj path exists but content differs; perform hunk-level comparison,
modules/projectlibre_core/src/main/java/com/projectlibre1/graphic/configuration/BarStyle.java,projectlibre_core,java,HEAD,2e924b53074eb726bea7feb0140557352ddbead96e07334dc9833dbbc907a163,d2fa3c20a,openproj_core/src/com/projity/graphic/configuration/BarStyle.java,c59030d8ba8973a9ce9aee7acfcd2032f2f2814cf7379e0e56a7ddbdf7a13709,0530be227f4a10c5545cce8d3db20ac5a4d76a66,REVIEW_REQUIRED,ProjectLibre,false,REVIEW_REQUIRED,CPAL-1.0,REVIEW,OpenProj path exists but content differs; perform hunk-level comparison,
modules/projectlibre_core/src/main/java/com/projectlibre1/graphic/configuration/BarStyles.java,projectlibre_core,java,HEAD,118228d86f3750c13a4a73755680a7c8f57a041eb1113d82285480fe3704fcdf,d2fa3c20a,openproj_core/src/com/projity/graphic/configuration/BarStyles.java,35d1576383eb1fee7ed58cae885f2e5e12dcbe98d978f8c471c5ecb64d714345,0530be227f4a10c5545cce8d3db20ac5a4d76a66,REVIEW_REQUIRED,ProjectLibre,false,REVIEW_REQUIRED,CPAL-1.0,REVIEW,OpenProj path exists but content differs; perform hunk-level comparison,
modules/projectlibre_core/src/main/java/com/projectlibre1/graphic/configuration/BarStylesFactory.java,projectlibre_core,java,HEAD,97f16220f30331230b3dc91212256a8b503493d4ab8e751e7f034f292dcb6ef8,d2fa3c20a,openproj_core/src/com/projity/graphic/configuration/BarStylesFactory.java,ed8ab7c9f5c501de5c4e5bab7b72a0d9d3bf681e6da15709a9a9d0e2e37ab745,0530be227f4a10c5545cce8d3db20ac5a4d76a66,REVIEW_REQUIRED,ProjectLibre,true,REVIEW_REQUIRED,CPAL-1.0,KEEP_OPENPROJ,normalized content matches OpenProj baseline,
modules/projectlibre_core/src/main/java/com/projectlibre1/graphic/configuration/CellFormat.java,projectlibre_core,java,HEAD,29ada4f2f6d86c56ddbd67b8788866b6b1b2a878b20186586caf85b6d28ab31b,d2fa3c20a,openproj_core/src/com/projity/graphic/configuration/CellFormat.java,0bd6fc34a4447530acc356ace947d9ceca1853892d24dad249a4e8a3d914af54,0530be227f4a10c5545cce8d3db20ac5a4d76a66,REVIEW_REQUIRED,ProjectLibre,true,REVIEW_REQUIRED,CPAL-1.0,KEEP_OPENPROJ,normalized content matches OpenProj baseline,
modules/projectlibre_core/src/main/java/com/projectlibre1/graphic/configuration/CellStyle.java,projectlibre_core,java,HEAD,10eeeb83d16a670f725539ff74a44f354ccd4bda4a7a1b6de4a1bff779528401,d2fa3c20a,openproj_core/src/com/projity/graphic/configuration/CellStyle.java,ee2756baf5236ff48d704a2ee0bf7fcc3cef8aa880c5898aa50287fc905421d5,0530be227f4a10c5545cce8d3db20ac5a4d76a66,REVIEW_REQUIRED,ProjectLibre,true,REVIEW_REQUIRED,CPAL-1.0,KEEP_OPENPROJ,normalized content matches OpenProj baseline,
modules/projectlibre_core/src/main/java/com/projectlibre1/graphic/configuration/CellStyleFactory.java,projectlibre_core,java,HEAD,5aea5ce4779c8cccc8a5016533e93c54449421b47d60dd5853c9164ae15ef037,d2fa3c20a,openproj_core/src/com/projity/graphic/configuration/CellStyleFactory.java,4f98632b2690e0dc9a3a5cee63d73f825276f3236fe576fd6e1414b13e7b6375,0530be227f4a10c5545cce8d3db20ac5a4d76a66,REVIEW_REQUIRED,ProjectLibre,false,REVIEW_REQUIRED,CPAL-1.0,REVIEW,OpenProj path exists but content differs; perform hunk-level comparison,
modules/projectlibre_core/src/main/java/com/projectlibre1/graphic/configuration/CellStyles.java,projectlibre_core,java,HEAD,64903b21d9b3d5b5f9dba2c691829b721763aa56eaaeb26ab90ce4ddb0959838,d2fa3c20a,openproj_core/src/com/projity/graphic/configuration/CellStyles.java,bbbfa97035cf2b3023840c4ae93f0662f848966bc56fb37d71da9829a318a1fb,0530be227f4a10c5545cce8d3db20ac5a4d76a66,REVIEW_REQUIRED,ProjectLibre,false,REVIEW_REQUIRED,CPAL-1.0,REVIEW,OpenProj path exists but content differs; perform hunk-level comparison,
modules/projectlibre_core/src/main/java/com/projectlibre1/graphic/configuration/FormBox.java,projectlibre_core,java,HEAD,df457d33c7574f83b6b728ac02a8d44597c369e0190e79865897dc39f1c53034,d2fa3c20a,openproj_core/src/com/projity/graphic/configuration/FormBox.java,e05396a9f9004c805c008bede58d952402ae126fc0a745bf5c046e9158d6059a,0530be227f4a10c5545cce8d3db20ac5a4d76a66,REVIEW_REQUIRED,ProjectLibre,false,REVIEW_REQUIRED,CPAL-1.0,REVIEW,OpenProj path exists but content differs; perform hunk-level comparison,
modules/projectlibre_core/src/main/java/com/projectlibre1/graphic/configuration/FormBoxLayout.java,projectlibre_core,java,HEAD,7d17c1b0eb57f78d03d56d4bf680fe314a282bd8426ee83ee129a706b0a64d6d,d2fa3c20a,openproj_core/src/com/projity/graphic/configuration/FormBoxLayout.java,9e30ccf086ff5e2e6be63174227a00de53f37a4cf320ce92fd50c25fa9ae0952,0530be227f4a10c5545cce8d3db20ac5a4d76a66,REVIEW_REQUIRED,ProjectLibre,true,REVIEW_REQUIRED,CPAL-1.0,KEEP_OPENPROJ,normalized content matches OpenProj baseline,
modules/projectlibre_core/src/main/java/com/projectlibre1/graphic/configuration/FormFormat.java,projectlibre_core,java,HEAD,ba6a8e9d50ffb62312249e95751d0429eb4e902bff7eebf8fd23572459867336,d2fa3c20a,openproj_core/src/com/projity/graphic/configuration/FormFormat.java,08f811096b6dd319e5ed9fa04eafd9d7a2f89467a50bf888203bbf5fac035ef9,0530be227f4a10c5545cce8d3db20ac5a4d76a66,REVIEW_REQUIRED,ProjectLibre,true,REVIEW_REQUIRED,CPAL-1.0,KEEP_OPENPROJ,normalized content matches OpenProj baseline,
modules/projectlibre_core/src/main/java/com/projectlibre1/graphic/configuration/GanttBarFormatOverrides.java,projectlibre_core,java,HEAD,6d8879b2d2693e067a4a819d1c4067276577dea8f4f2cc82780f58435d98dc31,d2fa3c20a,,,0530be227f4a10c5545cce8d3db20ac5a4d76a66,REVIEW_REQUIRED,Unknown,false,REVIEW_REQUIRED,REVIEW_REQUIRED,REVIEW,no path match in OpenProj baseline; classify origin manually,
modules/projectlibre_core/src/main/java/com/projectlibre1/graphic/configuration/GraphicConfiguration.java,projectlibre_core,java,HEAD,b55f52380aced2bc5a14a28b77cd6f043c8d88bcec3370a4d565f6b63baeb822,d2fa3c20a,openproj_core/src/com/projity/graphic/configuration/GraphicConfiguration.java,eaaf64afcb4c7e216e4f43a6824fd95c79d94b7f75fe77ea121f4bd1ceff5b56,0530be227f4a10c5545cce8d3db20ac5a4d76a66,REVIEW_REQUIRED,ProjectLibre,true,REVIEW_REQUIRED,CPAL-1.0,KEEP_OPENPROJ,normalized content matches OpenProj baseline,
modules/projectlibre_core/src/main/java/com/projectlibre1/graphic/configuration/HasCssStyle.java,projectlibre_core,java,HEAD,0468323d42fde31ca737997941023af87b38eb2a7913a49e001270b79f8a4ec9,d2fa3c20a,openproj_core/src/com/projity/graphic/configuration/HasCssStyle.java,d74559c849b9c1332a39fee819cf373a6fbd041235600752cd92b24e87328bec,0530be227f4a10c5545cce8d3db20ac5a4d76a66,REVIEW_REQUIRED,ProjectLibre,true,REVIEW_REQUIRED,CPAL-1.0,KEEP_OPENPROJ,normalized content matches OpenProj baseline,
modules/projectlibre_core/src/main/java/com/projectlibre1/graphic/configuration/HasIndicators.java,projectlibre_core,java,HEAD,098b70963cf233ec4fc30f9bc60ebaf8124d385ef1cef90e4a726f12c5ed7ac0,d2fa3c20a,openproj_core/src/com/projity/graphic/configuration/HasIndicators.java,199324bd1707b87c95be5434227e46f2aad7a7498cd6b928d443c56631ad78e1,0530be227f4a10c5545cce8d3db20ac5a4d76a66,REVIEW_REQUIRED,ProjectLibre,true,REVIEW_REQUIRED,CPAL-1.0,KEEP_OPENPROJ,normalized content matches OpenProj baseline,
modules/projectlibre_core/src/main/java/com/projectlibre1/graphic/configuration/HasResourceIndicators.java,projectlibre_core,java,HEAD,d571d091359948c581b17f4aa2e8a966ed3654d7cc88183236e02b0cd4a630c6,d2fa3c20a,openproj_core/src/com/projity/graphic/configuration/HasResourceIndicators.java,dba29f92b2cfc436854edf2f75465a6b1b010109f4b0dc4933333a1ebc143716,0530be227f4a10c5545cce8d3db20ac5a4d76a66,REVIEW_REQUIRED,ProjectLibre,true,REVIEW_REQUIRED,CPAL-1.0,KEEP_OPENPROJ,normalized content matches OpenProj baseline,
modules/projectlibre_core/src/main/java/com/projectlibre1/graphic/configuration/HasTaskIndicators.java,projectlibre_core,java,HEAD,db440be84c55e990b9714cbe51879500331f0d8801689b1ae8bf8b58bf4dc41d,d2fa3c20a,openproj_core/src/com/projity/graphic/configuration/HasTaskIndicators.java,205bb8872420038467781d681115e3c7be91fd9219c61b5a223177c844d80933,0530be227f4a10c5545cce8d3db20ac5a4d76a66,REVIEW_REQUIRED,ProjectLibre,true,REVIEW_REQUIRED,CPAL-1.0,KEEP_OPENPROJ,normalized content matches OpenProj baseline,
modules/projectlibre_core/src/main/java/com/projectlibre1/graphic/configuration/SpreadSheetCategories.java,projectlibre_core,java,HEAD,b49ac7771957d6181fcc19fef19632c20a833c2f88b2fe692ed483ef794f387a,d2fa3c20a,openproj_core/src/com/projity/graphic/configuration/SpreadSheetCategories.java,79a8d391e1015c9126d403a86dab1b423423a92b3566bfc3f68c247cc9cdca13,0530be227f4a10c5545cce8d3db20ac5a4d76a66,REVIEW_REQUIRED,ProjectLibre,true,REVIEW_REQUIRED,CPAL-1.0,KEEP_OPENPROJ,normalized content matches OpenProj baseline,
modules/projectlibre_core/src/main/java/com/projectlibre1/graphic/configuration/SpreadSheetFieldArray.java,projectlibre_core,java,HEAD,34fe7d073eec105fc69f51e2dadd12e76385600d202c755a843c49d9c4f764a4,d2fa3c20a,openproj_core/src/com/projity/graphic/configuration/SpreadSheetFieldArray.java,b1a03808cf21ba847708e212210d6dac95371d6d25fe4cad4232422eca2ae75a,0530be227f4a10c5545cce8d3db20ac5a4d76a66,REVIEW_REQUIRED,ProjectLibre,false,REVIEW_REQUIRED,CPAL-1.0,REVIEW,OpenProj path exists but content differs; perform hunk-level comparison,
modules/projectlibre_core/src/main/java/com/projectlibre1/graphic/configuration/TexturedShape.java,projectlibre_core,java,HEAD,1e14e0c3b497a1f5c879a7c09cb757eeb9f3fb630584410994e2911ffc794739,d2fa3c20a,openproj_core/src/com/projity/graphic/configuration/TexturedShape.java,c0a7f955c33ab1d181d4bce3a1d17127650bd3019085a67e8a57084a0cf9d01b,0530be227f4a10c5545cce8d3db20ac5a4d76a66,REVIEW_REQUIRED,ProjectLibre,false,REVIEW_REQUIRED,CPAL-1.0,REVIEW,OpenProj path exists but content differs; perform hunk-level comparison,
modules/projectlibre_core/src/main/java/com/projectlibre1/graphic/configuration/shape/Colors.java,projectlibre_core,java,HEAD,88e860e19ce1d7fa171998402b06f9b4dc8ed5675005b2193e1aec4dbcb10fca,d2fa3c20a,openproj_core/src/com/projity/graphic/configuration/shape/Colors.java,186ec9cbb5d7ba16bb59c2f2f184a35e41c91765d1d17476744b1876cf2cba86,0530be227f4a10c5545cce8d3db20ac5a4d76a66,REVIEW_REQUIRED,ProjectLibre,false,REVIEW_REQUIRED,CPAL-1.0,REVIEW,OpenProj path exists but content differs; perform hunk-level comparison,
modules/projectlibre_core/src/main/java/com/projectlibre1/graphic/configuration/shape/PredefinedPaint.java,projectlibre_core,java,HEAD,8e91d6767d0416d5875a59fd0c1422097d1f680a0b07435d0a2233a395569f95,d2fa3c20a,openproj_core/src/com/projity/graphic/configuration/shape/PredefinedPaint.java,c7dd435b5b7c08870e8ac11a682fe022eed2aad9092e1e7f9afcb22eeef5813a,0530be227f4a10c5545cce8d3db20ac5a4d76a66,REVIEW_REQUIRED,ProjectLibre,false,REVIEW_REQUIRED,CPAL-1.0,REVIEW,OpenProj path exists but content differs; perform hunk-level comparison,
modules/projectlibre_core/src/main/java/com/projectlibre1/graphic/configuration/shape/PredefinedShape.java,projectlibre_core,java,HEAD,2bc8471860ed459b8989f9b984be6e30163568ab8ed80435950b1e638534dcd1,d2fa3c20a,openproj_core/src/com/projity/graphic/configuration/shape/PredefinedShape.java,4dc2567bd3385b068e048340596f89f8807da10d68133108c375f26f6c2a0f67,0530be227f4a10c5545cce8d3db20ac5a4d76a66,REVIEW_REQUIRED,ProjectLibre,false,REVIEW_REQUIRED,CPAL-1.0,REVIEW,OpenProj path exists but content differs; perform hunk-level comparison,
modules/projectlibre_core/src/main/java/com/projectlibre1/graphic/configuration/shape/PredefinedStroke.java,projectlibre_core,java,HEAD,149dbc15b5c9019d1d6a434fdc7f9f021b1d0b8de7f31694159707498a094f01,d2fa3c20a,openproj_core/src/com/projity/graphic/configuration/shape/PredefinedStroke.java,3c10ffb61c131d930b4fb1b98bfe22cf5bbd58085ec18a9e077e46fe06c36c5c,0530be227f4a10c5545cce8d3db20ac5a4d76a66,REVIEW_REQUIRED,ProjectLibre,false,REVIEW_REQUIRED,CPAL-1.0,REVIEW,OpenProj path exists but content differs; perform hunk-level comparison,
modules/projectlibre_core/src/main/java/com/projectlibre1/grouping/core/GroupNodeImpl.java,projectlibre_core,java,HEAD,277cd0aea6a8337bda4691cdc60aa291a194fa098a12a781665678e10652d231,d2fa3c20a,openproj_core/src/com/projity/grouping/core/GroupNodeImpl.java,cdd6564380835117cf125f6cf5b72bed18329a47bea1a400554cd2dcb302cf54,0530be227f4a10c5545cce8d3db20ac5a4d76a66,REVIEW_REQUIRED,ProjectLibre,true,REVIEW_REQUIRED,CPAL-1.0,KEEP_OPENPROJ,normalized content matches OpenProj baseline,
modules/projectlibre_core/src/main/java/com/projectlibre1/grouping/core/LazyParent.java,projectlibre_core,java,HEAD,d989d59239ecf5fda4e0ba4ceeba0294f547df1facddea2eeb795f84a9442f3f,d2fa3c20a,openproj_core/src/com/projity/grouping/core/LazyParent.java,551e95f80d1c8d6706809371cadd854abeaa22a405aa1370c059a30b18cd4e6b,0530be227f4a10c5545cce8d3db20ac5a4d76a66,REVIEW_REQUIRED,ProjectLibre,true,REVIEW_REQUIRED,CPAL-1.0,KEEP_OPENPROJ,normalized content matches OpenProj baseline,
modules/projectlibre_core/src/main/java/com/projectlibre1/grouping/core/Node.java,projectlibre_core,java,HEAD,70888e655139c63bbdfe6e716ae6feb058682afc12acec4d1b6615aa59f12b2c,d2fa3c20a,openproj_core/src/com/projity/grouping/core/Node.java,2e8c93aff715c87143ca4fd160ab38fc549504284bb51bc2b76e15c193c69a85,0530be227f4a10c5545cce8d3db20ac5a4d76a66,REVIEW_REQUIRED,ProjectLibre,true,REVIEW_REQUIRED,CPAL-1.0,KEEP_OPENPROJ,normalized content matches OpenProj baseline,
modules/projectlibre_core/src/main/java/com/projectlibre1/grouping/core/NodeBridge.java,projectlibre_core,java,HEAD,f7a5b5c1e6a463f4d58d76699a195188dfb51619185c5b000b8b0e3d6b82d2df,d2fa3c20a,openproj_core/src/com/projity/grouping/core/NodeBridge.java,13d2db2d40b51303b36ebbee424067f3d8bce5a5ca8c81bd78d69e48a09a11e0,0530be227f4a10c5545cce8d3db20ac5a4d76a66,REVIEW_REQUIRED,ProjectLibre,false,REVIEW_REQUIRED,CPAL-1.0,REVIEW,OpenProj path exists but content differs; perform hunk-level comparison,
modules/projectlibre_core/src/main/java/com/projectlibre1/grouping/core/NodeException.java,projectlibre_core,java,HEAD,2c447cd1747445e4c611d4b80ba2559e789ef76eba7a6025a02ee2e8e75b886a,d2fa3c20a,openproj_core/src/com/projity/grouping/core/NodeException.java,940d5df1b09bf44ea98a6be0ab81b4e28f7eb8ace811abf876aa17cfff42233e,0530be227f4a10c5545cce8d3db20ac5a4d76a66,REVIEW_REQUIRED,ProjectLibre,false,REVIEW_REQUIRED,CPAL-1.0,REVIEW,OpenProj path exists but content differs; perform hunk-level comparison,
modules/projectlibre_core/src/main/java/com/projectlibre1/grouping/core/NodeFactory.java,projectlibre_core,java,HEAD,0b1bb1577b63e63e352ecfd53c16f6b839f802c75d70ed0d9809e01db7ec6d06,d2fa3c20a,openproj_core/src/com/projity/grouping/core/NodeFactory.java,64d3cba20888c1f49a40e7e72e4ef9d03a91ab12f72dabb2ca0e18d16ba7c1e0,0530be227f4a10c5545cce8d3db20ac5a4d76a66,REVIEW_REQUIRED,ProjectLibre,true,REVIEW_REQUIRED,CPAL-1.0,KEEP_OPENPROJ,normalized content matches OpenProj baseline,
modules/projectlibre_core/src/main/java/com/projectlibre1/grouping/core/NodeList.java,projectlibre_core,java,HEAD,2a4e5451e5193bb4c18397643781a90e1219191dcaa796aee12cd11ce252910a,d2fa3c20a,openproj_core/src/com/projity/grouping/core/NodeList.java,c4d83d1191abd2fc24769aa253187a411fefae46d6715d5e76710dd297f465d4,0530be227f4a10c5545cce8d3db20ac5a4d76a66,REVIEW_REQUIRED,ProjectLibre,false,REVIEW_REQUIRED,CPAL-1.0,REVIEW,OpenProj path exists but content differs; perform hunk-level comparison,
modules/projectlibre_core/src/main/java/com/projectlibre1/grouping/core/NodeVisitor.java,projectlibre_core,java,HEAD,7e53396b152f5924de287f763b934944e5d830139dcd838eecccd7fc5f68684f,d2fa3c20a,openproj_core/src/com/projity/grouping/core/NodeVisitor.java,f1a04d9020fb663767386eff34fa79e5afaf83020d29f9d729ba2d889cb18a32,0530be227f4a10c5545cce8d3db20ac5a4d76a66,REVIEW_REQUIRED,ProjectLibre,true,REVIEW_REQUIRED,CPAL-1.0,KEEP_OPENPROJ,normalized content matches OpenProj baseline,
modules/projectlibre_core/src/main/java/com/projectlibre1/grouping/core/OutlineCode.java,projectlibre_core,java,HEAD,26b7fafc8eda8ff976c75e10ea950f54b89da78a29765b85799d3c95930a5bfa,d2fa3c20a,openproj_core/src/com/projity/grouping/core/OutlineCode.java,c96ce6ee2dd04b14010878d9ed61a68761157825e5525b00d1bd9bb67d63a4dd,0530be227f4a10c5545cce8d3db20ac5a4d76a66,REVIEW_REQUIRED,ProjectLibre,false,REVIEW_REQUIRED,CPAL-1.0,REVIEW,OpenProj path exists but content differs; perform hunk-level comparison,
modules/projectlibre_core/src/main/java/com/projectlibre1/grouping/core/OutlineCollection.java,projectlibre_core,java,HEAD,d480ec5242374a6f90cffb24f4816045245aac302eba2f319cfb0ecab658bd11,d2fa3c20a,openproj_core/src/com/projity/grouping/core/OutlineCollection.java,6b33568cf95b1d1c23c8cd2da5bacd4b3d5f1d68add2d231299ec971684468a5,0530be227f4a10c5545cce8d3db20ac5a4d76a66,REVIEW_REQUIRED,ProjectLibre,true,REVIEW_REQUIRED,CPAL-1.0,KEEP_OPENPROJ,normalized content matches OpenProj baseline,
modules/projectlibre_core/src/main/java/com/projectlibre1/grouping/core/OutlineCollectionImpl.java,projectlibre_core,java,HEAD,dd2a666c04512e84ae362a3a26a839db5df430d3b0df7a815952244012a794be,d2fa3c20a,openproj_core/src/com/projity/grouping/core/OutlineCollectionImpl.java,bce1b464035a1fba1e4c7ddca4f8c3cce0571c52c4c8963991e6142424015a21,0530be227f4a10c5545cce8d3db20ac5a4d76a66,REVIEW_REQUIRED,ProjectLibre,false,REVIEW_REQUIRED,CPAL-1.0,REVIEW,OpenProj path exists but content differs; perform hunk-level comparison,
modules/projectlibre_core/src/main/java/com/projectlibre1/grouping/core/TypedNodeIterator.java,projectlibre_core,java,HEAD,5faf37e619a4a6b00ca494541f0e6e100c55be18bb985d37e2dba5189da44401,d2fa3c20a,openproj_core/src/com/projity/grouping/core/TypedNodeIterator.java,ce2fe3a84d8eb2205fb74c9a581643d5b51de40457ff5d1c1a7ab7bd9bc41dac,0530be227f4a10c5545cce8d3db20ac5a4d76a66,REVIEW_REQUIRED,ProjectLibre,true,REVIEW_REQUIRED,CPAL-1.0,KEEP_OPENPROJ,normalized content matches OpenProj baseline,
modules/projectlibre_core/src/main/java/com/projectlibre1/grouping/core/VoidNodeImpl.java,projectlibre_core,java,HEAD,058296bdfed171456a674c0760e3a11dc41cdb0a9258db2bf91289fa85052934,d2fa3c20a,openproj_core/src/com/projity/grouping/core/VoidNodeImpl.java,5a17cd46cefbe31ecbb3435f2cb20f3d5f206a6495608ae0ae10225438d6d2ca,0530be227f4a10c5545cce8d3db20ac5a4d76a66,REVIEW_REQUIRED,ProjectLibre,true,REVIEW_REQUIRED,CPAL-1.0,KEEP_OPENPROJ,normalized content matches OpenProj baseline,
modules/projectlibre_core/src/main/java/com/projectlibre1/grouping/core/event/HierarchyEvent.java,projectlibre_core,java,HEAD,2958f4e8eaceefa1924f9bd094817f3fea35861d300a8ad3a4463cc5dedd4fcb,d2fa3c20a,openproj_core/src/com/projity/grouping/core/event/HierarchyEvent.java,866a06758c880d146c6f3893f3068a54dc7ddf8a7ac2e8ecd9431c8dee18c51a,0530be227f4a10c5545cce8d3db20ac5a4d76a66,REVIEW_REQUIRED,ProjectLibre,true,REVIEW_REQUIRED,CPAL-1.0,KEEP_OPENPROJ,normalized content matches OpenProj baseline,
modules/projectlibre_core/src/main/java/com/projectlibre1/grouping/core/event/HierarchyListener.java,projectlibre_core,java,HEAD,cc15124a100bb941e606a30f50ac957b8d9ac8a9a7ec40fe34188a9369a82d60,d2fa3c20a,openproj_core/src/com/projity/grouping/core/event/HierarchyListener.java,ec1e9746627863c943da556df2a786d4068ea0abb72d4840e25c343f050e7ea9,0530be227f4a10c5545cce8d3db20ac5a4d76a66,REVIEW_REQUIRED,ProjectLibre,true,REVIEW_REQUIRED,CPAL-1.0,KEEP_OPENPROJ,normalized content matches OpenProj baseline,
modules/projectlibre_core/src/main/java/com/projectlibre1/grouping/core/hierarchy/AbstractMutableNodeHierarchy.java,projectlibre_core,java,HEAD,1f84d9d49cd25310a9b88e3fdc45fd0eb36d906f1b8b7f065ec7591f037e5c1a,d2fa3c20a,openproj_core/src/com/projity/grouping/core/hierarchy/AbstractMutableNodeHierarchy.java,e4daca0447b37a4979d9aa38c373ff9cbffac8046bbb3a58cb8652304d3029bc,0530be227f4a10c5545cce8d3db20ac5a4d76a66,REVIEW_REQUIRED,ProjectLibre,false,REVIEW_REQUIRED,CPAL-1.0,REVIEW,OpenProj path exists but content differs; perform hunk-level comparison,
modules/projectlibre_core/src/main/java/com/projectlibre1/grouping/core/hierarchy/BelongsToHierarchy.java,projectlibre_core,java,HEAD,4f4578af7b8306e96b16fe4b486a00a0b613098aa29e4e487f72b568fd5ab2f8,d2fa3c20a,openproj_core/src/com/projity/grouping/core/hierarchy/BelongsToHierarchy.java,f9b1e1a0fd982e012a5ae181aeefbfe9f7feaa96d5ab27db57ca52203b3f93a5,0530be227f4a10c5545cce8d3db20ac5a4d76a66,REVIEW_REQUIRED,ProjectLibre,true,REVIEW_REQUIRED,CPAL-1.0,KEEP_OPENPROJ,normalized content matches OpenProj baseline,
modules/projectlibre_core/src/main/java/com/projectlibre1/grouping/core/hierarchy/FilteredNodeHierarchy.java,projectlibre_core,java,HEAD,be69ab24bd05e9f0beb040a57f5062a42a3872e2c0f37ee7579ea87f292f4f4c,d2fa3c20a,openproj_core/src/com/projity/grouping/core/hierarchy/FilteredNodeHierarchy.java,20d9cac31df1a1d8172bbf27644bc8e634de3a94de62421bdffb8cb2554e06d0,0530be227f4a10c5545cce8d3db20ac5a4d76a66,REVIEW_REQUIRED,ProjectLibre,true,REVIEW_REQUIRED,CPAL-1.0,KEEP_OPENPROJ,normalized content matches OpenProj baseline,
modules/projectlibre_core/src/main/java/com/projectlibre1/grouping/core/hierarchy/HierarchyUtils.java,projectlibre_core,java,HEAD,9b9fcfae39b4e27ee5879d0c3ae446d3a2481958438e007770a676e9e82777c7,d2fa3c20a,openproj_core/src/com/projity/grouping/core/hierarchy/HierarchyUtils.java,cab5e149f8b0fe638cb9f80f4140d8aaa855b74e43ad354b6924de8142e5ccfc,0530be227f4a10c5545cce8d3db20ac5a4d76a66,REVIEW_REQUIRED,ProjectLibre,true,REVIEW_REQUIRED,CPAL-1.0,KEEP_OPENPROJ,normalized content matches OpenProj baseline,
modules/projectlibre_core/src/main/java/com/projectlibre1/grouping/core/hierarchy/MutableNodeHierarchy.java,projectlibre_core,java,HEAD,2040e81407c0582e5b98401d143e0d372983f8f2417bf2cd226b6d8f954fa3a8,d2fa3c20a,openproj_core/src/com/projity/grouping/core/hierarchy/MutableNodeHierarchy.java,998ff15092dd6a577f930a7e0ba14af4b37691cfd708f4b04eef14fde8c8c250,0530be227f4a10c5545cce8d3db20ac5a4d76a66,REVIEW_REQUIRED,ProjectLibre,false,REVIEW_REQUIRED,CPAL-1.0,REVIEW,OpenProj path exists but content differs; perform hunk-level comparison,
modules/projectlibre_core/src/main/java/com/projectlibre1/grouping/core/hierarchy/NodeHierarchy.java,projectlibre_core,java,HEAD,7c905ad669ff6621dee5a8d1e5cbcbcb5e47483865221f619eb25acbf66732a1,d2fa3c20a,openproj_core/src/com/projity/grouping/core/hierarchy/NodeHierarchy.java,7c8a876504fa42b6641dc6816b6b2477a8040514e53e390a2de53391ff7502d6,0530be227f4a10c5545cce8d3db20ac5a4d76a66,REVIEW_REQUIRED,ProjectLibre,true,REVIEW_REQUIRED,CPAL-1.0,KEEP_OPENPROJ,normalized content matches OpenProj baseline,
modules/projectlibre_core/src/main/java/com/projectlibre1/grouping/core/model/AssignmentNodeModel.java,projectlibre_core,java,HEAD,03d494a3b1296ed7b0829eab49e74d7637625c5bd0e45977ccbd8b966033d50f,d2fa3c20a,openproj_core/src/com/projity/grouping/core/model/AssignmentNodeModel.java,b2ec91d67b2ff89135b457831b7b85704bbf645574d76a9c2e05a1339206c4ab,0530be227f4a10c5545cce8d3db20ac5a4d76a66,REVIEW_REQUIRED,ProjectLibre,false,REVIEW_REQUIRED,CPAL-1.0,REVIEW,OpenProj path exists but content differs; perform hunk-level comparison,
modules/projectlibre_core/src/main/java/com/projectlibre1/grouping/core/model/DefaultNodeModel.java,projectlibre_core,java,HEAD,58f4526b34245e04f39e2ffd5bfdb3c56275e6340b6336e154933e8512744024,d2fa3c20a,openproj_core/src/com/projity/grouping/core/model/DefaultNodeModel.java,6a472e9c47e4cfa3e5fc3cb883a3a3e6377953eb1e8e9b9a6779e0e4f69ffae6,0530be227f4a10c5545cce8d3db20ac5a4d76a66,REVIEW_REQUIRED,ProjectLibre,false,REVIEW_REQUIRED,CPAL-1.0,REVIEW,OpenProj path exists but content differs; perform hunk-level comparison,
modules/projectlibre_core/src/main/java/com/projectlibre1/grouping/core/model/NamedNodeElement.java,projectlibre_core,java,HEAD,79539c80a35c3d6ff855ebbcd17f51bd4b86aba22719aee0a55ff02e1e7a794c,d2fa3c20a,openproj_core/src/com/projity/grouping/core/model/NamedNodeElement.java,b02e04f8f9867bb339cbd579be4396eb4bdb0a5aee55672f0428a40802229b14,0530be227f4a10c5545cce8d3db20ac5a4d76a66,REVIEW_REQUIRED,ProjectLibre,true,REVIEW_REQUIRED,CPAL-1.0,KEEP_OPENPROJ,normalized content matches OpenProj baseline,
modules/projectlibre_core/src/main/java/com/projectlibre1/grouping/core/model/NodeModel.java,projectlibre_core,java,HEAD,b478a9753e99d66556f6299d3f7ab13f4089fce979c2136c6e51703d94095f6a,d2fa3c20a,openproj_core/src/com/projity/grouping/core/model/NodeModel.java,04412d7d8e398d4604a7108528c2d2eb2e72b6f1cfe05a46254d404d22b4ddde,0530be227f4a10c5545cce8d3db20ac5a4d76a66,REVIEW_REQUIRED,ProjectLibre,true,REVIEW_REQUIRED,CPAL-1.0,KEEP_OPENPROJ,normalized content matches OpenProj baseline,
modules/projectlibre_core/src/main/java/com/projectlibre1/grouping/core/model/NodeModelDataFactory.java,projectlibre_core,java,HEAD,c508bb5e07a61a45cc2e91291c45a1be3dd87eb7ca5f616a70a26e110c887154,d2fa3c20a,openproj_core/src/com/projity/grouping/core/model/NodeModelDataFactory.java,1e71ce40c6ed087dcfd4fdf59a2325e0d76aa2c5ddf74f95b9bef966805b3165,0530be227f4a10c5545cce8d3db20ac5a4d76a66,REVIEW_REQUIRED,ProjectLibre,false,REVIEW_REQUIRED,CPAL-1.0,REVIEW,OpenProj path exists but content differs; perform hunk-level comparison,
modules/projectlibre_core/src/main/java/com/projectlibre1/grouping/core/model/NodeModelFactory.java,projectlibre_core,java,HEAD,79b2a212d567e5c98cf7fc6e2fe6891ac8af33940167a3bdc529e8f3b21ada2a,d2fa3c20a,openproj_core/src/com/projity/grouping/core/model/NodeModelFactory.java,2c27527e64b9558e525be4790354ceecd308566bd2a02f96e91aefea427c80e3,0530be227f4a10c5545cce8d3db20ac5a4d76a66,REVIEW_REQUIRED,ProjectLibre,false,REVIEW_REQUIRED,CPAL-1.0,REVIEW,OpenProj path exists but content differs; perform hunk-level comparison,
modules/projectlibre_core/src/main/java/com/projectlibre1/grouping/core/model/NodeModelUtil.java,projectlibre_core,java,HEAD,8902fb7bd1f0266d02ac0c2c1233493540f48d7d688745fdec442879b86d073f,d2fa3c20a,openproj_core/src/com/projity/grouping/core/model/NodeModelUtil.java,91c0df026d7b473a0c23913a9ace1f3ca4b5b216679dcdd9d45bcb2eac652316,0530be227f4a10c5545cce8d3db20ac5a4d76a66,REVIEW_REQUIRED,ProjectLibre,false,REVIEW_REQUIRED,CPAL-1.0,REVIEW,OpenProj path exists but content differs; perform hunk-level comparison,
modules/projectlibre_core/src/main/java/com/projectlibre1/grouping/core/model/WalkersNodeModel.java,projectlibre_core,java,HEAD,a0dd8716a6ede3d3f23ca9b69941d0672939aca6ff4040190d7c93cb3f253cc4,d2fa3c20a,openproj_core/src/com/projity/grouping/core/model/WalkersNodeModel.java,14f4cb01ffde7e510df7e8d405d813b7887d3ce736bf232098148733607df405,0530be227f4a10c5545cce8d3db20ac5a4d76a66,REVIEW_REQUIRED,ProjectLibre,true,REVIEW_REQUIRED,CPAL-1.0,KEEP_OPENPROJ,normalized content matches OpenProj baseline,
modules/projectlibre_core/src/main/java/com/projectlibre1/grouping/core/summaries/Average.java,projectlibre_core,java,HEAD,e5c317db11ca3bb83b82db59e3182e6ce92def2e2ac04b02ff3042effac190b0,d2fa3c20a,openproj_core/src/com/projity/grouping/core/summaries/Average.java,62bdd674c6eb735cb5361787819b9f6eb1e2f2d09aea0b73db69c0fe79736503,0530be227f4a10c5545cce8d3db20ac5a4d76a66,REVIEW_REQUIRED,ProjectLibre,false,REVIEW_REQUIRED,CPAL-1.0,REVIEW,OpenProj path exists but content differs; perform hunk-level comparison,
modules/projectlibre_core/src/main/java/com/projectlibre1/grouping/core/summaries/ComparableSummaryVisitor.java,projectlibre_core,java,HEAD,cb253ffcc97d53067ac766b4fde9bb62db10fe3ebae2060959ecdffafcee3d4a,d2fa3c20a,openproj_core/src/com/projity/grouping/core/summaries/ComparableSummaryVisitor.java,8c40d52c8b847e8bfd04d95ef465b785ab95bc69bf2a7c72f3d21f4a37a6a8b5,0530be227f4a10c5545cce8d3db20ac5a4d76a66,REVIEW_REQUIRED,ProjectLibre,true,REVIEW_REQUIRED,CPAL-1.0,KEEP_OPENPROJ,normalized content matches OpenProj baseline,
modules/projectlibre_core/src/main/java/com/projectlibre1/grouping/core/summaries/ConcatTextSummaryVisitor.java,projectlibre_core,java,HEAD,80b7977cedc21dd5b7399a9843943263db9da4cd6c5299404a134df9e2e699d3,d2fa3c20a,openproj_core/src/com/projity/grouping/core/summaries/ConcatTextSummaryVisitor.java,d7713e339464ceafcb73e3bcf54728bd35edd9af313f59f53bbc92f95eb763df,0530be227f4a10c5545cce8d3db20ac5a4d76a66,REVIEW_REQUIRED,ProjectLibre,true,REVIEW_REQUIRED,CPAL-1.0,KEEP_OPENPROJ,normalized content matches OpenProj baseline,
modules/projectlibre_core/src/main/java/com/projectlibre1/grouping/core/summaries/Count.java,projectlibre_core,java,HEAD,a7000aaa139fc3ead3f3e2d050f49e8e5cd621204703b64ddf5c3a0a9e5cd331,d2fa3c20a,openproj_core/src/com/projity/grouping/core/summaries/Count.java,cc9d48c0e832b4460a72988f9996d43c06ba78a74388aea5b0c92f6c58920f02,0530be227f4a10c5545cce8d3db20ac5a4d76a66,REVIEW_REQUIRED,ProjectLibre,false,REVIEW_REQUIRED,CPAL-1.0,REVIEW,OpenProj path exists but content differs; perform hunk-level comparison,
modules/projectlibre_core/src/main/java/com/projectlibre1/grouping/core/summaries/CountNonsummariesWalker.java,projectlibre_core,java,HEAD,36d6a99e8c91b6091ea14a8d8319a97604cdaaf9cf4abcf3672f0de679f4c835,d2fa3c20a,,,0530be227f4a10c5545cce8d3db20ac5a4d76a66,REVIEW_REQUIRED,Unknown,false,REVIEW_REQUIRED,CPAL-1.0,REVIEW,no path match in OpenProj baseline; classify origin manually,
modules/projectlibre_core/src/main/java/com/projectlibre1/grouping/core/summaries/DeepChildSearcher.java,projectlibre_core,java,HEAD,8d1e827e9d1f8e623c0ae5d2db186737a33c732c5e327f3d17ce671c41b1feac,d2fa3c20a,openproj_core/src/com/projity/grouping/core/summaries/DeepChildSearcher.java,f9a58a6a9e888aa11204815285be5aa9e7a9d3aadd43ec2e45f0c15ff6d7b17b,0530be227f4a10c5545cce8d3db20ac5a4d76a66,REVIEW_REQUIRED,ProjectLibre,true,REVIEW_REQUIRED,CPAL-1.0,KEEP_OPENPROJ,normalized content matches OpenProj baseline,
modules/projectlibre_core/src/main/java/com/projectlibre1/grouping/core/summaries/DeepChildWalker.java,projectlibre_core,java,HEAD,02abf780029703cf8f2c3df908037fbf34b2c73cbd59b13428c370db9f7c826f,d2fa3c20a,openproj_core/src/com/projity/grouping/core/summaries/DeepChildWalker.java,893a1cc29f34f1fa3f961a7fac9002909adc5566e74c8b3051e997e6da5c9ee7,0530be227f4a10c5545cce8d3db20ac5a4d76a66,REVIEW_REQUIRED,ProjectLibre,true,REVIEW_REQUIRED,CPAL-1.0,KEEP_OPENPROJ,normalized content matches OpenProj baseline,
modules/projectlibre_core/src/main/java/com/projectlibre1/grouping/core/summaries/DivisionSummaryVisitor.java,projectlibre_core,java,HEAD,12a8aa9b4c11879016336111c86e18c510fe7c7e52628c2f7e1feb87400ea0d4,d2fa3c20a,openproj_core/src/com/projity/grouping/core/summaries/DivisionSummaryVisitor.java,cd9a0e86a78dc00087cba055b7c17a255b091ddc3fe7e989f39864207a217c70,0530be227f4a10c5545cce8d3db20ac5a4d76a66,REVIEW_REQUIRED,ProjectLibre,false,REVIEW_REQUIRED,CPAL-1.0,REVIEW,OpenProj path exists but content differs; perform hunk-level comparison,
modules/projectlibre_core/src/main/java/com/projectlibre1/grouping/core/summaries/LeafWalker.java,projectlibre_core,java,HEAD,afe820bca6bc499b5dbe73e85255c1b30140425a947351a6158c53c0d39ffda9,d2fa3c20a,openproj_core/src/com/projity/grouping/core/summaries/LeafWalker.java,6cc018a2b6115e29d12d34018d05b2ee050e28b759309e63aee580bc7b0e7b4b,0530be227f4a10c5545cce8d3db20ac5a4d76a66,REVIEW_REQUIRED,ProjectLibre,true,REVIEW_REQUIRED,CPAL-1.0,KEEP_OPENPROJ,normalized content matches OpenProj baseline,
modules/projectlibre_core/src/main/java/com/projectlibre1/grouping/core/summaries/Maximum.java,projectlibre_core,java,HEAD,6a1ae61286b6e3b75adfc817091caea34f614d69869e0313720db673cd305900,d2fa3c20a,openproj_core/src/com/projity/grouping/core/summaries/Maximum.java,37be43dd8bc8b2260755ee007c7ee2792578dfefa68025db1c82ca0c992f3c10,0530be227f4a10c5545cce8d3db20ac5a4d76a66,REVIEW_REQUIRED,ProjectLibre,true,REVIEW_REQUIRED,CPAL-1.0,KEEP_OPENPROJ,normalized content matches OpenProj baseline,
modules/projectlibre_core/src/main/java/com/projectlibre1/grouping/core/summaries/Minimum.java,projectlibre_core,java,HEAD,6409f3f6cc4d24227f4232206ca16ece874fa866b79fad92d55556fd2560af83,d2fa3c20a,openproj_core/src/com/projity/grouping/core/summaries/Minimum.java,488b6f838050987052832d9847373df4aa756e080e29ef68170a0d395c51053e,0530be227f4a10c5545cce8d3db20ac5a4d76a66,REVIEW_REQUIRED,ProjectLibre,true,REVIEW_REQUIRED,CPAL-1.0,KEEP_OPENPROJ,normalized content matches OpenProj baseline,
modules/projectlibre_core/src/main/java/com/projectlibre1/grouping/core/summaries/NodeWalker.java,projectlibre_core,java,HEAD,836d0855b58af46a3b5daba6862810c859a3084d434f25e0ff3d1642e30b44ee,d2fa3c20a,openproj_core/src/com/projity/grouping/core/summaries/NodeWalker.java,071b7e2e95e04de1a064e64a093e50b6c4804eba9cc27d078c212afb51d26c18,0530be227f4a10c5545cce8d3db20ac5a4d76a66,REVIEW_REQUIRED,ProjectLibre,false,REVIEW_REQUIRED,CPAL-1.0,REVIEW,OpenProj path exists but content differs; perform hunk-level comparison,
modules/projectlibre_core/src/main/java/com/projectlibre1/grouping/core/summaries/NumberSummaryVisitor.java,projectlibre_core,java,HEAD,3f92942e888ded37b3dab96b9030d18b1380f8e5462699dc4520ed1c86e545da,d2fa3c20a,openproj_core/src/com/projity/grouping/core/summaries/NumberSummaryVisitor.java,4eab90e2e98b1bb2ec3dcbe9bdf442bf8fd21c34be6c228b134039eb94ea13f5,0530be227f4a10c5545cce8d3db20ac5a4d76a66,REVIEW_REQUIRED,ProjectLibre,false,REVIEW_REQUIRED,CPAL-1.0,REVIEW,OpenProj path exists but content differs; perform hunk-level comparison,
modules/projectlibre_core/src/main/java/com/projectlibre1/grouping/core/summaries/NumericMaximum.java,projectlibre_core,java,HEAD,023cd1daf46669b644d856f7a2151c9c59ae6efb4587b21144995ce0eba1f380,d2fa3c20a,openproj_core/src/com/projity/grouping/core/summaries/NumericMaximum.java,f5239693228156766aa1babe8926439dcd624772a33aee6985d9fd574bfbced3,0530be227f4a10c5545cce8d3db20ac5a4d76a66,REVIEW_REQUIRED,ProjectLibre,true,REVIEW_REQUIRED,CPAL-1.0,KEEP_OPENPROJ,normalized content matches OpenProj baseline,
modules/projectlibre_core/src/main/java/com/projectlibre1/grouping/core/summaries/NumericMinimum.java,projectlibre_core,java,HEAD,d6f6bdbc9df46a37a041ce09face986db9c6f6788c1998426eb235ef0ec5f7bd,d2fa3c20a,openproj_core/src/com/projity/grouping/core/summaries/NumericMinimum.java,d170f5289577075333270416533de47fa120aa94f0c8c83247f86ccc393a0884,0530be227f4a10c5545cce8d3db20ac5a4d76a66,REVIEW_REQUIRED,ProjectLibre,false,REVIEW_REQUIRED,CPAL-1.0,REVIEW,OpenProj path exists but content differs; perform hunk-level comparison,
modules/projectlibre_core/src/main/java/com/projectlibre1/grouping/core/summaries/Same.java,projectlibre_core,java,HEAD,f3fd0c7a8f3832abbfb476be662cc4118ad39643bbecf389ae6da96732aa13c4,d2fa3c20a,openproj_core/src/com/projity/grouping/core/summaries/Same.java,7bd2f878f1df5dbc9fe0222fc9805206db696357d6b9afa3988874067026af78,0530be227f4a10c5545cce8d3db20ac5a4d76a66,REVIEW_REQUIRED,ProjectLibre,true,REVIEW_REQUIRED,CPAL-1.0,KEEP_OPENPROJ,normalized content matches OpenProj baseline,
modules/projectlibre_core/src/main/java/com/projectlibre1/grouping/core/summaries/ShallowChildWalker.java,projectlibre_core,java,HEAD,1700c7389e875570ceff8c1d2df060687cba39fc7a4ae74ac57055e522103b82,d2fa3c20a,openproj_core/src/com/projity/grouping/core/summaries/ShallowChildWalker.java,eef5d0652b5ff1487f3f5ec8975f188849d5bae70401850b3565b670a3277e5d,0530be227f4a10c5545cce8d3db20ac5a4d76a66,REVIEW_REQUIRED,ProjectLibre,true,REVIEW_REQUIRED,CPAL-1.0,KEEP_OPENPROJ,normalized content matches OpenProj baseline,
modules/projectlibre_core/src/main/java/com/projectlibre1/grouping/core/summaries/Sum.java,projectlibre_core,java,HEAD,f23adb4c6a2ad6c134e2f05a878036a8163989a8d1330e20cdf69ddc1b98fff3,d2fa3c20a,openproj_core/src/com/projity/grouping/core/summaries/Sum.java,47c655ff78bdc4554bd7cf38e0a535e49a38d36375cee832566487330f1192d3,0530be227f4a10c5545cce8d3db20ac5a4d76a66,REVIEW_REQUIRED,ProjectLibre,true,REVIEW_REQUIRED,CPAL-1.0,KEEP_OPENPROJ,normalized content matches OpenProj baseline,
modules/projectlibre_core/src/main/java/com/projectlibre1/grouping/core/summaries/SummaryNames.java,projectlibre_core,java,HEAD,aa6fe516d0ef8f60ec346bb2b742133a8f16da96593c8935d628effcbc64931b,d2fa3c20a,openproj_core/src/com/projity/grouping/core/summaries/SummaryNames.java,bc9f749d7211d0313e29edab720c3c1d2f54162ec615d30736beb61be8ee6710,0530be227f4a10c5545cce8d3db20ac5a4d76a66,REVIEW_REQUIRED,ProjectLibre,true,REVIEW_REQUIRED,CPAL-1.0,KEEP_OPENPROJ,normalized content matches OpenProj baseline,
modules/projectlibre_core/src/main/java/com/projectlibre1/grouping/core/summaries/SummaryVisitor.java,projectlibre_core,java,HEAD,76d650b6bf5b3ded28cc00fbfa3e65ba0350a037f6eca2f168318b6d4ad88f32,d2fa3c20a,openproj_core/src/com/projity/grouping/core/summaries/SummaryVisitor.java,d39b442abff3741cc61530206e0549147257cb0e8a5630290f211968d459c1a9,0530be227f4a10c5545cce8d3db20ac5a4d76a66,REVIEW_REQUIRED,ProjectLibre,true,REVIEW_REQUIRED,CPAL-1.0,KEEP_OPENPROJ,normalized content matches OpenProj baseline,
modules/projectlibre_core/src/main/java/com/projectlibre1/grouping/core/summaries/SummaryVisitorFactory.java,projectlibre_core,java,HEAD,69ffdadd32c7f19ad2849de885f672026cb1f7a1f8011bfc80d237143b93f990,d2fa3c20a,openproj_core/src/com/projity/grouping/core/summaries/SummaryVisitorFactory.java,e383ee955e9b0b00a58826accf9619b364e44a8dbed8b1e59a41eb6cf51e6931,0530be227f4a10c5545cce8d3db20ac5a4d76a66,REVIEW_REQUIRED,ProjectLibre,false,REVIEW_REQUIRED,CPAL-1.0,REVIEW,OpenProj path exists but content differs; perform hunk-level comparison,
modules/projectlibre_core/src/main/java/com/projectlibre1/grouping/core/summaries/TextSummaryVisitor.java,projectlibre_core,java,HEAD,fe758a0372fff7830b0b5db6941840227db13c384c0c34fe791d1a5858268f8b,d2fa3c20a,openproj_core/src/com/projity/grouping/core/summaries/TextSummaryVisitor.java,a764aeced987da0f6f5cf4d7eb48ca2fa2cf0137516e143137f09ec1033fa871,0530be227f4a10c5545cce8d3db20ac5a4d76a66,REVIEW_REQUIRED,ProjectLibre,false,REVIEW_REQUIRED,CPAL-1.0,REVIEW,OpenProj path exists but content differs; perform hunk-level comparison,
modules/projectlibre_core/src/main/java/com/projectlibre1/grouping/core/summaries/ThisValueSummaryVisitor.java,projectlibre_core,java,HEAD,27e718f0e06722ad2755ae71819fb98c157613be653dee4fae090d8be3c86a5c,d2fa3c20a,,,0530be227f4a10c5545cce8d3db20ac5a4d76a66,REVIEW_REQUIRED,Unknown,false,REVIEW_REQUIRED,CPAL-1.0,REVIEW,no path match in OpenProj baseline; classify origin manually,
modules/projectlibre_core/src/main/java/com/projectlibre1/grouping/core/transform/CommonTransform.java,projectlibre_core,java,HEAD,237b69407185bbf0cf711cd08eab9edacc2ee6148abf0c74c4c8877c61206a27,d2fa3c20a,openproj_core/src/com/projity/grouping/core/transform/CommonTransform.java,1d919117eb7dbd8aa95808ef705a7d14a96db780c17b35e8ec6c34d7c140f74e,0530be227f4a10c5545cce8d3db20ac5a4d76a66,REVIEW_REQUIRED,ProjectLibre,false,REVIEW_REQUIRED,CPAL-1.0,REVIEW,OpenProj path exists but content differs; perform hunk-level comparison,
modules/projectlibre_core/src/main/java/com/projectlibre1/grouping/core/transform/CommonTransformFactory.java,projectlibre_core,java,HEAD,c694f84716f4ba307e29b9f333ce055db8410ae0d6d599621f812a2041b28815,d2fa3c20a,openproj_core/src/com/projity/grouping/core/transform/CommonTransformFactory.java,c844e93b6ef1e606d38d1ba1eca3307dd9ca8d698f9e935e0ab5639288c352e9,0530be227f4a10c5545cce8d3db20ac5a4d76a66,REVIEW_REQUIRED,ProjectLibre,false,REVIEW_REQUIRED,CPAL-1.0,REVIEW,OpenProj path exists but content differs; perform hunk-level comparison,
modules/projectlibre_core/src/main/java/com/projectlibre1/grouping/core/transform/HierarchicObject.java,projectlibre_core,java,HEAD,200f0328fc3efbe74ba581f05b61ed0703cdf6f4004e3c40eeec020c421aa382,d2fa3c20a,openproj_core/src/com/projity/grouping/core/transform/HierarchicObject.java,8b73662296cced33bddbea53d03267bb4f00c681d99ac63c6c0aca991789a62d,0530be227f4a10c5545cce8d3db20ac5a4d76a66,REVIEW_REQUIRED,ProjectLibre,true,REVIEW_REQUIRED,CPAL-1.0,KEEP_OPENPROJ,normalized content matches OpenProj baseline,
modules/projectlibre_core/src/main/java/com/projectlibre1/grouping/core/transform/TransformId.java,projectlibre_core,java,HEAD,46f7bf70bf6e67b27fda6276572e27e0f6d70945bcd058b8930738aff07edf96,d2fa3c20a,openproj_core/src/com/projity/grouping/core/transform/TransformId.java,b7a7974cf99e44ed4ba4206af11cd807caec266212fb97b64e8e5ea483369935,0530be227f4a10c5545cce8d3db20ac5a4d76a66,REVIEW_REQUIRED,ProjectLibre,true,REVIEW_REQUIRED,CPAL-1.0,KEEP_OPENPROJ,normalized content matches OpenProj baseline,
modules/projectlibre_core/src/main/java/com/projectlibre1/grouping/core/transform/TransformList.java,projectlibre_core,java,HEAD,09eace818f4340d72f26831fca0927c07ea722c78c283c55f05096053e12c0fd,d2fa3c20a,openproj_core/src/com/projity/grouping/core/transform/TransformList.java,93b3d6bcec857505aedc27fcda453a998b3d9fbb9a8e7af0ddcc4985c4b6d466,0530be227f4a10c5545cce8d3db20ac5a4d76a66,REVIEW_REQUIRED,ProjectLibre,false,REVIEW_REQUIRED,CPAL-1.0,REVIEW,OpenProj path exists but content differs; perform hunk-level comparison,
modules/projectlibre_core/src/main/java/com/projectlibre1/grouping/core/transform/TransformParameter.java,projectlibre_core,java,HEAD,d6be60d4824c66936407abecdd75fe9cfcf36ac43c172ef4f6f88135a0dea4a0,d2fa3c20a,openproj_core/src/com/projity/grouping/core/transform/TransformParameter.java,487fcb7e05717f9498a40f34e1614129980bcc2f78bfccd983def28fb113a0e1,0530be227f4a10c5545cce8d3db20ac5a4d76a66,REVIEW_REQUIRED,ProjectLibre,true,REVIEW_REQUIRED,CPAL-1.0,KEEP_OPENPROJ,normalized content matches OpenProj baseline,
modules/projectlibre_core/src/main/java/com/projectlibre1/grouping/core/transform/ViewConfiguration.java,projectlibre_core,java,HEAD,b25f3320cd5103fd75bfc43509a2c5782783046b93d732e88de1f04381ac25f2,d2fa3c20a,openproj_core/src/com/projity/grouping/core/transform/ViewConfiguration.java,e640844c102e52016017ba352b133a7d67e2b8eb04927e66d3bf22f622f49b76,0530be227f4a10c5545cce8d3db20ac5a4d76a66,REVIEW_REQUIRED,ProjectLibre,true,REVIEW_REQUIRED,CPAL-1.0,KEEP_OPENPROJ,normalized content matches OpenProj baseline,
modules/projectlibre_core/src/main/java/com/projectlibre1/grouping/core/transform/ViewTransformer.java,projectlibre_core,java,HEAD,5cf1432af405cc9c99df743e3a49355712e073685f65caebc9e51a05edb882b7,d2fa3c20a,openproj_core/src/com/projity/grouping/core/transform/ViewTransformer.java,7bffd429ddb84697738d53e9fae13caed3db0af82a912d14a2f5b5a23677a400,0530be227f4a10c5545cce8d3db20ac5a4d76a66,REVIEW_REQUIRED,ProjectLibre,false,REVIEW_REQUIRED,CPAL-1.0,REVIEW,OpenProj path exists but content differs; perform hunk-level comparison,
modules/projectlibre_core/src/main/java/com/projectlibre1/grouping/core/transform/ViewTransformerEvent.java,projectlibre_core,java,HEAD,3989afc98146445404b469588fe4994cdd44dc900f38c645e0f4651335b887bb,d2fa3c20a,openproj_core/src/com/projity/grouping/core/transform/ViewTransformerEvent.java,fe74911745f290b9f913e8e3b47f419a2ac35bc65d4cfd6cb660b772ec5ae247,0530be227f4a10c5545cce8d3db20ac5a4d76a66,REVIEW_REQUIRED,ProjectLibre,true,REVIEW_REQUIRED,CPAL-1.0,KEEP_OPENPROJ,normalized content matches OpenProj baseline,
modules/projectlibre_core/src/main/java/com/projectlibre1/grouping/core/transform/ViewTransformerListener.java,projectlibre_core,java,HEAD,be7ab543e84613ba9715e713470bf2da6c4b920f3458b0104ec99a87adb804f7,d2fa3c20a,openproj_core/src/com/projity/grouping/core/transform/ViewTransformerListener.java,6affed6f0916a5e6dcaca23d90bee4571b01d137e1a189eb63101335f37fc2a3,0530be227f4a10c5545cce8d3db20ac5a4d76a66,REVIEW_REQUIRED,ProjectLibre,true,REVIEW_REQUIRED,CPAL-1.0,KEEP_OPENPROJ,normalized content matches OpenProj baseline,
modules/projectlibre_core/src/main/java/com/projectlibre1/grouping/core/transform/filtering/AssignmentCompositionFilter.java,projectlibre_core,java,HEAD,5ce91096e206af5d4246331d793eec71dc78b0a1913c85ea113cc30490e5d3a3,d2fa3c20a,openproj_core/src/com/projity/grouping/core/transform/filtering/AssignmentCompositionFilter.java,c8d321091a296d26bf89c00881300274d4f0d51f1196b11dd37fed8a9cd783cc,0530be227f4a10c5545cce8d3db20ac5a4d76a66,REVIEW_REQUIRED,ProjectLibre,true,REVIEW_REQUIRED,CPAL-1.0,KEEP_OPENPROJ,normalized content matches OpenProj baseline,
modules/projectlibre_core/src/main/java/com/projectlibre1/grouping/core/transform/filtering/BaseFilter.java,projectlibre_core,java,HEAD,42d94131b5ad91b72971134d01050297a21c424bf8e148ecd686e7d32ea512d3,d2fa3c20a,openproj_core/src/com/projity/grouping/core/transform/filtering/BaseFilter.java,08798a1d0e5ecf7d8b9f9d968a0be8e6da8804d810bb669dd6d56460f4ca5e2d,0530be227f4a10c5545cce8d3db20ac5a4d76a66,REVIEW_REQUIRED,ProjectLibre,true,REVIEW_REQUIRED,CPAL-1.0,KEEP_OPENPROJ,normalized content matches OpenProj baseline,
modules/projectlibre_core/src/main/java/com/projectlibre1/grouping/core/transform/filtering/BelongsToCollectionFilter.java,projectlibre_core,java,HEAD,395ba9d29c2961f88882e67c64fff5abeac8070f60499aeb8d9b6b978588f6fd,d2fa3c20a,openproj_core/src/com/projity/grouping/core/transform/filtering/BelongsToCollectionFilter.java,eca77a2a73e0586e1f4c08f024be13c184622fb48de3c9d18143f17d3a15883b,0530be227f4a10c5545cce8d3db20ac5a4d76a66,REVIEW_REQUIRED,ProjectLibre,true,REVIEW_REQUIRED,CPAL-1.0,KEEP_OPENPROJ,normalized content matches OpenProj baseline,
modules/projectlibre_core/src/main/java/com/projectlibre1/grouping/core/transform/filtering/NodeFilter.java,projectlibre_core,java,HEAD,60a623b8aee8c21fa02bdb50343c1fbd8407cadfd0ef3a1173ee91d9d15e0a51,d2fa3c20a,openproj_core/src/com/projity/grouping/core/transform/filtering/NodeFilter.java,51bb397d7ced2bedb042f377576c75f064c1a0d9b959900da9810a78f97bd223,0530be227f4a10c5545cce8d3db20ac5a4d76a66,REVIEW_REQUIRED,ProjectLibre,false,REVIEW_REQUIRED,CPAL-1.0,REVIEW,OpenProj path exists but content differs; perform hunk-level comparison,
modules/projectlibre_core/src/main/java/com/projectlibre1/grouping/core/transform/filtering/NodeFilterFactory.java,projectlibre_core,java,HEAD,0873310588c745541962664b2366b18b164c165812fa0e6ae2330d43bc071584,d2fa3c20a,openproj_core/src/com/projity/grouping/core/transform/filtering/NodeFilterFactory.java,c167e9afa225c41b32e779c3fdc5edd76d3e22593fe821ffaafea6302de80bd9,0530be227f4a10c5545cce8d3db20ac5a4d76a66,REVIEW_REQUIRED,ProjectLibre,false,REVIEW_REQUIRED,CPAL-1.0,REVIEW,OpenProj path exists but content differs; perform hunk-level comparison,
modules/projectlibre_core/src/main/java/com/projectlibre1/grouping/core/transform/filtering/NotAssignmentFilter.java,projectlibre_core,java,HEAD,9e064a481fb6c404d3acf9defe9cc5188cb1e4807e5956f6efd0522bb9406c8a,d2fa3c20a,openproj_core/src/com/projity/grouping/core/transform/filtering/NotAssignmentFilter.java,105f94c323d1bdac2a1a5661d7f7b588298fbd4f7ddf26c36476e46be6f9dbf9,0530be227f4a10c5545cce8d3db20ac5a4d76a66,REVIEW_REQUIRED,ProjectLibre,true,REVIEW_REQUIRED,CPAL-1.0,KEEP_OPENPROJ,normalized content matches OpenProj baseline,
modules/projectlibre_core/src/main/java/com/projectlibre1/grouping/core/transform/filtering/NotVoidFilter.java,projectlibre_core,java,HEAD,9b61ed42a50545f6b118ac6e9196f621699c84d1100cbfd397b72802766613df,d2fa3c20a,openproj_core/src/com/projity/grouping/core/transform/filtering/NotVoidFilter.java,e679c9239341eb542ca3428bb5e5af86d5ef1656b6c7e3636158bbada92aa5bb,0530be227f4a10c5545cce8d3db20ac5a4d76a66,REVIEW_REQUIRED,ProjectLibre,true,REVIEW_REQUIRED,CPAL-1.0,KEEP_OPENPROJ,normalized content matches OpenProj baseline,
modules/projectlibre_core/src/main/java/com/projectlibre1/grouping/core/transform/filtering/PostCompositionNodeFilter.java,projectlibre_core,java,HEAD,94a21c8a03287a26ccf329d14d59f2327023edd9aea21e47615f27f77849ac76,d2fa3c20a,openproj_core/src/com/projity/grouping/core/transform/filtering/PostCompositionNodeFilter.java,e4d149a43b955135dc7c486aa484ce542cc0967d1cb069acfe39ccc96aee1566,0530be227f4a10c5545cce8d3db20ac5a4d76a66,REVIEW_REQUIRED,ProjectLibre,true,REVIEW_REQUIRED,CPAL-1.0,KEEP_OPENPROJ,normalized content matches OpenProj baseline,
modules/projectlibre_core/src/main/java/com/projectlibre1/grouping/core/transform/filtering/PreCompositionNodeFilter.java,projectlibre_core,java,HEAD,99b2ad27c25a9100051ef24c7fb8f95ff11ed5e8ab88f0c5620eb96533030eb4,d2fa3c20a,openproj_core/src/com/projity/grouping/core/transform/filtering/PreCompositionNodeFilter.java,7a2d2a5d5f4b2c21162aec225e4d56f3e69f955f7e52076c60141843c8df1bcf,0530be227f4a10c5545cce8d3db20ac5a4d76a66,REVIEW_REQUIRED,ProjectLibre,true,REVIEW_REQUIRED,CPAL-1.0,KEEP_OPENPROJ,normalized content matches OpenProj baseline,
modules/projectlibre_core/src/main/java/com/projectlibre1/grouping/core/transform/filtering/PredicatedNodeFilterIterator.java,projectlibre_core,java,HEAD,861d5b94ef7d6dbb1630e91897e452c53b20fdc24a59b446d5ae91c8c1bf4296,d2fa3c20a,openproj_core/src/com/projity/grouping/core/transform/filtering/PredicatedNodeFilterIterator.java,e2d6d1b71f326c4a4185c83dd68ee000205aacac662db10ea0dd4448496c7ff0,0530be227f4a10c5545cce8d3db20ac5a4d76a66,REVIEW_REQUIRED,ProjectLibre,true,REVIEW_REQUIRED,CPAL-1.0,KEEP_OPENPROJ,normalized content matches OpenProj baseline,
modules/projectlibre_core/src/main/java/com/projectlibre1/grouping/core/transform/filtering/ResourceInTeamFilter.java,projectlibre_core,java,HEAD,14b39318dbf6503213b62828ddb7fe14e04b8c970f8147855c06119511603917,d2fa3c20a,openproj_core/src/com/projity/grouping/core/transform/filtering/ResourceInTeamFilter.java,82654da0eea7bd6a59915e27bf10cc0286a89143acb7f7e9a53a5f69a7228912,0530be227f4a10c5545cce8d3db20ac5a4d76a66,REVIEW_REQUIRED,ProjectLibre,true,REVIEW_REQUIRED,CPAL-1.0,KEEP_OPENPROJ,normalized content matches OpenProj baseline,
modules/projectlibre_core/src/main/java/com/projectlibre1/grouping/core/transform/filtering/SelectionFilter.java,projectlibre_core,java,HEAD,e5d9f1a3c99e5f1afa9cc1d8c6ad778a906e00c3a42ee4909ef40a1db6bcd2d6,d2fa3c20a,openproj_core/src/com/projity/grouping/core/transform/filtering/SelectionFilter.java,8567021c6da0f1d9a674cf48a89db9a79dd58a4cb0a4cfd93a1a53d19b990463,0530be227f4a10c5545cce8d3db20ac5a4d76a66,REVIEW_REQUIRED,ProjectLibre,false,REVIEW_REQUIRED,CPAL-1.0,REVIEW,OpenProj path exists but content differs; perform hunk-level comparison,
modules/projectlibre_core/src/main/java/com/projectlibre1/grouping/core/transform/filtering/TestFilter.java,projectlibre_core,java,HEAD,05d13aecbb3677aab0db5c359803e49a53b988a3f0c10297988fd076a848cb50,d2fa3c20a,openproj_core/src/com/projity/grouping/core/transform/filtering/TestFilter.java,1bc846497977a87f4b7535bb9b853c5a9c9755a8420ab551b401d4662f4577d0,0530be227f4a10c5545cce8d3db20ac5a4d76a66,REVIEW_REQUIRED,ProjectLibre,true,REVIEW_REQUIRED,CPAL-1.0,KEEP_OPENPROJ,normalized content matches OpenProj baseline,
modules/projectlibre_core/src/main/java/com/projectlibre1/grouping/core/transform/grouping/NodeGroup.java,projectlibre_core,java,HEAD,955f4cc61f7d63971f352f606b80e789c9c728037ba5a34843909ffa0d9a0ee8,d2fa3c20a,openproj_core/src/com/projity/grouping/core/transform/grouping/NodeGroup.java,73a6a9e5f9519c2b0180e55d99570ea65938909235c2e862bca11f3729f89fb1,0530be227f4a10c5545cce8d3db20ac5a4d76a66,REVIEW_REQUIRED,ProjectLibre,true,REVIEW_REQUIRED,CPAL-1.0,KEEP_OPENPROJ,normalized content matches OpenProj baseline,
modules/projectlibre_core/src/main/java/com/projectlibre1/grouping/core/transform/grouping/NodeGrouper.java,projectlibre_core,java,HEAD,d6daaf0ceab09cd3e3a365c450453a91dd12f8e9b267522c481b99c013e1d2f1,d2fa3c20a,openproj_core/src/com/projity/grouping/core/transform/grouping/NodeGrouper.java,74319823092f4b61228b3e538954886bd1cfd1e0877a86d8f53c812b49391e3a,0530be227f4a10c5545cce8d3db20ac5a4d76a66,REVIEW_REQUIRED,ProjectLibre,true,REVIEW_REQUIRED,CPAL-1.0,KEEP_OPENPROJ,normalized content matches OpenProj baseline,
modules/projectlibre_core/src/main/java/com/projectlibre1/grouping/core/transform/sorting/NodeSorter.java,projectlibre_core,java,HEAD,6717ae59ec9263c6a2a6863ef76777f91b26241b139710eda66de14c3ca632d6,d2fa3c20a,openproj_core/src/com/projity/grouping/core/transform/sorting/NodeSorter.java,d30d6d84fb02e8011fac59f589da22e98964eed52231f23e89dd96053b805d7b,0530be227f4a10c5545cce8d3db20ac5a4d76a66,REVIEW_REQUIRED,ProjectLibre,false,REVIEW_REQUIRED,CPAL-1.0,REVIEW,OpenProj path exists but content differs; perform hunk-level comparison,
modules/projectlibre_core/src/main/java/com/projectlibre1/grouping/core/transform/sorting/NodeSorterFactory.java,projectlibre_core,java,HEAD,8be45b15187ca943fa278c413754f827aba3d02e36d19511be849eddee9d902c,d2fa3c20a,openproj_core/src/com/projity/grouping/core/transform/sorting/NodeSorterFactory.java,03f93c8f95eaca9719d5b06f38bb2abea2ffc5eca6ab4e569e82945a9e60f4d0,0530be227f4a10c5545cce8d3db20ac5a4d76a66,REVIEW_REQUIRED,ProjectLibre,false,REVIEW_REQUIRED,CPAL-1.0,REVIEW,OpenProj path exists but content differs; perform hunk-level comparison,
modules/projectlibre_core/src/main/java/com/projectlibre1/grouping/core/transform/transformer/NodeTransformer.java,projectlibre_core,java,HEAD,e230d20cff7f3b9ae79d3646f1f4239c8d1a3a6ed1ea8edf0f1c6a7d1679d7d7,d2fa3c20a,openproj_core/src/com/projity/grouping/core/transform/transformer/NodeTransformer.java,4aa04d5097e097fb8c322d53ccc8de110433ff493308448b0fa0193462857773,0530be227f4a10c5545cce8d3db20ac5a4d76a66,REVIEW_REQUIRED,ProjectLibre,true,REVIEW_REQUIRED,CPAL-1.0,KEEP_OPENPROJ,normalized content matches OpenProj baseline,
modules/projectlibre_core/src/main/java/com/projectlibre1/grouping/core/transform/transformer/NodeTransformerFactory.java,projectlibre_core,java,HEAD,ad95e48d0c1a7a3da525f6157090028cf1688bf9aa362e38f7a2ffb76bf3f56e,d2fa3c20a,openproj_core/src/com/projity/grouping/core/transform/transformer/NodeTransformerFactory.java,2bf0be2cc4e89304106a1f2a59570f8d836ced68c654d6af6918b6dced9b54a7,0530be227f4a10c5545cce8d3db20ac5a4d76a66,REVIEW_REQUIRED,ProjectLibre,false,REVIEW_REQUIRED,CPAL-1.0,REVIEW,OpenProj path exists but content differs; perform hunk-level comparison,
modules/projectlibre_core/src/main/java/com/projectlibre1/grouping/functors/NodeFieldList.java,projectlibre_core,java,HEAD,2a01ef1f42b5490f615805eb09d3335e338b55f8117222490b2137d581b8f026,d2fa3c20a,openproj_core/src/com/projity/grouping/functors/NodeFieldList.java,6656146b9bc5cf77797703c469ef9d5ccc28f95c088bb833cab374e829fc52c1,0530be227f4a10c5545cce8d3db20ac5a4d76a66,REVIEW_REQUIRED,ProjectLibre,true,REVIEW_REQUIRED,CPAL-1.0,KEEP_OPENPROJ,normalized content matches OpenProj baseline,
modules/projectlibre_core/src/main/java/com/projectlibre1/init/Init.java,projectlibre_core,java,HEAD,1046e6a8c4cb5ede979175d8a059e2baa26cadf38bb36577463712d498df9d3d,d2fa3c20a,openproj_core/src/com/projity/init/Init.java,1582568599b1dccce6384b5f081cccafca040b6544462892dd3f2cb94aab8723,0530be227f4a10c5545cce8d3db20ac5a4d76a66,REVIEW_REQUIRED,ProjectLibre,false,REVIEW_REQUIRED,CPAL-1.0,REVIEW,OpenProj path exists but content differs; perform hunk-level comparison,
modules/projectlibre_core/src/main/java/com/projectlibre1/interval/InvalidValueObjectForIntervalException.java,projectlibre_core,java,HEAD,f3b1395a9062cfa1a1b250965162c91e12c42ccad13918a1ce6b493aab97706b,d2fa3c20a,openproj_core/src/com/projity/interval/InvalidValueObjectForIntervalException.java,1a7a9d35506b11ec6c1720e5686a6237356cfbdf90a018b67e107cc924290d8b,0530be227f4a10c5545cce8d3db20ac5a4d76a66,REVIEW_REQUIRED,ProjectLibre,false,REVIEW_REQUIRED,CPAL-1.0,REVIEW,OpenProj path exists but content differs; perform hunk-level comparison,
modules/projectlibre_core/src/main/java/com/projectlibre1/interval/ValueObjectForInterval.java,projectlibre_core,java,HEAD,acf35a276a235ebeb2257055c819bfc82cb3808045bfcb068e624dfa67911cca,d2fa3c20a,openproj_core/src/com/projity/interval/ValueObjectForInterval.java,c712826e775243e223a6f038b0c85c338b9779a18588b5a46eb0e8bb070bf70f,0530be227f4a10c5545cce8d3db20ac5a4d76a66,REVIEW_REQUIRED,ProjectLibre,false,REVIEW_REQUIRED,CPAL-1.0,REVIEW,OpenProj path exists but content differs; perform hunk-level comparison,
modules/projectlibre_core/src/main/java/com/projectlibre1/interval/ValueObjectForIntervalTable.java,projectlibre_core,java,HEAD,0e6d13c8f15c3b3d24a770115f305ecc02ed556f565bf85cb5a28945dbe449a1,d2fa3c20a,openproj_core/src/com/projity/interval/ValueObjectForIntervalTable.java,52f038838998c11bc433c0efa6fec46bdb9fd36a6bc8aedbb995a2c105ab7c9e,0530be227f4a10c5545cce8d3db20ac5a4d76a66,REVIEW_REQUIRED,ProjectLibre,false,REVIEW_REQUIRED,CPAL-1.0,REVIEW,OpenProj path exists but content differs; perform hunk-level comparison,
modules/projectlibre_core/src/main/java/com/projectlibre1/job/ExtendedProgressMonitor.java,projectlibre_core,java,HEAD,d5f765ac396c4c93766a0c0d0cb4ce2ad8baae52c72c76672149d8591380ce41,d2fa3c20a,openproj_core/src/com/projity/job/ExtendedProgressMonitor.java,a27c234f41c381ee5e89761589595b8fd335d4701bb5b813dabe52548d113ad2,0530be227f4a10c5545cce8d3db20ac5a4d76a66,REVIEW_REQUIRED,ProjectLibre,false,REVIEW_REQUIRED,CPAL-1.0,REVIEW,OpenProj path exists but content differs; perform hunk-level comparison,
modules/projectlibre_core/src/main/java/com/projectlibre1/job/Job.java,projectlibre_core,java,HEAD,43e7febbeb82636ce35594def36b91c02185c3ea557663e02c1be26db40f783b,d2fa3c20a,openproj_core/src/com/projity/job/Job.java,60fecaeb434f9566f32c5ed78cedafe0210d202c559b30c9fc2faeb86829487a,0530be227f4a10c5545cce8d3db20ac5a4d76a66,REVIEW_REQUIRED,ProjectLibre,false,REVIEW_REQUIRED,CPAL-1.0,REVIEW,OpenProj path exists but content differs; perform hunk-level comparison,
modules/projectlibre_core/src/main/java/com/projectlibre1/job/JobCanceledException.java,projectlibre_core,java,HEAD,778625f5b992255404b0dd488e4cf4cc5a05b4b8a6fa1cd2126b3b243f321fee,d2fa3c20a,openproj_core/src/com/projity/job/JobCanceledException.java,20b18eb1bd95d83bc21eb646ca4ad42751c9a68f8a008c3a1fa5630898f83361,0530be227f4a10c5545cce8d3db20ac5a4d76a66,REVIEW_REQUIRED,ProjectLibre,false,REVIEW_REQUIRED,CPAL-1.0,REVIEW,OpenProj path exists but content differs; perform hunk-level comparison,
modules/projectlibre_core/src/main/java/com/projectlibre1/job/JobMutex.java,projectlibre_core,java,HEAD,d1d5e8d1e48fdb8a0258faee5f47b5fc50a33cebf00079b3a6a293ed94e5f6e0,d2fa3c20a,openproj_core/src/com/projity/job/JobMutex.java,f9385d50f8439bd8c4ecd6c6c800edfe0fcc075d4bb802bf2bb1cea3402bceff,0530be227f4a10c5545cce8d3db20ac5a4d76a66,REVIEW_REQUIRED,ProjectLibre,true,REVIEW_REQUIRED,CPAL-1.0,KEEP_OPENPROJ,normalized content matches OpenProj baseline,
modules/projectlibre_core/src/main/java/com/projectlibre1/job/JobQueue.java,projectlibre_core,java,HEAD,0de4ab1e26ff79c4714f8f285b031d7fbb075579e1188acb0aaa24dd295df7e4,d2fa3c20a,openproj_core/src/com/projity/job/JobQueue.java,6b755b7c3e08a26235de88fc0a5191cddf8a68d4fad2a6593b56ddd730007124,0530be227f4a10c5545cce8d3db20ac5a4d76a66,REVIEW_REQUIRED,ProjectLibre,false,REVIEW_REQUIRED,CPAL-1.0,REVIEW,OpenProj path exists but content differs; perform hunk-level comparison,
modules/projectlibre_core/src/main/java/com/projectlibre1/job/JobQueueEvent.java,projectlibre_core,java,HEAD,b625893f26d0f337edcedb3d0a7b65b8a197a6bb88651617fd66485c78adf6b3,d2fa3c20a,openproj_core/src/com/projity/job/JobQueueEvent.java,db56a4cef290d18b14f977dcfa7ac3d49f8908618498fd56dbac182fafeabfc0,0530be227f4a10c5545cce8d3db20ac5a4d76a66,REVIEW_REQUIRED,ProjectLibre,true,REVIEW_REQUIRED,CPAL-1.0,KEEP_OPENPROJ,normalized content matches OpenProj baseline,
modules/projectlibre_core/src/main/java/com/projectlibre1/job/JobQueueListener.java,projectlibre_core,java,HEAD,c7ce742e96fd63092c4a0ef7ecee4a1f2d638f0b2279c180af9a91d092f819e0,d2fa3c20a,openproj_core/src/com/projity/job/JobQueueListener.java,c3760e4f005279477afcb848d3caafe74a2cd37438fe2c395e2530e14f5254c8,0530be227f4a10c5545cce8d3db20ac5a4d76a66,REVIEW_REQUIRED,ProjectLibre,true,REVIEW_REQUIRED,CPAL-1.0,KEEP_OPENPROJ,normalized content matches OpenProj baseline,
modules/projectlibre_core/src/main/java/com/projectlibre1/job/JobRunnable.java,projectlibre_core,java,HEAD,26000c22ef90a44c30c38c7f3bbf08a8a5c75ebf1c3572b973978fdcf11ae008,d2fa3c20a,openproj_core/src/com/projity/job/JobRunnable.java,cf89ac7e07eb1c2caf5af2b06ce56de0da073351a2bc92a35e49b04be22af34f,0530be227f4a10c5545cce8d3db20ac5a4d76a66,REVIEW_REQUIRED,ProjectLibre,true,REVIEW_REQUIRED,CPAL-1.0,KEEP_OPENPROJ,normalized content matches OpenProj baseline,
modules/projectlibre_core/src/main/java/com/projectlibre1/job/Mutex.java,projectlibre_core,java,HEAD,9d58b0085ab3cfd3acf42c4e8a602e28d9dd32660f0a9df044b5167c6a10e693,d2fa3c20a,openproj_core/src/com/projity/job/Mutex.java,cc309e0f1c6b018a8464fed22163aab70745b7473a45cff9ec3b007c84817df7,0530be227f4a10c5545cce8d3db20ac5a4d76a66,REVIEW_REQUIRED,ProjectLibre,true,REVIEW_REQUIRED,CPAL-1.0,KEEP_OPENPROJ,normalized content matches OpenProj baseline,
modules/projectlibre_core/src/main/java/com/projectlibre1/options/AdvancedOption.java,projectlibre_core,java,HEAD,336a431411a75542b121fec1b6f2d43f610416b238dc4b863baebb712d3eedce,d2fa3c20a,openproj_core/src/com/projity/options/AdvancedOption.java,ad58d03d4543350109a9474f72a34757f9e0162d5e7943811bbbf2fb6a06241d,0530be227f4a10c5545cce8d3db20ac5a4d76a66,REVIEW_REQUIRED,ProjectLibre,true,REVIEW_REQUIRED,CPAL-1.0,KEEP_OPENPROJ,normalized content matches OpenProj baseline,
modules/projectlibre_core/src/main/java/com/projectlibre1/options/CalculationOption.java,projectlibre_core,java,HEAD,c44edef045f52c979072c21f9c6741120bd99d33752b5e3ad99339f8a84ce22e,d2fa3c20a,openproj_core/src/com/projity/options/CalculationOption.java,1e955f6739c25212cd417650565dee0e6c8c029111f2c030a410312a3f912e9d,0530be227f4a10c5545cce8d3db20ac5a4d76a66,REVIEW_REQUIRED,ProjectLibre,true,REVIEW_REQUIRED,CPAL-1.0,KEEP_OPENPROJ,normalized content matches OpenProj baseline,
modules/projectlibre_core/src/main/java/com/projectlibre1/options/CalendarOption.java,projectlibre_core,java,HEAD,cb005d9673a4e01f255954e6d2ff9084478cc2e3ed82a2f3cf6efb62b3f370ce,d2fa3c20a,openproj_core/src/com/projity/options/CalendarOption.java,dbaeee21974f5bea80723688ba541664b9cf5e9635c4cbe5e8eb85d738c7f3c7,0530be227f4a10c5545cce8d3db20ac5a4d76a66,REVIEW_REQUIRED,ProjectLibre,false,REVIEW_REQUIRED,CPAL-1.0,REVIEW,OpenProj path exists but content differs; perform hunk-level comparison,
modules/projectlibre_core/src/main/java/com/projectlibre1/options/EditOption.java,projectlibre_core,java,HEAD,7c98c05fe5a272f3dfd258a2d5c14c3daa310107aeb17a89053af1b09a9caa4d,d2fa3c20a,openproj_core/src/com/projity/options/EditOption.java,16999f97b745ba28c2e9314672644cb2baa616588d5793195fdb2fd231f5ee03,0530be227f4a10c5545cce8d3db20ac5a4d76a66,REVIEW_REQUIRED,ProjectLibre,false,REVIEW_REQUIRED,CPAL-1.0,REVIEW,OpenProj path exists but content differs; perform hunk-level comparison,
modules/projectlibre_core/src/main/java/com/projectlibre1/options/GanttOption.java,projectlibre_core,java,HEAD,0ed03512205c6103c5d004be967c40c285c34ac95e8a94b55ee48900de0f461d,d2fa3c20a,openproj_core/src/com/projity/options/GanttOption.java,a2f171432747a28ac8de8be5a8317b30a2c50f736ae16c17e12b00122822cce0,0530be227f4a10c5545cce8d3db20ac5a4d76a66,REVIEW_REQUIRED,ProjectLibre,true,REVIEW_REQUIRED,CPAL-1.0,KEEP_OPENPROJ,normalized content matches OpenProj baseline,
modules/projectlibre_core/src/main/java/com/projectlibre1/options/GeneralOption.java,projectlibre_core,java,HEAD,4924f7355bf7470f1354800b222435fca3673587f3d951fdf0ea193279857371,d2fa3c20a,openproj_core/src/com/projity/options/GeneralOption.java,e5415a1ad93c13a61b78be1d82cb363580900ff279613365c724f21d1c337d52,0530be227f4a10c5545cce8d3db20ac5a4d76a66,REVIEW_REQUIRED,ProjectLibre,true,REVIEW_REQUIRED,CPAL-1.0,KEEP_OPENPROJ,normalized content matches OpenProj baseline,
modules/projectlibre_core/src/main/java/com/projectlibre1/options/ScheduleOption.java,projectlibre_core,java,HEAD,66b6692be6f66a0424356a73d812fbda5b561c1b44dca75556b4783e52c00966,d2fa3c20a,openproj_core/src/com/projity/options/ScheduleOption.java,8ac1f37b5c235deb00a81fc11729530d44758e2df2a7c3235984cf97381b94ef,0530be227f4a10c5545cce8d3db20ac5a4d76a66,REVIEW_REQUIRED,ProjectLibre,true,REVIEW_REQUIRED,CPAL-1.0,KEEP_OPENPROJ,normalized content matches OpenProj baseline,
modules/projectlibre_core/src/main/java/com/projectlibre1/options/TimesheetOption.java,projectlibre_core,java,HEAD,ed6e3d1da8a1dffcd2a66a123d7cbd3ee64fac076e71a22c004b6a1c72266246,d2fa3c20a,openproj_core/src/com/projity/options/TimesheetOption.java,5c47ee2fcada0dd342a142ca0908b5646a4f4db8f250e85ea29605acd05ca967,0530be227f4a10c5545cce8d3db20ac5a4d76a66,REVIEW_REQUIRED,ProjectLibre,true,REVIEW_REQUIRED,CPAL-1.0,KEEP_OPENPROJ,normalized content matches OpenProj baseline,
modules/projectlibre_core/src/main/java/com/projectlibre1/pm/assignment/Allocation.java,projectlibre_core,java,HEAD,8526333b2bec4dee1db73a9faa3cbb4d36e738dafb68f36eb58f17f7f700d2da,d2fa3c20a,openproj_core/src/com/projity/pm/assignment/Allocation.java,6c5254b6ee8cb574d397f3bc380f4cbe9bd569a01f1fc83fc2d72dc06fb5790a,0530be227f4a10c5545cce8d3db20ac5a4d76a66,REVIEW_REQUIRED,ProjectLibre,true,REVIEW_REQUIRED,CPAL-1.0,KEEP_OPENPROJ,normalized content matches OpenProj baseline,
modules/projectlibre_core/src/main/java/com/projectlibre1/pm/assignment/Assignment.java,projectlibre_core,java,HEAD,01f1c872d5d8bb66e4d6f807738398f5f847f7f387d32c5565bab635bc240e3f,d2fa3c20a,openproj_core/src/com/projity/pm/assignment/Assignment.java,ffcf6feb96420230ca8f17d3fb1ea3ac4edcede11f2d0c4751d633ea879a511f,0530be227f4a10c5545cce8d3db20ac5a4d76a66,REVIEW_REQUIRED,ProjectLibre,false,REVIEW_REQUIRED,CPAL-1.0,REVIEW,OpenProj path exists but content differs; perform hunk-level comparison,
modules/projectlibre_core/src/main/java/com/projectlibre1/pm/assignment/AssignmentCalendarSupport.java,projectlibre_core,java,HEAD,96b3c982eac8063ad737a1226e84620c156ef951b6c2d88cd61eb4f7814f088d,d2fa3c20a,,,0530be227f4a10c5545cce8d3db20ac5a4d76a66,REVIEW_REQUIRED,Unknown,false,REVIEW_REQUIRED,REVIEW_REQUIRED,REVIEW,no path match in OpenProj baseline; classify origin manually,
modules/projectlibre_core/src/main/java/com/projectlibre1/pm/assignment/AssignmentDetail.java,projectlibre_core,java,HEAD,58c75bc93f5b2bc326866e7aca41ef0489827bcd8a125edb175511b0688816e3,d2fa3c20a,openproj_core/src/com/projity/pm/assignment/AssignmentDetail.java,b978f420d46e3a39dd9604e596dc302c05d0e43e08fbfe16e5764901e4e74069,0530be227f4a10c5545cce8d3db20ac5a4d76a66,REVIEW_REQUIRED,ProjectLibre,false,REVIEW_REQUIRED,CPAL-1.0,REVIEW,OpenProj path exists but content differs; perform hunk-level comparison,
modules/projectlibre_core/src/main/java/com/projectlibre1/pm/assignment/AssignmentEntry.java,projectlibre_core,java,HEAD,05b24f477d352d3632c0751adc4e52d3636f3ec6caa5da00c0a84e098cdeba2e,d2fa3c20a,openproj_core/src/com/projity/pm/assignment/AssignmentEntry.java,7f8902bdf1173f81955b9c65391163f592e5a4abceb6d95df870df9f8b4d37a3,0530be227f4a10c5545cce8d3db20ac5a4d76a66,REVIEW_REQUIRED,ProjectLibre,false,REVIEW_REQUIRED,CPAL-1.0,REVIEW,OpenProj path exists but content differs; perform hunk-level comparison,
modules/projectlibre_core/src/main/java/com/projectlibre1/pm/assignment/AssignmentFormat.java,projectlibre_core,java,HEAD,bc2cf73ea7d2c888a089d5083689f612ba6dfe551d0db84cf7d1f815c06def7a,d2fa3c20a,openproj_core/src/com/projity/pm/assignment/AssignmentFormat.java,1faba947d6d6150776963dddd30a718cf6133db645bf8f9310b6192bfb267671,0530be227f4a10c5545cce8d3db20ac5a4d76a66,REVIEW_REQUIRED,ProjectLibre,false,REVIEW_REQUIRED,CPAL-1.0,REVIEW,OpenProj path exists but content differs; perform hunk-level comparison,
modules/projectlibre_core/src/main/java/com/projectlibre1/pm/assignment/AssignmentService.java,projectlibre_core,java,HEAD,f4d0be76b4a734ed56a1fae4d8cbaed519f294245dc22387face6d87318c1d34,d2fa3c20a,openproj_core/src/com/projity/pm/assignment/AssignmentService.java,d79b8f46240125436423392ab94232a3359c13dcf7efccfa5fb7702acaa54016,0530be227f4a10c5545cce8d3db20ac5a4d76a66,REVIEW_REQUIRED,ProjectLibre,false,REVIEW_REQUIRED,CPAL-1.0,REVIEW,OpenProj path exists but content differs; perform hunk-level comparison,
modules/projectlibre_core/src/main/java/com/projectlibre1/pm/assignment/AssignmentSpecificFields.java,projectlibre_core,java,HEAD,786f891b1f1cafa1547d8b16324181714704c99a59e9d9c6c8c89a0baf687bb3,d2fa3c20a,openproj_core/src/com/projity/pm/assignment/AssignmentSpecificFields.java,0ac7f9551001d97a1eb5fe508408fe8c762fe14420f9472601ef7a37b55bce98,0530be227f4a10c5545cce8d3db20ac5a4d76a66,REVIEW_REQUIRED,ProjectLibre,true,REVIEW_REQUIRED,CPAL-1.0,KEEP_OPENPROJ,normalized content matches OpenProj baseline,
modules/projectlibre_core/src/main/java/com/projectlibre1/pm/assignment/HasAssignments.java,projectlibre_core,java,HEAD,40a642c887d1d4e31f49e88d0c6b415c232396e58b1d08fb03fe743fd5728837,d2fa3c20a,openproj_core/src/com/projity/pm/assignment/HasAssignments.java,3f5fd6bef5a12e1c3ae509d3ec48d25169f7d130942a5167cb39206b5740d03c,0530be227f4a10c5545cce8d3db20ac5a4d76a66,REVIEW_REQUIRED,ProjectLibre,true,REVIEW_REQUIRED,CPAL-1.0,KEEP_OPENPROJ,normalized content matches OpenProj baseline,
modules/projectlibre_core/src/main/java/com/projectlibre1/pm/assignment/HasAssignmentsImpl.java,projectlibre_core,java,HEAD,f08da922423c34af5fb69814ab894611bbe23b2ea1a8f3186ac0f667c062b41c,d2fa3c20a,openproj_core/src/com/projity/pm/assignment/HasAssignmentsImpl.java,0cee59b59a10f69909dac3ab381e27375dbc09e865ddf557a7dbc8df944577bc,0530be227f4a10c5545cce8d3db20ac5a4d76a66,REVIEW_REQUIRED,ProjectLibre,false,REVIEW_REQUIRED,CPAL-1.0,REVIEW,OpenProj path exists but content differs; perform hunk-level comparison,
modules/projectlibre_core/src/main/java/com/projectlibre1/pm/assignment/HasRequestDemandType.java,projectlibre_core,java,HEAD,a4378fdc8bd889f48f27b8b62976dadc7216cabfcdf6586b0ab342a8f8b1baef,d2fa3c20a,openproj_core/src/com/projity/pm/assignment/HasRequestDemandType.java,ee92b47dbda35ad1fee3ebcea203c4c5c2dff51cdc1c80a9c95213193b8ee15e,0530be227f4a10c5545cce8d3db20ac5a4d76a66,REVIEW_REQUIRED,ProjectLibre,true,REVIEW_REQUIRED,CPAL-1.0,KEEP_OPENPROJ,normalized content matches OpenProj baseline,
modules/projectlibre_core/src/main/java/com/projectlibre1/pm/assignment/HasTimeDistributedData.java,projectlibre_core,java,HEAD,b1de193c7349c655af200256329d0cd7d3212d7269d5f674112c8c0803d14332,d2fa3c20a,openproj_core/src/com/projity/pm/assignment/HasTimeDistributedData.java,d4e96d4e5be129d48a69bd0337dfc85b877e3925fd4c03d5eb2697577b7b85c9,0530be227f4a10c5545cce8d3db20ac5a4d76a66,REVIEW_REQUIRED,ProjectLibre,true,REVIEW_REQUIRED,CPAL-1.0,KEEP_OPENPROJ,normalized content matches OpenProj baseline,
modules/projectlibre_core/src/main/java/com/projectlibre1/pm/assignment/RequestDemandType.java,projectlibre_core,java,HEAD,8e1ec7e51d162201d387b4ba77eaad7107075842b29ec102f61df743849f31d9,d2fa3c20a,openproj_core/src/com/projity/pm/assignment/RequestDemandType.java,239349ea6c42d6ef3ccec67dcf782cbead85926b22187eea3b2768b1679bb118,0530be227f4a10c5545cce8d3db20ac5a4d76a66,REVIEW_REQUIRED,ProjectLibre,true,REVIEW_REQUIRED,CPAL-1.0,KEEP_OPENPROJ,normalized content matches OpenProj baseline,
modules/projectlibre_core/src/main/java/com/projectlibre1/pm/assignment/TimeDistributedConstants.java,projectlibre_core,java,HEAD,3369c69e2e905649981f4e4b5e5ad821491776ab11e94f918bf429e4808a636f,d2fa3c20a,openproj_core/src/com/projity/pm/assignment/TimeDistributedConstants.java,38e5c25baf6d32005cb40afe3de9b97faf2902ba90f297703edec413ba241434,0530be227f4a10c5545cce8d3db20ac5a4d76a66,REVIEW_REQUIRED,ProjectLibre,true,REVIEW_REQUIRED,CPAL-1.0,KEEP_OPENPROJ,normalized content matches OpenProj baseline,
modules/projectlibre_core/src/main/java/com/projectlibre1/pm/assignment/TimeDistributedDataConsolidator.java,projectlibre_core,java,HEAD,ff4dc767d0eb909c569f89a6060fac7f661d0bb38fb1b2c31e964478432a6311,d2fa3c20a,openproj_core/src/com/projity/pm/assignment/TimeDistributedDataConsolidator.java,0a489832dcbbb1b3ac1e69c1535876102036e84ea0add6d1f96bf91c9af22bdc,0530be227f4a10c5545cce8d3db20ac5a4d76a66,REVIEW_REQUIRED,ProjectLibre,false,REVIEW_REQUIRED,CPAL-1.0,REVIEW,OpenProj path exists but content differs; perform hunk-level comparison,
modules/projectlibre_core/src/main/java/com/projectlibre1/pm/assignment/TimeDistributedFields.java,projectlibre_core,java,HEAD,c85c116b2601c9b713f950ecef0d9cb0cb1ada8b3b997b4932de7feea91a5e1c,d2fa3c20a,openproj_core/src/com/projity/pm/assignment/TimeDistributedFields.java,8d8ef26e4cda0597b31d3328a2598ca90b875d7b0f14381358a599d59d8dbed8,0530be227f4a10c5545cce8d3db20ac5a4d76a66,REVIEW_REQUIRED,ProjectLibre,true,REVIEW_REQUIRED,CPAL-1.0,KEEP_OPENPROJ,normalized content matches OpenProj baseline,
modules/projectlibre_core/src/main/java/com/projectlibre1/pm/assignment/TimeDistributedHelper.java,projectlibre_core,java,HEAD,f8f3c299ef879b57ee6ec8d455e8e75fc03263bef4fbaeb9bff33e84eef201ae,d2fa3c20a,openproj_core/src/com/projity/pm/assignment/TimeDistributedHelper.java,f2786f07d7b2672eacc7b20585a5972a697416e5994e76fa29246f7d6a895496,0530be227f4a10c5545cce8d3db20ac5a4d76a66,REVIEW_REQUIRED,ProjectLibre,false,REVIEW_REQUIRED,CPAL-1.0,REVIEW,OpenProj path exists but content differs; perform hunk-level comparison,
modules/projectlibre_core/src/main/java/com/projectlibre1/pm/assignment/contour/AbstractContour.java,projectlibre_core,java,HEAD,c52c751bbf6648a4a382d39788f701ac055efb8e7264d3388b664f75f2abfa89,d2fa3c20a,openproj_core/src/com/projity/pm/assignment/contour/AbstractContour.java,cb0674b797696a205ce42babe372507deb0b81d5c65e4234ae52eb3b3563a53b,0530be227f4a10c5545cce8d3db20ac5a4d76a66,REVIEW_REQUIRED,ProjectLibre,false,REVIEW_REQUIRED,CPAL-1.0,REVIEW,OpenProj path exists but content differs; perform hunk-level comparison,
modules/projectlibre_core/src/main/java/com/projectlibre1/pm/assignment/contour/AbstractContourBucket.java,projectlibre_core,java,HEAD,67eef63c13c11084be92b2eb5c052fe5d631efef0dd7b7ff11dc5eaa34f85342,d2fa3c20a,openproj_core/src/com/projity/pm/assignment/contour/AbstractContourBucket.java,ff36d0ea7444f3139024feb8c566a52e2aaeb88dc6237b6db5c341304d5ff484,0530be227f4a10c5545cce8d3db20ac5a4d76a66,REVIEW_REQUIRED,ProjectLibre,true,REVIEW_REQUIRED,CPAL-1.0,KEEP_OPENPROJ,normalized content matches OpenProj baseline,
modules/projectlibre_core/src/main/java/com/projectlibre1/pm/assignment/contour/ContourBucketIntervalGenerator.java,projectlibre_core,java,HEAD,e9e90cd04a568e13bb753ca843a6721c555e18cd86e5b3d747ae3d3fe2428cd0,d2fa3c20a,openproj_core/src/com/projity/pm/assignment/contour/ContourBucketIntervalGenerator.java,bdb5e96bf0b1c158c636251e53b9c69cec9f669f4a9be0d8592846ca73dd8d79,0530be227f4a10c5545cce8d3db20ac5a4d76a66,REVIEW_REQUIRED,ProjectLibre,false,REVIEW_REQUIRED,CPAL-1.0,REVIEW,OpenProj path exists but content differs; perform hunk-level comparison,
modules/projectlibre_core/src/main/java/com/projectlibre1/pm/assignment/contour/ContourFactory.java,projectlibre_core,java,HEAD,2c194377a467fe58e20d2cde71035df505179e9b95b8023a28f3227b0b4b3c5d,d2fa3c20a,openproj_core/src/com/projity/pm/assignment/contour/ContourFactory.java,88730ca2e13118a2f81d1c53670535dc664e356ee6ef7a9a273faf9742c5369f,0530be227f4a10c5545cce8d3db20ac5a4d76a66,REVIEW_REQUIRED,ProjectLibre,false,REVIEW_REQUIRED,CPAL-1.0,REVIEW,OpenProj path exists but content differs; perform hunk-level comparison,
modules/projectlibre_core/src/main/java/com/projectlibre1/pm/assignment/contour/ContourTypes.java,projectlibre_core,java,HEAD,a971d61ea09ab7868b3322808a73e576ea57b37f53acb2116b47383a862115df,d2fa3c20a,openproj_core/src/com/projity/pm/assignment/contour/ContourTypes.java,8aff344a5bc026518f2f5edceaea6487248f9dcc8b8d11fbd70d71e329a39934,0530be227f4a10c5545cce8d3db20ac5a4d76a66,REVIEW_REQUIRED,ProjectLibre,true,REVIEW_REQUIRED,CPAL-1.0,KEEP_OPENPROJ,normalized content matches OpenProj baseline,
modules/projectlibre_core/src/main/java/com/projectlibre1/pm/assignment/contour/FillerContourBucket.java,projectlibre_core,java,HEAD,c144c7cb9bcb503aecda54342a8072e86fefe84c03bd14adfd4e4090952664d1,d2fa3c20a,openproj_core/src/com/projity/pm/assignment/contour/FillerContourBucket.java,99a072eed375aa58fe92f4578a5f0394ab463b413f3f2ecda9a352b5d564a7f8,0530be227f4a10c5545cce8d3db20ac5a4d76a66,REVIEW_REQUIRED,ProjectLibre,false,REVIEW_REQUIRED,CPAL-1.0,REVIEW,OpenProj path exists but content differs; perform hunk-level comparison,
modules/projectlibre_core/src/main/java/com/projectlibre1/pm/assignment/contour/PersonalContour.java,projectlibre_core,java,HEAD,7449088b435d0f808b06dddd1f4dbed50d0805c7aaa26ab9215ac97d2b5a4013,d2fa3c20a,openproj_core/src/com/projity/pm/assignment/contour/PersonalContour.java,c0a71e0e0f2407c628bbafed8734e4e4faaa3455c6a1affda972c67bcaf82f2c,0530be227f4a10c5545cce8d3db20ac5a4d76a66,REVIEW_REQUIRED,ProjectLibre,false,REVIEW_REQUIRED,CPAL-1.0,REVIEW,OpenProj path exists but content differs; perform hunk-level comparison,
modules/projectlibre_core/src/main/java/com/projectlibre1/pm/assignment/contour/PersonalContourBucket.java,projectlibre_core,java,HEAD,586cb48327affe3ae78efc3b4216337a71d2ebc03f6d6094e615f2a55bdb6542,d2fa3c20a,openproj_core/src/com/projity/pm/assignment/contour/PersonalContourBucket.java,0c51bdc283dc8ba19919d717c00ff6bc0e10036b452a2da6d6cf07b8cb54e1d8,0530be227f4a10c5545cce8d3db20ac5a4d76a66,REVIEW_REQUIRED,ProjectLibre,false,REVIEW_REQUIRED,CPAL-1.0,REVIEW,OpenProj path exists but content differs; perform hunk-level comparison,
modules/projectlibre_core/src/main/java/com/projectlibre1/pm/assignment/contour/StandardContour.java,projectlibre_core,java,HEAD,c8a76ad5319521561d54936b8d2af4360980342f0c7b9b3810e2ea15ea9835e9,d2fa3c20a,openproj_core/src/com/projity/pm/assignment/contour/StandardContour.java,48f1b2ffe31cc79fbcf47d3e8310fe4fa317925a546f631880239f8de1ca8b68,0530be227f4a10c5545cce8d3db20ac5a4d76a66,REVIEW_REQUIRED,ProjectLibre,false,REVIEW_REQUIRED,CPAL-1.0,REVIEW,OpenProj path exists but content differs; perform hunk-level comparison,
modules/projectlibre_core/src/main/java/com/projectlibre1/pm/assignment/contour/StandardContourBucket.java,projectlibre_core,java,HEAD,bc4ee1bb08833949896b0d27b1bf7ddaec5017dc3c84593cfcdd7798d1473010,d2fa3c20a,openproj_core/src/com/projity/pm/assignment/contour/StandardContourBucket.java,077ad00c1f707582787af034b0bacfde772b466c36cadf0fc27405af306c0659,0530be227f4a10c5545cce8d3db20ac5a4d76a66,REVIEW_REQUIRED,ProjectLibre,true,REVIEW_REQUIRED,CPAL-1.0,KEEP_OPENPROJ,normalized content matches OpenProj baseline,
modules/projectlibre_core/src/main/java/com/projectlibre1/pm/assignment/functor/AssignmentFieldClosureCollection.java,projectlibre_core,java,HEAD,036a09d9377f7da5ba8377f4ab54be6c0080399d77744306bfe03ae312f59727,d2fa3c20a,openproj_core/src/com/projity/pm/assignment/functor/AssignmentFieldClosureCollection.java,133a66282b583a8c98a00189a893042006df6672415cc998e1c959196e3376a5,0530be227f4a10c5545cce8d3db20ac5a4d76a66,REVIEW_REQUIRED,ProjectLibre,false,REVIEW_REQUIRED,CPAL-1.0,REVIEW,OpenProj path exists but content differs; perform hunk-level comparison,
modules/projectlibre_core/src/main/java/com/projectlibre1/pm/assignment/functor/AssignmentFieldFunctor.java,projectlibre_core,java,HEAD,8487d5b899a72759de6f7894d7011305116e46a620446651a49fd1759f4a116f,d2fa3c20a,openproj_core/src/com/projity/pm/assignment/functor/AssignmentFieldFunctor.java,ea81a7fe072959ad5a66454dc60840d2dd4b12beb32409ac61e06aa1429adb1e,0530be227f4a10c5545cce8d3db20ac5a4d76a66,REVIEW_REQUIRED,ProjectLibre,false,REVIEW_REQUIRED,CPAL-1.0,REVIEW,OpenProj path exists but content differs; perform hunk-level comparison,
modules/projectlibre_core/src/main/java/com/projectlibre1/pm/assignment/functor/AssignmentFieldOvertimeFunctor.java,projectlibre_core,java,HEAD,607c3db3bd1aad7dadff5ae132d66365b4287401a8ff9c81ffa4a421c94a3328,d2fa3c20a,openproj_core/src/com/projity/pm/assignment/functor/AssignmentFieldOvertimeFunctor.java,9c8a0d966ab4a90ceaf4c313a7c55d180b184583653e81a4bd0d0cc1494f3ddb,0530be227f4a10c5545cce8d3db20ac5a4d76a66,REVIEW_REQUIRED,ProjectLibre,false,REVIEW_REQUIRED,CPAL-1.0,REVIEW,OpenProj path exists but content differs; perform hunk-level comparison,
modules/projectlibre_core/src/main/java/com/projectlibre1/pm/assignment/functor/CalculatedValuesFunctor.java,projectlibre_core,java,HEAD,a9e5d0554f8aa41c8778293398628cd3582f7dbe9fad7f06d4e8f64613026238,d2fa3c20a,openproj_core/src/com/projity/pm/assignment/functor/CalculatedValuesFunctor.java,3489f42499dc0e7249dbbc87a22513b802303779d19118c177e81df38c71d183,0530be227f4a10c5545cce8d3db20ac5a4d76a66,REVIEW_REQUIRED,ProjectLibre,false,REVIEW_REQUIRED,CPAL-1.0,REVIEW,OpenProj path exists but content differs; perform hunk-level comparison,
modules/projectlibre_core/src/main/java/com/projectlibre1/pm/assignment/functor/ClosureCollectionSum.java,projectlibre_core,java,HEAD,2414a3a7e8b846cee350dd42a70ac6ed844941ecf02b48ad357f0fd21c375c91,d2fa3c20a,openproj_core/src/com/projity/pm/assignment/functor/ClosureCollectionSum.java,1de165de8f9af2d2e6f114a64c85b3028651acfe320330a45b1c143060ef4724,0530be227f4a10c5545cce8d3db20ac5a4d76a66,REVIEW_REQUIRED,ProjectLibre,false,REVIEW_REQUIRED,CPAL-1.0,REVIEW,OpenProj path exists but content differs; perform hunk-level comparison,
modules/projectlibre_core/src/main/java/com/projectlibre1/pm/assignment/functor/CostFunctor.java,projectlibre_core,java,HEAD,47ecb54dbb6e833bf6285c234d5d94b90e017aa0af69f12650a8dc8e705a28ce,d2fa3c20a,openproj_core/src/com/projity/pm/assignment/functor/CostFunctor.java,1059742c80c1227b9b61faa9fe3b52925548876d2a6ea7679181e7fa758e2354,0530be227f4a10c5545cce8d3db20ac5a4d76a66,REVIEW_REQUIRED,ProjectLibre,false,REVIEW_REQUIRED,CPAL-1.0,REVIEW,OpenProj path exists but content differs; perform hunk-level comparison,
modules/projectlibre_core/src/main/java/com/projectlibre1/pm/assignment/functor/DateAtValueFunctor.java,projectlibre_core,java,HEAD,cc1af4c784f63f16b60d68b22dd7c5f517ed340a50a1ca838f175bea42f3c182,d2fa3c20a,openproj_core/src/com/projity/pm/assignment/functor/DateAtValueFunctor.java,f06bcef50c051c2281b859e1dd65c4aee2dee2f387bcf52785aac26cf76d1558,0530be227f4a10c5545cce8d3db20ac5a4d76a66,REVIEW_REQUIRED,ProjectLibre,false,REVIEW_REQUIRED,CPAL-1.0,REVIEW,OpenProj path exists but content differs; perform hunk-level comparison,
modules/projectlibre_core/src/main/java/com/projectlibre1/pm/assignment/functor/FixedCostFunctor.java,projectlibre_core,java,HEAD,74acd3012d9d02e31f79807e333611352208af62fbd578b56f7eb07aa6a2f71a,d2fa3c20a,openproj_core/src/com/projity/pm/assignment/functor/FixedCostFunctor.java,df6384003c5fddee30f5c52ac74038c59dc2ca04ab2b6527055108e9c3e26192,0530be227f4a10c5545cce8d3db20ac5a4d76a66,REVIEW_REQUIRED,ProjectLibre,true,REVIEW_REQUIRED,CPAL-1.0,KEEP_OPENPROJ,normalized content matches OpenProj baseline,
modules/projectlibre_core/src/main/java/com/projectlibre1/pm/assignment/functor/PeakUnitsFunctor.java,projectlibre_core,java,HEAD,ed2d4ac661e7be886eba5f17e0d71bf97f0ca954472a7941f950ecf350c5e657,d2fa3c20a,openproj_core/src/com/projity/pm/assignment/functor/PeakUnitsFunctor.java,b71915c3980c15cb589bc14ad2dab8a44445e5b8fcba060108f2d706949a54d5,0530be227f4a10c5545cce8d3db20ac5a4d76a66,REVIEW_REQUIRED,ProjectLibre,true,REVIEW_REQUIRED,CPAL-1.0,KEEP_OPENPROJ,normalized content matches OpenProj baseline,
modules/projectlibre_core/src/main/java/com/projectlibre1/pm/assignment/functor/PercentAllocFunctor.java,projectlibre_core,java,HEAD,ccac7a96aaf7fc37279c29d1cbf8007d80f965358be162b355357a54db5d2717,d2fa3c20a,openproj_core/src/com/projity/pm/assignment/functor/PercentAllocFunctor.java,1d8ef415445c1bd22a92d0b98aab87fb1e347e9a67c87b1afe4638ce4546a898,0530be227f4a10c5545cce8d3db20ac5a4d76a66,REVIEW_REQUIRED,ProjectLibre,true,REVIEW_REQUIRED,CPAL-1.0,KEEP_OPENPROJ,normalized content matches OpenProj baseline,
modules/projectlibre_core/src/main/java/com/projectlibre1/pm/assignment/functor/PersonalContourBuilderFunctor.java,projectlibre_core,java,HEAD,d9105a7879a0c239c0fb0076cbd5e32a65bb52c871a79ec2ebfc8aad1e6b1418,d2fa3c20a,openproj_core/src/com/projity/pm/assignment/functor/PersonalContourBuilderFunctor.java,3ccb00661d2e9d0cb9eca08301581bd87a58fc87be377616f6070d305de809b8,0530be227f4a10c5545cce8d3db20ac5a4d76a66,REVIEW_REQUIRED,ProjectLibre,false,REVIEW_REQUIRED,CPAL-1.0,REVIEW,OpenProj path exists but content differs; perform hunk-level comparison,
modules/projectlibre_core/src/main/java/com/projectlibre1/pm/assignment/functor/PersonalContourFactoryVisitor.java,projectlibre_core,java,HEAD,08281ba66c775e86f4b51774386c9ae3f15d496e0fb5c817a3fd3ab32ca7ae8c,d2fa3c20a,openproj_core/src/com/projity/pm/assignment/functor/PersonalContourFactoryVisitor.java,5453b8ed5d4a61b2fe9fddc2c2b55c7e2b5a847676bb6be0128dc0eebd18f72b,0530be227f4a10c5545cce8d3db20ac5a4d76a66,REVIEW_REQUIRED,ProjectLibre,false,REVIEW_REQUIRED,CPAL-1.0,REVIEW,OpenProj path exists but content differs; perform hunk-level comparison,
modules/projectlibre_core/src/main/java/com/projectlibre1/pm/assignment/functor/PersonalContourMaker.java,projectlibre_core,java,HEAD,d5789ae62ab7f4b58d468a5ce5ffd71d6d64302f871d9a3c37c45799cc880efb,d2fa3c20a,openproj_core/src/com/projity/pm/assignment/functor/PersonalContourMaker.java,8be503c4a8f70af85d73bba8e3cf3b00cd141089abd4000375248412f9e9c2bc,0530be227f4a10c5545cce8d3db20ac5a4d76a66,REVIEW_REQUIRED,ProjectLibre,true,REVIEW_REQUIRED,CPAL-1.0,KEEP_OPENPROJ,normalized content matches OpenProj baseline,
modules/projectlibre_core/src/main/java/com/projectlibre1/pm/assignment/functor/PrintValueFunctor.java,projectlibre_core,java,HEAD,22ec604f0b6a7a2d1f1e7bf66641f865013687d6b41f844f9e97f3e8e84eaf57,d2fa3c20a,openproj_core/src/com/projity/pm/assignment/functor/PrintValueFunctor.java,c83a30a48fb6e8d58c373547f8ac4a8bf8a5f5290f4071ca9742a671f9127ada,0530be227f4a10c5545cce8d3db20ac5a4d76a66,REVIEW_REQUIRED,ProjectLibre,false,REVIEW_REQUIRED,CPAL-1.0,REVIEW,OpenProj path exists but content differs; perform hunk-level comparison,
modules/projectlibre_core/src/main/java/com/projectlibre1/pm/assignment/functor/ResourceAvailabilityFunctor.java,projectlibre_core,java,HEAD,fa19ea1e9ce2e0fe2048d74478406149af8f22ef036357f6a785d73849432ff5,d2fa3c20a,openproj_core/src/com/projity/pm/assignment/functor/ResourceAvailabilityFunctor.java,2201c3f5eaf348aa8920f11a89a52067f1dceadb80375bc6288ed77c0ee1a9dd,0530be227f4a10c5545cce8d3db20ac5a4d76a66,REVIEW_REQUIRED,ProjectLibre,false,REVIEW_REQUIRED,CPAL-1.0,REVIEW,OpenProj path exists but content differs; perform hunk-level comparison,
modules/projectlibre_core/src/main/java/com/projectlibre1/pm/assignment/functor/SimpleCalculatedValuesFunctor.java,projectlibre_core,java,HEAD,0fcf912e0cd22b03cce916afd47e3bda785aa64440ed3a4b98d8dd1a5a256aa7,d2fa3c20a,openproj_core/src/com/projity/pm/assignment/functor/SimpleCalculatedValuesFunctor.java,1bca00cdce52cdb58cead91740d04218b56ccf365a898ba525cae28a8537de1d,0530be227f4a10c5545cce8d3db20ac5a4d76a66,REVIEW_REQUIRED,ProjectLibre,false,REVIEW_REQUIRED,CPAL-1.0,REVIEW,OpenProj path exists but content differs; perform hunk-level comparison,
modules/projectlibre_core/src/main/java/com/projectlibre1/pm/assignment/functor/ValueAtInstant.java,projectlibre_core,java,HEAD,e5c11fd2d7fd131270cbab5c688177c2b6a98be64cbe99387eebc794033d7587,d2fa3c20a,openproj_core/src/com/projity/pm/assignment/functor/ValueAtInstant.java,e8005f2397a1bfcb4922b53b762fee68b97b108b3a0c7dceabb7bda50dbdbf58,0530be227f4a10c5545cce8d3db20ac5a4d76a66,REVIEW_REQUIRED,ProjectLibre,false,REVIEW_REQUIRED,CPAL-1.0,REVIEW,OpenProj path exists but content differs; perform hunk-level comparison,
modules/projectlibre_core/src/main/java/com/projectlibre1/pm/assignment/functor/WorkComparator.java,projectlibre_core,java,HEAD,b50e2c050f7f5d0439240156dc11a08577d8b90325f446f50f2263e9afadc124,d2fa3c20a,openproj_core/src/com/projity/pm/assignment/functor/WorkComparator.java,66ecdd76f4e48e0cd9d8ff10dfbf371efff330248b563cd01cac92d28bba8a94,0530be227f4a10c5545cce8d3db20ac5a4d76a66,REVIEW_REQUIRED,ProjectLibre,false,REVIEW_REQUIRED,CPAL-1.0,REVIEW,OpenProj path exists but content differs; perform hunk-level comparison,
modules/projectlibre_core/src/main/java/com/projectlibre1/pm/assignment/functor/WorkFunctor.java,projectlibre_core,java,HEAD,8c128da363023825a7617e68a7daac4ba0d4b1e0c431e04148a82e8dcde1894f,d2fa3c20a,openproj_core/src/com/projity/pm/assignment/functor/WorkFunctor.java,ea94d531b520c89087c854f3e33854d9faa873bd6de90ddad39c2fca9283ece2,0530be227f4a10c5545cce8d3db20ac5a4d76a66,REVIEW_REQUIRED,ProjectLibre,false,REVIEW_REQUIRED,CPAL-1.0,REVIEW,OpenProj path exists but content differs; perform hunk-level comparison,
modules/projectlibre_core/src/main/java/com/projectlibre1/pm/assignment/functor/ZeroFunctor.java,projectlibre_core,java,HEAD,1b7cdd299049936d931e905c225a632b35fac58988002d054c533e2014502c72,d2fa3c20a,openproj_core/src/com/projity/pm/assignment/functor/ZeroFunctor.java,2504ab5dedaf1938f9f8b47076d5df3c4b5c88a77e270f47958cc6665f58b645,0530be227f4a10c5545cce8d3db20ac5a4d76a66,REVIEW_REQUIRED,ProjectLibre,false,REVIEW_REQUIRED,CPAL-1.0,REVIEW,OpenProj path exists but content differs; perform hunk-level comparison,
modules/projectlibre_core/src/main/java/com/projectlibre1/pm/assignment/timesheet/AssignmentWorkflowState.java,projectlibre_core,java,HEAD,48bab10f40aa44731ba29a794511788b7aab9233bf5f05b45c3b8c2140129e66,d2fa3c20a,openproj_core/src/com/projity/pm/assignment/timesheet/AssignmentWorkflowState.java,c78e269cb91d6d133d57b3f7cb0c284974ad2ad53903126a0f64a0acaecc1f06,0530be227f4a10c5545cce8d3db20ac5a4d76a66,REVIEW_REQUIRED,ProjectLibre,true,REVIEW_REQUIRED,CPAL-1.0,KEEP_OPENPROJ,normalized content matches OpenProj baseline,
modules/projectlibre_core/src/main/java/com/projectlibre1/pm/assignment/timesheet/TimesheetAssignment.java,projectlibre_core,java,HEAD,069eb386915555e2b031a8bdf86e459296f37dc3d4addffc68ce82c1330bec11,d2fa3c20a,openproj_core/src/com/projity/pm/assignment/timesheet/TimesheetAssignment.java,51366a41361252d5971154f6eaf746a65aab9a34ea376a846a5d2f9ea00cfb2a,0530be227f4a10c5545cce8d3db20ac5a4d76a66,REVIEW_REQUIRED,ProjectLibre,false,REVIEW_REQUIRED,CPAL-1.0,REVIEW,OpenProj path exists but content differs; perform hunk-level comparison,
modules/projectlibre_core/src/main/java/com/projectlibre1/pm/assignment/timesheet/TimesheetHelper.java,projectlibre_core,java,HEAD,da59bec8f9ddadecb5268a4fa74831c43f451c2b17fc21912ce2b54f923e3d9a,d2fa3c20a,openproj_core/src/com/projity/pm/assignment/timesheet/TimesheetHelper.java,52a1bc299d68ee58e50a4c69925840f93a3dedeb02d7f2e0e6d9e9d58fe52463,0530be227f4a10c5545cce8d3db20ac5a4d76a66,REVIEW_REQUIRED,ProjectLibre,true,REVIEW_REQUIRED,CPAL-1.0,KEEP_OPENPROJ,normalized content matches OpenProj baseline,
modules/projectlibre_core/src/main/java/com/projectlibre1/pm/assignment/timesheet/TimesheetStatus.java,projectlibre_core,java,HEAD,cd3641150e6ea6b1cf869650f4349bcef512062400067e6cdbab083472cab0f9,d2fa3c20a,openproj_core/src/com/projity/pm/assignment/timesheet/TimesheetStatus.java,6198395bc6e4da7cda39dabfcba926a5fdb50cef18053e405a3ebe7dc26f278e,0530be227f4a10c5545cce8d3db20ac5a4d76a66,REVIEW_REQUIRED,ProjectLibre,true,REVIEW_REQUIRED,CPAL-1.0,KEEP_OPENPROJ,normalized content matches OpenProj baseline,
modules/projectlibre_core/src/main/java/com/projectlibre1/pm/assignment/timesheet/UpdatesFromTimesheet.java,projectlibre_core,java,HEAD,b8c9348ffb968edf3ac1a28d3036b50bfc5b6010d4c7e9f40842aaf24beadca7,d2fa3c20a,openproj_core/src/com/projity/pm/assignment/timesheet/UpdatesFromTimesheet.java,2a9f22570a3f8cd7e78ff3f15e902a2d8893732ccaf1316638de902577af1ca7,0530be227f4a10c5545cce8d3db20ac5a4d76a66,REVIEW_REQUIRED,ProjectLibre,true,REVIEW_REQUIRED,CPAL-1.0,KEEP_OPENPROJ,normalized content matches OpenProj baseline,
modules/projectlibre_core/src/main/java/com/projectlibre1/pm/availability/Availability.java,projectlibre_core,java,HEAD,e5063cfc3238243d71bc5bf56bae1281ace6e11983f7a24fb365635481488a13,d2fa3c20a,openproj_core/src/com/projity/pm/availability/Availability.java,d4e774a129fdb6900d283d97b4ffce5fc36c5a67ce83ee46dc5cabc6778fec04,0530be227f4a10c5545cce8d3db20ac5a4d76a66,REVIEW_REQUIRED,ProjectLibre,false,REVIEW_REQUIRED,CPAL-1.0,REVIEW,OpenProj path exists but content differs; perform hunk-level comparison,
modules/projectlibre_core/src/main/java/com/projectlibre1/pm/availability/AvailabilityTable.java,projectlibre_core,java,HEAD,b7dc333063628c607b250cb352522d9ce2f79d00aca9e45843a7e8db11c544cd,d2fa3c20a,openproj_core/src/com/projity/pm/availability/AvailabilityTable.java,1010f07a03abeea1513bcf94cf47ba9cb5c6eb33502371e47dfea0a5d364f30d,0530be227f4a10c5545cce8d3db20ac5a4d76a66,REVIEW_REQUIRED,ProjectLibre,false,REVIEW_REQUIRED,CPAL-1.0,REVIEW,OpenProj path exists but content differs; perform hunk-level comparison,
modules/projectlibre_core/src/main/java/com/projectlibre1/pm/availability/HasAvailability.java,projectlibre_core,java,HEAD,8b2afc954726fb47b5e94a6b3e34c6bd340597c86b67967de5cefe0164533c35,d2fa3c20a,openproj_core/src/com/projity/pm/availability/HasAvailability.java,9a6415507992a520c25bab50382a27e1922fd1e260421be432ae5f8598550fd1,0530be227f4a10c5545cce8d3db20ac5a4d76a66,REVIEW_REQUIRED,ProjectLibre,true,REVIEW_REQUIRED,CPAL-1.0,KEEP_OPENPROJ,normalized content matches OpenProj baseline,
modules/projectlibre_core/src/main/java/com/projectlibre1/pm/calendar/CalendarCatalog.java,projectlibre_core,java,HEAD,07b768381b49d88b001b551d5e06f1e8d84c083abae52439f4d9ec4f544a10d1,d2fa3c20a,openproj_core/src/com/projity/pm/calendar/CalendarCatalog.java,2bc925d8b68b925319f4876075b4e15cc45a1bd2be3a31cf3734e8c70d74a2cd,0530be227f4a10c5545cce8d3db20ac5a4d76a66,REVIEW_REQUIRED,ProjectLibre,false,REVIEW_REQUIRED,CPAL-1.0,REVIEW,OpenProj path exists but content differs; perform hunk-level comparison,
modules/projectlibre_core/src/main/java/com/projectlibre1/pm/calendar/CalendarDefinition.java,projectlibre_core,java,HEAD,d6fa4abac6062046f9217a96f152a3f117fcb8bdf03764f55a1410fea4dcc0d2,d2fa3c20a,openproj_core/src/com/projity/pm/calendar/CalendarDefinition.java,92891eb72b84c2a37276dd4cc7ac7119d225a6cbf24a5c5235e9c96551982b82,0530be227f4a10c5545cce8d3db20ac5a4d76a66,REVIEW_REQUIRED,ProjectLibre,false,REVIEW_REQUIRED,CPAL-1.0,REVIEW,OpenProj path exists but content differs; perform hunk-level comparison,
modules/projectlibre_core/src/main/java/com/projectlibre1/pm/calendar/CalendarEvent.java,projectlibre_core,java,HEAD,ac17873dc66bf58cad2885ca24efb10a3233111f3bf53328d7c1799b91097b69,d2fa3c20a,openproj_core/src/com/projity/pm/calendar/CalendarEvent.java,0ec3406b25eef110b99cf9f1e5b5a6b1ae7ba854a566a3eeb5803eec43507175,0530be227f4a10c5545cce8d3db20ac5a4d76a66,REVIEW_REQUIRED,ProjectLibre,false,REVIEW_REQUIRED,CPAL-1.0,REVIEW,OpenProj path exists but content differs; perform hunk-level comparison,
modules/projectlibre_core/src/main/java/com/projectlibre1/pm/calendar/CalendarService.java,projectlibre_core,java,HEAD,0b66beea4d8ad230a47989a8e22c99b1050932e6a5800b247b399012fe171792,d2fa3c20a,openproj_core/src/com/projity/pm/calendar/CalendarService.java,f4bbd5b4d49de4cdde6fc0e395c868df5fa6215b30623b2aa7bddd1ca1e7688f,0530be227f4a10c5545cce8d3db20ac5a4d76a66,REVIEW_REQUIRED,ProjectLibre,false,REVIEW_REQUIRED,CPAL-1.0,REVIEW,OpenProj path exists but content differs; perform hunk-level comparison,
modules/projectlibre_core/src/main/java/com/projectlibre1/pm/calendar/DayDescriptor.java,projectlibre_core,java,HEAD,0fb3fc7daddd606fecccf41ce1c8c11056ec1b66e7316fc58fc22107ad39ebdf,d2fa3c20a,openproj_core/src/com/projity/pm/calendar/DayDescriptor.java,586a45eb34767cb4346497a208290a98ddd724407702da1b2e97399a37998c50,0530be227f4a10c5545cce8d3db20ac5a4d76a66,REVIEW_REQUIRED,ProjectLibre,true,REVIEW_REQUIRED,CPAL-1.0,KEEP_OPENPROJ,normalized content matches OpenProj baseline,
modules/projectlibre_core/src/main/java/com/projectlibre1/pm/calendar/HasBaseCalendar.java,projectlibre_core,java,HEAD,45a2760d096295c4514a8f1bf46137a5910007c116974d9b1408a23c51f4f01c,d2fa3c20a,openproj_core/src/com/projity/pm/calendar/HasBaseCalendar.java,caef94201da846b2e2a01abc334389829d5ca3404f646d0a45589a61e43c2608,0530be227f4a10c5545cce8d3db20ac5a4d76a66,REVIEW_REQUIRED,ProjectLibre,true,REVIEW_REQUIRED,CPAL-1.0,KEEP_OPENPROJ,normalized content matches OpenProj baseline,
modules/projectlibre_core/src/main/java/com/projectlibre1/pm/calendar/HasCalendar.java,projectlibre_core,java,HEAD,0e6d897982cf20f5c2aa22aa6fa1e40ad360398c840b90f8d4d63836c60f800f,d2fa3c20a,openproj_core/src/com/projity/pm/calendar/HasCalendar.java,67bb89a68a31d560a45ca7d7644d86149f626f16ba220716ad9c52b568fb020e,0530be227f4a10c5545cce8d3db20ac5a4d76a66,REVIEW_REQUIRED,ProjectLibre,true,REVIEW_REQUIRED,CPAL-1.0,KEEP_OPENPROJ,normalized content matches OpenProj baseline,
modules/projectlibre_core/src/main/java/com/projectlibre1/pm/calendar/HasCalendarRef.java,projectlibre_core,java,HEAD,52802e9c29093c8f508d1cbf4757aefcd90e0763fc518fdc9f3ffd803e3e95a7,d2fa3c20a,openproj_core/src/com/projity/pm/calendar/HasCalendarRef.java,f069392459b19e102ffb401a0cb8c7360de8a7801314e75bd35644d98e4edc8a,0530be227f4a10c5545cce8d3db20ac5a4d76a66,REVIEW_REQUIRED,ProjectLibre,true,REVIEW_REQUIRED,CPAL-1.0,KEEP_OPENPROJ,normalized content matches OpenProj baseline,
modules/projectlibre_core/src/main/java/com/projectlibre1/pm/calendar/InvalidCalendarError.java,projectlibre_core,java,HEAD,0a6734ed9e8e1169d9d30f1b27a54e0d524def5f1c57715b6a0389d9b554aef7,d2fa3c20a,openproj_core/src/com/projity/pm/calendar/InvalidCalendarError.java,9a752cae3e6256a751ec98e9967f101af2c1c6c30449e3971f0b60d778d9c55c,0530be227f4a10c5545cce8d3db20ac5a4d76a66,REVIEW_REQUIRED,ProjectLibre,false,REVIEW_REQUIRED,CPAL-1.0,REVIEW,OpenProj path exists but content differs; perform hunk-level comparison,
modules/projectlibre_core/src/main/java/com/projectlibre1/pm/calendar/InvalidCalendarException.java,projectlibre_core,java,HEAD,f1b31a315503fad262685c3fd1fd0f81ad2f4db814ce2e19a3172a564a0a04f6,d2fa3c20a,openproj_core/src/com/projity/pm/calendar/InvalidCalendarException.java,a93dfbffae5891f73d9f7178cd83cd57c773ff123f7699240affbc25d0d4d892,0530be227f4a10c5545cce8d3db20ac5a4d76a66,REVIEW_REQUIRED,ProjectLibre,false,REVIEW_REQUIRED,CPAL-1.0,REVIEW,OpenProj path exists but content differs; perform hunk-level comparison,
modules/projectlibre_core/src/main/java/com/projectlibre1/pm/calendar/InvalidCalendarIntersectionException.java,projectlibre_core,java,HEAD,502b3a88e91224eac3e9b1e77ac57e2d9c9a83d9efbb2b9cd38abe2c8104dfa1,d2fa3c20a,openproj_core/src/com/projity/pm/calendar/InvalidCalendarIntersectionException.java,73029de650eadf86d0542f374ce6e1d42d08c506891330778f5769b2d4f6cbfd,0530be227f4a10c5545cce8d3db20ac5a4d76a66,REVIEW_REQUIRED,ProjectLibre,false,REVIEW_REQUIRED,CPAL-1.0,REVIEW,OpenProj path exists but content differs; perform hunk-level comparison,
modules/projectlibre_core/src/main/java/com/projectlibre1/pm/calendar/WorkCalendar.java,projectlibre_core,java,HEAD,e2f9f61ad48b76d691248d2c403eeaef407a689cfbcd23865603bc0d85c90e51,d2fa3c20a,openproj_core/src/com/projity/pm/calendar/WorkCalendar.java,e6f8b9baaafdae3b913c76ac54992d5ec3198f46b78601ee5ee8d91c0e418cef,0530be227f4a10c5545cce8d3db20ac5a4d76a66,REVIEW_REQUIRED,ProjectLibre,true,REVIEW_REQUIRED,CPAL-1.0,KEEP_OPENPROJ,normalized content matches OpenProj baseline,
modules/projectlibre_core/src/main/java/com/projectlibre1/pm/calendar/WorkDay.java,projectlibre_core,java,HEAD,40cbd579bbfbabf87ffcfafee943e7ea7d0f11552ff22e10f717cf3dba7e0f68,d2fa3c20a,openproj_core/src/com/projity/pm/calendar/WorkDay.java,94150cd431f4987949441563fb9be7e13b2e57214d05fd1bd3184a716e7c68a6,0530be227f4a10c5545cce8d3db20ac5a4d76a66,REVIEW_REQUIRED,ProjectLibre,false,REVIEW_REQUIRED,CPAL-1.0,REVIEW,OpenProj path exists but content differs; perform hunk-level comparison,
modules/projectlibre_core/src/main/java/com/projectlibre1/pm/calendar/WorkRange.java,projectlibre_core,java,HEAD,d98633326518c6dbaa2ff66866fc0ab25196044ecb04ba22ffc483c28fa7f18c,d2fa3c20a,openproj_core/src/com/projity/pm/calendar/WorkRange.java,b96514434c0a23626751385797823ef53e8eed3c4442fe2f3046984d53b8b865,0530be227f4a10c5545cce8d3db20ac5a4d76a66,REVIEW_REQUIRED,ProjectLibre,false,REVIEW_REQUIRED,CPAL-1.0,REVIEW,OpenProj path exists but content differs; perform hunk-level comparison,
modules/projectlibre_core/src/main/java/com/projectlibre1/pm/calendar/WorkRangeException.java,projectlibre_core,java,HEAD,8ec0dfd980acb14d207eb78eee7f5bbd44c2a9201ffd923b9a8b1db2732eac30,d2fa3c20a,openproj_core/src/com/projity/pm/calendar/WorkRangeException.java,c70b604661c7e6abb7d82e1b99084710ad471fec7d16d1f39bc1e0d279401076,0530be227f4a10c5545cce8d3db20ac5a4d76a66,REVIEW_REQUIRED,ProjectLibre,true,REVIEW_REQUIRED,CPAL-1.0,KEEP_OPENPROJ,normalized content matches OpenProj baseline,
modules/projectlibre_core/src/main/java/com/projectlibre1/pm/calendar/WorkWeek.java,projectlibre_core,java,HEAD,ca076d305abd6c5bb66db8b8d377b5e32bb77a662d5da8f8d3b265352219d287,d2fa3c20a,openproj_core/src/com/projity/pm/calendar/WorkWeek.java,0f1ebc14af378e43f8f35be628c50ad7c73a083c392d0de528d5990ad0b17a45,0530be227f4a10c5545cce8d3db20ac5a4d76a66,REVIEW_REQUIRED,ProjectLibre,false,REVIEW_REQUIRED,CPAL-1.0,REVIEW,OpenProj path exists but content differs; perform hunk-level comparison,
modules/projectlibre_core/src/main/java/com/projectlibre1/pm/calendar/WorkingCalendar.java,projectlibre_core,java,HEAD,7ce582fb16bf4b525ac4a26a446727d4fe548d7d88da1721817a39ded16ce1c1,d2fa3c20a,openproj_core/src/com/projity/pm/calendar/WorkingCalendar.java,dc86fde7d8c8b56d5af2cd2a3a72ebbb7f45ea7799bfe39f965ac8a4f626ee05,0530be227f4a10c5545cce8d3db20ac5a4d76a66,REVIEW_REQUIRED,ProjectLibre,false,REVIEW_REQUIRED,CPAL-1.0,REVIEW,OpenProj path exists but content differs; perform hunk-level comparison,
modules/projectlibre_core/src/main/java/com/projectlibre1/pm/calendar/WorkingHours.java,projectlibre_core,java,HEAD,ef7c5e79c9f429113a9afcbb46dfd7a877adff4533d8352005fbe77c487eb631,d2fa3c20a,openproj_core/src/com/projity/pm/calendar/WorkingHours.java,50eb00e4c995b9ab21065945b20a92db2ebc5de38a63e692882d09b594d362c6,0530be227f4a10c5545cce8d3db20ac5a4d76a66,REVIEW_REQUIRED,ProjectLibre,false,REVIEW_REQUIRED,CPAL-1.0,REVIEW,OpenProj path exists but content differs; perform hunk-level comparison,
modules/projectlibre_core/src/main/java/com/projectlibre1/pm/costing/Accrual.java,projectlibre_core,java,HEAD,825f85a29e2962b71065f022ae2925f37867fa38310494dfcee84a32557df356,d2fa3c20a,openproj_core/src/com/projity/pm/costing/Accrual.java,ee4b1ecedfcb1a65a02d0640f8834575feda36ae9692c38e7b64c80ca2b1d20a,0530be227f4a10c5545cce8d3db20ac5a4d76a66,REVIEW_REQUIRED,ProjectLibre,true,REVIEW_REQUIRED,CPAL-1.0,KEEP_OPENPROJ,normalized content matches OpenProj baseline,
modules/projectlibre_core/src/main/java/com/projectlibre1/pm/costing/BasicEarnedValueFields.java,projectlibre_core,java,HEAD,f46246aad756c732f992d1db5991f45f3c31732bbb586a1ce21d89fba2fc9888,d2fa3c20a,openproj_core/src/com/projity/pm/costing/BasicEarnedValueFields.java,0dac3945716ab24b361785298ba3e577db40fb610b6012f1a2defb437c34eb1a,0530be227f4a10c5545cce8d3db20ac5a4d76a66,REVIEW_REQUIRED,ProjectLibre,true,REVIEW_REQUIRED,CPAL-1.0,KEEP_OPENPROJ,normalized content matches OpenProj baseline,
modules/projectlibre_core/src/main/java/com/projectlibre1/pm/costing/Cost.java,projectlibre_core,java,HEAD,f8fc4572a3444733207ed3e1d591e7b541c9cc5b5a628b464586470868595f80,d2fa3c20a,openproj_core/src/com/projity/pm/costing/Cost.java,2e5915659b9351bc736994d2bf5e38ebdd46ddb0cbed543d8f804492953f6a28,0530be227f4a10c5545cce8d3db20ac5a4d76a66,REVIEW_REQUIRED,ProjectLibre,true,REVIEW_REQUIRED,CPAL-1.0,KEEP_OPENPROJ,normalized content matches OpenProj baseline,
modules/projectlibre_core/src/main/java/com/projectlibre1/pm/costing/CostFields.java,projectlibre_core,java,HEAD,5ffd9512371f792d3d327b5fe6ca427a2fadfd6d81c59528c01708de17f649ab,d2fa3c20a,openproj_core/src/com/projity/pm/costing/CostFields.java,5d2e77f84fb933ca5118291e30fd650cc90528962a42739825e4c78973a59e75,0530be227f4a10c5545cce8d3db20ac5a4d76a66,REVIEW_REQUIRED,ProjectLibre,true,REVIEW_REQUIRED,CPAL-1.0,KEEP_OPENPROJ,normalized content matches OpenProj baseline,
modules/projectlibre_core/src/main/java/com/projectlibre1/pm/costing/CostRate.java,projectlibre_core,java,HEAD,ce54b7370fb036c0b61ca3c9948d81348e006ad3bff4589d01f983a7674cc1ea,d2fa3c20a,openproj_core/src/com/projity/pm/costing/CostRate.java,91d14488d25f53a7a8e37ed97cf7071c715975d07e603b3993fbc73628ced1ad,0530be227f4a10c5545cce8d3db20ac5a4d76a66,REVIEW_REQUIRED,ProjectLibre,false,REVIEW_REQUIRED,CPAL-1.0,REVIEW,OpenProj path exists but content differs; perform hunk-level comparison,
modules/projectlibre_core/src/main/java/com/projectlibre1/pm/costing/CostRateIndex.java,projectlibre_core,java,HEAD,417ba2a77319817e7e041d7395ab0bba50306d513b6a69ed28697cd34d8ffb4b,d2fa3c20a,openproj_core/src/com/projity/pm/costing/CostRateIndex.java,5f75831a8b39ee943e656b56770d463863a5df92b6c5751f235595b091e8225e,0530be227f4a10c5545cce8d3db20ac5a4d76a66,REVIEW_REQUIRED,ProjectLibre,true,REVIEW_REQUIRED,CPAL-1.0,KEEP_OPENPROJ,normalized content matches OpenProj baseline,
modules/projectlibre_core/src/main/java/com/projectlibre1/pm/costing/CostRateTable.java,projectlibre_core,java,HEAD,0844e9f31c67b4ae3127d26e7e0f672822b108400c0c0ab3b55305effcf7084e,d2fa3c20a,openproj_core/src/com/projity/pm/costing/CostRateTable.java,10c3f467535667d67004e9d00ae671985119e5730364c28caaa9949f3dc9e969,0530be227f4a10c5545cce8d3db20ac5a4d76a66,REVIEW_REQUIRED,ProjectLibre,false,REVIEW_REQUIRED,CPAL-1.0,REVIEW,OpenProj path exists but content differs; perform hunk-level comparison,
modules/projectlibre_core/src/main/java/com/projectlibre1/pm/costing/CostRateTables.java,projectlibre_core,java,HEAD,b8cea9d069e7f8b4f50985ad9ac7e8db2dbe3a970b3126a39a6e6d7f5dc1f984,d2fa3c20a,openproj_core/src/com/projity/pm/costing/CostRateTables.java,49c24c8cb0c5ba537955214f0d77811c895ffc64e21b9b1ecd9a86b0c295f5c0,0530be227f4a10c5545cce8d3db20ac5a4d76a66,REVIEW_REQUIRED,ProjectLibre,false,REVIEW_REQUIRED,CPAL-1.0,REVIEW,OpenProj path exists but content differs; perform hunk-level comparison,
modules/projectlibre_core/src/main/java/com/projectlibre1/pm/costing/EarnedValueCalculator.java,projectlibre_core,java,HEAD,4e5f75b1c87048549061eb5f887513135cfa4e0d47a0c368865e8f0bc57d3465,d2fa3c20a,openproj_core/src/com/projity/pm/costing/EarnedValueCalculator.java,a050909894bd0eb6a8149e80b09177fe6a932014b6e7542b522083141013bc1d,0530be227f4a10c5545cce8d3db20ac5a4d76a66,REVIEW_REQUIRED,ProjectLibre,true,REVIEW_REQUIRED,CPAL-1.0,KEEP_OPENPROJ,normalized content matches OpenProj baseline,
modules/projectlibre_core/src/main/java/com/projectlibre1/pm/costing/EarnedValueFields.java,projectlibre_core,java,HEAD,00a7126b8a5c0c5d258c399e3e56bea120f2cb2580cf26b2e5fc77e247a04824,d2fa3c20a,openproj_core/src/com/projity/pm/costing/EarnedValueFields.java,473d95ff1ab030f657294a4a80ae238fbc87f67feab83f10476fb9eb35efcaab,0530be227f4a10c5545cce8d3db20ac5a4d76a66,REVIEW_REQUIRED,ProjectLibre,true,REVIEW_REQUIRED,CPAL-1.0,KEEP_OPENPROJ,normalized content matches OpenProj baseline,
modules/projectlibre_core/src/main/java/com/projectlibre1/pm/costing/EarnedValueIndicatorFields.java,projectlibre_core,java,HEAD,1685b097d8f3e9f59ce2d306fe70e0804b4466319ee73605e44260016b1dd0a0,d2fa3c20a,openproj_core/src/com/projity/pm/costing/EarnedValueIndicatorFields.java,393d512f37536f5319a175e436a47d706367d02675cc600b25026a434abed213,0530be227f4a10c5545cce8d3db20ac5a4d76a66,REVIEW_REQUIRED,ProjectLibre,true,REVIEW_REQUIRED,CPAL-1.0,KEEP_OPENPROJ,normalized content matches OpenProj baseline,
modules/projectlibre_core/src/main/java/com/projectlibre1/pm/costing/EarnedValueMethodType.java,projectlibre_core,java,HEAD,27f84d89347313f203a534b66603160bd6e2fd3f7815649deed7304b54a0b851,d2fa3c20a,openproj_core/src/com/projity/pm/costing/EarnedValueMethodType.java,940bc4f79b7746e9f65a604e78f0199b5665655dd92c8fcadefdcccd856075d5,0530be227f4a10c5545cce8d3db20ac5a4d76a66,REVIEW_REQUIRED,ProjectLibre,true,REVIEW_REQUIRED,CPAL-1.0,KEEP_OPENPROJ,normalized content matches OpenProj baseline,
modules/projectlibre_core/src/main/java/com/projectlibre1/pm/costing/EarnedValueTaskSpecific.java,projectlibre_core,java,HEAD,0b4464604e6112d58470642c7e57012211e812ac3046f5e06a382b0506c2c8de,d2fa3c20a,openproj_core/src/com/projity/pm/costing/EarnedValueTaskSpecific.java,8a3bd64a8e153d41ad44d07f8064c2f733a53e6c742deb95fc4ac255622a1ac2,0530be227f4a10c5545cce8d3db20ac5a4d76a66,REVIEW_REQUIRED,ProjectLibre,true,REVIEW_REQUIRED,CPAL-1.0,KEEP_OPENPROJ,normalized content matches OpenProj baseline,
modules/projectlibre_core/src/main/java/com/projectlibre1/pm/costing/EarnedValueValues.java,projectlibre_core,java,HEAD,4c6e82ce7574492823a0d4cc39ab9e3ae73df682658ec269555e07b24ef88784,d2fa3c20a,openproj_core/src/com/projity/pm/costing/EarnedValueValues.java,5e9e7cf88b7204e0260186c871c92a509f965b524d8883eda65c733a49971c25,0530be227f4a10c5545cce8d3db20ac5a4d76a66,REVIEW_REQUIRED,ProjectLibre,true,REVIEW_REQUIRED,CPAL-1.0,KEEP_OPENPROJ,normalized content matches OpenProj baseline,
modules/projectlibre_core/src/main/java/com/projectlibre1/pm/costing/ExpenseType.java,projectlibre_core,java,HEAD,11807f96f1657dd2619f44632ed350c0d2ba8c56a42306ce9c344955c9c14c6d,d2fa3c20a,openproj_core/src/com/projity/pm/costing/ExpenseType.java,e2fb7e43bee0c361bdbdc4d9b46d3d53edec4a893ab1166bbf236435db28312f,0530be227f4a10c5545cce8d3db20ac5a4d76a66,REVIEW_REQUIRED,ProjectLibre,true,REVIEW_REQUIRED,CPAL-1.0,KEEP_OPENPROJ,normalized content matches OpenProj baseline,
modules/projectlibre_core/src/main/java/com/projectlibre1/pm/costing/HasCostRateIndex.java,projectlibre_core,java,HEAD,ca493a8aebc4fc0f90afa4a228b00a2c601bc1b133b77d698c98be2638860c92,d2fa3c20a,openproj_core/src/com/projity/pm/costing/HasCostRateIndex.java,240b03024de0ef41b6591a5c009da4d6edb969bf3c982f17ff9fa8d4e2c7e2df,0530be227f4a10c5545cce8d3db20ac5a4d76a66,REVIEW_REQUIRED,ProjectLibre,true,REVIEW_REQUIRED,CPAL-1.0,KEEP_OPENPROJ,normalized content matches OpenProj baseline,
modules/projectlibre_core/src/main/java/com/projectlibre1/pm/costing/HasExpenseType.java,projectlibre_core,java,HEAD,1fcc4a7ced66fe1d8859bd2385f6a57e71b00de84a443a2512771a1fc1bd1e0b,d2fa3c20a,openproj_core/src/com/projity/pm/costing/HasExpenseType.java,867be04347114966d9cd0a42d9853eb07eb4ea5f60252424858dcbeed17dc8fa,0530be227f4a10c5545cce8d3db20ac5a4d76a66,REVIEW_REQUIRED,ProjectLibre,true,REVIEW_REQUIRED,CPAL-1.0,KEEP_OPENPROJ,normalized content matches OpenProj baseline,
modules/projectlibre_core/src/main/java/com/projectlibre1/pm/criticalpath/CriticalPath.java,projectlibre_core,java,HEAD,c000702b307db1324f7d1de693c0d8a5a6d5e9480f48f5ff861787000745258c,d2fa3c20a,openproj_core/src/com/projity/pm/criticalpath/CriticalPath.java,7e45f8dfdaad8d368fa4ecf03a1b4b1d6088174e099a279a7348d494330f52e2,0530be227f4a10c5545cce8d3db20ac5a4d76a66,REVIEW_REQUIRED,ProjectLibre,false,REVIEW_REQUIRED,CPAL-1.0,REVIEW,OpenProj path exists but content differs; perform hunk-level comparison,
modules/projectlibre_core/src/main/java/com/projectlibre1/pm/criticalpath/CriticalPathFields.java,projectlibre_core,java,HEAD,07cba92de320d5dca968bb1a205133e128b1cdf89694d8f43bb2edd0e5063bdb,d2fa3c20a,openproj_core/src/com/projity/pm/criticalpath/CriticalPathFields.java,5ddcb36b1ac36af1f08d9377c600c425bc88fdf7c298b249840a69ea6b36381f,0530be227f4a10c5545cce8d3db20ac5a4d76a66,REVIEW_REQUIRED,ProjectLibre,false,REVIEW_REQUIRED,CPAL-1.0,REVIEW,OpenProj path exists but content differs; perform hunk-level comparison,
modules/projectlibre_core/src/main/java/com/projectlibre1/pm/criticalpath/DateChangeStatus.java,projectlibre_core,java,HEAD,aea5ab6e12827fd23e6a40031193e2f62c60dbe51e3f545d59dfb77cdab26bbf,d2fa3c20a,openproj_core/src/com/projity/pm/criticalpath/DateChangeStatus.java,314df16326a943abc1862096fae02d890d170671760e6ed1de6c6321886b9027,0530be227f4a10c5545cce8d3db20ac5a4d76a66,REVIEW_REQUIRED,ProjectLibre,true,REVIEW_REQUIRED,CPAL-1.0,KEEP_OPENPROJ,normalized content matches OpenProj baseline,
modules/projectlibre_core/src/main/java/com/projectlibre1/pm/criticalpath/HasSentinels.java,projectlibre_core,java,HEAD,28e81936e39950233264ac0d13272116a8e1ee1a49c0d91b5f28771d0edd01f9,d2fa3c20a,openproj_core/src/com/projity/pm/criticalpath/HasSentinels.java,087127a5cb7b64f1327eb8ec27a08fd01ab6cf4d7186b103a6ae131525770e09,0530be227f4a10c5545cce8d3db20ac5a4d76a66,REVIEW_REQUIRED,ProjectLibre,true,REVIEW_REQUIRED,CPAL-1.0,KEEP_OPENPROJ,normalized content matches OpenProj baseline,
modules/projectlibre_core/src/main/java/com/projectlibre1/pm/criticalpath/PredecessorTaskList.java,projectlibre_core,java,HEAD,637dc95009722134a719dd485dd9351777c809e00448ee45b80fe1cadd4a2a05,d2fa3c20a,openproj_core/src/com/projity/pm/criticalpath/PredecessorTaskList.java,9a734cd91c5c3150e5fb39b813bdf14b1a3678fd36d4645b77ca151506a77ffa,0530be227f4a10c5545cce8d3db20ac5a4d76a66,REVIEW_REQUIRED,ProjectLibre,false,REVIEW_REQUIRED,CPAL-1.0,REVIEW,OpenProj path exists but content differs; perform hunk-level comparison,
modules/projectlibre_core/src/main/java/com/projectlibre1/pm/criticalpath/PredecessorTaskTree.java,projectlibre_core,java,HEAD,bb012c1d4ef16db3b0a808c8841e3d08c743a4440fe919d73e5c22f0ccb9f5e1,d2fa3c20a,openproj_core/src/com/projity/pm/criticalpath/PredecessorTaskTree.java,4a31b290504e4a535f7c40c2644ad26be1308364427f0402d3751b9d566d171a,0530be227f4a10c5545cce8d3db20ac5a4d76a66,REVIEW_REQUIRED,ProjectLibre,false,REVIEW_REQUIRED,CPAL-1.0,REVIEW,OpenProj path exists but content differs; perform hunk-level comparison,
modules/projectlibre_core/src/main/java/com/projectlibre1/pm/criticalpath/ScheduleWindow.java,projectlibre_core,java,HEAD,9c08feead780bd81aad8256ea1f6c3acec9379f7290a9757b976b752ab148b31,d2fa3c20a,openproj_core/src/com/projity/pm/criticalpath/ScheduleWindow.java,8adecb31a5ae7ca612e2194fa0890c54f144a3ad8dee969c1f101e8733f2e5d6,0530be227f4a10c5545cce8d3db20ac5a4d76a66,REVIEW_REQUIRED,ProjectLibre,true,REVIEW_REQUIRED,CPAL-1.0,KEEP_OPENPROJ,normalized content matches OpenProj baseline,
modules/projectlibre_core/src/main/java/com/projectlibre1/pm/criticalpath/SchedulingAlgorithm.java,projectlibre_core,java,HEAD,735d62f5ff74c93f1b1c22ff24e6db560e3c4da62c94ef031e0311d2ab11f222,d2fa3c20a,openproj_core/src/com/projity/pm/criticalpath/SchedulingAlgorithm.java,75b3845a470d2c79344fb47ac64023819d7dc4c1fd21380578af31c20c67b755,0530be227f4a10c5545cce8d3db20ac5a4d76a66,REVIEW_REQUIRED,ProjectLibre,true,REVIEW_REQUIRED,CPAL-1.0,KEEP_OPENPROJ,normalized content matches OpenProj baseline,
modules/projectlibre_core/src/main/java/com/projectlibre1/pm/criticalpath/TaskSchedule.java,projectlibre_core,java,HEAD,f58771a4db67f7114bd1bfba8f42f49a7b134047c2d83b5498ab12950f3938b0,d2fa3c20a,openproj_core/src/com/projity/pm/criticalpath/TaskSchedule.java,f51220c58f1a9fc359c7fd5382df6c9e0d2842dd371e9d0aa2b9d9b565be33d7,0530be227f4a10c5545cce8d3db20ac5a4d76a66,REVIEW_REQUIRED,ProjectLibre,false,REVIEW_REQUIRED,CPAL-1.0,REVIEW,OpenProj path exists but content differs; perform hunk-level comparison,
modules/projectlibre_core/src/main/java/com/projectlibre1/pm/dependency/Dependency.java,projectlibre_core,java,HEAD,a7623d043fc2e2bb0e921181bb32ac705014f6ccc85299ec76b12494e820f8ac,d2fa3c20a,openproj_core/src/com/projity/pm/dependency/Dependency.java,f10f0652e09318491f4415caaa1b4e2aafba19e2d10564a5661eaa94e48bd875,0530be227f4a10c5545cce8d3db20ac5a4d76a66,REVIEW_REQUIRED,ProjectLibre,false,REVIEW_REQUIRED,CPAL-1.0,REVIEW,OpenProj path exists but content differs; perform hunk-level comparison,
modules/projectlibre_core/src/main/java/com/projectlibre1/pm/dependency/DependencyFormat.java,projectlibre_core,java,HEAD,3c0a5723fb0973f748f0e76966685488db8f09dbff279e68cb034ad62021a537,d2fa3c20a,openproj_core/src/com/projity/pm/dependency/DependencyFormat.java,3320375b152e2d58d0dfa7cae4fed7544ba2b33b4287c681f30bd8897550ad1b,0530be227f4a10c5545cce8d3db20ac5a4d76a66,REVIEW_REQUIRED,ProjectLibre,false,REVIEW_REQUIRED,CPAL-1.0,REVIEW,OpenProj path exists but content differs; perform hunk-level comparison,
modules/projectlibre_core/src/main/java/com/projectlibre1/pm/dependency/DependencyNodeModelDataFactory.java,projectlibre_core,java,HEAD,d68e66b994bb046e09fffc9215a28505cde1aa7464c5680dc0e0c9a558cb1bdb,d2fa3c20a,openproj_core/src/com/projity/pm/dependency/DependencyNodeModelDataFactory.java,cb3f0c3616c244dcb0a486eeb88be09dee7cca2e553712cd02da1a37bea1808b,0530be227f4a10c5545cce8d3db20ac5a4d76a66,REVIEW_REQUIRED,ProjectLibre,false,REVIEW_REQUIRED,CPAL-1.0,REVIEW,OpenProj path exists but content differs; perform hunk-level comparison,
modules/projectlibre_core/src/main/java/com/projectlibre1/pm/dependency/DependencyService.java,projectlibre_core,java,HEAD,6bba2982bd954cb6bb9d298ea967badf44a3cfa5beaf1c6d26ffdbb5f81ed0c3,d2fa3c20a,openproj_core/src/com/projity/pm/dependency/DependencyService.java,38a10b36a02e75cae0bf32ffc49fe09c3770936fc09c01ea3a923e19e7775de5,0530be227f4a10c5545cce8d3db20ac5a4d76a66,REVIEW_REQUIRED,ProjectLibre,false,REVIEW_REQUIRED,CPAL-1.0,REVIEW,OpenProj path exists but content differs; perform hunk-level comparison,
modules/projectlibre_core/src/main/java/com/projectlibre1/pm/dependency/DependencyType.java,projectlibre_core,java,HEAD,47a1b8f9972ae29db338efc8f145b4b3e78c26eca1b5a4f4a8053918536672dc,d2fa3c20a,openproj_core/src/com/projity/pm/dependency/DependencyType.java,184ee77c0c4060c4f23578ed67419b8def9858174acb4d3c8ca262aa1cbb2d8c,0530be227f4a10c5545cce8d3db20ac5a4d76a66,REVIEW_REQUIRED,ProjectLibre,false,REVIEW_REQUIRED,CPAL-1.0,REVIEW,OpenProj path exists but content differs; perform hunk-level comparison,
modules/projectlibre_core/src/main/java/com/projectlibre1/pm/dependency/HasDependencies.java,projectlibre_core,java,HEAD,657affb1a78fac41ad35bf8f8d44335fecd33d93012c4659f7ce23fefa71238b,d2fa3c20a,openproj_core/src/com/projity/pm/dependency/HasDependencies.java,bdc3db88d95188a4a84b9fbcdefce7bd1f8b18e88efce8dc17e9bdcdceb2e28e,0530be227f4a10c5545cce8d3db20ac5a4d76a66,REVIEW_REQUIRED,ProjectLibre,false,REVIEW_REQUIRED,CPAL-1.0,REVIEW,OpenProj path exists but content differs; perform hunk-level comparison,
modules/projectlibre_core/src/main/java/com/projectlibre1/pm/dependency/HasDependenciesImpl.java,projectlibre_core,java,HEAD,755883f4454b04037c4149224998a4d92b60f2ca03fba93a4c3b047c46498e3f,d2fa3c20a,openproj_core/src/com/projity/pm/dependency/HasDependenciesImpl.java,c3c008ea6ee0930cadfa09b5276a7e432985addeba6e88022323c09332715e8c,0530be227f4a10c5545cce8d3db20ac5a4d76a66,REVIEW_REQUIRED,ProjectLibre,false,REVIEW_REQUIRED,CPAL-1.0,REVIEW,OpenProj path exists but content differs; perform hunk-level comparison,
modules/projectlibre_core/src/main/java/com/projectlibre1/pm/key/HasCommonKeyImpl.java,projectlibre_core,java,HEAD,721dc2533187c303e923fbcf03a0f29fd164f414ce279a539de0a9408e59eb76,d2fa3c20a,openproj_core/src/com/projity/pm/key/HasCommonKeyImpl.java,482c4235d4406b0e1d2b6775b2e5ffab50128091b957a9f097f7972e2bdf9c0e,0530be227f4a10c5545cce8d3db20ac5a4d76a66,REVIEW_REQUIRED,ProjectLibre,true,REVIEW_REQUIRED,CPAL-1.0,KEEP_OPENPROJ,normalized content matches OpenProj baseline,
modules/projectlibre_core/src/main/java/com/projectlibre1/pm/key/HasId.java,projectlibre_core,java,HEAD,6b20e4c0bbf8acbe1d0750f017aa713839a5e1dd2aa4be68cc0641d6fb14044f,d2fa3c20a,openproj_core/src/com/projity/pm/key/HasId.java,d6fa5c1b3c1ec7cd5b29d583634160971f5199093c9e04fd298b8f8017ce3b73,0530be227f4a10c5545cce8d3db20ac5a4d76a66,REVIEW_REQUIRED,ProjectLibre,true,REVIEW_REQUIRED,CPAL-1.0,KEEP_OPENPROJ,normalized content matches OpenProj baseline,
modules/projectlibre_core/src/main/java/com/projectlibre1/pm/key/HasKey.java,projectlibre_core,java,HEAD,68df5d4aab9a962fb601cfd5b76d0095632a09cfe74bb31ad1c5dd2d604f8da1,d2fa3c20a,openproj_core/src/com/projity/pm/key/HasKey.java,58875f92f62626a86d39f96311086df90e4dc664451c7aa12f4862750d49082e,0530be227f4a10c5545cce8d3db20ac5a4d76a66,REVIEW_REQUIRED,ProjectLibre,true,REVIEW_REQUIRED,CPAL-1.0,KEEP_OPENPROJ,normalized content matches OpenProj baseline,
modules/projectlibre_core/src/main/java/com/projectlibre1/pm/key/HasKeyImpl.java,projectlibre_core,java,HEAD,996438fe54aa65618fa96065fb321f075877e34f472d30d67b6e67abb6d576ad,d2fa3c20a,openproj_core/src/com/projity/pm/key/HasKeyImpl.java,22eb870a93c328c976ca346eb8fec29af05f1540644726169993e6e12216997c,0530be227f4a10c5545cce8d3db20ac5a4d76a66,REVIEW_REQUIRED,ProjectLibre,false,REVIEW_REQUIRED,CPAL-1.0,REVIEW,OpenProj path exists but content differs; perform hunk-level comparison,
modules/projectlibre_core/src/main/java/com/projectlibre1/pm/key/HasName.java,projectlibre_core,java,HEAD,348b6705664479a5c7a64b731dc53922f9639708ef0767bffd29cbe40383468d,d2fa3c20a,openproj_core/src/com/projity/pm/key/HasName.java,b1d96e93328c55562078ae15b707194fde6c2791384492b6b76ee74757c972e3,0530be227f4a10c5545cce8d3db20ac5a4d76a66,REVIEW_REQUIRED,ProjectLibre,true,REVIEW_REQUIRED,CPAL-1.0,KEEP_OPENPROJ,normalized content matches OpenProj baseline,
modules/projectlibre_core/src/main/java/com/projectlibre1/pm/key/HasUniqueIdImpl.java,projectlibre_core,java,HEAD,26732d3b77399829b7eaf12ba345839ca02e7daf58d2b4a2c921277eb53ccde9,d2fa3c20a,openproj_core/src/com/projity/pm/key/HasUniqueIdImpl.java,c42600fec946ae6ec6c0c185f7edc3be704a9105be13bf29959d02b0907c4ae1,0530be227f4a10c5545cce8d3db20ac5a4d76a66,REVIEW_REQUIRED,ProjectLibre,false,REVIEW_REQUIRED,CPAL-1.0,REVIEW,OpenProj path exists but content differs; perform hunk-level comparison,
modules/projectlibre_core/src/main/java/com/projectlibre1/pm/key/uniqueid/UniqueIdException.java,projectlibre_core,java,HEAD,414c3ef4edc5a9dc8ad2575bd499f4d99e7eafe58a3617bd483ae39261cfce9a,d2fa3c20a,openproj_core/src/com/projity/pm/key/uniqueid/UniqueIdException.java,8ab195adfd60bb121b030e98f3ba5bafcef031fb08acd35aad4ba893e2988420,0530be227f4a10c5545cce8d3db20ac5a4d76a66,REVIEW_REQUIRED,ProjectLibre,false,REVIEW_REQUIRED,CPAL-1.0,REVIEW,OpenProj path exists but content differs; perform hunk-level comparison,
modules/projectlibre_core/src/main/java/com/projectlibre1/pm/key/uniqueid/UniqueIdPool.java,projectlibre_core,java,HEAD,0997f71828b75828d6afbe69a6f0ce72fbb0655005b8d4eb49b87db315b001db,d2fa3c20a,openproj_core/src/com/projity/pm/key/uniqueid/UniqueIdPool.java,03e9ad5f380cd0e27b181b5b31f5b4a5fa13e50a70569b1c011bfe474b5a6165,0530be227f4a10c5545cce8d3db20ac5a4d76a66,REVIEW_REQUIRED,ProjectLibre,false,REVIEW_REQUIRED,CPAL-1.0,REVIEW,OpenProj path exists but content differs; perform hunk-level comparison,
modules/projectlibre_core/src/main/java/com/projectlibre1/pm/resource/BookingType.java,projectlibre_core,java,HEAD,3960da3d9ff06e6455db8b8a20cae92877ee3cd7456f7725c865a3e9cb035bfd,d2fa3c20a,openproj_core/src/com/projity/pm/resource/BookingType.java,04197a6a6e247bda83b43601a65c176be7dfb28b5b580f0e62ea08ac3a652a0c,0530be227f4a10c5545cce8d3db20ac5a4d76a66,REVIEW_REQUIRED,ProjectLibre,true,REVIEW_REQUIRED,CPAL-1.0,KEEP_OPENPROJ,normalized content matches OpenProj baseline,
modules/projectlibre_core/src/main/java/com/projectlibre1/pm/resource/EnterpriseResource.java,projectlibre_core,java,HEAD,55a642fa318f5ab5dd2407760de147c27a4ead14bee8366ede78ab5ecb7ed971,d2fa3c20a,openproj_core/src/com/projity/pm/resource/EnterpriseResource.java,62a56e91f70e9f20da1cea4f2fb16d7b0e35026438f9b88c6a7facfa4dff942b,0530be227f4a10c5545cce8d3db20ac5a4d76a66,REVIEW_REQUIRED,ProjectLibre,false,REVIEW_REQUIRED,CPAL-1.0,REVIEW,OpenProj path exists but content differs; perform hunk-level comparison,
modules/projectlibre_core/src/main/java/com/projectlibre1/pm/resource/EnterpriseResourcePool.java,projectlibre_core,java,HEAD,643c9852515ddbaba47f4dacec211fccbc50e313376d338b991c4c3d5a135b27,d2fa3c20a,openproj_core/src/com/projity/pm/resource/EnterpriseResourcePool.java,d59334d42a1e5ac1dc2637209d511e6fa615b58b3bb3bb8cae604ca8f480cab9,0530be227f4a10c5545cce8d3db20ac5a4d76a66,REVIEW_REQUIRED,ProjectLibre,true,REVIEW_REQUIRED,CPAL-1.0,KEEP_OPENPROJ,normalized content matches OpenProj baseline,
modules/projectlibre_core/src/main/java/com/projectlibre1/pm/resource/Resource.java,projectlibre_core,java,HEAD,b83d26bc31fd0078ee760a5f438304d9c6861a22f28a831ca2e09daaf8a5181c,d2fa3c20a,openproj_core/src/com/projity/pm/resource/Resource.java,de80caff9123edf2e2035d3a2c34dfee7bdc7a8d2c3503a6928e1ccaa188322e,0530be227f4a10c5545cce8d3db20ac5a4d76a66,REVIEW_REQUIRED,ProjectLibre,true,REVIEW_REQUIRED,CPAL-1.0,KEEP_OPENPROJ,normalized content matches OpenProj baseline,
modules/projectlibre_core/src/main/java/com/projectlibre1/pm/resource/ResourceImpl.java,projectlibre_core,java,HEAD,b8433f049cfdb626bea0a2bb3bc008f42c0cf12a360d51c5f994e4f768c770a8,d2fa3c20a,openproj_core/src/com/projity/pm/resource/ResourceImpl.java,6a2b62f13c8a21490ddb674bc7071c968cabfdcb346198798386521ddf486d41,0530be227f4a10c5545cce8d3db20ac5a4d76a66,REVIEW_REQUIRED,ProjectLibre,false,REVIEW_REQUIRED,CPAL-1.0,REVIEW,OpenProj path exists but content differs; perform hunk-level comparison,
modules/projectlibre_core/src/main/java/com/projectlibre1/pm/resource/ResourceLevelingService.java,projectlibre_core,java,HEAD,ae38c4aaf3507f68a291d1b5b41d6cea09aa0b62a4af881d9e39e16203688f61,d2fa3c20a,,,0530be227f4a10c5545cce8d3db20ac5a4d76a66,REVIEW_REQUIRED,Unknown,false,REVIEW_REQUIRED,REVIEW_REQUIRED,REVIEW,no path match in OpenProj baseline; classify origin manually,
modules/projectlibre_core/src/main/java/com/projectlibre1/pm/resource/ResourcePool.java,projectlibre_core,java,HEAD,8bbc4cd8ac819cc0cca0367275db98c4b6c45b4c8933258d27bb203c453a738b,d2fa3c20a,openproj_core/src/com/projity/pm/resource/ResourcePool.java,9cb49e0dd699e0ebf833e2dec0bb6008e52ee1b3b6b291d512259ba829b670eb,0530be227f4a10c5545cce8d3db20ac5a4d76a66,REVIEW_REQUIRED,ProjectLibre,false,REVIEW_REQUIRED,CPAL-1.0,REVIEW,OpenProj path exists but content differs; perform hunk-level comparison,
modules/projectlibre_core/src/main/java/com/projectlibre1/pm/resource/ResourcePoolFactory.java,projectlibre_core,java,HEAD,701d7f25de6ccc743a5bfcdd6362192b9c51e28addaf137615607b3a4430c175,d2fa3c20a,openproj_core/src/com/projity/pm/resource/ResourcePoolFactory.java,52a3ccf4e5f656a115b581df46bda93bfb1a9463024d00ae3f3ade878cf32012,0530be227f4a10c5545cce8d3db20ac5a4d76a66,REVIEW_REQUIRED,ProjectLibre,true,REVIEW_REQUIRED,CPAL-1.0,KEEP_OPENPROJ,normalized content matches OpenProj baseline,
modules/projectlibre_core/src/main/java/com/projectlibre1/pm/resource/ResourceSpecificFields.java,projectlibre_core,java,HEAD,12a2c486a917d4698fb49684886a50a826d473945c40baba7d719c14bb7798ad,d2fa3c20a,openproj_core/src/com/projity/pm/resource/ResourceSpecificFields.java,14228fbbff742a39b49713f0ea69ba79f534700c4e4c96999924ce74c1e99f90,0530be227f4a10c5545cce8d3db20ac5a4d76a66,REVIEW_REQUIRED,ProjectLibre,true,REVIEW_REQUIRED,CPAL-1.0,KEEP_OPENPROJ,normalized content matches OpenProj baseline,
modules/projectlibre_core/src/main/java/com/projectlibre1/pm/resource/ResourceType.java,projectlibre_core,java,HEAD,d319fd2284a71f127527f80ab44082fc5b55282271fee68d6083972508b38154,d2fa3c20a,openproj_core/src/com/projity/pm/resource/ResourceType.java,f886afd9e87220d25f23ac56230941b94c1cafcad74cc2f58dc2803e0875e87f,0530be227f4a10c5545cce8d3db20ac5a4d76a66,REVIEW_REQUIRED,ProjectLibre,false,REVIEW_REQUIRED,CPAL-1.0,REVIEW,OpenProj path exists but content differs; perform hunk-level comparison,
modules/projectlibre_core/src/main/java/com/projectlibre1/pm/resource/TeamPlannerService.java,projectlibre_core,java,HEAD,f1d6d16a8e7a51dad41ff2087df6c30dfdb7dcc185a9c5de72e57e2bc807eff5,d2fa3c20a,,,0530be227f4a10c5545cce8d3db20ac5a4d76a66,REVIEW_REQUIRED,Unknown,false,REVIEW_REQUIRED,REVIEW_REQUIRED,REVIEW,no path match in OpenProj baseline; classify origin manually,
modules/projectlibre_core/src/main/java/com/projectlibre1/pm/scheduling/BarClosure.java,projectlibre_core,java,HEAD,8efc3e2d6b860703bfe5db53635e273a0d7d2dffcca332371539f963adfc4eec,d2fa3c20a,openproj_core/src/com/projity/pm/scheduling/BarClosure.java,9abab6e0480000807ae2e0dbd9393692829685e4b9adae2c8070448e6a6be5ac,0530be227f4a10c5545cce8d3db20ac5a4d76a66,REVIEW_REQUIRED,ProjectLibre,true,REVIEW_REQUIRED,CPAL-1.0,KEEP_OPENPROJ,normalized content matches OpenProj baseline,
modules/projectlibre_core/src/main/java/com/projectlibre1/pm/scheduling/CanBeLeveled.java,projectlibre_core,java,HEAD,a271441334306fbacc74de5f903119dd4d86b36bbb40bc4d7bd1308df53c1d2e,d2fa3c20a,openproj_core/src/com/projity/pm/scheduling/CanBeLeveled.java,ffb0b4380b50c17a9a36744bd4f375e840635f1c0b3d6b49b125fc6f41b219ae,0530be227f4a10c5545cce8d3db20ac5a4d76a66,REVIEW_REQUIRED,ProjectLibre,true,REVIEW_REQUIRED,CPAL-1.0,KEEP_OPENPROJ,normalized content matches OpenProj baseline,
modules/projectlibre_core/src/main/java/com/projectlibre1/pm/scheduling/ConstraintType.java,projectlibre_core,java,HEAD,98e6913671a0248382f17722bb51d6d01f009a11f276b132cd02a9b19d7e20bd,d2fa3c20a,openproj_core/src/com/projity/pm/scheduling/ConstraintType.java,08c47f9a6cd6be7e507501c58e1b78278f4263bc13f45e624ca93224c5d48271,0530be227f4a10c5545cce8d3db20ac5a4d76a66,REVIEW_REQUIRED,ProjectLibre,true,REVIEW_REQUIRED,CPAL-1.0,KEEP_OPENPROJ,normalized content matches OpenProj baseline,
modules/projectlibre_core/src/main/java/com/projectlibre1/pm/scheduling/Delayable.java,projectlibre_core,java,HEAD,a0d3270e3b9008ffe1d62c7b2317d33ea877cb79446b32a35ca4d7b67e3c7999,d2fa3c20a,openproj_core/src/com/projity/pm/scheduling/Delayable.java,6dd5853895785cad5f6bc9f428277869a4fb992fe7b2270877f95e02b88f8418,0530be227f4a10c5545cce8d3db20ac5a4d76a66,REVIEW_REQUIRED,ProjectLibre,true,REVIEW_REQUIRED,CPAL-1.0,KEEP_OPENPROJ,normalized content matches OpenProj baseline,
modules/projectlibre_core/src/main/java/com/projectlibre1/pm/scheduling/DelayableImpl.java,projectlibre_core,java,HEAD,38685876c2b75821e282bc0bad6a89d327f0e0bceaa4087cdd7ceab5145733ab,d2fa3c20a,openproj_core/src/com/projity/pm/scheduling/DelayableImpl.java,42dd3d59a30b047d29449d5556e1000e5bcb50e6075b0b2f71572996e4bacadf,0530be227f4a10c5545cce8d3db20ac5a4d76a66,REVIEW_REQUIRED,ProjectLibre,false,REVIEW_REQUIRED,CPAL-1.0,REVIEW,OpenProj path exists but content differs; perform hunk-level comparison,
modules/projectlibre_core/src/main/java/com/projectlibre1/pm/scheduling/FixedDuration.java,projectlibre_core,java,HEAD,a201bb2507fd2fa79f13a120a9c538a3ca74d9565fd1e4087b77d4fdb7ad376f,d2fa3c20a,openproj_core/src/com/projity/pm/scheduling/FixedDuration.java,1322573056e49bf738ae6a3277166c145f709011154a8b2c2cc12f538fbcebcf,0530be227f4a10c5545cce8d3db20ac5a4d76a66,REVIEW_REQUIRED,ProjectLibre,true,REVIEW_REQUIRED,CPAL-1.0,KEEP_OPENPROJ,normalized content matches OpenProj baseline,
modules/projectlibre_core/src/main/java/com/projectlibre1/pm/scheduling/FixedUnits.java,projectlibre_core,java,HEAD,5efbc500acc062f77d40411c74929a1eeb1b982dc85c18c64360b7d87fa89e19,d2fa3c20a,openproj_core/src/com/projity/pm/scheduling/FixedUnits.java,4f5adab6caeb5b36052c91598665108d10e2edf1ceeea750da38730ee38777a7,0530be227f4a10c5545cce8d3db20ac5a4d76a66,REVIEW_REQUIRED,ProjectLibre,true,REVIEW_REQUIRED,CPAL-1.0,KEEP_OPENPROJ,normalized content matches OpenProj baseline,
modules/projectlibre_core/src/main/java/com/projectlibre1/pm/scheduling/FixedWork.java,projectlibre_core,java,HEAD,042cef7f365b02b08e8061abb7de75a773800b552fae70e0f7e4f7ddc7589ffb,d2fa3c20a,openproj_core/src/com/projity/pm/scheduling/FixedWork.java,b72b9178873f37d7f82e5d87b407423990df895358802966b3cb24501d07ab35,0530be227f4a10c5545cce8d3db20ac5a4d76a66,REVIEW_REQUIRED,ProjectLibre,false,REVIEW_REQUIRED,CPAL-1.0,REVIEW,OpenProj path exists but content differs; perform hunk-level comparison,
modules/projectlibre_core/src/main/java/com/projectlibre1/pm/scheduling/Schedule.java,projectlibre_core,java,HEAD,61a800b70b481fbb4d26a544495086535d7c99a736bb551ac2802b96ea26cba0,d2fa3c20a,openproj_core/src/com/projity/pm/scheduling/Schedule.java,2c81010d8f131bdc2e956976638bb7dd467297a5ecb9890973d94b2e93a81a69,0530be227f4a10c5545cce8d3db20ac5a4d76a66,REVIEW_REQUIRED,ProjectLibre,false,REVIEW_REQUIRED,CPAL-1.0,REVIEW,OpenProj path exists but content differs; perform hunk-level comparison,
modules/projectlibre_core/src/main/java/com/projectlibre1/pm/scheduling/ScheduleEvent.java,projectlibre_core,java,HEAD,76a77605382ac6352b318dae0598edd39eea74cf20199be41445767c4b32db58,d2fa3c20a,openproj_core/src/com/projity/pm/scheduling/ScheduleEvent.java,dd243350eae79689ac99c97fdc89c1e4c25ac6aac341db144bb56b3b16329813,0530be227f4a10c5545cce8d3db20ac5a4d76a66,REVIEW_REQUIRED,ProjectLibre,true,REVIEW_REQUIRED,CPAL-1.0,KEEP_OPENPROJ,normalized content matches OpenProj baseline,
modules/projectlibre_core/src/main/java/com/projectlibre1/pm/scheduling/ScheduleEventListener.java,projectlibre_core,java,HEAD,0bea409e24d9989781c01c6d2280df632ea5b8702ed0d09ad1e79e375876428a,d2fa3c20a,openproj_core/src/com/projity/pm/scheduling/ScheduleEventListener.java,23990c8bdb5c8b734b9a288484d850b87da6e4108f3d7fb4d6fb6dae0093cc54,0530be227f4a10c5545cce8d3db20ac5a4d76a66,REVIEW_REQUIRED,ProjectLibre,true,REVIEW_REQUIRED,CPAL-1.0,KEEP_OPENPROJ,normalized content matches OpenProj baseline,
modules/projectlibre_core/src/main/java/com/projectlibre1/pm/scheduling/ScheduleEventManager.java,projectlibre_core,java,HEAD,d59bb8221b17a2a40053f65ef04b714af8c264a81d3e449a042af27d8ac5ba5c,d2fa3c20a,openproj_core/src/com/projity/pm/scheduling/ScheduleEventManager.java,3054781efc3a51164c35aec53566449ab7069e5043ec2c93011fd69e6952186c,0530be227f4a10c5545cce8d3db20ac5a4d76a66,REVIEW_REQUIRED,ProjectLibre,true,REVIEW_REQUIRED,CPAL-1.0,KEEP_OPENPROJ,normalized content matches OpenProj baseline,
modules/projectlibre_core/src/main/java/com/projectlibre1/pm/scheduling/ScheduleInterval.java,projectlibre_core,java,HEAD,c7c60e9c4e9d19b7283c0033d72c3b667e35d31b8a625f4c660402d6d731ca20,d2fa3c20a,openproj_core/src/com/projity/pm/scheduling/ScheduleInterval.java,232c5ed0b21d961f968ba27a3e7d29ff521d3833708215e27b8019ef1ae00825,0530be227f4a10c5545cce8d3db20ac5a4d76a66,REVIEW_REQUIRED,ProjectLibre,false,REVIEW_REQUIRED,CPAL-1.0,REVIEW,OpenProj path exists but content differs; perform hunk-level comparison,
modules/projectlibre_core/src/main/java/com/projectlibre1/pm/scheduling/ScheduleService.java,projectlibre_core,java,HEAD,27a7c92ff667a644f44855c95835459b3ea9e71d92b7616ad1c40266f9ee15d5,d2fa3c20a,openproj_core/src/com/projity/pm/scheduling/ScheduleService.java,1d3f0dd8254f5482c114b7c54e2a15346d0a7ea279ed3a1cc5252f3757632e38,0530be227f4a10c5545cce8d3db20ac5a4d76a66,REVIEW_REQUIRED,ProjectLibre,false,REVIEW_REQUIRED,CPAL-1.0,REVIEW,OpenProj path exists but content differs; perform hunk-level comparison,
modules/projectlibre_core/src/main/java/com/projectlibre1/pm/scheduling/ScheduleUtil.java,projectlibre_core,java,HEAD,0f73efe1324d1942b83836a657733ccd91178b23912402875cf10b98e9a089b3,d2fa3c20a,openproj_core/src/com/projity/pm/scheduling/ScheduleUtil.java,a63fca7f60efdd3641bc494b0c05a17af3eb0d2de38a1dd446252709d25a5566,0530be227f4a10c5545cce8d3db20ac5a4d76a66,REVIEW_REQUIRED,ProjectLibre,true,REVIEW_REQUIRED,CPAL-1.0,KEEP_OPENPROJ,normalized content matches OpenProj baseline,
modules/projectlibre_core/src/main/java/com/projectlibre1/pm/scheduling/SchedulingFields.java,projectlibre_core,java,HEAD,ae921930fdab360b888e294f0bfe3f5b145c70153edeb2ca8f2c81f8f840925e,d2fa3c20a,openproj_core/src/com/projity/pm/scheduling/SchedulingFields.java,30d4d0791ee379063a232dc6c6653683381f9b3ad2e6176659cbadcaa9f3ed78,0530be227f4a10c5545cce8d3db20ac5a4d76a66,REVIEW_REQUIRED,ProjectLibre,true,REVIEW_REQUIRED,CPAL-1.0,KEEP_OPENPROJ,normalized content matches OpenProj baseline,
modules/projectlibre_core/src/main/java/com/projectlibre1/pm/scheduling/SchedulingRule.java,projectlibre_core,java,HEAD,411c7014eef3742e46554706e600274d0f0303ce008566fdeb433faa1b2ef0e6,d2fa3c20a,openproj_core/src/com/projity/pm/scheduling/SchedulingRule.java,3119169b8cba2c4c8e7a7d77314fe7cc768f1b3c1dd759012e28791078aefabc,0530be227f4a10c5545cce8d3db20ac5a4d76a66,REVIEW_REQUIRED,ProjectLibre,true,REVIEW_REQUIRED,CPAL-1.0,KEEP_OPENPROJ,normalized content matches OpenProj baseline,
modules/projectlibre_core/src/main/java/com/projectlibre1/pm/scheduling/SchedulingType.java,projectlibre_core,java,HEAD,9c7b1c3aadce0ebd78139d7cc463de317e0c512f2e4bcad8cb66c5b6c810139f,d2fa3c20a,openproj_core/src/com/projity/pm/scheduling/SchedulingType.java,fa045943840aebfed8b3234eab33e89e437f85b4c473d0847a809db7b8a36bf3,0530be227f4a10c5545cce8d3db20ac5a4d76a66,REVIEW_REQUIRED,ProjectLibre,false,REVIEW_REQUIRED,CPAL-1.0,REVIEW,OpenProj path exists but content differs; perform hunk-level comparison,
modules/projectlibre_core/src/main/java/com/projectlibre1/pm/scheduling/TimeSheetSchedule.java,projectlibre_core,java,HEAD,07e56a5674ab30bd60f6abc0e9b193185c85d45476e45441d38d92e81544156d,d2fa3c20a,openproj_core/src/com/projity/pm/scheduling/TimeSheetSchedule.java,7eafe813fb18eea461e1f486ecb1d7ea70a99ad9d88d69d8599a2d62b5ec83e3,0530be227f4a10c5545cce8d3db20ac5a4d76a66,REVIEW_REQUIRED,ProjectLibre,true,REVIEW_REQUIRED,CPAL-1.0,KEEP_OPENPROJ,normalized content matches OpenProj baseline,
modules/projectlibre_core/src/main/java/com/projectlibre1/pm/scheduling/pert/Pert.java,projectlibre_core,java,HEAD,a87236ffba37abc32b0af3817ef14aad8eeef94edcba7d6c3476f0645a090604,d2fa3c20a,openproj_core/src/com/projity/pm/scheduling/pert/Pert.java,458fde2e2415d0232208269d8ce0a07706da1578289af311dc681faf3006ace3,0530be227f4a10c5545cce8d3db20ac5a4d76a66,REVIEW_REQUIRED,ProjectLibre,true,REVIEW_REQUIRED,CPAL-1.0,KEEP_OPENPROJ,normalized content matches OpenProj baseline,
modules/projectlibre_core/src/main/java/com/projectlibre1/pm/scheduling/pert/PertImpl.java,projectlibre_core,java,HEAD,1e4a1f8bec06bda45cd25a9a09f7d1c17ffaee3eceea1d151229e6ebf9b817d9,d2fa3c20a,openproj_core/src/com/projity/pm/scheduling/pert/PertImpl.java,d84222dc93d15857865fa4ec7f1c37815a6fd4e7cfadceae61327deef0165d56,0530be227f4a10c5545cce8d3db20ac5a4d76a66,REVIEW_REQUIRED,ProjectLibre,true,REVIEW_REQUIRED,CPAL-1.0,KEEP_OPENPROJ,normalized content matches OpenProj baseline,
modules/projectlibre_core/src/main/java/com/projectlibre1/pm/scheduling/pert/PertWeights.java,projectlibre_core,java,HEAD,b91cd3b30d8c0ed5615b9a3f10dd5fe1caf94e33ab946da682df4eb11fd63b02,d2fa3c20a,openproj_core/src/com/projity/pm/scheduling/pert/PertWeights.java,1c31ec3fa91dcaaaf934ada55da318d4586dbe051e84656bb1a1136fad01ef43,0530be227f4a10c5545cce8d3db20ac5a4d76a66,REVIEW_REQUIRED,ProjectLibre,true,REVIEW_REQUIRED,CPAL-1.0,KEEP_OPENPROJ,normalized content matches OpenProj baseline,
modules/projectlibre_core/src/main/java/com/projectlibre1/pm/snapshot/BaselineScheduleFields.java,projectlibre_core,java,HEAD,ba1af67e15e924e6a2f1353e5026037bfec4f2e3a23982194a7bc6450df32348,d2fa3c20a,openproj_core/src/com/projity/pm/snapshot/BaselineScheduleFields.java,93f8eb40989b4925ab595fc4386379940b5103cf8667b4106fdca9c270d4967a,0530be227f4a10c5545cce8d3db20ac5a4d76a66,REVIEW_REQUIRED,ProjectLibre,true,REVIEW_REQUIRED,CPAL-1.0,KEEP_OPENPROJ,normalized content matches OpenProj baseline,
modules/projectlibre_core/src/main/java/com/projectlibre1/pm/snapshot/DataSnapshot.java,projectlibre_core,java,HEAD,5057e70e70291539b28cdd020707ad40133dc5e1967eec948242627113daba41,d2fa3c20a,openproj_core/src/com/projity/pm/snapshot/DataSnapshot.java,60b349c25e4b376b0679868668112a8babe5c9b36467f62949549d44d2fc7960,0530be227f4a10c5545cce8d3db20ac5a4d76a66,REVIEW_REQUIRED,ProjectLibre,true,REVIEW_REQUIRED,CPAL-1.0,KEEP_OPENPROJ,normalized content matches OpenProj baseline,
modules/projectlibre_core/src/main/java/com/projectlibre1/pm/snapshot/SnapshotEmptyException.java,projectlibre_core,java,HEAD,bfa057cbc5462cb2305648e3d781bb9c63b9b7bba9e70e1215b99e027f4d9624,d2fa3c20a,openproj_core/src/com/projity/pm/snapshot/SnapshotEmptyException.java,ec0a351f8d0858d9527fbf7dfc47a5617bc4234988d7895258fbf80219ec25d7,0530be227f4a10c5545cce8d3db20ac5a4d76a66,REVIEW_REQUIRED,ProjectLibre,true,REVIEW_REQUIRED,CPAL-1.0,KEEP_OPENPROJ,normalized content matches OpenProj baseline,
modules/projectlibre_core/src/main/java/com/projectlibre1/pm/snapshot/Snapshottable.java,projectlibre_core,java,HEAD,0d4f69621cf8ee05e0e1a3071ca91cf86e128676b1ac8b94a1b6cb05946b505a,d2fa3c20a,openproj_core/src/com/projity/pm/snapshot/Snapshottable.java,5b31bd9bc3b5042db676994ff1580ccb980c7432c50a1e5b0094effa25dfdbff,0530be227f4a10c5545cce8d3db20ac5a4d76a66,REVIEW_REQUIRED,ProjectLibre,false,REVIEW_REQUIRED,CPAL-1.0,REVIEW,OpenProj path exists but content differs; perform hunk-level comparison,
modules/projectlibre_core/src/main/java/com/projectlibre1/pm/snapshot/SnapshottableImpl.java,projectlibre_core,java,HEAD,a92cb51b01d479671f5f7322fad4d1be4b3a6af666e059b4559bd6a2cad5a5ab,d2fa3c20a,openproj_core/src/com/projity/pm/snapshot/SnapshottableImpl.java,5d3090ceb01b1ab8673421700365ec614d1e0dac86e8967a6088f3051f4f1547,0530be227f4a10c5545cce8d3db20ac5a4d76a66,REVIEW_REQUIRED,ProjectLibre,false,REVIEW_REQUIRED,CPAL-1.0,REVIEW,OpenProj path exists but content differs; perform hunk-level comparison,
modules/projectlibre_core/src/main/java/com/projectlibre1/pm/task/AccessControlPolicy.java,projectlibre_core,java,HEAD,86a3ce4235baa24b9d4ea58defa848e7b2bca54b06a9d3f924386c45958f6797,d2fa3c20a,openproj_core/src/com/projity/pm/task/AccessControlPolicy.java,e7fcb76ff78d463ee1fecc6a2207def482b8abfb2c46296fe7edd21f191e34a4,0530be227f4a10c5545cce8d3db20ac5a4d76a66,REVIEW_REQUIRED,ProjectLibre,true,REVIEW_REQUIRED,CPAL-1.0,KEEP_OPENPROJ,normalized content matches OpenProj baseline,
modules/projectlibre_core/src/main/java/com/projectlibre1/pm/task/BelongsToDocument.java,projectlibre_core,java,HEAD,b27578608586f7ccc3b4f736d7b14dcd99e65868f541f3cf090e283e5fe17fd2,d2fa3c20a,openproj_core/src/com/projity/pm/task/BelongsToDocument.java,54a664b7fb44fce0c5bcf4c976aa48a95af5cb39c3495d2bd15221a150e655e9,0530be227f4a10c5545cce8d3db20ac5a4d76a66,REVIEW_REQUIRED,ProjectLibre,true,REVIEW_REQUIRED,CPAL-1.0,KEEP_OPENPROJ,normalized content matches OpenProj baseline,
modules/projectlibre_core/src/main/java/com/projectlibre1/pm/task/Buffer.java,projectlibre_core,java,HEAD,ee8f8508997f4dddb79669cbf36a1965679ea1d5bc50b969445b6e3dcfa67427,d2fa3c20a,openproj_core/src/com/projity/pm/task/Buffer.java,cea0c1a130405499b35ec4b951bc580f852026b6e75cc4c7335b7fd78d22f207,0530be227f4a10c5545cce8d3db20ac5a4d76a66,REVIEW_REQUIRED,ProjectLibre,true,REVIEW_REQUIRED,CPAL-1.0,KEEP_OPENPROJ,normalized content matches OpenProj baseline,
modules/projectlibre_core/src/main/java/com/projectlibre1/pm/task/DefaultProjectRoleManager.java,projectlibre_core,java,HEAD,c5968fdb78d2836b5d82f5a019bcf751de383b4fda7e3d56c14dc5bbfe7e10af,d2fa3c20a,openproj_core/src/com/projity/pm/task/DefaultProjectRoleManager.java,5a065c2dae2fa0e4c175bfc0ba6e1b81d6d43f952ecbe06c6621f1b11d8a1629,0530be227f4a10c5545cce8d3db20ac5a4d76a66,REVIEW_REQUIRED,ProjectLibre,false,REVIEW_REQUIRED,CPAL-1.0,REVIEW,OpenProj path exists but content differs; perform hunk-level comparison,
modules/projectlibre_core/src/main/java/com/projectlibre1/pm/task/DefaultSubProj.java,projectlibre_core,java,HEAD,6de7b29d3851fc83f1094e144ca02f250864a4002ee0634238bc81bd046cb002,d2fa3c20a,openproj_core/src/com/projity/pm/task/DefaultSubProj.java,149d11e840898562bb25ed3ba20915086afa10d515ca8d2f8eb1d18865aef044,0530be227f4a10c5545cce8d3db20ac5a4d76a66,REVIEW_REQUIRED,ProjectLibre,false,REVIEW_REQUIRED,CPAL-1.0,REVIEW,OpenProj path exists but content differs; perform hunk-level comparison,
modules/projectlibre_core/src/main/java/com/projectlibre1/pm/task/DefaultSubprojectHandler.java,projectlibre_core,java,HEAD,3492737eae92d37a81adb86627e9bce523a63569b5e2d8f73d14ea8d86bb62bb,d2fa3c20a,openproj_core/src/com/projity/pm/task/DefaultSubprojectHandler.java,306c2d3fce1832d4eb700a73b45a6c0aa36d7713c81a7b3a6d39407888b7adff,0530be227f4a10c5545cce8d3db20ac5a4d76a66,REVIEW_REQUIRED,ProjectLibre,false,REVIEW_REQUIRED,CPAL-1.0,REVIEW,OpenProj path exists but content differs; perform hunk-level comparison,
modules/projectlibre_core/src/main/java/com/projectlibre1/pm/task/ExternalTaskManager.java,projectlibre_core,java,HEAD,77ccf1628c24f47af1b29a3624a034ca27abde76b50eb97a0ce3fbae5d6e72ae,d2fa3c20a,openproj_core/src/com/projity/pm/task/ExternalTaskManager.java,55804edb6aa3446dead6c7e79f2097accb5705369fa8997016374be4de3f3fd4,0530be227f4a10c5545cce8d3db20ac5a4d76a66,REVIEW_REQUIRED,ProjectLibre,true,REVIEW_REQUIRED,CPAL-1.0,KEEP_OPENPROJ,normalized content matches OpenProj baseline,
modules/projectlibre_core/src/main/java/com/projectlibre1/pm/task/Finder.java,projectlibre_core,java,HEAD,254e69846af6059e942d20b50faa6390fe26b6e4999ec8586eec70a4f7576dde,d2fa3c20a,openproj_core/src/com/projity/pm/task/Finder.java,6a78cfb9708e5cb084515a8220ddeebace2f3b5eab54bc8d05d78f49e4e49720,0530be227f4a10c5545cce8d3db20ac5a4d76a66,REVIEW_REQUIRED,ProjectLibre,false,REVIEW_REQUIRED,CPAL-1.0,REVIEW,OpenProj path exists but content differs; perform hunk-level comparison,
modules/projectlibre_core/src/main/java/com/projectlibre1/pm/task/HasContainer.java,projectlibre_core,java,HEAD,82723dac3876cea4158178286ba99f33d529b15da4395e5c3591e3f95cd3471b,d2fa3c20a,openproj_core/src/com/projity/pm/task/HasContainer.java,a6f76d4c35a9d32029358fe11e4c481be3997a8cbc9bedef79124bee206b857d,0530be227f4a10c5545cce8d3db20ac5a4d76a66,REVIEW_REQUIRED,ProjectLibre,true,REVIEW_REQUIRED,CPAL-1.0,KEEP_OPENPROJ,normalized content matches OpenProj baseline,
modules/projectlibre_core/src/main/java/com/projectlibre1/pm/task/HasNotes.java,projectlibre_core,java,HEAD,ea7f1f69dbf9b0615d46fab86bdd32bae3172189cefa3180a0a3a7c5f5610e36,d2fa3c20a,openproj_core/src/com/projity/pm/task/HasNotes.java,b95547f91c578753466bb83f0a2ab98cae94a22f6de1b6b66d64af42e8ab5f42,0530be227f4a10c5545cce8d3db20ac5a4d76a66,REVIEW_REQUIRED,ProjectLibre,true,REVIEW_REQUIRED,CPAL-1.0,KEEP_OPENPROJ,normalized content matches OpenProj baseline,
modules/projectlibre_core/src/main/java/com/projectlibre1/pm/task/HasPriority.java,projectlibre_core,java,HEAD,e880253feb2d707e9ce670894915592838c938a400fbd6f1c4123781b5169c38,d2fa3c20a,openproj_core/src/com/projity/pm/task/HasPriority.java,b675e09ff3d8333b588fb0762493e8e0710a5ffff5ccf742a4c2a2f5a375b10e,0530be227f4a10c5545cce8d3db20ac5a4d76a66,REVIEW_REQUIRED,ProjectLibre,true,REVIEW_REQUIRED,CPAL-1.0,KEEP_OPENPROJ,normalized content matches OpenProj baseline,
modules/projectlibre_core/src/main/java/com/projectlibre1/pm/task/HasProject.java,projectlibre_core,java,HEAD,85bb384876b6da59d3a45e5ad0c80f8814cf96b59296bdffd50108796964224b,d2fa3c20a,openproj_core/src/com/projity/pm/task/HasProject.java,d4fec6f6d3527ae41021a38f6f78f03fc73a049018f750b0db9fd91134dea84d,0530be227f4a10c5545cce8d3db20ac5a4d76a66,REVIEW_REQUIRED,ProjectLibre,true,REVIEW_REQUIRED,CPAL-1.0,KEEP_OPENPROJ,normalized content matches OpenProj baseline,
modules/projectlibre_core/src/main/java/com/projectlibre1/pm/task/NormalTask.java,projectlibre_core,java,HEAD,9a8b9c7c0639c2f06608607a2d2b5ab34d6c1d7de3441a75d373cda1b12f8b3f,d2fa3c20a,openproj_core/src/com/projity/pm/task/NormalTask.java,aa1e77914c27567c7326d280155cf44911f2d308e694b659819a882e9eae1983,0530be227f4a10c5545cce8d3db20ac5a4d76a66,REVIEW_REQUIRED,ProjectLibre,false,REVIEW_REQUIRED,CPAL-1.0,REVIEW,OpenProj path exists but content differs; perform hunk-level comparison,
modules/projectlibre_core/src/main/java/com/projectlibre1/pm/task/PercentWorkCompleteService.java,projectlibre_core,java,HEAD,af76d5e9fc763efdd2a624056b0545fb3e4a2c370245ebfbb51c2a2a48b83c60,d2fa3c20a,,,0530be227f4a10c5545cce8d3db20ac5a4d76a66,REVIEW_REQUIRED,Unknown,false,REVIEW_REQUIRED,REVIEW_REQUIRED,REVIEW,no path match in OpenProj baseline; classify origin manually,
modules/projectlibre_core/src/main/java/com/projectlibre1/pm/task/Portfolio.java,projectlibre_core,java,HEAD,96a3ad75931c7c1f13e5fe941a70997be47938d2a15c9344046cccae16c08009,d2fa3c20a,openproj_core/src/com/projity/pm/task/Portfolio.java,8bf71b4073d1425b3318390e3c4564442ed16cbb683f1941fdfe21c7d2a193c5,0530be227f4a10c5545cce8d3db20ac5a4d76a66,REVIEW_REQUIRED,ProjectLibre,false,REVIEW_REQUIRED,CPAL-1.0,REVIEW,OpenProj path exists but content differs; perform hunk-level comparison,
modules/projectlibre_core/src/main/java/com/projectlibre1/pm/task/Project.java,projectlibre_core,java,HEAD,04516fe8d50b92181027cf3a7aeaf5e1466dc099425e884b3c87586c66c73e37,d2fa3c20a,openproj_core/src/com/projity/pm/task/Project.java,e9864e7b51abf9cc344322d944e1b0e0689ad0c655e253ab424ba195bda95a21,0530be227f4a10c5545cce8d3db20ac5a4d76a66,REVIEW_REQUIRED,ProjectLibre,false,REVIEW_REQUIRED,CPAL-1.0,REVIEW,OpenProj path exists but content differs; perform hunk-level comparison,
modules/projectlibre_core/src/main/java/com/projectlibre1/pm/task/ProjectEvent.java,projectlibre_core,java,HEAD,02bce243fa33dfc4e97d498a44aefea07c2e631374ecd12c3711cecbd65957ed,d2fa3c20a,openproj_core/src/com/projity/pm/task/ProjectEvent.java,1f31d7d3f77440c3e12fab2fd1e7b3baf946cad0e6bff9373b9ae93b5380dcc1,0530be227f4a10c5545cce8d3db20ac5a4d76a66,REVIEW_REQUIRED,ProjectLibre,true,REVIEW_REQUIRED,CPAL-1.0,KEEP_OPENPROJ,normalized content matches OpenProj baseline,
modules/projectlibre_core/src/main/java/com/projectlibre1/pm/task/ProjectFactory.java,projectlibre_core,java,HEAD,c3a25c1d6fdc7da0412a6ca0802a84b3489b150c13cd981b69609019c1676246,d2fa3c20a,openproj_core/src/com/projity/pm/task/ProjectFactory.java,3aacb2234f7ba568e91391661c424014f1df67d18ff8781a1a567142135565b1,0530be227f4a10c5545cce8d3db20ac5a4d76a66,REVIEW_REQUIRED,ProjectLibre,false,REVIEW_REQUIRED,CPAL-1.0,REVIEW,OpenProj path exists but content differs; perform hunk-level comparison,
modules/projectlibre_core/src/main/java/com/projectlibre1/pm/task/ProjectListener.java,projectlibre_core,java,HEAD,3650f57987942b90bff5b628fc93c942043fd167c64ad45fc3f61e88c69d7aba,d2fa3c20a,openproj_core/src/com/projity/pm/task/ProjectListener.java,678bc3ec00f835b6759b51620e4bcc599530f23c0233600b64316955eb172f29,0530be227f4a10c5545cce8d3db20ac5a4d76a66,REVIEW_REQUIRED,ProjectLibre,true,REVIEW_REQUIRED,CPAL-1.0,KEEP_OPENPROJ,normalized content matches OpenProj baseline,
modules/projectlibre_core/src/main/java/com/projectlibre1/pm/task/ProjectSpecificFields.java,projectlibre_core,java,HEAD,72129726700f662bf5c14ad90dd679fe4c0d5d1d1a79c1f1389e7c9f18683504,d2fa3c20a,openproj_core/src/com/projity/pm/task/ProjectSpecificFields.java,182011b8c5ce823a8d4d9cf794b0adb8b99d7a7acdc8e2c7e843e45671a5964a,0530be227f4a10c5545cce8d3db20ac5a4d76a66,REVIEW_REQUIRED,ProjectLibre,true,REVIEW_REQUIRED,CPAL-1.0,KEEP_OPENPROJ,normalized content matches OpenProj baseline,
modules/projectlibre_core/src/main/java/com/projectlibre1/pm/task/ProjectStatus.java,projectlibre_core,java,HEAD,77d983bd006aff68687067c6908bc6cf60ce8c2ed80b598d29bfd0bd1a708163,d2fa3c20a,openproj_core/src/com/projity/pm/task/ProjectStatus.java,647189403a0302f173dc5c928e6005756e871d2bc1e7fa7680a41cb65f74ddb8,0530be227f4a10c5545cce8d3db20ac5a4d76a66,REVIEW_REQUIRED,ProjectLibre,true,REVIEW_REQUIRED,CPAL-1.0,KEEP_OPENPROJ,normalized content matches OpenProj baseline,
modules/projectlibre_core/src/main/java/com/projectlibre1/pm/task/ProjectType.java,projectlibre_core,java,HEAD,e7bb69d70188001d4bb72ff623ce50f7aa3e551d3a482004b7d8133fc00ca568,d2fa3c20a,openproj_core/src/com/projity/pm/task/ProjectType.java,baeab0ed82acb286b5af7769cda63fbff79642f6e4b9b13f745a29e8d18cfc72,0530be227f4a10c5545cce8d3db20ac5a4d76a66,REVIEW_REQUIRED,ProjectLibre,true,REVIEW_REQUIRED,CPAL-1.0,KEEP_OPENPROJ,normalized content matches OpenProj baseline,
modules/projectlibre_core/src/main/java/com/projectlibre1/pm/task/RecurringTaskGenerator.java,projectlibre_core,java,HEAD,77d9fef6661fa2eac3adb7f951d9034d71ebb2390ddfdbc5035b3ee96532613c,d2fa3c20a,,,0530be227f4a10c5545cce8d3db20ac5a4d76a66,REVIEW_REQUIRED,Unknown,false,REVIEW_REQUIRED,REVIEW_REQUIRED,REVIEW,no path match in OpenProj baseline; classify origin manually,
modules/projectlibre_core/src/main/java/com/projectlibre1/pm/task/RecurringTaskSpec.java,projectlibre_core,java,HEAD,ac14d06cbc75d4739f65ef5dd76f522fe70adc1a80e8fb153fb9093046068448,d2fa3c20a,,,0530be227f4a10c5545cce8d3db20ac5a4d76a66,REVIEW_REQUIRED,Unknown,false,REVIEW_REQUIRED,REVIEW_REQUIRED,REVIEW,no path match in OpenProj baseline; classify origin manually,
modules/projectlibre_core/src/main/java/com/projectlibre1/pm/task/RollupSpan.java,projectlibre_core,java,HEAD,1a65a10fb1415d62b63cf4fe260e9a3a33a3cd8d27c776897baf0a883de38b7b,d2fa3c20a,,,0530be227f4a10c5545cce8d3db20ac5a4d76a66,REVIEW_REQUIRED,Unknown,false,REVIEW_REQUIRED,REVIEW_REQUIRED,REVIEW,no path match in OpenProj baseline; classify origin manually,
modules/projectlibre_core/src/main/java/com/projectlibre1/pm/task/ScheduleDiagnosticsService.java,projectlibre_core,java,HEAD,6adef5ab565b2fc3666e2a8272a869394684b8850a9ec3c96865d00c47164bf4,d2fa3c20a,,,0530be227f4a10c5545cce8d3db20ac5a4d76a66,REVIEW_REQUIRED,Unknown,false,REVIEW_REQUIRED,REVIEW_REQUIRED,REVIEW,no path match in OpenProj baseline; classify origin manually,
modules/projectlibre_core/src/main/java/com/projectlibre1/pm/task/SubProj.java,projectlibre_core,java,HEAD,e965e0a8f5ac8422531812dd8e89b47d619c41e70f15e43e5be8d6201d198d4c,d2fa3c20a,openproj_core/src/com/projity/pm/task/SubProj.java,4def773c48a6d375c022427a1be2f1e586aaf8997f0675232019ad3924cd609f,0530be227f4a10c5545cce8d3db20ac5a4d76a66,REVIEW_REQUIRED,ProjectLibre,true,REVIEW_REQUIRED,CPAL-1.0,KEEP_OPENPROJ,normalized content matches OpenProj baseline,
modules/projectlibre_core/src/main/java/com/projectlibre1/pm/task/SubprojectHandler.java,projectlibre_core,java,HEAD,0aba5e466cd9b937cc63576d33e0ad9010feb69332fc6b111b322ffe75337c8b,d2fa3c20a,openproj_core/src/com/projity/pm/task/SubprojectHandler.java,ba6c48def3d204a04871a55bbf4858dbbeb454b00a22f8e5f4de68045aa06486,0530be227f4a10c5545cce8d3db20ac5a4d76a66,REVIEW_REQUIRED,ProjectLibre,true,REVIEW_REQUIRED,CPAL-1.0,KEEP_OPENPROJ,normalized content matches OpenProj baseline,
modules/projectlibre_core/src/main/java/com/projectlibre1/pm/task/SummaryEnvelope.java,projectlibre_core,java,HEAD,9eaae5298dc3584593e7272de58a18bae01e80a5d308b06ebf1f5df87302b5b3,d2fa3c20a,,,0530be227f4a10c5545cce8d3db20ac5a4d76a66,REVIEW_REQUIRED,Unknown,false,REVIEW_REQUIRED,REVIEW_REQUIRED,REVIEW,no path match in OpenProj baseline; classify origin manually,
modules/projectlibre_core/src/main/java/com/projectlibre1/pm/task/SummaryEnvelopePart.java,projectlibre_core,java,HEAD,1d063e78bde458c25f5acf4002fa7eb90e55c51490998ba32ed96157d599c4a9,d2fa3c20a,,,0530be227f4a10c5545cce8d3db20ac5a4d76a66,REVIEW_REQUIRED,Unknown,false,REVIEW_REQUIRED,REVIEW_REQUIRED,REVIEW,no path match in OpenProj baseline; classify origin manually,
modules/projectlibre_core/src/main/java/com/projectlibre1/pm/task/Task.java,projectlibre_core,java,HEAD,0faa1d46bf8f3aa6008ae7a54216e3619a0a5377f6b2cef9d5530364f4320ae6,d2fa3c20a,openproj_core/src/com/projity/pm/task/Task.java,f132465a04a9cfe66242e5fbf1db4943f05383a6e55bea7794bf473d68bc18fa,0530be227f4a10c5545cce8d3db20ac5a4d76a66,REVIEW_REQUIRED,ProjectLibre,false,REVIEW_REQUIRED,CPAL-1.0,REVIEW,OpenProj path exists but content differs; perform hunk-level comparison,
modules/projectlibre_core/src/main/java/com/projectlibre1/pm/task/TaskBackup.java,projectlibre_core,java,HEAD,6ffc14bc504e8e8ed52af9749a8771bba6c9815fc33e9d95b5895274b41c3754,d2fa3c20a,openproj_core/src/com/projity/pm/task/TaskBackup.java,5dfc579ce3c2bc41395c01e0789a7dbaedf44e19190ff7cc7e943b1acd46426e,0530be227f4a10c5545cce8d3db20ac5a4d76a66,REVIEW_REQUIRED,ProjectLibre,true,REVIEW_REQUIRED,CPAL-1.0,KEEP_OPENPROJ,normalized content matches OpenProj baseline,
modules/projectlibre_core/src/main/java/com/projectlibre1/pm/task/TaskLinkReference.java,projectlibre_core,java,HEAD,dbeb689a35584929bcd19088d3c0b8417e956c12b0f5412d5eb47a76987fee23,d2fa3c20a,openproj_core/src/com/projity/pm/task/TaskLinkReference.java,f186460b4a6f711bde80dc99d35f310e5e4ca568d495d8937bdd508c3677acdf,0530be227f4a10c5545cce8d3db20ac5a4d76a66,REVIEW_REQUIRED,ProjectLibre,true,REVIEW_REQUIRED,CPAL-1.0,KEEP_OPENPROJ,normalized content matches OpenProj baseline,
modules/projectlibre_core/src/main/java/com/projectlibre1/pm/task/TaskLinkReferenceImpl.java,projectlibre_core,java,HEAD,18fec8ceb8430f9269b5af703db5fba9f01b81c34ed9661570949d6792cf497a,d2fa3c20a,openproj_core/src/com/projity/pm/task/TaskLinkReferenceImpl.java,4aeadb0f2cd73ede726b13b105c1bc09c52a7453c2b25fa4fdf61249899f1457,0530be227f4a10c5545cce8d3db20ac5a4d76a66,REVIEW_REQUIRED,ProjectLibre,false,REVIEW_REQUIRED,CPAL-1.0,REVIEW,OpenProj path exists but content differs; perform hunk-level comparison,
modules/projectlibre_core/src/main/java/com/projectlibre1/pm/task/TaskSheetScheduleWorkflow.java,projectlibre_core,java,HEAD,fd8446cafd84dec35607612381f91e34e9da4545f17f79c552304b7cc246795b,d2fa3c20a,,,0530be227f4a10c5545cce8d3db20ac5a4d76a66,REVIEW_REQUIRED,Unknown,false,REVIEW_REQUIRED,REVIEW_REQUIRED,REVIEW,no path match in OpenProj baseline; classify origin manually,
modules/projectlibre_core/src/main/java/com/projectlibre1/pm/task/TaskSnapshot.java,projectlibre_core,java,HEAD,6fb5abdf5e55d69a83b8e932811c606889c95c4ab637a7b8ef0a9b4b8a97d482,d2fa3c20a,openproj_core/src/com/projity/pm/task/TaskSnapshot.java,036934ba217647da97d7e85e4bf3a07691e24a5055cf8b0202ccb2f10bd982d7,0530be227f4a10c5545cce8d3db20ac5a4d76a66,REVIEW_REQUIRED,ProjectLibre,false,REVIEW_REQUIRED,CPAL-1.0,REVIEW,OpenProj path exists but content differs; perform hunk-level comparison,
modules/projectlibre_core/src/main/java/com/projectlibre1/pm/task/TaskSnapshotBackup.java,projectlibre_core,java,HEAD,3c2c168ca4ba11649878a924b00a45836aad6235d618153de93d3a425d2fe9ba,d2fa3c20a,openproj_core/src/com/projity/pm/task/TaskSnapshotBackup.java,2f06a00248ca3e892e463f27b32a97e160fde34feda159de971f54182be02787,0530be227f4a10c5545cce8d3db20ac5a4d76a66,REVIEW_REQUIRED,ProjectLibre,false,REVIEW_REQUIRED,CPAL-1.0,REVIEW,OpenProj path exists but content differs; perform hunk-level comparison,
modules/projectlibre_core/src/main/java/com/projectlibre1/pm/task/TaskSpecificFields.java,projectlibre_core,java,HEAD,f7851bc31ffc536ccb377a789bd20a6d17dd8a9bff7bb6f5fcefd8f68801c694,d2fa3c20a,openproj_core/src/com/projity/pm/task/TaskSpecificFields.java,13532dd2d3c24455b8c5c03b795f4817de905f086df285cce6ed9fca23efa61b,0530be227f4a10c5545cce8d3db20ac5a4d76a66,REVIEW_REQUIRED,ProjectLibre,true,REVIEW_REQUIRED,CPAL-1.0,KEEP_OPENPROJ,normalized content matches OpenProj baseline,
modules/projectlibre_core/src/main/java/com/projectlibre1/pm/time/HasStartAndEnd.java,projectlibre_core,java,HEAD,0c4226655b5416c241e870da3305be7e00ef59db2a33d0d15db8c6362acc7ba3,d2fa3c20a,openproj_core/src/com/projity/pm/time/HasStartAndEnd.java,8c4f5db02b2cde29ec45a38f950a08fe1128406941bd7444041047c527f36850,0530be227f4a10c5545cce8d3db20ac5a4d76a66,REVIEW_REQUIRED,ProjectLibre,true,REVIEW_REQUIRED,CPAL-1.0,KEEP_OPENPROJ,normalized content matches OpenProj baseline,
modules/projectlibre_core/src/main/java/com/projectlibre1/pm/time/ImmutableInterval.java,projectlibre_core,java,HEAD,d5112bf299a9c9d1da6f52d0e41ec9f74d9d696b8493421f27d7b847c33e982f,d2fa3c20a,openproj_core/src/com/projity/pm/time/ImmutableInterval.java,7419a822666b9a7d4b8e86c75bab282cb6431232f6ae1b05843616e0b2b4f42c,0530be227f4a10c5545cce8d3db20ac5a4d76a66,REVIEW_REQUIRED,ProjectLibre,true,REVIEW_REQUIRED,CPAL-1.0,KEEP_OPENPROJ,normalized content matches OpenProj baseline,
modules/projectlibre_core/src/main/java/com/projectlibre1/pm/time/Interval.java,projectlibre_core,java,HEAD,9423e6f937871bed505f06259a27f97dd8161f26191d7fea3299fae835e1ade0,d2fa3c20a,openproj_core/src/com/projity/pm/time/Interval.java,3e6b7a00803c78d5b7c3b344ec80b8a1285ab59c7e3f696ecab875c04c8463b7,0530be227f4a10c5545cce8d3db20ac5a4d76a66,REVIEW_REQUIRED,ProjectLibre,false,REVIEW_REQUIRED,CPAL-1.0,REVIEW,OpenProj path exists but content differs; perform hunk-level comparison,
modules/projectlibre_core/src/main/java/com/projectlibre1/pm/time/MutableHasStartAndEnd.java,projectlibre_core,java,HEAD,d373f85c9b61318d9bf37c19e36760b7071be4e6622fbd70d950ca2f548e88af,d2fa3c20a,openproj_core/src/com/projity/pm/time/MutableHasStartAndEnd.java,7901a2798bdca15cc4257a9f442df99f6b4aa9ba080ad5608db9411975686ee3,0530be227f4a10c5545cce8d3db20ac5a4d76a66,REVIEW_REQUIRED,ProjectLibre,false,REVIEW_REQUIRED,CPAL-1.0,REVIEW,OpenProj path exists but content differs; perform hunk-level comparison,
modules/projectlibre_core/src/main/java/com/projectlibre1/pm/time/MutableInterval.java,projectlibre_core,java,HEAD,cc223a98918e74bc060b980ab4bcbd64eed2c512dde0bbda9b8aaf17f685b06a,d2fa3c20a,openproj_core/src/com/projity/pm/time/MutableInterval.java,338917dd22d08326dd081091390e341a2127135ba7210a7da071f65e0ca136f3,0530be227f4a10c5545cce8d3db20ac5a4d76a66,REVIEW_REQUIRED,ProjectLibre,true,REVIEW_REQUIRED,CPAL-1.0,KEEP_OPENPROJ,normalized content matches OpenProj baseline,
modules/projectlibre_core/src/main/java/com/projectlibre1/preference/ConfigurationFile.java,projectlibre_core,java,HEAD,646cd5ec5d8b4f254dcae097d6810bab5c66295c4f6db2c5848d7cd4f112d858,d2fa3c20a,openproj_core/src/com/projity/preference/ConfigurationFile.java,99c6124e5eb69991a5f42258d5fff5b9ca8ad493b9bc44d05e6edf90213df29a,0530be227f4a10c5545cce8d3db20ac5a4d76a66,REVIEW_REQUIRED,ProjectLibre,false,REVIEW_REQUIRED,CPAL-1.0,REVIEW,OpenProj path exists but content differs; perform hunk-level comparison,
modules/projectlibre_core/src/main/java/com/projectlibre1/preference/GlobalPreferences.java,projectlibre_core,java,HEAD,56892805dc343115e7299d2c5595d0ab16788d21e5021c738c710ca245ef2f5f,d2fa3c20a,openproj_core/src/com/projity/preference/GlobalPreferences.java,6f094b501c9f31b8710a297c4162d42af65eaf1b5785e4a58c69fe63cb89b11c,0530be227f4a10c5545cce8d3db20ac5a4d76a66,REVIEW_REQUIRED,ProjectLibre,true,REVIEW_REQUIRED,CPAL-1.0,KEEP_OPENPROJ,normalized content matches OpenProj baseline,
modules/projectlibre_core/src/main/java/com/projectlibre1/print/ExtendedPageFormat.java,projectlibre_core,java,HEAD,e54354e0265ea52d76cbbe9996e87f9e82b7a46102dd14725f473b60882418da,d2fa3c20a,openproj_core/src/com/projity/print/ExtendedPageFormat.java,bc49cfeb2e3689e7ef79b5c3ba6996690df38e00b1c37b0d99c9e7a593d05516,0530be227f4a10c5545cce8d3db20ac5a4d76a66,REVIEW_REQUIRED,ProjectLibre,true,REVIEW_REQUIRED,CPAL-1.0,KEEP_OPENPROJ,normalized content matches OpenProj baseline,
modules/projectlibre_core/src/main/java/com/projectlibre1/print/FitToSettings.java,projectlibre_core,java,HEAD,800d5e48279afa83383a8babdc77af226a6f60b65145a2503b54a7fd2580312e,d2fa3c20a,openproj_core/src/com/projity/print/FitToSettings.java,a6dc14ff87d86cde97bc89b7f2fcf8aa908d39a083d88556bf1213927e9e9c01,0530be227f4a10c5545cce8d3db20ac5a4d76a66,REVIEW_REQUIRED,ProjectLibre,false,REVIEW_REQUIRED,CPAL-1.0,REVIEW,OpenProj path exists but content differs; perform hunk-level comparison,
modules/projectlibre_core/src/main/java/com/projectlibre1/print/GanttSettings.java,projectlibre_core,java,HEAD,5933b27fc4de9b584ea6f3864473081a9f696863c495627488438f9722fda815,d2fa3c20a,openproj_core/src/com/projity/print/GanttSettings.java,c86890b46feab14c4c84742e44506854e26f1758cb2cbeaf51b37120bfeef882,0530be227f4a10c5545cce8d3db20ac5a4d76a66,REVIEW_REQUIRED,ProjectLibre,true,REVIEW_REQUIRED,CPAL-1.0,KEEP_OPENPROJ,normalized content matches OpenProj baseline,
modules/projectlibre_core/src/main/java/com/projectlibre1/print/PDFPrintService.java,projectlibre_core,java,HEAD,2db04131a26874903eaf3e9cc03b2ac15315c72120672e73430e4dddd23bcea2,d2fa3c20a,openproj_core/src/com/projity/print/PDFPrintService.java,269ad7c0a00d1e36ac9bc5d4e9770caf8c5c1740984c441cce5425c4e2b21b1b,0530be227f4a10c5545cce8d3db20ac5a4d76a66,REVIEW_REQUIRED,ProjectLibre,false,REVIEW_REQUIRED,CPAL-1.0,REVIEW,OpenProj path exists but content differs; perform hunk-level comparison,
modules/projectlibre_core/src/main/java/com/projectlibre1/print/PageSize.java,projectlibre_core,java,HEAD,a30882e4e29eb95fd69f24e3767be1f10bf4ccfbf9f199446fb1131dffb2fbd0,d2fa3c20a,openproj_core/src/com/projity/print/PageSize.java,e04d640e52a794209e35d4dd080d1a1596426e91fbbe5a15cec589c5e8c33f7f,0530be227f4a10c5545cce8d3db20ac5a4d76a66,REVIEW_REQUIRED,ProjectLibre,false,REVIEW_REQUIRED,CPAL-1.0,REVIEW,OpenProj path exists but content differs; perform hunk-level comparison,
modules/projectlibre_core/src/main/java/com/projectlibre1/print/PrintSettings.java,projectlibre_core,java,HEAD,65ddf25700ed2b34b3684d9ada2a69397d54b21da89cd7a4e791515456c80123,d2fa3c20a,openproj_core/src/com/projity/print/PrintSettings.java,aa5de56d28a7b5d29e0059c84bb210f0e66aa06ab3447cb9b8d62dd0d03c8d15,0530be227f4a10c5545cce8d3db20ac5a4d76a66,REVIEW_REQUIRED,ProjectLibre,false,REVIEW_REQUIRED,CPAL-1.0,REVIEW,OpenProj path exists but content differs; perform hunk-level comparison,
modules/projectlibre_core/src/main/java/com/projectlibre1/print/PrintSettingsManager.java,projectlibre_core,java,HEAD,d9544810dba3fdf41149dfb2e2e7ed747575b437f55eb3ba311299be935c14ab,d2fa3c20a,openproj_core/src/com/projity/print/PrintSettingsManager.java,30db3469c02162dedf39a35f3d39a0d131c2d1ca5dd0c25bd4cf9b279e647ada,0530be227f4a10c5545cce8d3db20ac5a4d76a66,REVIEW_REQUIRED,ProjectLibre,false,REVIEW_REQUIRED,CPAL-1.0,REVIEW,OpenProj path exists but content differs; perform hunk-level comparison,
modules/projectlibre_core/src/main/java/com/projectlibre1/print/ScaleToSettings.java,projectlibre_core,java,HEAD,df30351c1d654f4dc7f025f17f3406288e2b8cac4e622b84ae2007ed3b8b61a0,d2fa3c20a,openproj_core/src/com/projity/print/ScaleToSettings.java,752095f93e745ee878d66e3eef510945a875991ccf74e6b58252b33b9dbf6a0d,0530be227f4a10c5545cce8d3db20ac5a4d76a66,REVIEW_REQUIRED,ProjectLibre,true,REVIEW_REQUIRED,CPAL-1.0,KEEP_OPENPROJ,normalized content matches OpenProj baseline,
modules/projectlibre_core/src/main/java/com/projectlibre1/print/ScalingSettings.java,projectlibre_core,java,HEAD,a3c17a17dede921252ee0e3e92e3a3a56942f3644a4864fd21788a6587397755,d2fa3c20a,openproj_core/src/com/projity/print/ScalingSettings.java,8715831af14364092c7062b3d97c8ee390312b8a45b923154ede870b2dd3fa6e,0530be227f4a10c5545cce8d3db20ac5a4d76a66,REVIEW_REQUIRED,ProjectLibre,true,REVIEW_REQUIRED,CPAL-1.0,KEEP_OPENPROJ,normalized content matches OpenProj baseline,
modules/projectlibre_core/src/main/java/com/projectlibre1/print/ViewSettings.java,projectlibre_core,java,HEAD,01813909392f370aec13bca1aafa5581d0b499f55c9d7913d66c9682359f5d26,d2fa3c20a,openproj_core/src/com/projity/print/ViewSettings.java,3a97216561e783d5353e911bdcc4cf863bac412230573994fb03cee5b0d5deeb,0530be227f4a10c5545cce8d3db20ac5a4d76a66,REVIEW_REQUIRED,ProjectLibre,true,REVIEW_REQUIRED,CPAL-1.0,KEEP_OPENPROJ,normalized content matches OpenProj baseline,
modules/projectlibre_core/src/main/java/com/projectlibre1/query/FieldQuery.java,projectlibre_core,java,HEAD,c0a409c55247bc941be1f84b4b45fba3cde44f1b15bbe8bff52748e31dfc220d,d2fa3c20a,openproj_core/src/com/projity/query/FieldQuery.java,8594a94ce5663ad571c3a45350faa25a908b29243660c5929380bbbd04126a7b,0530be227f4a10c5545cce8d3db20ac5a4d76a66,REVIEW_REQUIRED,ProjectLibre,false,REVIEW_REQUIRED,CPAL-1.0,REVIEW,OpenProj path exists but content differs; perform hunk-level comparison,
modules/projectlibre_core/src/main/java/com/projectlibre1/script/ContextStore.java,projectlibre_core,java,HEAD,399c54517cd3669825ed7bd5b647ef72691ec84dfb62f9ffe44fbc372241530c,d2fa3c20a,openproj_core/src/com/projity/script/ContextStore.java,be3879cf8bf7975c5fd67c8eb1cca62544f596c01c4d9d13089ec252860e4065,0530be227f4a10c5545cce8d3db20ac5a4d76a66,REVIEW_REQUIRED,ProjectLibre,false,REVIEW_REQUIRED,CPAL-1.0,REVIEW,OpenProj path exists but content differs; perform hunk-level comparison,
modules/projectlibre_core/src/main/java/com/projectlibre1/script/ConverterContext.java,projectlibre_core,java,HEAD,0bcf88034939fdc2933dc5dbceac9ab1ab6e7e2464f8e658e5cb11259b479b9c,d2fa3c20a,openproj_core/src/com/projity/script/ConverterContext.java,2f6ed031296bc532d5a684e6b6e25defc0baee321cb1f71aace4c19c8b2c0298,0530be227f4a10c5545cce8d3db20ac5a4d76a66,REVIEW_REQUIRED,ProjectLibre,false,REVIEW_REQUIRED,CPAL-1.0,REVIEW,OpenProj path exists but content differs; perform hunk-level comparison,
modules/projectlibre_core/src/main/java/com/projectlibre1/script/FieldArrayUtil.java,projectlibre_core,java,HEAD,f4726aefa0cef3444b9b97b5fc036848e785711ecb197c257cb7fcf3efd68ca5,d2fa3c20a,openproj_core/src/com/projity/script/FieldArrayUtil.java,df4c925ab53d4352429032f107222e9012ece9e22803fbce2e206259a8beecbe,0530be227f4a10c5545cce8d3db20ac5a4d76a66,REVIEW_REQUIRED,ProjectLibre,true,REVIEW_REQUIRED,CPAL-1.0,KEEP_OPENPROJ,normalized content matches OpenProj baseline,
modules/projectlibre_core/src/main/java/com/projectlibre1/script/ScriptRunner.java,projectlibre_core,java,HEAD,68682a6e84de7596aab9a1deaa6f3f575df6a8aa5a4342ee19857d24391679ba,d2fa3c20a,openproj_core/src/com/projity/script/ScriptRunner.java,f1cf3fa68b62e12a5305acd7b8fee8d19e9aa54e1807575b0248e7c53e94fe8a,0530be227f4a10c5545cce8d3db20ac5a4d76a66,REVIEW_REQUIRED,ProjectLibre,true,REVIEW_REQUIRED,CPAL-1.0,KEEP_OPENPROJ,normalized content matches OpenProj baseline,
modules/projectlibre_core/src/main/java/com/projectlibre1/script/object/Bar.java,projectlibre_core,java,HEAD,dee146e9db8d47e9fb42024ab996780de7f99920f74badf549c556ff1f9f6d39,d2fa3c20a,openproj_core/src/com/projity/script/object/Bar.java,920c76542c20b16e54f71c72d30f6204da4be6ae3a7678df69068e2594c9bd52,0530be227f4a10c5545cce8d3db20ac5a4d76a66,REVIEW_REQUIRED,ProjectLibre,true,REVIEW_REQUIRED,CPAL-1.0,KEEP_OPENPROJ,normalized content matches OpenProj baseline,
modules/projectlibre_core/src/main/java/com/projectlibre1/script/object/DistributionHolder.java,projectlibre_core,java,HEAD,52111a270f87f9c3ebd2d027b48daf4404291ce7ddbdfb2445ba95f3a35e4a72,d2fa3c20a,openproj_core/src/com/projity/script/object/DistributionHolder.java,0cfcd166da0fa1277d96cb82147ef2ff7e31f56ff42aac476e69a162f2a7dfde,0530be227f4a10c5545cce8d3db20ac5a4d76a66,REVIEW_REQUIRED,ProjectLibre,false,REVIEW_REQUIRED,CPAL-1.0,REVIEW,OpenProj path exists but content differs; perform hunk-level comparison,
modules/projectlibre_core/src/main/java/com/projectlibre1/script/object/Link.java,projectlibre_core,java,HEAD,8e36a3b88df92de0e6550146a4cd6341a9e7b36aa80e89e30fb7f8dfa94aa5b6,d2fa3c20a,openproj_core/src/com/projity/script/object/Link.java,4b377b09f9e18a56b9ac59a35c0aa5c03439f54dc9aab9bcae7e41a71532cff8,0530be227f4a10c5545cce8d3db20ac5a4d76a66,REVIEW_REQUIRED,ProjectLibre,true,REVIEW_REQUIRED,CPAL-1.0,KEEP_OPENPROJ,normalized content matches OpenProj baseline,
modules/projectlibre_core/src/main/java/com/projectlibre1/script/object/LiteField.java,projectlibre_core,java,HEAD,6e4af6795406db6df863db3a4f58c05d803dba85928e7e20d6953ccb622c99a7,d2fa3c20a,openproj_core/src/com/projity/script/object/LiteField.java,a81b7510a888fb990db6d1f94219b95c7e4514635dd529c7c4e558040635bef7,0530be227f4a10c5545cce8d3db20ac5a4d76a66,REVIEW_REQUIRED,ProjectLibre,true,REVIEW_REQUIRED,CPAL-1.0,KEEP_OPENPROJ,normalized content matches OpenProj baseline,
modules/projectlibre_core/src/main/java/com/projectlibre1/script/object/LiteProject.java,projectlibre_core,java,HEAD,bda49a2d2b1db67104ba57d2521dabbaf054ea30be13e0cde321442c547acc1d,d2fa3c20a,openproj_core/src/com/projity/script/object/LiteProject.java,fdec2941773ce02d220b7590a42d7e089c4a4bff1c71cda13f7b7b70796e00a0,0530be227f4a10c5545cce8d3db20ac5a4d76a66,REVIEW_REQUIRED,ProjectLibre,true,REVIEW_REQUIRED,CPAL-1.0,KEEP_OPENPROJ,normalized content matches OpenProj baseline,
modules/projectlibre_core/src/main/java/com/projectlibre1/script/object/LiteResource.java,projectlibre_core,java,HEAD,335b0c8ebcce7d7a3b52905958b9895de548658c8d2d4abc684341e5444e73cf,d2fa3c20a,openproj_core/src/com/projity/script/object/LiteResource.java,8f0e172df85c3ad0b5c6fa2fdbecc435aa9b40c7906dc3fb8ee014120ca7eca3,0530be227f4a10c5545cce8d3db20ac5a4d76a66,REVIEW_REQUIRED,ProjectLibre,true,REVIEW_REQUIRED,CPAL-1.0,KEEP_OPENPROJ,normalized content matches OpenProj baseline,
modules/projectlibre_core/src/main/java/com/projectlibre1/script/object/LiteResourcePool.java,projectlibre_core,java,HEAD,eb823cfe0bd8096fc2b59d445dc5be3b32a04e547dfd196ea2b57ed2b2708af9,d2fa3c20a,openproj_core/src/com/projity/script/object/LiteResourcePool.java,e389259713435587e7255df123f200a54ac3715d8f35722fc3c7447370f76560,0530be227f4a10c5545cce8d3db20ac5a4d76a66,REVIEW_REQUIRED,ProjectLibre,true,REVIEW_REQUIRED,CPAL-1.0,KEEP_OPENPROJ,normalized content matches OpenProj baseline,
modules/projectlibre_core/src/main/java/com/projectlibre1/script/object/LiteTask.java,projectlibre_core,java,HEAD,f17e3fff8e0f274627d4c6000b2e2d5d89ad6be1c309f39ef284000ac6f75bf7,d2fa3c20a,openproj_core/src/com/projity/script/object/LiteTask.java,d646319caa3695d6cd36c91f4cc8cab074188e5c8cea301527c89f235bd8be27,0530be227f4a10c5545cce8d3db20ac5a4d76a66,REVIEW_REQUIRED,ProjectLibre,true,REVIEW_REQUIRED,CPAL-1.0,KEEP_OPENPROJ,normalized content matches OpenProj baseline,
modules/projectlibre_core/src/main/java/com/projectlibre1/script/object/LiteUser.java,projectlibre_core,java,HEAD,fcf158fa53f63f915ff988df02173e894a685d45af01d8363a6d7de95d40dcbc,d2fa3c20a,openproj_core/src/com/projity/script/object/LiteUser.java,abc0544446f3fea4e40f6f7dceefeaa574ff90980c823d6cfd891ba254a6e687,0530be227f4a10c5545cce8d3db20ac5a4d76a66,REVIEW_REQUIRED,ProjectLibre,true,REVIEW_REQUIRED,CPAL-1.0,KEEP_OPENPROJ,normalized content matches OpenProj baseline,
modules/projectlibre_core/src/main/java/com/projectlibre1/script/object/ProjectDesc.java,projectlibre_core,java,HEAD,5bf0ae60e518756da843cb3ad10ea3c947e3da4ab9d254dfc2f3383b4d7a359c,d2fa3c20a,openproj_core/src/com/projity/script/object/ProjectDesc.java,55581776fff66e70f4217a1c23c285dfec2756d6a11737b7a79ec947392ac699,0530be227f4a10c5545cce8d3db20ac5a4d76a66,REVIEW_REQUIRED,ProjectLibre,true,REVIEW_REQUIRED,CPAL-1.0,KEEP_OPENPROJ,normalized content matches OpenProj baseline,
modules/projectlibre_core/src/main/java/com/projectlibre1/script/object/ReportData.java,projectlibre_core,java,HEAD,7b317db45fd211255f92931b025590ed1301212123d8eb5774fb4fb38ccf4f20,d2fa3c20a,openproj_core/src/com/projity/script/object/ReportData.java,1b58fd06d12162c233956fd7815a6687425ac7f80fa531f82a17ab69e37d7b11,0530be227f4a10c5545cce8d3db20ac5a4d76a66,REVIEW_REQUIRED,ProjectLibre,true,REVIEW_REQUIRED,CPAL-1.0,KEEP_OPENPROJ,normalized content matches OpenProj baseline,
modules/projectlibre_core/src/main/java/com/projectlibre1/script/object/Row.java,projectlibre_core,java,HEAD,65e69223a6b82ea4909a22fb55b61a5da699873ec7f2b2561dbc75cf33a9ee82,d2fa3c20a,openproj_core/src/com/projity/script/object/Row.java,0b9aed11b4b85ccf71ded716bfac6d60ead101a684ea28e2a6ba3294982bf1d6,0530be227f4a10c5545cce8d3db20ac5a4d76a66,REVIEW_REQUIRED,ProjectLibre,true,REVIEW_REQUIRED,CPAL-1.0,KEEP_OPENPROJ,normalized content matches OpenProj baseline,
modules/projectlibre_core/src/main/java/com/projectlibre1/script/object/TimeIntervals.java,projectlibre_core,java,HEAD,ec48cd1be5ca9983855efac1fa84f4cf2c0279ddd88603d4fef667c207591845,d2fa3c20a,openproj_core/src/com/projity/script/object/TimeIntervals.java,9c3c37dcb86d5c1c1ed72d464ac56351877cc60c5c4cfbf3074faee14e14b50f,0530be227f4a10c5545cce8d3db20ac5a4d76a66,REVIEW_REQUIRED,ProjectLibre,false,REVIEW_REQUIRED,CPAL-1.0,REVIEW,OpenProj path exists but content differs; perform hunk-level comparison,
modules/projectlibre_core/src/main/java/com/projectlibre1/script/object/TimeWindow.java,projectlibre_core,java,HEAD,fd325220dce962a992c60e144931cbb1ccefced5b36a7d7f110f0828f0060815,d2fa3c20a,openproj_core/src/com/projity/script/object/TimeWindow.java,18762d2f3aeff444e07975268b35d13d86e370e5585501c90b4708183a77835e,0530be227f4a10c5545cce8d3db20ac5a4d76a66,REVIEW_REQUIRED,ProjectLibre,true,REVIEW_REQUIRED,CPAL-1.0,KEEP_OPENPROJ,normalized content matches OpenProj baseline,
modules/projectlibre_core/src/main/java/com/projectlibre1/script/object/ValueBar.java,projectlibre_core,java,HEAD,ba52fe35c57b545950bd11c97ed8c9a247531e558be8ff86a027e6e8380f27e4,d2fa3c20a,openproj_core/src/com/projity/script/object/ValueBar.java,b3f4dc7a5ca374b19302625f9f7ee5fe6e29a3dafd1f8320cc721c096e0b2b23,0530be227f4a10c5545cce8d3db20ac5a4d76a66,REVIEW_REQUIRED,ProjectLibre,true,REVIEW_REQUIRED,CPAL-1.0,KEEP_OPENPROJ,normalized content matches OpenProj baseline,
modules/projectlibre_core/src/main/java/com/projectlibre1/scripting/Formula.java,projectlibre_core,java,HEAD,7f062ab88d8c496b8c777ebb8e3d2e60fbcf978dca4c59f03e245ff1189ec494,d2fa3c20a,openproj_core/src/com/projity/scripting/Formula.java,f031c2d63fb418e78ff03ba69edbd54b49fab8eae7e0cbb62d3658cc7646d6d6,0530be227f4a10c5545cce8d3db20ac5a4d76a66,REVIEW_REQUIRED,ProjectLibre,false,REVIEW_REQUIRED,CPAL-1.0,REVIEW,OpenProj path exists but content differs; perform hunk-level comparison,
modules/projectlibre_core/src/main/java/com/projectlibre1/scripting/FormulaClass.java,projectlibre_core,java,HEAD,741855c3911687543fee55939c39d84d9ae94f7761cc11739a3a710f270b5512,d2fa3c20a,openproj_core/src/com/projity/scripting/FormulaClass.java,2366642f2ccb5ff471af312d325d9e0af68ef1b9966aac047df8e3051e1b5b66,0530be227f4a10c5545cce8d3db20ac5a4d76a66,REVIEW_REQUIRED,ProjectLibre,false,REVIEW_REQUIRED,CPAL-1.0,REVIEW,OpenProj path exists but content differs; perform hunk-level comparison,
modules/projectlibre_core/src/main/java/com/projectlibre1/scripting/FormulaFactory.java,projectlibre_core,java,HEAD,4908c1acac5641df03845fba5e8b68144244985bb1dbed0e00c9fe6ea650e8aa,d2fa3c20a,openproj_core/src/com/projity/scripting/FormulaFactory.java,1a48d1f0bf9a7a56b25f8d2cca98b46087d91b441c44ac587262020713037f01,0530be227f4a10c5545cce8d3db20ac5a4d76a66,REVIEW_REQUIRED,ProjectLibre,false,REVIEW_REQUIRED,CPAL-1.0,REVIEW,OpenProj path exists but content differs; perform hunk-level comparison,
modules/projectlibre_core/src/main/java/com/projectlibre1/scripting/GroovyClassCompiler.java,projectlibre_core,java,HEAD,a5b1c9412d7c79f58efb8c143532f9af96e5f03354a9c44bba898b81215c4a83,d2fa3c20a,,,0530be227f4a10c5545cce8d3db20ac5a4d76a66,REVIEW_REQUIRED,Unknown,false,REVIEW_REQUIRED,REVIEW_REQUIRED,REVIEW,no path match in OpenProj baseline; classify origin manually,
modules/projectlibre_core/src/main/java/com/projectlibre1/scripting/ScriptedFormula.java,projectlibre_core,java,HEAD,9ddd8d668509b759aedd17451b812255847d855ecf5a5b289455a4da94993526,d2fa3c20a,openproj_core/src/com/projity/scripting/ScriptedFormula.java,3549784e58fac027a7d5492a1562cf243228c6ab8123b23245b38811619d3866,0530be227f4a10c5545cce8d3db20ac5a4d76a66,REVIEW_REQUIRED,ProjectLibre,false,REVIEW_REQUIRED,CPAL-1.0,REVIEW,OpenProj path exists but content differs; perform hunk-level comparison,
modules/projectlibre_core/src/main/java/com/projectlibre1/scripting/formulas/AssignmentFormula.java,projectlibre_core,java,HEAD,aaed3209a7bdeaad34fb8d75533c316375928ea4f1040a098e91866e22d94f4b,d2fa3c20a,openproj_core/src/com/projity/scripting/formulas/AssignmentFormula.java,573a6694ff28423db84a1a51efdd526d86d4f9b8b8110e41b7f8cc52b34a204c,0530be227f4a10c5545cce8d3db20ac5a4d76a66,REVIEW_REQUIRED,ProjectLibre,false,REVIEW_REQUIRED,CPAL-1.0,REVIEW,OpenProj path exists but content differs; perform hunk-level comparison,
modules/projectlibre_core/src/main/java/com/projectlibre1/scripting/formulas/BaselineTaskFormula.java,projectlibre_core,java,HEAD,9ddf501c966cfbdab73eb4090b807fa0016dc5ddd3d83ba69a3e5b156363f323,d2fa3c20a,openproj_core/src/com/projity/scripting/formulas/BaselineTaskFormula.java,5cbecf184c0034b39160893b5e67643e98f251ecbae5812ae40fe056ae6fe519,0530be227f4a10c5545cce8d3db20ac5a4d76a66,REVIEW_REQUIRED,ProjectLibre,true,REVIEW_REQUIRED,CPAL-1.0,KEEP_OPENPROJ,normalized content matches OpenProj baseline,
modules/projectlibre_core/src/main/java/com/projectlibre1/scripting/formulas/CriticalTaskFormula.java,projectlibre_core,java,HEAD,a8ff731581a43010d8c072df33099f9f35777e93a2cbbffdd874f993940f6e15,d2fa3c20a,openproj_core/src/com/projity/scripting/formulas/CriticalTaskFormula.java,5694f19f4c0612b51fb11f59f8cfd5049083bf566f5c222e1026d4d0bf56288b,0530be227f4a10c5545cce8d3db20ac5a4d76a66,REVIEW_REQUIRED,ProjectLibre,true,REVIEW_REQUIRED,CPAL-1.0,KEEP_OPENPROJ,normalized content matches OpenProj baseline,
modules/projectlibre_core/src/main/java/com/projectlibre1/scripting/formulas/DeadlineTaskFormula.java,projectlibre_core,java,HEAD,2e6beda7b1efbbba7ad0d8066c08f939165ff829cb8e12fbba5b733334d911e3,d2fa3c20a,openproj_core/src/com/projity/scripting/formulas/DeadlineTaskFormula.java,efee0f0bf46ae5e110953de148b3b8902cbc1638034446444afe53d895c847d4,0530be227f4a10c5545cce8d3db20ac5a4d76a66,REVIEW_REQUIRED,ProjectLibre,true,REVIEW_REQUIRED,CPAL-1.0,KEEP_OPENPROJ,normalized content matches OpenProj baseline,
modules/projectlibre_core/src/main/java/com/projectlibre1/scripting/formulas/ExternalTaskFormula.java,projectlibre_core,java,HEAD,32fb6d7c64c9df118e9f3dd360c5fdf9eb4f3d616717b6f44d3b0aaebcbf0342,d2fa3c20a,openproj_core/src/com/projity/scripting/formulas/ExternalTaskFormula.java,cd0ea987f357101638da1d1a77ebb331fff7e106acb20be10ee06bec240e52fc,0530be227f4a10c5545cce8d3db20ac5a4d76a66,REVIEW_REQUIRED,ProjectLibre,true,REVIEW_REQUIRED,CPAL-1.0,KEEP_OPENPROJ,normalized content matches OpenProj baseline,
modules/projectlibre_core/src/main/java/com/projectlibre1/scripting/formulas/MilestoneTaskFormula.java,projectlibre_core,java,HEAD,426fd010ce188c049de6c4df817321c43bc8e25407d487a2f265ba1b9f24e42b,d2fa3c20a,openproj_core/src/com/projity/scripting/formulas/MilestoneTaskFormula.java,853bdf396571d7b87f7c95a7c2fafef9e75c6f9371a43c315cea5ed4679c1306,0530be227f4a10c5545cce8d3db20ac5a4d76a66,REVIEW_REQUIRED,ProjectLibre,true,REVIEW_REQUIRED,CPAL-1.0,KEEP_OPENPROJ,normalized content matches OpenProj baseline,
modules/projectlibre_core/src/main/java/com/projectlibre1/scripting/formulas/NonCriticalTaskFormula.java,projectlibre_core,java,HEAD,e2027cba09e5c77c0072899a98c651e2ad5fb7200063eec42e3e1051320f828a,d2fa3c20a,openproj_core/src/com/projity/scripting/formulas/NonCriticalTaskFormula.java,31f6d8448449389abb49c403ca6f52b387a4f18809d2d79053496312acfce95f,0530be227f4a10c5545cce8d3db20ac5a4d76a66,REVIEW_REQUIRED,ProjectLibre,true,REVIEW_REQUIRED,CPAL-1.0,KEEP_OPENPROJ,normalized content matches OpenProj baseline,
modules/projectlibre_core/src/main/java/com/projectlibre1/scripting/formulas/NormalTaskFormula.java,projectlibre_core,java,HEAD,ea851f763f615c8383f2d7339f17d9afcd2a4c964fd80f70f6fdc059d536fcd6,d2fa3c20a,openproj_core/src/com/projity/scripting/formulas/NormalTaskFormula.java,855902fcb7a8a02e4eb2b6676e3bc7eec8cfd19d650fc8eb7ac2aa81b313c074,0530be227f4a10c5545cce8d3db20ac5a4d76a66,REVIEW_REQUIRED,ProjectLibre,true,REVIEW_REQUIRED,CPAL-1.0,KEEP_OPENPROJ,normalized content matches OpenProj baseline,
modules/projectlibre_core/src/main/java/com/projectlibre1/scripting/formulas/ResourceNodeFormula.java,projectlibre_core,java,HEAD,84f67268ab27225e75efe77dc3124f2a81aebb6e96cf98afd53d84c06a85a07c,d2fa3c20a,,,0530be227f4a10c5545cce8d3db20ac5a4d76a66,REVIEW_REQUIRED,ProjectLibre,false,REVIEW_REQUIRED,CPAL-1.0,REVIEW,no path match in OpenProj baseline; classify origin manually,
modules/projectlibre_core/src/main/java/com/projectlibre1/scripting/formulas/SubprojectTaskFormula.java,projectlibre_core,java,HEAD,4ca20d673c62bfa7172a7ebbc8d4b2880514c948f91ccc47e100b7e3bdfddaa9,d2fa3c20a,openproj_core/src/com/projity/scripting/formulas/SubprojectTaskFormula.java,f5fae2c01008eb6e84b8b656a39af70a526e2f77624f15f629065e07e45fbd22,0530be227f4a10c5545cce8d3db20ac5a4d76a66,REVIEW_REQUIRED,ProjectLibre,true,REVIEW_REQUIRED,CPAL-1.0,KEEP_OPENPROJ,normalized content matches OpenProj baseline,
modules/projectlibre_core/src/main/java/com/projectlibre1/scripting/formulas/SummaryNodeFormula.java,projectlibre_core,java,HEAD,b52b318c03d4ae177b9bc9f1fc09d96628bceec075859b3ccbefb7ea5e7c9cd9,d2fa3c20a,,,0530be227f4a10c5545cce8d3db20ac5a4d76a66,REVIEW_REQUIRED,ProjectLibre,false,REVIEW_REQUIRED,CPAL-1.0,REVIEW,no path match in OpenProj baseline; classify origin manually,
modules/projectlibre_core/src/main/java/com/projectlibre1/scripting/formulas/SummaryTaskFormula.java,projectlibre_core,java,HEAD,07bf094db5dfd0eb27e6ed353291852d9d95496418d284ca583c3dbc8769d7b5,d2fa3c20a,openproj_core/src/com/projity/scripting/formulas/SummaryTaskFormula.java,5705c64eb2188a3bc571c70f43cc81e9ed62c7367f356eae7f44ddf16a31a20d,0530be227f4a10c5545cce8d3db20ac5a4d76a66,REVIEW_REQUIRED,ProjectLibre,true,REVIEW_REQUIRED,CPAL-1.0,KEEP_OPENPROJ,normalized content matches OpenProj baseline,
modules/projectlibre_core/src/main/java/com/projectlibre1/scripting/formulas/TaskFormula.java,projectlibre_core,java,HEAD,8a9d6918e33ffa349d4ce79fa2b000fc0da1b85f8bd4b450397a12f6d5349a5e,d2fa3c20a,openproj_core/src/com/projity/scripting/formulas/TaskFormula.java,a93df6104ee0c1124665d5369d59a0daff74dbd516645e5db3fe333a15913433,0530be227f4a10c5545cce8d3db20ac5a4d76a66,REVIEW_REQUIRED,ProjectLibre,false,REVIEW_REQUIRED,CPAL-1.0,REVIEW,OpenProj path exists but content differs; perform hunk-level comparison,
modules/projectlibre_core/src/main/java/com/projectlibre1/scripting/formulas/TrueFormula.java,projectlibre_core,java,HEAD,e908176d4919995844244a3bbabf9c3dd9714ae06d53068a5fab2edb0627d63e,d2fa3c20a,openproj_core/src/com/projity/scripting/formulas/TrueFormula.java,5c3d9e35544b3686687a80fb1af96485b11fe4c783614e9706f602782e252871,0530be227f4a10c5545cce8d3db20ac5a4d76a66,REVIEW_REQUIRED,ProjectLibre,true,REVIEW_REQUIRED,CPAL-1.0,KEEP_OPENPROJ,normalized content matches OpenProj baseline,
modules/projectlibre_core/src/main/java/com/projectlibre1/server/access/ErrorLogger.java,projectlibre_core,java,HEAD,10a34da273ec87284e58b8beb85c8975b658640ba48e1681d9239a46294b0a6a,d2fa3c20a,openproj_core/src/com/projity/server/access/ErrorLogger.java,8148ac9dcae43827b8577296ed5775e68ffdf89e00a3e6c10eb863751d82d8f9,0530be227f4a10c5545cce8d3db20ac5a4d76a66,REVIEW_REQUIRED,ProjectLibre,false,REVIEW_REQUIRED,CPAL-1.0,REVIEW,OpenProj path exists but content differs; perform hunk-level comparison,
modules/projectlibre_core/src/main/java/com/projectlibre1/server/access/PartnerInfo.java,projectlibre_core,java,HEAD,45fa352d248d1b15217314944939616ce2f5f1bc9fadbe942c03c87e164e4882,d2fa3c20a,openproj_core/src/com/projity/server/access/PartnerInfo.java,0dcf64743f9f7eeb9049bd4ff8096cec9d938af609302a17215eabb28198408c,0530be227f4a10c5545cce8d3db20ac5a4d76a66,REVIEW_REQUIRED,ProjectLibre,true,REVIEW_REQUIRED,CPAL-1.0,KEEP_OPENPROJ,normalized content matches OpenProj baseline,
modules/projectlibre_core/src/main/java/com/projectlibre1/server/data/CalendarData.java,projectlibre_core,java,HEAD,21a2abaaa766a8f88ee04b8d7fccf5a402719b065700acc29bb9df2874d8d02b,d2fa3c20a,,,0530be227f4a10c5545cce8d3db20ac5a4d76a66,REVIEW_REQUIRED,ProjectLibre,false,REVIEW_REQUIRED,CPAL-1.0,REVIEW,no path match in OpenProj baseline; classify origin manually,
modules/projectlibre_core/src/main/java/com/projectlibre1/server/data/CommonDataObject.java,projectlibre_core,java,HEAD,e79ca5b64b696ca3dfd59a22998acab32ec7336a5554aa7d8eaf397a8bc2922c,d2fa3c20a,openproj_core/src/com/projity/server/data/CommonDataObject.java,2eaf78d4263ff17e46956256f262db9e264840d03dc6d53ab2965828fe9fa628,0530be227f4a10c5545cce8d3db20ac5a4d76a66,REVIEW_REQUIRED,ProjectLibre,false,REVIEW_REQUIRED,CPAL-1.0,REVIEW,OpenProj path exists but content differs; perform hunk-level comparison,
modules/projectlibre_core/src/main/java/com/projectlibre1/server/data/DataObject.java,projectlibre_core,java,HEAD,8712b38d17a8d4707d62fd271a9e1679f98210c3a8fe2fb1d6503a60f1e17ca9,d2fa3c20a,openproj_core/src/com/projity/server/data/DataObject.java,fc59ee95987baf6ac2ee14ad6a0328aa6c44f162c0768945d59937b626506921,0530be227f4a10c5545cce8d3db20ac5a4d76a66,REVIEW_REQUIRED,ProjectLibre,true,REVIEW_REQUIRED,CPAL-1.0,KEEP_OPENPROJ,normalized content matches OpenProj baseline,
modules/projectlibre_core/src/main/java/com/projectlibre1/server/data/DataObjectConstants.java,projectlibre_core,java,HEAD,3c7bfd65affa23c69a696ab4b211c604ad5e93d7fc5ff2f4485a069cb3b1df52,d2fa3c20a,openproj_core/src/com/projity/server/data/DataObjectConstants.java,6617386295e2ca4012eae342758a0f0d0420fbf898527e13bd1399b25adec998,0530be227f4a10c5545cce8d3db20ac5a4d76a66,REVIEW_REQUIRED,ProjectLibre,true,REVIEW_REQUIRED,CPAL-1.0,KEEP_OPENPROJ,normalized content matches OpenProj baseline,
modules/projectlibre_core/src/main/java/com/projectlibre1/server/data/DataUtil.java,projectlibre_core,java,HEAD,377564ea83bd181a498250763807c92c8550b4ed6a60c307abde36f84772fd6b,d2fa3c20a,openproj_core/src/com/projity/server/data/DataUtil.java,811ce443c17129c98a7077dadb890bb756c0e3d03cb8adaa2a8c7023c22f2d4d,0530be227f4a10c5545cce8d3db20ac5a4d76a66,REVIEW_REQUIRED,ProjectLibre,false,REVIEW_REQUIRED,CPAL-1.0,REVIEW,OpenProj path exists but content differs; perform hunk-level comparison,
modules/projectlibre_core/src/main/java/com/projectlibre1/server/data/DistributionComparator.java,projectlibre_core,java,HEAD,72675e13d1019d5151418542c205a30895fdca10e10d476c862b378db3e0263f,d2fa3c20a,openproj_core/src/com/projity/server/data/DistributionComparator.java,6b3c9f110582c2be70c09871d1ba4e161eb197aeac6a0ebe06b7ea968023eaf0,0530be227f4a10c5545cce8d3db20ac5a4d76a66,REVIEW_REQUIRED,ProjectLibre,true,REVIEW_REQUIRED,CPAL-1.0,KEEP_OPENPROJ,normalized content matches OpenProj baseline,
modules/projectlibre_core/src/main/java/com/projectlibre1/server/data/DistributionConverter.java,projectlibre_core,java,HEAD,a6470964a6c294d6b756870391fa956f706c2e024af78556d866b90018f3a09f,d2fa3c20a,openproj_core/src/com/projity/server/data/DistributionConverter.java,95af08adbdced8223d28a7a7fd51cf1aba394a1488e00f53d82953613007f5af,0530be227f4a10c5545cce8d3db20ac5a4d76a66,REVIEW_REQUIRED,ProjectLibre,false,REVIEW_REQUIRED,CPAL-1.0,REVIEW,OpenProj path exists but content differs; perform hunk-level comparison,
modules/projectlibre_core/src/main/java/com/projectlibre1/server/data/DistributionData.java,projectlibre_core,java,HEAD,1417900ff57d74be8ac7b17ad52d1d4a368665dd033cdfe43433da8970773076,d2fa3c20a,openproj_core/src/com/projity/server/data/DistributionData.java,4b4187a616f6ddf34574ff4a9c92372d9e0fdb29d306cfbbb97fe12c3daa17ea,0530be227f4a10c5545cce8d3db20ac5a4d76a66,REVIEW_REQUIRED,ProjectLibre,true,REVIEW_REQUIRED,CPAL-1.0,KEEP_OPENPROJ,normalized content matches OpenProj baseline,
modules/projectlibre_core/src/main/java/com/projectlibre1/server/data/DocumentData.java,projectlibre_core,java,HEAD,6f034ec177b661410d4fa8efbc1618f75d1d161647f00b1a343b609586b75cd0,d2fa3c20a,openproj_core/src/com/projity/server/data/DocumentData.java,9e559e77cb6e7540c6a3034887b10d01dd0f0f80ca839ae3338001f44247d4d5,0530be227f4a10c5545cce8d3db20ac5a4d76a66,REVIEW_REQUIRED,ProjectLibre,true,REVIEW_REQUIRED,CPAL-1.0,KEEP_OPENPROJ,normalized content matches OpenProj baseline,
modules/projectlibre_core/src/main/java/com/projectlibre1/server/data/ExtendedDistributionData.java,projectlibre_core,java,HEAD,86f1818fed6238ad5ffa150788f7a78f54a56a1ae17328a0c1979209527d9956,d2fa3c20a,openproj_core/src/com/projity/server/data/ExtendedDistributionData.java,9fcff09a12fb6132a1da8e6c1fa62c0fcbf742cbaf3ef6c3146da9a7ab4f91f3,0530be227f4a10c5545cce8d3db20ac5a4d76a66,REVIEW_REQUIRED,ProjectLibre,true,REVIEW_REQUIRED,CPAL-1.0,KEEP_OPENPROJ,normalized content matches OpenProj baseline,
modules/projectlibre_core/src/main/java/com/projectlibre1/server/data/IDGenerator.java,projectlibre_core,java,HEAD,2327afe4dcedcee6f4ac6c403e64f24a169752b6ed2ab435a975d612dca8468b,d2fa3c20a,openproj_core/src/com/projity/server/data/IDGenerator.java,aa983eead2a58912717b2b90dd2a0f6f130b1431be34e77c023db250d3c1c5b9,0530be227f4a10c5545cce8d3db20ac5a4d76a66,REVIEW_REQUIRED,ProjectLibre,true,REVIEW_REQUIRED,CPAL-1.0,KEEP_OPENPROJ,normalized content matches OpenProj baseline,
modules/projectlibre_core/src/main/java/com/projectlibre1/server/data/ProjectData.java,projectlibre_core,java,HEAD,ecff36756dc81d8ab3aecce4c2ded589371f135086dee27a4d0a83df34882efd,d2fa3c20a,,,0530be227f4a10c5545cce8d3db20ac5a4d76a66,REVIEW_REQUIRED,ProjectLibre,false,REVIEW_REQUIRED,CPAL-1.0,REVIEW,no path match in OpenProj baseline; classify origin manually,
modules/projectlibre_core/src/main/java/com/projectlibre1/server/data/SerializedDataObject.java,projectlibre_core,java,HEAD,9d85b7f6be0af062b03d11fd7b8e141c15236288a276a3644c7a11b4d880df1a,d2fa3c20a,openproj_core/src/com/projity/server/data/SerializedDataObject.java,7e95b0736b7a345eaa54b8589c511f55ca1df4ce627008b687dde546ba66a00a,0530be227f4a10c5545cce8d3db20ac5a4d76a66,REVIEW_REQUIRED,ProjectLibre,false,REVIEW_REQUIRED,CPAL-1.0,REVIEW,OpenProj path exists but content differs; perform hunk-level comparison,
modules/projectlibre_core/src/main/java/com/projectlibre1/server/data/SerializedDataObjectFactory.java,projectlibre_core,java,HEAD,07b8d222e609f67e3dd9970264fd1fa102b26a3608b5d60efe400f6149bf2231,d2fa3c20a,openproj_core/src/com/projity/server/data/SerializedDataObjectFactory.java,3dcf6e5816c2420e645075b5c855f49059c447dadbdf1a8dd41e28237389c9de,0530be227f4a10c5545cce8d3db20ac5a4d76a66,REVIEW_REQUIRED,ProjectLibre,true,REVIEW_REQUIRED,CPAL-1.0,KEEP_OPENPROJ,normalized content matches OpenProj baseline,
modules/projectlibre_core/src/main/java/com/projectlibre1/server/data/TreeElement.java,projectlibre_core,java,HEAD,47def8b73171594210d04d0b527abda951041c0fd1e08041b4669819e41128f5,d2fa3c20a,openproj_core/src/com/projity/server/data/TreeElement.java,2c9bfdf9f26bb83104019dd4b5fdbd1c34b68e6586917e0d59cdc692cb90ef52,0530be227f4a10c5545cce8d3db20ac5a4d76a66,REVIEW_REQUIRED,ProjectLibre,true,REVIEW_REQUIRED,CPAL-1.0,KEEP_OPENPROJ,normalized content matches OpenProj baseline,
modules/projectlibre_core/src/main/java/com/projectlibre1/session/AbstractSession.java,projectlibre_core,java,HEAD,c6c81cea7b64b09ba3b0b8e227c6d0534a1c43490e180b08ddc9c1c4d5e84cae,d2fa3c20a,openproj_core/src/com/projity/session/AbstractSession.java,0b20d1c50dbe7623b95f68f05830244227c955cbc08f9b2e2025ddffd120c849,0530be227f4a10c5545cce8d3db20ac5a4d76a66,REVIEW_REQUIRED,ProjectLibre,true,REVIEW_REQUIRED,CPAL-1.0,KEEP_OPENPROJ,normalized content matches OpenProj baseline,
modules/projectlibre_core/src/main/java/com/projectlibre1/session/CreateOptions.java,projectlibre_core,java,HEAD,75866ba389c9af5dc3259e4b97faf63e95a3ca1b9392d6a3a0764ef372036153,d2fa3c20a,openproj_core/src/com/projity/session/CreateOptions.java,fb5b84b1d7ae617e2b90bacf22f239718cee2b7743f95a34277ff08017113a7a,0530be227f4a10c5545cce8d3db20ac5a4d76a66,REVIEW_REQUIRED,ProjectLibre,true,REVIEW_REQUIRED,CPAL-1.0,KEEP_OPENPROJ,normalized content matches OpenProj baseline,
modules/projectlibre_core/src/main/java/com/projectlibre1/session/FileHelper.java,projectlibre_core,java,HEAD,3b87e6c11ae66dcb3486b907043a0adde8cf0150525e1f18341dca7e6fbcd4b7,d2fa3c20a,openproj_core/src/com/projity/session/FileHelper.java,7eebafa8ba021deefb2b84797c64d792bdf14ebf0ad15fd15398d1eb80e7672a,0530be227f4a10c5545cce8d3db20ac5a4d76a66,REVIEW_REQUIRED,ProjectLibre,false,REVIEW_REQUIRED,CPAL-1.0,REVIEW,OpenProj path exists but content differs; perform hunk-level comparison,
modules/projectlibre_core/src/main/java/com/projectlibre1/session/LoadOptions.java,projectlibre_core,java,HEAD,fe05049915e2f34e9056ba5c53a343a94441e84d5a3caafa54d7d09d2cecaa3b,d2fa3c20a,openproj_core/src/com/projity/session/LoadOptions.java,85b1bc38d36261fddc8f6ea506ec66f250a4fd54ce17ae8447610d2a5c13a03c,0530be227f4a10c5545cce8d3db20ac5a4d76a66,REVIEW_REQUIRED,ProjectLibre,false,REVIEW_REQUIRED,CPAL-1.0,REVIEW,OpenProj path exists but content differs; perform hunk-level comparison,
modules/projectlibre_core/src/main/java/com/projectlibre1/session/LocalSession.java,projectlibre_core,java,HEAD,578dc404e8b77b54610c0871995895312c5dd0fb55265ed7a90e328e7d81309f,d2fa3c20a,openproj_core/src/com/projity/session/LocalSession.java,071758e49a5d32c514229d24f225f27b771c8e5101093c966b762ab980c29672,0530be227f4a10c5545cce8d3db20ac5a4d76a66,REVIEW_REQUIRED,ProjectLibre,false,REVIEW_REQUIRED,CPAL-1.0,REVIEW,OpenProj path exists but content differs; perform hunk-level comparison,
modules/projectlibre_core/src/main/java/com/projectlibre1/session/SaveOptions.java,projectlibre_core,java,HEAD,3b67c36ec3ef4f89633d16a270cee1004eff8315dff512baf206f42b7f7df2e4,d2fa3c20a,openproj_core/src/com/projity/session/SaveOptions.java,52c1c857d004802a23e3badfedef28c802665696d2dd373e4083ab584f35dbed,0530be227f4a10c5545cce8d3db20ac5a4d76a66,REVIEW_REQUIRED,ProjectLibre,false,REVIEW_REQUIRED,CPAL-1.0,REVIEW,OpenProj path exists but content differs; perform hunk-level comparison,
modules/projectlibre_core/src/main/java/com/projectlibre1/session/Session.java,projectlibre_core,java,HEAD,c1aa673979a33cced0e2ed5da6821b4201874a34aaa9e4ba54afeead1a783f73,d2fa3c20a,openproj_core/src/com/projity/session/Session.java,187d3e27243233e39e81c8f1a1b78de8a73126f35b13814d2da73fb508f78f08,0530be227f4a10c5545cce8d3db20ac5a4d76a66,REVIEW_REQUIRED,ProjectLibre,false,REVIEW_REQUIRED,CPAL-1.0,REVIEW,OpenProj path exists but content differs; perform hunk-level comparison,
modules/projectlibre_core/src/main/java/com/projectlibre1/session/SessionFactory.java,projectlibre_core,java,HEAD,4fcbdf816406e3d8abf51b2cdf205ab08d09318e5788439c75952cc4c44892a4,d2fa3c20a,openproj_core/src/com/projity/session/SessionFactory.java,72e1063a60263ed02841cfbb975d17b17ca023244b2660fcabdad277fb49d823,0530be227f4a10c5545cce8d3db20ac5a4d76a66,REVIEW_REQUIRED,ProjectLibre,false,REVIEW_REQUIRED,CPAL-1.0,REVIEW,OpenProj path exists but content differs; perform hunk-level comparison,
modules/projectlibre_core/src/main/java/com/projectlibre1/strings/DirectoryClassLoader.java,projectlibre_core,java,HEAD,bef46e8d55c3067c8a9efdde8bb9700854b4a19f594de63b76c410847f2e5f59,d2fa3c20a,openproj_core/src/com/projity/strings/DirectoryClassLoader.java,b7e0882952f7127ba8f0eaf92b981a76857e74228c303ba2606a385152540c82,0530be227f4a10c5545cce8d3db20ac5a4d76a66,REVIEW_REQUIRED,ProjectLibre,false,REVIEW_REQUIRED,CPAL-1.0,REVIEW,OpenProj path exists but content differs; perform hunk-level comparison,
modules/projectlibre_core/src/main/java/com/projectlibre1/strings/Messages.java,projectlibre_core,java,HEAD,714a3caea2a4404e30c58b88cf4aaedbfe1ca5fc0439e423565fc266ead691d0,d2fa3c20a,openproj_core/src/com/projity/strings/Messages.java,4f42a22a9d9af837398917207097ca01359bf26991b5893133e86d822b4b9627,0530be227f4a10c5545cce8d3db20ac5a4d76a66,REVIEW_REQUIRED,ProjectLibre,false,REVIEW_REQUIRED,CPAL-1.0,REVIEW,OpenProj path exists but content differs; perform hunk-level comparison,
modules/projectlibre_core/src/main/java/com/projectlibre1/timescale/CalendarUtil.java,projectlibre_core,java,HEAD,23b123f1db5e3487dbd609003bc13c591dff1f2d595ad8cb27da31af13df2029,d2fa3c20a,openproj_core/src/com/projity/timescale/CalendarUtil.java,6d76b56799211053aceb2944b94f899ecd2a42940ecd2baaf87b8890c37ef095,0530be227f4a10c5545cce8d3db20ac5a4d76a66,REVIEW_REQUIRED,ProjectLibre,true,REVIEW_REQUIRED,CPAL-1.0,KEEP_OPENPROJ,normalized content matches OpenProj baseline,
modules/projectlibre_core/src/main/java/com/projectlibre1/timescale/ExtendedDateFormat.java,projectlibre_core,java,HEAD,df91949b4c8ad0c089d20f445245f23f8e1a73941e9f7ac8dd3e68f413c15fe5,d2fa3c20a,openproj_core/src/com/projity/timescale/ExtendedDateFormat.java,68e2f160c04d2faec0751c93c1c8c3ed07683e7e84a6bd0d23f9469ba0bb79eb,0530be227f4a10c5545cce8d3db20ac5a4d76a66,REVIEW_REQUIRED,ProjectLibre,true,REVIEW_REQUIRED,CPAL-1.0,KEEP_OPENPROJ,normalized content matches OpenProj baseline,
modules/projectlibre_core/src/main/java/com/projectlibre1/timescale/TimeInterval.java,projectlibre_core,java,HEAD,cd7810dce9ba5111f39cc895e8193bfd37461ed339c23625bd70c52e34394b7f,d2fa3c20a,openproj_core/src/com/projity/timescale/TimeInterval.java,8202e14668f17228e6c19f82a86710063f07555e33b965ba62983b9b4e636f22,0530be227f4a10c5545cce8d3db20ac5a4d76a66,REVIEW_REQUIRED,ProjectLibre,false,REVIEW_REQUIRED,CPAL-1.0,REVIEW,OpenProj path exists but content differs; perform hunk-level comparison,
modules/projectlibre_core/src/main/java/com/projectlibre1/timescale/TimeIterator.java,projectlibre_core,java,HEAD,4cca6b2964d7ce343695fd93c838a686ae0cba8160e28fc422071f160cbf6f0f,d2fa3c20a,openproj_core/src/com/projity/timescale/TimeIterator.java,7b9dab0efcc141f2043655f22680646a035719aca28c4503f1e73256b4a28300,0530be227f4a10c5545cce8d3db20ac5a4d76a66,REVIEW_REQUIRED,ProjectLibre,true,REVIEW_REQUIRED,CPAL-1.0,KEEP_OPENPROJ,normalized content matches OpenProj baseline,
modules/projectlibre_core/src/main/java/com/projectlibre1/timescale/TimeScale.java,projectlibre_core,java,HEAD,213f51fa40cb6f579e1eaa94d64a6b87f5b5a9ef65ef269dc0906fea7f101e54,d2fa3c20a,openproj_core/src/com/projity/timescale/TimeScale.java,b0b46ed59c7be9df93b7f5dd3bdeb501d528522d9f32b74a8f2203c28d5104b5,0530be227f4a10c5545cce8d3db20ac5a4d76a66,REVIEW_REQUIRED,ProjectLibre,false,REVIEW_REQUIRED,CPAL-1.0,REVIEW,OpenProj path exists but content differs; perform hunk-level comparison,
modules/projectlibre_core/src/main/java/com/projectlibre1/timescale/TimeScaleEvent.java,projectlibre_core,java,HEAD,9f9318633a8876dffe42701f97e7d5cc74752eeb4e04fe47c422dd45ce4e9c67,d2fa3c20a,openproj_core/src/com/projity/timescale/TimeScaleEvent.java,a34c3a37c29f7ecf2571bb87e234a9ff80c35139fe061caee9f8cc779aa5a9de,0530be227f4a10c5545cce8d3db20ac5a4d76a66,REVIEW_REQUIRED,ProjectLibre,true,REVIEW_REQUIRED,CPAL-1.0,KEEP_OPENPROJ,normalized content matches OpenProj baseline,
modules/projectlibre_core/src/main/java/com/projectlibre1/timescale/TimeScaleListener.java,projectlibre_core,java,HEAD,10721dbf3be8444bb7cc5a50649492724dcb2f84263ace829870111b09406080,d2fa3c20a,openproj_core/src/com/projity/timescale/TimeScaleListener.java,70f613ee3f349db5f713264403cff0c6b32f4b3a50f4e98cadb8fcd169bbe61a,0530be227f4a10c5545cce8d3db20ac5a4d76a66,REVIEW_REQUIRED,ProjectLibre,true,REVIEW_REQUIRED,CPAL-1.0,KEEP_OPENPROJ,normalized content matches OpenProj baseline,
modules/projectlibre_core/src/main/java/com/projectlibre1/timescale/TimeScaleManager.java,projectlibre_core,java,HEAD,3e4c78e61009eebee1c55aa6c54d446a021ab0e3436e9fd63d99e55b4004fb7c,d2fa3c20a,openproj_core/src/com/projity/timescale/TimeScaleManager.java,3fa95e6c0f01c312db5eb46a2d9e2bfb02f080737a411081c3c41ff9645dc377,0530be227f4a10c5545cce8d3db20ac5a4d76a66,REVIEW_REQUIRED,ProjectLibre,false,REVIEW_REQUIRED,CPAL-1.0,REVIEW,OpenProj path exists but content differs; perform hunk-level comparison,
modules/projectlibre_core/src/main/java/com/projectlibre1/transaction/MultipleTransaction.java,projectlibre_core,java,HEAD,73a388dd00181ab50c2c13ae853dbcf2e6eb581921d1bd41f1587b069a8f8115,d2fa3c20a,openproj_core/src/com/projity/transaction/MultipleTransaction.java,bf20544e1c6627206c5c825b2a6557ad3d11f9de597f887665ff20a4b70369d9,0530be227f4a10c5545cce8d3db20ac5a4d76a66,REVIEW_REQUIRED,ProjectLibre,true,REVIEW_REQUIRED,CPAL-1.0,KEEP_OPENPROJ,normalized content matches OpenProj baseline,
modules/projectlibre_core/src/main/java/com/projectlibre1/transaction/MultipleTransactionManager.java,projectlibre_core,java,HEAD,b6b58724f0fbb9bed9c3d3e6ab8040417e20bdf2874398aaddf5ffd41e9eb64d,d2fa3c20a,openproj_core/src/com/projity/transaction/MultipleTransactionManager.java,52e3768e69d2e896bba85ea305ea18de8767c900977d82353447069b6284420e,0530be227f4a10c5545cce8d3db20ac5a4d76a66,REVIEW_REQUIRED,ProjectLibre,true,REVIEW_REQUIRED,CPAL-1.0,KEEP_OPENPROJ,normalized content matches OpenProj baseline,
modules/projectlibre_core/src/main/java/com/projectlibre1/undo/AssignmentCreationEdit.java,projectlibre_core,java,HEAD,31805a6570651678fc1cb2b028b6c1b55352ccf32f0b60d7abf707aafeab53ed,d2fa3c20a,openproj_core/src/com/projity/undo/AssignmentCreationEdit.java,ea1d7c483fa9c5459ccd68f462f919f5bb1fc29d1c295a99b156da0073be10e5,0530be227f4a10c5545cce8d3db20ac5a4d76a66,REVIEW_REQUIRED,ProjectLibre,true,REVIEW_REQUIRED,CPAL-1.0,KEEP_OPENPROJ,normalized content matches OpenProj baseline,
modules/projectlibre_core/src/main/java/com/projectlibre1/undo/AssignmentDeletionEdit.java,projectlibre_core,java,HEAD,40c8ea2ca3ffd332953066e7f419ab94022eb2aebb831cbbd25a337815c6a39a,d2fa3c20a,openproj_core/src/com/projity/undo/AssignmentDeletionEdit.java,6455c3358e9e4493f35b2d26ab2e987cf3503cf56946de72786e8515952995f6,0530be227f4a10c5545cce8d3db20ac5a4d76a66,REVIEW_REQUIRED,ProjectLibre,true,REVIEW_REQUIRED,CPAL-1.0,KEEP_OPENPROJ,normalized content matches OpenProj baseline,
modules/projectlibre_core/src/main/java/com/projectlibre1/undo/AssignmentSetFieldsEdit.java,projectlibre_core,java,HEAD,c0a45677cf65d226da491519cf1fc1dbf30c34a8dbbfcbe56d74fb76b7fd4461,d2fa3c20a,openproj_core/src/com/projity/undo/AssignmentSetFieldsEdit.java,565eca7a1e2bac5a19b23271753dcb95e152581ffb1131325ae662dfada999a7,0530be227f4a10c5545cce8d3db20ac5a4d76a66,REVIEW_REQUIRED,ProjectLibre,false,REVIEW_REQUIRED,CPAL-1.0,REVIEW,OpenProj path exists but content differs; perform hunk-level comparison,
modules/projectlibre_core/src/main/java/com/projectlibre1/undo/CalendarEdit.java,projectlibre_core,java,HEAD,51a2d3c436f2c0a1e855486a9d24c8e6196ab3b6424d45c01ba47e54f4e5a9ef,d2fa3c20a,openproj_core/src/com/projity/undo/CalendarEdit.java,6e8eac1577bece1bbc95fae6564f77440cdfb9e1dcad95c20383c0381f286836,0530be227f4a10c5545cce8d3db20ac5a4d76a66,REVIEW_REQUIRED,ProjectLibre,true,REVIEW_REQUIRED,CPAL-1.0,KEEP_OPENPROJ,normalized content matches OpenProj baseline,
modules/projectlibre_core/src/main/java/com/projectlibre1/undo/ClearSnapshotEdit.java,projectlibre_core,java,HEAD,e9f07632fca04b785e33a9444f1ad93c4aab0db768d5db14a27a705259d3545d,d2fa3c20a,openproj_core/src/com/projity/undo/ClearSnapshotEdit.java,79451537016149c2d6e5ac4ca48fe32856df4d86453f7f3229c1b69ee9719d93,0530be227f4a10c5545cce8d3db20ac5a4d76a66,REVIEW_REQUIRED,ProjectLibre,true,REVIEW_REQUIRED,CPAL-1.0,KEEP_OPENPROJ,normalized content matches OpenProj baseline,
modules/projectlibre_core/src/main/java/com/projectlibre1/undo/CommandInfo.java,projectlibre_core,java,HEAD,27d00158dc07bc2380b6aca2c11337ad046776d9b66e8b4ec6503de2ffa0b233,d2fa3c20a,openproj_core/src/com/projity/undo/CommandInfo.java,37d00fdb6ef94640011a18604e8f2956c479410b90262e1d3ca56f8c2a98ca34,0530be227f4a10c5545cce8d3db20ac5a4d76a66,REVIEW_REQUIRED,ProjectLibre,false,REVIEW_REQUIRED,CPAL-1.0,REVIEW,OpenProj path exists but content differs; perform hunk-level comparison,
modules/projectlibre_core/src/main/java/com/projectlibre1/undo/DataFactoryUndoController.java,projectlibre_core,java,HEAD,96c8559c6cada93b29784896f602fd500fe1d59be87e3bd691589262220fc0e2,d2fa3c20a,openproj_core/src/com/projity/undo/DataFactoryUndoController.java,2ff47d756cd6ba1328035aa00bca2c0c28187aa1079b7b126714aecf82287f6b,0530be227f4a10c5545cce8d3db20ac5a4d76a66,REVIEW_REQUIRED,ProjectLibre,true,REVIEW_REQUIRED,CPAL-1.0,KEEP_OPENPROJ,normalized content matches OpenProj baseline,
modules/projectlibre_core/src/main/java/com/projectlibre1/undo/DependencyCreationEdit.java,projectlibre_core,java,HEAD,474b22559ae9622a68e484825910a00802a1147e6dfdb8947c6d292c46111837,d2fa3c20a,openproj_core/src/com/projity/undo/DependencyCreationEdit.java,172af81ebcf571bd536fe7ebe019eba254ec8c0996fa994832b8ec06cb7ad6c6,0530be227f4a10c5545cce8d3db20ac5a4d76a66,REVIEW_REQUIRED,ProjectLibre,true,REVIEW_REQUIRED,CPAL-1.0,KEEP_OPENPROJ,normalized content matches OpenProj baseline,
modules/projectlibre_core/src/main/java/com/projectlibre1/undo/DependencyDeletionEdit.java,projectlibre_core,java,HEAD,40d59a8cec0bcaf888e6f6a1d6f6dd2e6e0d7b86348ed52a03bb42ab8dbadb24,d2fa3c20a,openproj_core/src/com/projity/undo/DependencyDeletionEdit.java,f74d0991383eab4a9bcb9ded4443fb2d1245ac166242a68455258e4a855a6002,0530be227f4a10c5545cce8d3db20ac5a4d76a66,REVIEW_REQUIRED,ProjectLibre,true,REVIEW_REQUIRED,CPAL-1.0,KEEP_OPENPROJ,normalized content matches OpenProj baseline,
modules/projectlibre_core/src/main/java/com/projectlibre1/undo/DependencySetFieldsEdit.java,projectlibre_core,java,HEAD,89e1cc720acec1cc4a27b825e53003e9b8df7770a6c73121c1dad6f05e7e1981,d2fa3c20a,openproj_core/src/com/projity/undo/DependencySetFieldsEdit.java,33c9b73d8d33ef5cdb1fc8ad727c2762d778c7d83a05c735a4da1059a65cef83,0530be227f4a10c5545cce8d3db20ac5a4d76a66,REVIEW_REQUIRED,ProjectLibre,false,REVIEW_REQUIRED,CPAL-1.0,REVIEW,OpenProj path exists but content differs; perform hunk-level comparison,
modules/projectlibre_core/src/main/java/com/projectlibre1/undo/FieldEdit.java,projectlibre_core,java,HEAD,508f07301e1eede9ae9a2be813188eb92940e96bab987ea330b24d7948d022bc,d2fa3c20a,openproj_core/src/com/projity/undo/FieldEdit.java,cd82e39aab3f5cd3ff254b04660b4d12a9500af4d2d9b4cdd93f4646a72d7ee8,0530be227f4a10c5545cce8d3db20ac5a4d76a66,REVIEW_REQUIRED,ProjectLibre,false,REVIEW_REQUIRED,CPAL-1.0,REVIEW,OpenProj path exists but content differs; perform hunk-level comparison,
modules/projectlibre_core/src/main/java/com/projectlibre1/undo/ModelFieldEdit.java,projectlibre_core,java,HEAD,dc18c6bee81935e5688d945463fe7210fb49da38bbb9b3ab57f6ffa9839fcfbc,d2fa3c20a,openproj_core/src/com/projity/undo/ModelFieldEdit.java,fae1f56eb6da3491cb51e342d24f2808ad2f040e61c925129da54128c26ce043,0530be227f4a10c5545cce8d3db20ac5a4d76a66,REVIEW_REQUIRED,ProjectLibre,false,REVIEW_REQUIRED,CPAL-1.0,REVIEW,OpenProj path exists but content differs; perform hunk-level comparison,
modules/projectlibre_core/src/main/java/com/projectlibre1/undo/NodeCreationEdit.java,projectlibre_core,java,HEAD,3d3f34801a1d7d922d7471c33a6212e2972a6d4534625eb24ede7986b1d5d36c,d2fa3c20a,openproj_core/src/com/projity/undo/NodeCreationEdit.java,95e4e5944946879ac5a05c22743dd063430458b0e0bb9545d5101938706f9ddd,0530be227f4a10c5545cce8d3db20ac5a4d76a66,REVIEW_REQUIRED,ProjectLibre,false,REVIEW_REQUIRED,CPAL-1.0,REVIEW,OpenProj path exists but content differs; perform hunk-level comparison,
modules/projectlibre_core/src/main/java/com/projectlibre1/undo/NodeDeletionEdit.java,projectlibre_core,java,HEAD,c365d02631d5f96449e25b2ae3a40f719de7b4584f1db6b3ba8d52335d18aab5,d2fa3c20a,openproj_core/src/com/projity/undo/NodeDeletionEdit.java,1549aa3194c8dcdfdb4a30838aec9c5036df0bbbb921c2c3954e4b1a4a363c42,0530be227f4a10c5545cce8d3db20ac5a4d76a66,REVIEW_REQUIRED,ProjectLibre,false,REVIEW_REQUIRED,CPAL-1.0,REVIEW,OpenProj path exists but content differs; perform hunk-level comparison,
modules/projectlibre_core/src/main/java/com/projectlibre1/undo/NodeImplChangeAndValueSetEdit.java,projectlibre_core,java,HEAD,04311c6cd7e3eaeb8388897e17b4ed51c1e27ebef79b521174ec5b5b41d64056,d2fa3c20a,openproj_core/src/com/projity/undo/NodeImplChangeAndValueSetEdit.java,9911c3d8cce5f5ae6b5b5b807cf2550e5990d19b43f404dc39fc3daf25b9dddc,0530be227f4a10c5545cce8d3db20ac5a4d76a66,REVIEW_REQUIRED,ProjectLibre,false,REVIEW_REQUIRED,CPAL-1.0,REVIEW,OpenProj path exists but content differs; perform hunk-level comparison,
modules/projectlibre_core/src/main/java/com/projectlibre1/undo/NodeImplChangeEdit.java,projectlibre_core,java,HEAD,1502e8180b72d63fbb58248f7020bfc0c61084c68fd148fdd179cda3b3729a2b,d2fa3c20a,openproj_core/src/com/projity/undo/NodeImplChangeEdit.java,3716655c264114eb5834df76ab50db8e81dcd0486190c88a8b033e99d3e8b580,0530be227f4a10c5545cce8d3db20ac5a4d76a66,REVIEW_REQUIRED,ProjectLibre,true,REVIEW_REQUIRED,CPAL-1.0,KEEP_OPENPROJ,normalized content matches OpenProj baseline,
modules/projectlibre_core/src/main/java/com/projectlibre1/undo/NodeIndentEdit.java,projectlibre_core,java,HEAD,d538e1ca5ffa366a27357d2039d67940f875dd373821a6fe46d40cc4ba4e3522,d2fa3c20a,openproj_core/src/com/projity/undo/NodeIndentEdit.java,0e95d558e39527427526bee048e9117adf934d149e82130f5a7203394d490ed5,0530be227f4a10c5545cce8d3db20ac5a4d76a66,REVIEW_REQUIRED,ProjectLibre,false,REVIEW_REQUIRED,CPAL-1.0,REVIEW,OpenProj path exists but content differs; perform hunk-level comparison,
modules/projectlibre_core/src/main/java/com/projectlibre1/undo/NodePasteEdit.java,projectlibre_core,java,HEAD,5a37c3c393ab1668d519fdeea22e3c684dee90e941bd1dff4502ce65af4dfd1c,d2fa3c20a,openproj_core/src/com/projity/undo/NodePasteEdit.java,caa0d87c8609aeddf34e7a92bad1bb54fbddf605dc7e67d7881e0c1abdb88d22,0530be227f4a10c5545cce8d3db20ac5a4d76a66,REVIEW_REQUIRED,ProjectLibre,true,REVIEW_REQUIRED,CPAL-1.0,KEEP_OPENPROJ,normalized content matches OpenProj baseline,
modules/projectlibre_core/src/main/java/com/projectlibre1/undo/NodeUndoInfo.java,projectlibre_core,java,HEAD,9c49c9ca60764423e4cce9656af48ce7c1542b1557987c3cec75196b2a5c31c2,d2fa3c20a,openproj_core/src/com/projity/undo/NodeUndoInfo.java,372dd1dfb477d5a837666963f42fcd54a334dfe40875fc9d21204bc2557124dc,0530be227f4a10c5545cce8d3db20ac5a4d76a66,REVIEW_REQUIRED,ProjectLibre,true,REVIEW_REQUIRED,CPAL-1.0,KEEP_OPENPROJ,normalized content matches OpenProj baseline,
modules/projectlibre_core/src/main/java/com/projectlibre1/undo/SaveSnapshotEdit.java,projectlibre_core,java,HEAD,2afbcd7f193078dac99bcacd34918732b3f341c03229c2aa52bdac52ca0bb6c2,d2fa3c20a,openproj_core/src/com/projity/undo/SaveSnapshotEdit.java,68b4accbab8cbe0a174eef5be9031db10c7cc42c623b2b10ec1d20dfa64498fe,0530be227f4a10c5545cce8d3db20ac5a4d76a66,REVIEW_REQUIRED,ProjectLibre,true,REVIEW_REQUIRED,CPAL-1.0,KEEP_OPENPROJ,normalized content matches OpenProj baseline,
modules/projectlibre_core/src/main/java/com/projectlibre1/undo/ScheduleBackupEdit.java,projectlibre_core,java,HEAD,9f3d9a3b193b937befa97af4cdce1bfe9e2ef1cdfdaeb23621de1556f5d7172d,d2fa3c20a,openproj_core/src/com/projity/undo/ScheduleBackupEdit.java,0984db109b76812df53699d36e8411f825091a764b551330cfe932d6d2bca8b7,0530be227f4a10c5545cce8d3db20ac5a4d76a66,REVIEW_REQUIRED,ProjectLibre,true,REVIEW_REQUIRED,CPAL-1.0,KEEP_OPENPROJ,normalized content matches OpenProj baseline,
modules/projectlibre_core/src/main/java/com/projectlibre1/undo/ScheduleEdit.java,projectlibre_core,java,HEAD,3b3b1bc39a90195314e2badb2e107d31954db7460819bdefc20c84fe36191ebe,d2fa3c20a,openproj_core/src/com/projity/undo/ScheduleEdit.java,69aef153f44f51d3cad648b1da3269cf3a23d895adbb2070173958374918eca4,0530be227f4a10c5545cce8d3db20ac5a4d76a66,REVIEW_REQUIRED,ProjectLibre,false,REVIEW_REQUIRED,CPAL-1.0,REVIEW,OpenProj path exists but content differs; perform hunk-level comparison,
modules/projectlibre_core/src/main/java/com/projectlibre1/undo/SplitEdit.java,projectlibre_core,java,HEAD,36fefba64c9cda40c8eb27b6606b28d8855d3189ad7618fc398d5f54be8656e4,d2fa3c20a,openproj_core/src/com/projity/undo/SplitEdit.java,148db3ca08f2e82bab0fc89d81ac94e4c3ae708e76abcf1c86af31cc7af072e2,0530be227f4a10c5545cce8d3db20ac5a4d76a66,REVIEW_REQUIRED,ProjectLibre,false,REVIEW_REQUIRED,CPAL-1.0,REVIEW,OpenProj path exists but content differs; perform hunk-level comparison,
modules/projectlibre_core/src/main/java/com/projectlibre1/undo/TaskConstraintEdit.java,projectlibre_core,java,HEAD,47ab5eca4b67588b24c3a74f8622babf2a9c80d9d1468e914e24716de98ab4d3,d2fa3c20a,,,0530be227f4a10c5545cce8d3db20ac5a4d76a66,REVIEW_REQUIRED,ProjectLibre,false,REVIEW_REQUIRED,CPAL-1.0,REVIEW,no path match in OpenProj baseline; classify origin manually,
modules/projectlibre_core/src/main/java/com/projectlibre1/undo/UndoController.java,projectlibre_core,java,HEAD,e4f6b31cc135084381d4b58b7df259b95640a6c58c86d7b59dbcc9d036f14143,d2fa3c20a,openproj_core/src/com/projity/undo/UndoController.java,7be3c7c13a08662283100b4ed7ddd004c32eb5ed3dfcf497355cfbacbd29007b,0530be227f4a10c5545cce8d3db20ac5a4d76a66,REVIEW_REQUIRED,ProjectLibre,false,REVIEW_REQUIRED,CPAL-1.0,REVIEW,OpenProj path exists but content differs; perform hunk-level comparison,
modules/projectlibre_core/src/main/java/com/projectlibre1/util/Alert.java,projectlibre_core,java,HEAD,e32e58a11f3838c3558e9d5324c31ddeffef1072c21cf1742175455bd479ccca,d2fa3c20a,openproj_core/src/com/projity/util/Alert.java,9b5ba7e5b6710ff8fe7872985f32fd55e9f4c8ad5251cf450abb9e1607b19475,0530be227f4a10c5545cce8d3db20ac5a4d76a66,REVIEW_REQUIRED,ProjectLibre,false,REVIEW_REQUIRED,CPAL-1.0,REVIEW,OpenProj path exists but content differs; perform hunk-level comparison,
modules/projectlibre_core/src/main/java/com/projectlibre1/util/ArrayUtils.java,projectlibre_core,java,HEAD,b63fb695563950c25c53860cfd196d318b555907ff87ec7891fba7f1d77d7f3b,d2fa3c20a,openproj_core/src/com/projity/util/ArrayUtils.java,c67d142583b2d3ae5fdf9e66a4cdd4c8e78f3299be470e430f602937af6abb8b,0530be227f4a10c5545cce8d3db20ac5a4d76a66,REVIEW_REQUIRED,ProjectLibre,true,REVIEW_REQUIRED,CPAL-1.0,KEEP_OPENPROJ,normalized content matches OpenProj baseline,
modules/projectlibre_core/src/main/java/com/projectlibre1/util/BrowserControl.java,projectlibre_core,java,HEAD,f4bd635bc9a5e85cd5b3e6108cb6673308cb83839d04922e26ed75e515692bb4,d2fa3c20a,openproj_core/src/com/projity/util/BrowserControl.java,a10b39026682b50b403be7d05d4f7d842960a9e26ce8c0e65d48008a2a674c2a,0530be227f4a10c5545cce8d3db20ac5a4d76a66,REVIEW_REQUIRED,ProjectLibre,false,REVIEW_REQUIRED,CPAL-1.0,REVIEW,OpenProj path exists but content differs; perform hunk-level comparison,
modules/projectlibre_core/src/main/java/com/projectlibre1/util/ClassLoaderUtils.java,projectlibre_core,java,HEAD,88c2aad17c7800e9479db22c772584c878f25630a746bac7e585214b6da85d6f,d2fa3c20a,openproj_core/src/com/projity/util/ClassLoaderUtils.java,89ba235704f4c8a96c6a6d1e5c78585ae6bc9948aa7febe679490dff73b34f49,0530be227f4a10c5545cce8d3db20ac5a4d76a66,REVIEW_REQUIRED,ProjectLibre,true,REVIEW_REQUIRED,CPAL-1.0,KEEP_OPENPROJ,normalized content matches OpenProj baseline,
modules/projectlibre_core/src/main/java/com/projectlibre1/util/ClassUtils.java,projectlibre_core,java,HEAD,37548b210a35d8ccb6f45da8652359af8a3124b84ba82a64e8610e14a464d955,d2fa3c20a,openproj_core/src/com/projity/util/ClassUtils.java,e4d5c4eb7a586efbd60bedc3d2ab6df50534aad05c540873a8067bfc0e7b4612,0530be227f4a10c5545cce8d3db20ac5a4d76a66,REVIEW_REQUIRED,ProjectLibre,false,REVIEW_REQUIRED,CPAL-1.0,REVIEW,OpenProj path exists but content differs; perform hunk-level comparison,
modules/projectlibre_core/src/main/java/com/projectlibre1/util/DataUtils.java,projectlibre_core,java,HEAD,b4fb7ed67002efd0552c1d9d79471f43b675f3155e34856996090bcf6a68b7a4,d2fa3c20a,openproj_core/src/com/projity/util/DataUtils.java,7ff148e1d3bc2ccc55558036fea1f316f1f6d61435c02437590d36715976895d,0530be227f4a10c5545cce8d3db20ac5a4d76a66,REVIEW_REQUIRED,ProjectLibre,false,REVIEW_REQUIRED,CPAL-1.0,REVIEW,OpenProj path exists but content differs; perform hunk-level comparison,
modules/projectlibre_core/src/main/java/com/projectlibre1/util/DateTime.java,projectlibre_core,java,HEAD,5588f7b7932e10dcea22275b006569d03774e8cfa36796577160aee873d9d67f,d2fa3c20a,openproj_core/src/com/projity/util/DateTime.java,cfbb411fb8472a7e5b1fc01c908b90f62d39ca43f801e38862d5e0991def937d,0530be227f4a10c5545cce8d3db20ac5a4d76a66,REVIEW_REQUIRED,ProjectLibre,false,REVIEW_REQUIRED,CPAL-1.0,REVIEW,OpenProj path exists but content differs; perform hunk-level comparison,
modules/projectlibre_core/src/main/java/com/projectlibre1/util/DebugUtils.java,projectlibre_core,java,HEAD,3c9dc96baa18583bbfe2e14dee2d0424f4be944967384ec74f2137725c4db30e,d2fa3c20a,openproj_core/src/com/projity/util/DebugUtils.java,16d042c12c95622b1564ebc942460768539f485fa1d7fb27d41a02f1e7e65fa1,0530be227f4a10c5545cce8d3db20ac5a4d76a66,REVIEW_REQUIRED,ProjectLibre,false,REVIEW_REQUIRED,CPAL-1.0,REVIEW,OpenProj path exists but content differs; perform hunk-level comparison,
modules/projectlibre_core/src/main/java/com/projectlibre1/util/DisplayMath.java,projectlibre_core,java,HEAD,181a1371cd527a1783712eaa9545d9e5f12ab962f3dff806fa44257c347935c5,d2fa3c20a,,,0530be227f4a10c5545cce8d3db20ac5a4d76a66,REVIEW_REQUIRED,Unknown,false,REVIEW_REQUIRED,REVIEW_REQUIRED,REVIEW,no path match in OpenProj baseline; classify origin manually,
modules/projectlibre_core/src/main/java/com/projectlibre1/util/Environment.java,projectlibre_core,java,HEAD,7a4395045310eae8372b4b1458ced815cfe274a77bae764195a02d92510531fd,d2fa3c20a,openproj_core/src/com/projity/util/Environment.java,96c0dadee5d2acd862318034f12acd05acf65040baa2afab6ba9f3d8364f60cb,0530be227f4a10c5545cce8d3db20ac5a4d76a66,REVIEW_REQUIRED,ProjectLibre,false,REVIEW_REQUIRED,CPAL-1.0,REVIEW,OpenProj path exists but content differs; perform hunk-level comparison,
modules/projectlibre_core/src/main/java/com/projectlibre1/util/Factory.java,projectlibre_core,java,HEAD,b15b3d4e6e3e9b539883b945cd5deb5f4398df859dc087ff808027c18a50b3f3,d2fa3c20a,openproj_core/src/com/projity/util/Factory.java,7ec4058171a296d27cf7533667f0e56627b0d61fbda8983a6e13d156c5930524,0530be227f4a10c5545cce8d3db20ac5a4d76a66,REVIEW_REQUIRED,ProjectLibre,false,REVIEW_REQUIRED,CPAL-1.0,REVIEW,OpenProj path exists but content differs; perform hunk-level comparison,
modules/projectlibre_core/src/main/java/com/projectlibre1/util/FontUtil.java,projectlibre_core,java,HEAD,d9b149eff5eab32a6c19d38e2642e42e2739d1c7fb484d5373c4ae80da002e7f,d2fa3c20a,openproj_core/src/com/projity/util/FontUtil.java,77dde8c6ed944b55ebf0c073dd5687c37d2e716b22b001041c978968264c8cb5,0530be227f4a10c5545cce8d3db20ac5a4d76a66,REVIEW_REQUIRED,ProjectLibre,false,REVIEW_REQUIRED,CPAL-1.0,REVIEW,OpenProj path exists but content differs; perform hunk-level comparison,
modules/projectlibre_core/src/main/java/com/projectlibre1/util/MathUtils.java,projectlibre_core,java,HEAD,8efb15d0425b9b87f7b5bea79f4849266f97e6fdae082543fb24a14b8ec02b42,d2fa3c20a,openproj_core/src/com/projity/util/MathUtils.java,3cfa7bd287791750fefb5a61775267fd78fb35feb7366b7f08e26534d693ac38,0530be227f4a10c5545cce8d3db20ac5a4d76a66,REVIEW_REQUIRED,ProjectLibre,true,REVIEW_REQUIRED,CPAL-1.0,KEEP_OPENPROJ,normalized content matches OpenProj baseline,
modules/projectlibre_core/src/main/java/com/projectlibre1/util/PdfExportUtil.java,projectlibre_core,java,HEAD,253b7fe13ff18380e3633b92641689d8ed7c6a13d9b7f84db6bf6f2571dc0372,d2fa3c20a,,,0530be227f4a10c5545cce8d3db20ac5a4d76a66,REVIEW_REQUIRED,Unknown,false,REVIEW_REQUIRED,REVIEW_REQUIRED,REVIEW,no path match in OpenProj baseline; classify origin manually,
modules/projectlibre_core/src/main/java/com/projectlibre1/util/PopupDialogSupport.java,projectlibre_core,java,HEAD,ad46c008358b8b102f91624f6ad795e648ef7aa1602f870bd5ad548349c34d59,d2fa3c20a,,,0530be227f4a10c5545cce8d3db20ac5a4d76a66,REVIEW_REQUIRED,Unknown,false,REVIEW_REQUIRED,REVIEW_REQUIRED,REVIEW,no path match in OpenProj baseline; classify origin manually,
modules/projectlibre_core/src/main/java/com/projectlibre1/util/SafeObjectInput.java,projectlibre_core,java,HEAD,7075f0bf45bf1c2a89950e14ce035e54d9803259b6393540d1b5d518947ff0f4,d2fa3c20a,,,0530be227f4a10c5545cce8d3db20ac5a4d76a66,REVIEW_REQUIRED,Unknown,false,REVIEW_REQUIRED,REVIEW_REQUIRED,REVIEW,no path match in OpenProj baseline; classify origin manually,
modules/projectlibre_core/src/main/java/com/projectlibre1/util/SpecialDateFormat.java,projectlibre_core,java,HEAD,3e7fa09de596335f5a2892bb917a640ffb04c6f714db54fa6552cc975b8c218b,d2fa3c20a,openproj_core/src/com/projity/util/SpecialDateFormat.java,798b0ad106267f3f4c5e827d0f710b8a9c24a2035c5572b9451207471633b4a0,0530be227f4a10c5545cce8d3db20ac5a4d76a66,REVIEW_REQUIRED,ProjectLibre,true,REVIEW_REQUIRED,CPAL-1.0,KEEP_OPENPROJ,normalized content matches OpenProj baseline,
modules/projectlibre_core/src/main/java/com/projectlibre1/util/TimeInputParser.java,projectlibre_core,java,HEAD,cba1ec364425f1d79903e9483068908050dbb5f177f9feac41002a1fd3adf85c,d2fa3c20a,,,0530be227f4a10c5545cce8d3db20ac5a4d76a66,REVIEW_REQUIRED,Unknown,false,REVIEW_REQUIRED,REVIEW_REQUIRED,REVIEW,no path match in OpenProj baseline; classify origin manually,
modules/projectlibre_core/src/main/java/com/projectlibre1/util/TracingClassLoader.java,projectlibre_core,java,HEAD,308016ed8061aea817711ae32a128247f78347c543cc88356d063dd915f805d3,d2fa3c20a,openproj_core/src/com/projity/util/TracingClassLoader.java,e7a32699f89450b5e03f82e5606e413a025163b6fdbe07a8b6b4b2bde02fb80b,0530be227f4a10c5545cce8d3db20ac5a4d76a66,REVIEW_REQUIRED,ProjectLibre,false,REVIEW_REQUIRED,CPAL-1.0,REVIEW,OpenProj path exists but content differs; perform hunk-level comparison,
modules/projectlibre_core/src/main/java/com/projectlibre1/util/UiServices.java,projectlibre_core,java,HEAD,4a2abcb72e84ab0c4bc8244a7d2228d8626c17b7372b5a0339ebbd375c6fa774,d2fa3c20a,,,0530be227f4a10c5545cce8d3db20ac5a4d76a66,REVIEW_REQUIRED,ProjectLibre,false,REVIEW_REQUIRED,CPAL-1.0,REVIEW,no path match in OpenProj baseline; classify origin manually,
modules/projectlibre_core/src/main/java/com/projectlibre1/util/VersionUtils.java,projectlibre_core,java,HEAD,93f76a76e21c581c02536986341b16756deca3d183017d959b07169b20e05c20,d2fa3c20a,openproj_core/src/com/projity/util/VersionUtils.java,ecc09f9b6a7fbea2075109ef173f782ecd142e9e820398ac16ca34896cd98cca,0530be227f4a10c5545cce8d3db20ac5a4d76a66,REVIEW_REQUIRED,ProjectLibre,false,REVIEW_REQUIRED,CPAL-1.0,REVIEW,OpenProj path exists but content differs; perform hunk-level comparison,
modules/projectlibre_core/src/main/java/com/projectlibre1/util/YearlessDateInputParser.java,projectlibre_core,java,HEAD,6a0290468a1c6c1c668b57fd9a37c712462fb0284c3a208a20e72eb56aa366aa,d2fa3c20a,,,0530be227f4a10c5545cce8d3db20ac5a4d76a66,REVIEW_REQUIRED,Unknown,false,REVIEW_REQUIRED,REVIEW_REQUIRED,REVIEW,no path match in OpenProj baseline; classify origin manually,
modules/projectlibre_core/src/main/java/com/projectlibre1/workspace/SavableToWorkspace.java,projectlibre_core,java,HEAD,d568206d6e8defd129dd7a0f358e6e0d1b446d37a0b2a618a389952f26338417,d2fa3c20a,openproj_core/src/com/projity/workspace/SavableToWorkspace.java,edacc8595b9260722685dafd71087e66cd64b26b69f75c2c9283059427383b2e,0530be227f4a10c5545cce8d3db20ac5a4d76a66,REVIEW_REQUIRED,ProjectLibre,true,REVIEW_REQUIRED,CPAL-1.0,KEEP_OPENPROJ,normalized content matches OpenProj baseline,
modules/projectlibre_core/src/main/java/com/projectlibre1/workspace/WorkspaceSetting.java,projectlibre_core,java,HEAD,8d7855e0c32d9842d4e9c27d90fa4d6745a6eed21ff6930fa93010ccfb1ec570,d2fa3c20a,openproj_core/src/com/projity/workspace/WorkspaceSetting.java,315f5cb05c5e1fd236504ddc337d3be9528595971587756967c83140fc0d857a,0530be227f4a10c5545cce8d3db20ac5a4d76a66,REVIEW_REQUIRED,ProjectLibre,true,REVIEW_REQUIRED,CPAL-1.0,KEEP_OPENPROJ,normalized content matches OpenProj baseline,
modules/projectlibre_core/src/main/java/org/projectlibre/core/configuration/Configuration.java,projectlibre_core,java,HEAD,d180f461b2aa7a4004715ed681572e05e816e9af91c844e366fb73ee6bec7505,d2fa3c20a,,,0530be227f4a10c5545cce8d3db20ac5a4d76a66,REVIEW_REQUIRED,ProjectLibre,false,REVIEW_REQUIRED,CPAL-1.0,REVIEW,no path match in OpenProj baseline; classify origin manually,
modules/projectlibre_core/src/main/java/org/projectlibre/core/configuration/ConfigurationFile.java,projectlibre_core,java,HEAD,7f6f30d0976c70196d696e222284ea9affe864da56718091a1220545b14c246f,d2fa3c20a,,,0530be227f4a10c5545cce8d3db20ac5a4d76a66,REVIEW_REQUIRED,ProjectLibre,false,REVIEW_REQUIRED,CPAL-1.0,REVIEW,no path match in OpenProj baseline; classify origin manually,
modules/projectlibre_core/src/main/java/org/projectlibre/core/configuration/CoreConfiguration.java,projectlibre_core,java,HEAD,0a5f3bdad435b113472f7b35fd809395983d066986ac2b6d887e80f168fbfa7f,d2fa3c20a,,,0530be227f4a10c5545cce8d3db20ac5a4d76a66,REVIEW_REQUIRED,ProjectLibre,false,REVIEW_REQUIRED,CPAL-1.0,REVIEW,no path match in OpenProj baseline; classify origin manually,
modules/projectlibre_core/src/main/java/org/projectlibre/core/configuration/adapters/DictionaryAdapter.java,projectlibre_core,java,HEAD,795511412210c672b9815adad6e97b5b488077b57067b8de50e15ebd89599e10,d2fa3c20a,,,0530be227f4a10c5545cce8d3db20ac5a4d76a66,REVIEW_REQUIRED,ProjectLibre,false,REVIEW_REQUIRED,CPAL-1.0,REVIEW,no path match in OpenProj baseline; classify origin manually,
modules/projectlibre_core/src/main/java/org/projectlibre/core/configuration/adapters/DictionaryAdapterList.java,projectlibre_core,java,HEAD,d1b754d6e2f9db67307281d1db75518e2e31015c23764809bd498f904c7d0405,d2fa3c20a,,,0530be227f4a10c5545cce8d3db20ac5a4d76a66,REVIEW_REQUIRED,ProjectLibre,false,REVIEW_REQUIRED,CPAL-1.0,REVIEW,no path match in OpenProj baseline; classify origin manually,
modules/projectlibre_core/src/main/java/org/projectlibre/core/configuration/adapters/MapAdapter.java,projectlibre_core,java,HEAD,2f267ceb3bbe8a1bdb24ec370e52ca8e9479344dc499b70ac957cb4ef72f4f00,d2fa3c20a,,,0530be227f4a10c5545cce8d3db20ac5a4d76a66,REVIEW_REQUIRED,ProjectLibre,false,REVIEW_REQUIRED,CPAL-1.0,REVIEW,no path match in OpenProj baseline; classify origin manually,
modules/projectlibre_core/src/main/java/org/projectlibre/core/configuration/adapters/MapAdapterEntry.java,projectlibre_core,java,HEAD,f658c031d5a347c87284ccd2d6ebd8a2a2f11a5082f39cc79f57562d84f820bf,d2fa3c20a,,,0530be227f4a10c5545cce8d3db20ac5a4d76a66,REVIEW_REQUIRED,ProjectLibre,false,REVIEW_REQUIRED,CPAL-1.0,REVIEW,no path match in OpenProj baseline; classify origin manually,
modules/projectlibre_core/src/main/java/org/projectlibre/core/configuration/adapters/MapAdapterList.java,projectlibre_core,java,HEAD,9bf72e66a486f5257415b62ae186b5f0c087dce3d9e5ac13b953e8012caa331a,d2fa3c20a,,,0530be227f4a10c5545cce8d3db20ac5a4d76a66,REVIEW_REQUIRED,ProjectLibre,false,REVIEW_REQUIRED,CPAL-1.0,REVIEW,no path match in OpenProj baseline; classify origin manually,
modules/projectlibre_core/src/main/java/org/projectlibre/core/dictionary/Dictionary.java,projectlibre_core,java,HEAD,653915e0e2b3b19d7f5cc4f9d34ccbc1867e58d0531aa807926e946eeb9c1d86,d2fa3c20a,,,0530be227f4a10c5545cce8d3db20ac5a4d76a66,REVIEW_REQUIRED,ProjectLibre,false,REVIEW_REQUIRED,CPAL-1.0,REVIEW,no path match in OpenProj baseline; classify origin manually,
modules/projectlibre_core/src/main/java/org/projectlibre/core/dictionary/DictionaryCategory.java,projectlibre_core,java,HEAD,128df955df08c1f194c0b6f2416a8439df3c904147a2ff37aa982e04571e7313,d2fa3c20a,,,0530be227f4a10c5545cce8d3db20ac5a4d76a66,REVIEW_REQUIRED,ProjectLibre,false,REVIEW_REQUIRED,CPAL-1.0,REVIEW,no path match in OpenProj baseline; classify origin manually,
modules/projectlibre_core/src/main/java/org/projectlibre/core/dictionary/HasCategories.java,projectlibre_core,java,HEAD,0e6380aa327294e9411626afb7bfe5f7058555e56bf3fafac31bb7dc287845ab,d2fa3c20a,,,0530be227f4a10c5545cce8d3db20ac5a4d76a66,REVIEW_REQUIRED,ProjectLibre,false,REVIEW_REQUIRED,CPAL-1.0,REVIEW,no path match in OpenProj baseline; classify origin manually,
modules/projectlibre_core/src/main/java/org/projectlibre/core/dictionary/HasStringId.java,projectlibre_core,java,HEAD,d1545bef24d0fc49aeb8b3a98cae715dea642e72f66b2c58dd6189e5301fa94e,d2fa3c20a,,,0530be227f4a10c5545cce8d3db20ac5a4d76a66,REVIEW_REQUIRED,ProjectLibre,false,REVIEW_REQUIRED,CPAL-1.0,REVIEW,no path match in OpenProj baseline; classify origin manually,
modules/projectlibre_core/src/main/java/org/projectlibre/core/util/ArrayFormatException.java,projectlibre_core,java,HEAD,b2c60d48a2c3005d0e3c552a139281efc5f7af2fd1e6cc961bb4e8aa3aca7824,d2fa3c20a,,,0530be227f4a10c5545cce8d3db20ac5a4d76a66,REVIEW_REQUIRED,ProjectLibre,false,REVIEW_REQUIRED,CPAL-1.0,REVIEW,no path match in OpenProj baseline; classify origin manually,
modules/projectlibre_core/src/main/java/org/projectlibre/core/util/ArrayUtil.java,projectlibre_core,java,HEAD,7a8d25b54f3f736b6d2d81845d237e2b0d1a54398ba83892823a8971955cc668,d2fa3c20a,,,0530be227f4a10c5545cce8d3db20ac5a4d76a66,REVIEW_REQUIRED,ProjectLibre,false,REVIEW_REQUIRED,CPAL-1.0,REVIEW,no path match in OpenProj baseline; classify origin manually,
modules/projectlibre_core/src/main/java/org/projectlibre/core/util/PLClosure.java,projectlibre_core,java,HEAD,7838241f1b60d399c9d05bcee3666442dcada29923e046774d3dd512910a3dd2,d2fa3c20a,,,0530be227f4a10c5545cce8d3db20ac5a4d76a66,REVIEW_REQUIRED,ProjectLibre,false,REVIEW_REQUIRED,CPAL-1.0,REVIEW,no path match in OpenProj baseline; classify origin manually,
modules/projectlibre_core/src/main/java/org/projectlibre/core/util/PLFunctionUtil.java,projectlibre_core,java,HEAD,4697bf0d0032a906afef18c95ff66c69b17879768434c1e89a910ffc39ce399d,d2fa3c20a,,,0530be227f4a10c5545cce8d3db20ac5a4d76a66,REVIEW_REQUIRED,ProjectLibre,false,REVIEW_REQUIRED,CPAL-1.0,REVIEW,no path match in OpenProj baseline; classify origin manually,
modules/projectlibre_core/src/main/java/org/projectlibre/core/util/ResourceUtil.java,projectlibre_core,java,HEAD,f1ac3610c283ab491e22d8077c11225109456f5038ca1aca021925eed22f511d,d2fa3c20a,,,0530be227f4a10c5545cce8d3db20ac5a4d76a66,REVIEW_REQUIRED,ProjectLibre,false,REVIEW_REQUIRED,CPAL-1.0,REVIEW,no path match in OpenProj baseline; classify origin manually,
modules/projectlibre_core/src/main/java/org/projectlibre/strings/Strings.java,projectlibre_core,java,HEAD,3b92623577cfa1435c607a66d6fbb8c28cac592ca0c08bb9725b45c10511a751,d2fa3c20a,,,0530be227f4a10c5545cce8d3db20ac5a4d76a66,REVIEW_REQUIRED,ProjectLibre,false,REVIEW_REQUIRED,CPAL-1.0,REVIEW,no path match in OpenProj baseline; classify origin manually,
modules/projectlibre_core/src/main/java/org/projectlibre1/util/UpdateChecker.java,projectlibre_core,java,HEAD,70331c513888ff9e42eb8e59a014c594fcaae6e55c4487c116b67fd220a08005,d2fa3c20a,,,0530be227f4a10c5545cce8d3db20ac5a4d76a66,REVIEW_REQUIRED,ProjectLibre,false,REVIEW_REQUIRED,CPAL-1.0,REVIEW,no path match in OpenProj baseline; classify origin manually,
modules/projectlibre_core/src/main/java/org/projectlibre1/util/UpdateCheckerFormula.java,projectlibre_core,java,HEAD,00683daed2973c86d2a48f94aa91d43db30b29ed23b5cb8e5156b5d0a10c2f67,d2fa3c20a,,,0530be227f4a10c5545cce8d3db20ac5a4d76a66,REVIEW_REQUIRED,ProjectLibre,false,REVIEW_REQUIRED,CPAL-1.0,REVIEW,no path match in OpenProj baseline; classify origin manually,
modules/projectlibre_core/src/main/resources/com/projectlibre1/configuration/configuration.xml,projectlibre_core,resource,HEAD,242ec80e6c7ae5568b23569d4352b3f3a150e8423a71b54d7a202b166c76244f,d2fa3c20a,openproj_core/src/com/projity/configuration/configuration.xml,cc75d082bde34d7cfa39f63302ba5d77570a5fb75f739e911c4b99616087f09b,0530be227f4a10c5545cce8d3db20ac5a4d76a66,REVIEW_REQUIRED,ProjectLibre,false,REVIEW_REQUIRED,CPAL-1.0,REVIEW,OpenProj path exists but content differs; perform hunk-level comparison,
modules/projectlibre_core/src/main/resources/com/projectlibre1/configuration/meta.properties,projectlibre_core,resource,HEAD,5705710005f4353141eef2d6c8bd005ce2a0b8b12aae530247f4632bdf40c0d0,d2fa3c20a,openproj_core/src/com/projity/configuration/meta.properties,e89914af5db38ef0661cb05c5459f3e84b983289c77ee2eaa23703fbf14f2260,0530be227f4a10c5545cce8d3db20ac5a4d76a66,REVIEW_REQUIRED,ProjectLibre,false,REVIEW_REQUIRED,CPAL-1.0,REVIEW,OpenProj path exists but content differs; perform hunk-level comparison,
modules/projectlibre_core/src/main/resources/com/projectlibre1/configuration/view.xml,projectlibre_core,resource,HEAD,6221d200f77e8ae34dff25a906df4db4bef93fbc7189e5692d5c8fe3ad677f03,d2fa3c20a,openproj_core/src/com/projity/configuration/view.xml,7f4a9a231a3d0e830a606cecb34c335f93ea81bbb4bcb04abc9ac7f8d938ec2a,0530be227f4a10c5545cce8d3db20ac5a4d76a66,REVIEW_REQUIRED,ProjectLibre,false,REVIEW_REQUIRED,CPAL-1.0,REVIEW,OpenProj path exists but content differs; perform hunk-level comparison,
modules/projectlibre_core/src/main/resources/com/projectlibre1/strings/.!4080!client_it.properties,projectlibre_core,resource,HEAD,a57e6f4ff39a8499bb34c588ebcd46c51ac58725e405af22e2987096d960c0f6,d2fa3c20a,,,0530be227f4a10c5545cce8d3db20ac5a4d76a66,REVIEW_REQUIRED,ProjectLibre,false,REVIEW_REQUIRED,CPAL-1.0,REVIEW,no path match in OpenProj baseline; classify origin manually,
modules/projectlibre_core/src/main/resources/com/projectlibre1/strings/.!4085!client_it.properties,projectlibre_core,resource,HEAD,a57e6f4ff39a8499bb34c588ebcd46c51ac58725e405af22e2987096d960c0f6,d2fa3c20a,,,0530be227f4a10c5545cce8d3db20ac5a4d76a66,REVIEW_REQUIRED,ProjectLibre,false,REVIEW_REQUIRED,CPAL-1.0,REVIEW,no path match in OpenProj baseline; classify origin manually,
modules/projectlibre_core/src/main/resources/com/projectlibre1/strings/.!4091!client_it.properties,projectlibre_core,resource,HEAD,a57e6f4ff39a8499bb34c588ebcd46c51ac58725e405af22e2987096d960c0f6,d2fa3c20a,,,0530be227f4a10c5545cce8d3db20ac5a4d76a66,REVIEW_REQUIRED,ProjectLibre,false,REVIEW_REQUIRED,CPAL-1.0,REVIEW,no path match in OpenProj baseline; classify origin manually,
modules/projectlibre_core/src/main/resources/com/projectlibre1/strings/.!4094!client_it.properties,projectlibre_core,resource,HEAD,a57e6f4ff39a8499bb34c588ebcd46c51ac58725e405af22e2987096d960c0f6,d2fa3c20a,,,0530be227f4a10c5545cce8d3db20ac5a4d76a66,REVIEW_REQUIRED,ProjectLibre,false,REVIEW_REQUIRED,CPAL-1.0,REVIEW,no path match in OpenProj baseline; classify origin manually,
modules/projectlibre_core/src/main/resources/com/projectlibre1/strings/.!4101!client_it.properties,projectlibre_core,resource,HEAD,a57e6f4ff39a8499bb34c588ebcd46c51ac58725e405af22e2987096d960c0f6,d2fa3c20a,,,0530be227f4a10c5545cce8d3db20ac5a4d76a66,REVIEW_REQUIRED,ProjectLibre,false,REVIEW_REQUIRED,CPAL-1.0,REVIEW,no path match in OpenProj baseline; classify origin manually,
modules/projectlibre_core/src/main/resources/com/projectlibre1/strings/.!4111!client_de.properties,projectlibre_core,resource,HEAD,2f5690af5e648b98b61c64bbd464ddcd0ec96d7bf5593cf438028e093593f8b2,d2fa3c20a,,,0530be227f4a10c5545cce8d3db20ac5a4d76a66,REVIEW_REQUIRED,ProjectLibre,false,REVIEW_REQUIRED,CPAL-1.0,REVIEW,no path match in OpenProj baseline; classify origin manually,
modules/projectlibre_core/src/main/resources/com/projectlibre1/strings/.!4116!client_es2.properties,projectlibre_core,resource,HEAD,c17446cf2a6dcdc56e733853a81b75370b14ff98f80dc66086ed4f94070caab0,d2fa3c20a,,,0530be227f4a10c5545cce8d3db20ac5a4d76a66,REVIEW_REQUIRED,ProjectLibre,false,REVIEW_REQUIRED,CPAL-1.0,REVIEW,no path match in OpenProj baseline; classify origin manually,
modules/projectlibre_core/src/main/resources/com/projectlibre1/strings/.!4121!client_fi.properties,projectlibre_core,resource,HEAD,8600f91505a7de66e1b1cb15630e35f6acebc66d0ed941d3a1dd42b84243c7d6,d2fa3c20a,,,0530be227f4a10c5545cce8d3db20ac5a4d76a66,REVIEW_REQUIRED,ProjectLibre,false,REVIEW_REQUIRED,CPAL-1.0,REVIEW,no path match in OpenProj baseline; classify origin manually,
modules/projectlibre_core/src/main/resources/com/projectlibre1/strings/client.properties,projectlibre_core,resource,HEAD,da3b72bca67e60736197ad1e4298d19741572b51c52704c3a86225fdb51c5242,d2fa3c20a,openproj_core/src/com/projity/strings/client.properties,4d6a07ea83a0059409519057e47c4f980c12ee1c476fc1fd2fe68aca8a2e4a16,0530be227f4a10c5545cce8d3db20ac5a4d76a66,REVIEW_REQUIRED,ProjectLibre,false,REVIEW_REQUIRED,CPAL-1.0,REVIEW,OpenProj path exists but content differs; perform hunk-level comparison,
modules/projectlibre_core/src/main/resources/com/projectlibre1/strings/client_ar.properties,projectlibre_core,resource,HEAD,ef972b6b5314db89950b266830793d30ed90710f2daea010adb3a803a8709f61,d2fa3c20a,,,0530be227f4a10c5545cce8d3db20ac5a4d76a66,REVIEW_REQUIRED,ProjectLibre,false,REVIEW_REQUIRED,CPAL-1.0,REVIEW,no path match in OpenProj baseline; classify origin manually,
modules/projectlibre_core/src/main/resources/com/projectlibre1/strings/client_cs.properties,projectlibre_core,resource,HEAD,3ab3fbec5991269f3786da85d9f271261ecf6a155f17b3d7772164d821ad0e4b,d2fa3c20a,openproj_core/src/com/projity/strings/client_cs.properties,f80c55cd8de08526b876caf57cdbdcb3a7d841fd78e132177afb6d44875545bc,0530be227f4a10c5545cce8d3db20ac5a4d76a66,REVIEW_REQUIRED,ProjectLibre,false,REVIEW_REQUIRED,CPAL-1.0,REVIEW,OpenProj path exists but content differs; perform hunk-level comparison,
modules/projectlibre_core/src/main/resources/com/projectlibre1/strings/client_da.properties,projectlibre_core,resource,HEAD,f25830264d943291966387fe969e1df8b53df8fe2dff86c67896576cfe850915,d2fa3c20a,,,0530be227f4a10c5545cce8d3db20ac5a4d76a66,REVIEW_REQUIRED,ProjectLibre,false,REVIEW_REQUIRED,CPAL-1.0,REVIEW,no path match in OpenProj baseline; classify origin manually,
modules/projectlibre_core/src/main/resources/com/projectlibre1/strings/client_de.properties,projectlibre_core,resource,HEAD,6011ac1499c0e43e13eb880490406b89a1075b60696119d95228f19779637523,d2fa3c20a,openproj_core/src/com/projity/strings/client_de.properties,1e14bf76c810ca8381ad4c8240215b6cfb37befa5a15e8f54b0e904b1304d022,0530be227f4a10c5545cce8d3db20ac5a4d76a66,REVIEW_REQUIRED,ProjectLibre,false,REVIEW_REQUIRED,CPAL-1.0,REVIEW,OpenProj path exists but content differs; perform hunk-level comparison,
modules/projectlibre_core/src/main/resources/com/projectlibre1/strings/client_el.properties,projectlibre_core,resource,HEAD,72b8b5473be97ea0b44f111ce55b66a174c35994d992353e771b7d2e4a95d37c,d2fa3c20a,,,0530be227f4a10c5545cce8d3db20ac5a4d76a66,REVIEW_REQUIRED,ProjectLibre,false,REVIEW_REQUIRED,CPAL-1.0,REVIEW,no path match in OpenProj baseline; classify origin manually,
modules/projectlibre_core/src/main/resources/com/projectlibre1/strings/client_es.properties,projectlibre_core,resource,HEAD,63378bdd451c88ec06f9de4df7b9333e5176f867ee61b0d1302fd044082baa54,d2fa3c20a,openproj_core/src/com/projity/strings/client_es.properties,867c71d7d1a28522602327e3387edd7943ca5aba6e426931bc8adbb2cae22369,0530be227f4a10c5545cce8d3db20ac5a4d76a66,REVIEW_REQUIRED,ProjectLibre,false,REVIEW_REQUIRED,CPAL-1.0,REVIEW,OpenProj path exists but content differs; perform hunk-level comparison,
modules/projectlibre_core/src/main/resources/com/projectlibre1/strings/client_es2.properties,projectlibre_core,resource,HEAD,47f6afd76ed66943fbddb6a92bc34cdda301a494d51b98dba51a734c40738fc9,d2fa3c20a,,,0530be227f4a10c5545cce8d3db20ac5a4d76a66,REVIEW_REQUIRED,ProjectLibre,false,REVIEW_REQUIRED,CPAL-1.0,REVIEW,no path match in OpenProj baseline; classify origin manually,
modules/projectlibre_core/src/main/resources/com/projectlibre1/strings/client_fa.properties,projectlibre_core,resource,HEAD,04feea5271f5f8d2f51d39bc613b4d4f2db32568b4b0b976a7d0e9db6010e824,d2fa3c20a,openproj_core/src/com/projity/strings/client_fa.properties,221703fe3f4d85e3bd92eb6540597c06f0c49175c15cde51e6c234291d1269b7,0530be227f4a10c5545cce8d3db20ac5a4d76a66,REVIEW_REQUIRED,ProjectLibre,false,REVIEW_REQUIRED,CPAL-1.0,REVIEW,OpenProj path exists but content differs; perform hunk-level comparison,
modules/projectlibre_core/src/main/resources/com/projectlibre1/strings/client_fi.properties,projectlibre_core,resource,HEAD,b10274743dc10983815dc113603f412d140e4296cbe74cba1a6192b55f328b28,d2fa3c20a,openproj_core/src/com/projity/strings/client_fi.properties,baf326b59536cdda4c2ace60f04ff1ec4ee40b725a5ab52df61e43fef6674798,0530be227f4a10c5545cce8d3db20ac5a4d76a66,REVIEW_REQUIRED,ProjectLibre,false,REVIEW_REQUIRED,CPAL-1.0,REVIEW,OpenProj path exists but content differs; perform hunk-level comparison,
modules/projectlibre_core/src/main/resources/com/projectlibre1/strings/client_fr.properties,projectlibre_core,resource,HEAD,27d3648c28caf219fb3bde8729adb521664635512226afd3a7add2c966d39237,d2fa3c20a,openproj_core/src/com/projity/strings/client_fr.properties,dbd07719eed67f5050e77b553b4ae1df0d464f19b33a3a2f9c0ec594671234c2,0530be227f4a10c5545cce8d3db20ac5a4d76a66,REVIEW_REQUIRED,ProjectLibre,false,REVIEW_REQUIRED,CPAL-1.0,REVIEW,OpenProj path exists but content differs; perform hunk-level comparison,
modules/projectlibre_core/src/main/resources/com/projectlibre1/strings/client_fr2.properties,projectlibre_core,resource,HEAD,8c306c0769acdf62fc9b87fa200f2c76b1e59860d81bbe01d315210ee22edab1,d2fa3c20a,,,0530be227f4a10c5545cce8d3db20ac5a4d76a66,REVIEW_REQUIRED,ProjectLibre,false,REVIEW_REQUIRED,CPAL-1.0,REVIEW,no path match in OpenProj baseline; classify origin manually,
modules/projectlibre_core/src/main/resources/com/projectlibre1/strings/client_gl.properties,projectlibre_core,resource,HEAD,54250f9afc308284878d41b13b53ff753fe1a98ffd97a02675b9633f03b784d1,d2fa3c20a,openproj_core/src/com/projity/strings/client_gl.properties,1cd59dc27af0ee03fc2d72f79e3fa67ff3c5f152f6d516e13bdfd19718e1fe35,0530be227f4a10c5545cce8d3db20ac5a4d76a66,REVIEW_REQUIRED,ProjectLibre,false,REVIEW_REQUIRED,CPAL-1.0,REVIEW,OpenProj path exists but content differs; perform hunk-level comparison,
modules/projectlibre_core/src/main/resources/com/projectlibre1/strings/client_hi.properties,projectlibre_core,resource,HEAD,3161a93797a421247c4cc5a909f16ff2e5af16dd3f453650c2cdf5d5551aa97e,d2fa3c20a,,,0530be227f4a10c5545cce8d3db20ac5a4d76a66,REVIEW_REQUIRED,ProjectLibre,false,REVIEW_REQUIRED,CPAL-1.0,REVIEW,no path match in OpenProj baseline; classify origin manually,
modules/projectlibre_core/src/main/resources/com/projectlibre1/strings/client_it.properties,projectlibre_core,resource,HEAD,2ac79f730faf3bc99f9d268d704e012d7721e4b9d3bd08449576fa8f29ce7259,d2fa3c20a,,,0530be227f4a10c5545cce8d3db20ac5a4d76a66,REVIEW_REQUIRED,ProjectLibre,false,REVIEW_REQUIRED,CPAL-1.0,REVIEW,no path match in OpenProj baseline; classify origin manually,
modules/projectlibre_core/src/main/resources/com/projectlibre1/strings/client_it2.properties,projectlibre_core,resource,HEAD,6613cad9f526db212d5490fa00042af8b38a147012549c67b92f6c1451b33924,d2fa3c20a,,,0530be227f4a10c5545cce8d3db20ac5a4d76a66,REVIEW_REQUIRED,ProjectLibre,false,REVIEW_REQUIRED,CPAL-1.0,REVIEW,no path match in OpenProj baseline; classify origin manually,
modules/projectlibre_core/src/main/resources/com/projectlibre1/strings/client_ja.properties,projectlibre_core,resource,HEAD,39543d8d5777079ce43c335fb2ec4d72df71041f71f855110bd3aa67dbc93fb6,d2fa3c20a,,,0530be227f4a10c5545cce8d3db20ac5a4d76a66,REVIEW_REQUIRED,ProjectLibre,false,REVIEW_REQUIRED,CPAL-1.0,REVIEW,no path match in OpenProj baseline; classify origin manually,
modules/projectlibre_core/src/main/resources/com/projectlibre1/strings/client_kh.properties,projectlibre_core,resource,HEAD,52d7dda428f9401c36ec00eec02f6066a51073aa93d3006f55c5a8c128043b05,d2fa3c20a,,,0530be227f4a10c5545cce8d3db20ac5a4d76a66,REVIEW_REQUIRED,ProjectLibre,false,REVIEW_REQUIRED,CPAL-1.0,REVIEW,no path match in OpenProj baseline; classify origin manually,
modules/projectlibre_core/src/main/resources/com/projectlibre1/strings/client_km.properties,projectlibre_core,resource,HEAD,6ec8b159d4684be4cf0e59349bd8629df799813e9d5fd418414bf0b40a5d09da,d2fa3c20a,,,0530be227f4a10c5545cce8d3db20ac5a4d76a66,REVIEW_REQUIRED,ProjectLibre,false,REVIEW_REQUIRED,CPAL-1.0,REVIEW,no path match in OpenProj baseline; classify origin manually,
modules/projectlibre_core/src/main/resources/com/projectlibre1/strings/client_ko.properties,projectlibre_core,resource,HEAD,7598bb4234be7167f76bf98e6a27b1c65611f20e0ea9559f958ea1cf345d6d5a,d2fa3c20a,openproj_core/src/com/projity/strings/client_ko.properties,79eade05ac28ec3bbcd5e8db2fa04d750268902c5e669d5ade18779788cb5133,0530be227f4a10c5545cce8d3db20ac5a4d76a66,REVIEW_REQUIRED,ProjectLibre,false,REVIEW_REQUIRED,CPAL-1.0,REVIEW,OpenProj path exists but content differs; perform hunk-level comparison,
modules/projectlibre_core/src/main/resources/com/projectlibre1/strings/client_nl.properties,projectlibre_core,resource,HEAD,7a8248af997d0191b941e3248d56b63c7b22ad27447f9b9bb1a42d2f69a87883,d2fa3c20a,openproj_core/src/com/projity/strings/client_nl.properties,93fe737cecf1ceceb4530afde5012a8bf864d4be45c6e228a8ee9a5c7e695328,0530be227f4a10c5545cce8d3db20ac5a4d76a66,REVIEW_REQUIRED,ProjectLibre,false,REVIEW_REQUIRED,CPAL-1.0,REVIEW,OpenProj path exists but content differs; perform hunk-level comparison,
modules/projectlibre_core/src/main/resources/com/projectlibre1/strings/client_pt.properties,projectlibre_core,resource,HEAD,0096ad628d5de7fd0b2bbc1ca7912d2ded78b0e0ab28f7e916df6164b62dceef,d2fa3c20a,openproj_core/src/com/projity/strings/client_pt.properties,401578818e7b014cea7b5cd7824fc0bc15f20419a72289d82f4b75ee13cc3aa5,0530be227f4a10c5545cce8d3db20ac5a4d76a66,REVIEW_REQUIRED,ProjectLibre,false,REVIEW_REQUIRED,CPAL-1.0,REVIEW,OpenProj path exists but content differs; perform hunk-level comparison,
modules/projectlibre_core/src/main/resources/com/projectlibre1/strings/client_pt2.properties,projectlibre_core,resource,HEAD,7c11e2f5afa5f3df84df69663c4b1664820a0784e0726b306abd2fe8981c466d,d2fa3c20a,,,0530be227f4a10c5545cce8d3db20ac5a4d76a66,REVIEW_REQUIRED,ProjectLibre,false,REVIEW_REQUIRED,CPAL-1.0,REVIEW,no path match in OpenProj baseline; classify origin manually,
modules/projectlibre_core/src/main/resources/com/projectlibre1/strings/client_ru.properties,projectlibre_core,resource,HEAD,f90266ec86dba0da452af4a477caa9a87339e8f990e2f1e4431718347f137de7,d2fa3c20a,openproj_core/src/com/projity/strings/client_ru.properties,5092c768f2dae9c4db56c41e51a6b42abc224f1b6fc7a365c5500901e454159a,0530be227f4a10c5545cce8d3db20ac5a4d76a66,REVIEW_REQUIRED,ProjectLibre,false,REVIEW_REQUIRED,CPAL-1.0,REVIEW,OpenProj path exists but content differs; perform hunk-level comparison,
modules/projectlibre_core/src/main/resources/com/projectlibre1/strings/client_sk.properties,projectlibre_core,resource,HEAD,8e43847cf2cf0fefb76dbbdadc795901bcbc56a7bc25be640201e2b8d5dfc157,d2fa3c20a,openproj_core/src/com/projity/strings/client_sk.properties,060cda6ae883700aab53f18dd6935dd6d86d9254158f31a873ff527ad099f956,0530be227f4a10c5545cce8d3db20ac5a4d76a66,REVIEW_REQUIRED,ProjectLibre,false,REVIEW_REQUIRED,CPAL-1.0,REVIEW,OpenProj path exists but content differs; perform hunk-level comparison,
modules/projectlibre_core/src/main/resources/com/projectlibre1/strings/client_sv.properties,projectlibre_core,resource,HEAD,99899004d73f41e9a7bafbd31564c818dbd15698126675a1f7a3a5400650fef2,d2fa3c20a,openproj_core/src/com/projity/strings/client_sv.properties,b0d0f34116a737586a20e8ea452baf66126d0cf44c46ec023069801f1dda93ce,0530be227f4a10c5545cce8d3db20ac5a4d76a66,REVIEW_REQUIRED,ProjectLibre,false,REVIEW_REQUIRED,CPAL-1.0,REVIEW,OpenProj path exists but content differs; perform hunk-level comparison,
modules/projectlibre_core/src/main/resources/com/projectlibre1/strings/client_ta.properties,projectlibre_core,resource,HEAD,3d3197f65de7defa1b8891b3e3dc445ed35670babdc19054a417ae25acfc5d5b,d2fa3c20a,,,0530be227f4a10c5545cce8d3db20ac5a4d76a66,REVIEW_REQUIRED,ProjectLibre,false,REVIEW_REQUIRED,CPAL-1.0,REVIEW,no path match in OpenProj baseline; classify origin manually,
modules/projectlibre_core/src/main/resources/com/projectlibre1/strings/client_th.properties,projectlibre_core,resource,HEAD,33829ce926ea50e8f3c9e0a4fdd2bbd19695a68788a02c942f48492f5ad895bb,d2fa3c20a,,,0530be227f4a10c5545cce8d3db20ac5a4d76a66,REVIEW_REQUIRED,ProjectLibre,false,REVIEW_REQUIRED,CPAL-1.0,REVIEW,no path match in OpenProj baseline; classify origin manually,
modules/projectlibre_core/src/main/resources/com/projectlibre1/strings/client_tr.properties,projectlibre_core,resource,HEAD,a4fd0646ab471df20fb7fa97f2b5100bda4e3bbf82eb1b1a3eafbcc07188abb7,d2fa3c20a,,,0530be227f4a10c5545cce8d3db20ac5a4d76a66,REVIEW_REQUIRED,ProjectLibre,false,REVIEW_REQUIRED,CPAL-1.0,REVIEW,no path match in OpenProj baseline; classify origin manually,
modules/projectlibre_core/src/main/resources/com/projectlibre1/strings/client_uk.properties,projectlibre_core,resource,HEAD,ec8e8ffb004cb0c87392fbfc6ecd58ec1d54872cbc748dd767a85662be146ae1,d2fa3c20a,openproj_core/src/com/projity/strings/client_uk.properties,6226e6fe39fbd88d354ff94869be2fabefb3a699ebb43c57e76a13f19b3c1238,0530be227f4a10c5545cce8d3db20ac5a4d76a66,REVIEW_REQUIRED,ProjectLibre,false,REVIEW_REQUIRED,CPAL-1.0,REVIEW,OpenProj path exists but content differs; perform hunk-level comparison,
modules/projectlibre_core/src/main/resources/com/projectlibre1/strings/client_ur.properties,projectlibre_core,resource,HEAD,909507aefe9bde65ef8c6f883008d0b3426c68c0f1b5f37eae35ae8933df546c,d2fa3c20a,,,0530be227f4a10c5545cce8d3db20ac5a4d76a66,REVIEW_REQUIRED,ProjectLibre,false,REVIEW_REQUIRED,CPAL-1.0,REVIEW,no path match in OpenProj baseline; classify origin manually,
modules/projectlibre_core/src/main/resources/com/projectlibre1/strings/client_vi.properties,projectlibre_core,resource,HEAD,061b46e3629d90d2df0c649e91df829af1db88e811581fcc57c732aa29bb8bdf,d2fa3c20a,,,0530be227f4a10c5545cce8d3db20ac5a4d76a66,REVIEW_REQUIRED,OpenProj,false,REVIEW_REQUIRED,CPAL-1.0,REVIEW,no path match in OpenProj baseline; classify origin manually,
modules/projectlibre_core/src/main/resources/com/projectlibre1/strings/client_zh.properties,projectlibre_core,resource,HEAD,1c4eb51405cc6aa66bceece72ae9781b6967f0aa9be6ae29612e4736a284591a,d2fa3c20a,,,0530be227f4a10c5545cce8d3db20ac5a4d76a66,REVIEW_REQUIRED,ProjectLibre,false,REVIEW_REQUIRED,CPAL-1.0,REVIEW,no path match in OpenProj baseline; classify origin manually,
modules/projectlibre_core/src/main/resources/com/projectlibre1/strings/client_zh2.properties,projectlibre_core,resource,HEAD,75f064267057ea0b43b061e69eb5d742b53f393e5347add6581bcc6e42d68dfb,d2fa3c20a,,,0530be227f4a10c5545cce8d3db20ac5a4d76a66,REVIEW_REQUIRED,ProjectLibre,false,REVIEW_REQUIRED,CPAL-1.0,REVIEW,no path match in OpenProj baseline; classify origin manually,
modules/projectlibre_core/src/main/resources/com/projectlibre1/strings/client_zh_CN.properties,projectlibre_core,resource,HEAD,fc4a80f15a066ab06e651a6e21664a9f240832be3604bba8430006a4ea3d7d85,d2fa3c20a,openproj_core/src/com/projity/strings/client_zh_CN.properties,ea2260344a18cae08175629679856c857b837518a6fe80669af2fa6fd8df31bd,0530be227f4a10c5545cce8d3db20ac5a4d76a66,REVIEW_REQUIRED,ProjectLibre,false,REVIEW_REQUIRED,CPAL-1.0,REVIEW,OpenProj path exists but content differs; perform hunk-level comparison,
modules/projectlibre_core/src/main/resources/com/projectlibre1/strings/client_zh_CN1.properties,projectlibre_core,resource,HEAD,9976e44b841382c737d1349e120c4c9d4880b1cc32e10d98620e2732b45b0405,d2fa3c20a,,,0530be227f4a10c5545cce8d3db20ac5a4d76a66,REVIEW_REQUIRED,ProjectLibre,false,REVIEW_REQUIRED,CPAL-1.0,REVIEW,no path match in OpenProj baseline; classify origin manually,
modules/projectlibre_core/src/main/resources/com/projectlibre1/strings/client_zh_CN2.properties,projectlibre_core,resource,HEAD,3b8e7092a003160339abefc41acf54f62c0141f0ad82298848426b85a32452a6,d2fa3c20a,,,0530be227f4a10c5545cce8d3db20ac5a4d76a66,REVIEW_REQUIRED,ProjectLibre,false,REVIEW_REQUIRED,CPAL-1.0,REVIEW,no path match in OpenProj baseline; classify origin manually,
modules/projectlibre_core/src/main/resources/com/projectlibre1/strings/client_zh_CN3.properties,projectlibre_core,resource,HEAD,fd93306318ecd8827e4c62fe033fd94adfac6a5bfd8052c19c8b069bcaba0a25,d2fa3c20a,,,0530be227f4a10c5545cce8d3db20ac5a4d76a66,REVIEW_REQUIRED,ProjectLibre,false,REVIEW_REQUIRED,CPAL-1.0,REVIEW,no path match in OpenProj baseline; classify origin manually,
modules/projectlibre_core/src/main/resources/com/projectlibre1/strings/client_zh_TW.properties,projectlibre_core,resource,HEAD,1c4eb51405cc6aa66bceece72ae9781b6967f0aa9be6ae29612e4736a284591a,d2fa3c20a,,,0530be227f4a10c5545cce8d3db20ac5a4d76a66,REVIEW_REQUIRED,ProjectLibre,false,REVIEW_REQUIRED,CPAL-1.0,REVIEW,no path match in OpenProj baseline; classify origin manually,
modules/projectlibre_core/src/main/resources/com/projectlibre1/strings/internal.properties,projectlibre_core,resource,HEAD,d2144e4f0502f5635e7b90ac92879eb34ab77355c4093923883d164448e6fc7d,d2fa3c20a,openproj_core/src/com/projity/strings/internal.properties,fa17e325bab48b354319fd315d4fac5922ae4111c30add77db7fb356400ec32a,0530be227f4a10c5545cce8d3db20ac5a4d76a66,REVIEW_REQUIRED,ProjectLibre,true,REVIEW_REQUIRED,CPAL-1.0,KEEP_OPENPROJ,normalized content matches OpenProj baseline,
modules/projectlibre_core/src/main/resources/com/projectlibre1/strings/nativeCodePage/client_ja.properties,projectlibre_core,resource,HEAD,b5f959054ff1b8ee864557e788ba02710cab5a1cad65059f81b1a21110efcdf5,d2fa3c20a,,,0530be227f4a10c5545cce8d3db20ac5a4d76a66,REVIEW_REQUIRED,ProjectLibre,false,REVIEW_REQUIRED,CPAL-1.0,REVIEW,no path match in OpenProj baseline; classify origin manually,
modules/projectlibre_core/src/main/resources/com/projectlibre1/strings/nativeCodePage/client_ru.properties.1251,projectlibre_core,resource,HEAD,fae0cbf0ce5e9cffc5425c3b271e96ed6560dcdf90c605af64878b8565101c3b,d2fa3c20a,openproj_core/src/com/projity/strings/nativeCodePage/client_ru.properties.1251,709649199d1cd0a77431bbd3f7fb3423a490f1ec740d51aac503629aa39b23bd,0530be227f4a10c5545cce8d3db20ac5a4d76a66,REVIEW_REQUIRED,ProjectLibre,false,REVIEW_REQUIRED,CPAL-1.0,REVIEW,OpenProj path exists but content differs; perform hunk-level comparison,
modules/projectlibre_core/src/main/resources/com/projectlibre1/strings/nativeCodePage/client_zh_CN.properties,projectlibre_core,resource,HEAD,371248a30ad06acc7f45f87bbf8ef449d79f55718ca8c1852e50916909c6d469,d2fa3c20a,openproj_core/src/com/projity/strings/nativeCodePage/client_zh_CN.properties,9823ed5ecee03cae31c218b1f511b769dc3bbf30699e4d59b6c3992a47ee5af1,0530be227f4a10c5545cce8d3db20ac5a4d76a66,REVIEW_REQUIRED,ProjectLibre,false,REVIEW_REQUIRED,CPAL-1.0,REVIEW,OpenProj path exists but content differs; perform hunk-level comparison,
modules/projectlibre_core/src/main/resources/com/projectlibre1/version/version.properties,projectlibre_core,resource,HEAD,85b63d0a07b4ac8da90d45cff418020fb9a969df8bef147052c96bbf2e577ec1,d2fa3c20a,,,0530be227f4a10c5545cce8d3db20ac5a4d76a66,REVIEW_REQUIRED,Unknown,false,REVIEW_REQUIRED,REVIEW_REQUIRED,REVIEW,no path match in OpenProj baseline; classify origin manually,
modules/projectlibre_core/src/main/resources/org/projectlibre/core/configuration/configuration.xml,projectlibre_core,resource,HEAD,78ff7df15a130fdf4681cc9042f11004031758eaa0bec0a8614cc7148fc4501b,d2fa3c20a,,,0530be227f4a10c5545cce8d3db20ac5a4d76a66,REVIEW_REQUIRED,ProjectLibre,false,REVIEW_REQUIRED,CPAL-1.0,REVIEW,no path match in OpenProj baseline; classify origin manually,
modules/projectlibre_core/src/main/resources/org/projectlibre/strings/client.properties,projectlibre_core,resource,HEAD,7393e25d185207c0ea500dfca77c8a196167ee27403a23828edb91194f16a09e,d2fa3c20a,,,0530be227f4a10c5545cce8d3db20ac5a4d76a66,REVIEW_REQUIRED,ProjectLibre,false,REVIEW_REQUIRED,CPAL-1.0,REVIEW,no path match in OpenProj baseline; classify origin manually,
modules/projectlibre_core/src/main/resources/org/projectlibre/strings/client_ar.properties,projectlibre_core,resource,HEAD,9062a02b2f51d6276a5d6a8e0e1728315ffcee72c531e8bc0158fc35f1d850ba,d2fa3c20a,,,0530be227f4a10c5545cce8d3db20ac5a4d76a66,REVIEW_REQUIRED,ProjectLibre,false,REVIEW_REQUIRED,CPAL-1.0,REVIEW,no path match in OpenProj baseline; classify origin manually,
modules/projectlibre_core/src/main/resources/org/projectlibre/strings/client_es.properties,projectlibre_core,resource,HEAD,85a4c3afed2fca1be5b15ba8025dbb15a4e96d456237a9b023bc3873b13a1072,d2fa3c20a,,,0530be227f4a10c5545cce8d3db20ac5a4d76a66,REVIEW_REQUIRED,ProjectLibre,false,REVIEW_REQUIRED,CPAL-1.0,REVIEW,no path match in OpenProj baseline; classify origin manually,
modules/projectlibre_core/src/main/resources/org/projectlibre/strings/client_hi.properties,projectlibre_core,resource,HEAD,bc8d72c4b0c2036bab01c86e0be053b076016cdd04cd775fc05ca4af1930b328,d2fa3c20a,,,0530be227f4a10c5545cce8d3db20ac5a4d76a66,REVIEW_REQUIRED,ProjectLibre,false,REVIEW_REQUIRED,CPAL-1.0,REVIEW,no path match in OpenProj baseline; classify origin manually,
modules/projectlibre_core/src/main/resources/org/projectlibre/strings/client_it.properties,projectlibre_core,resource,HEAD,5670f90f5811dfc0def90d61d9592d67715728c2f4fe1c0bffbf1d94a96e427a,d2fa3c20a,,,0530be227f4a10c5545cce8d3db20ac5a4d76a66,REVIEW_REQUIRED,ProjectLibre,false,REVIEW_REQUIRED,CPAL-1.0,REVIEW,no path match in OpenProj baseline; classify origin manually,
modules/projectlibre_core/src/main/resources/org/projectlibre/strings/client_ko.properties,projectlibre_core,resource,HEAD,633c3683de64e179a19f3f90b4940bee75823a0040a09e7d2b64adcdc600a2d3,d2fa3c20a,,,0530be227f4a10c5545cce8d3db20ac5a4d76a66,REVIEW_REQUIRED,ProjectLibre,false,REVIEW_REQUIRED,CPAL-1.0,REVIEW,no path match in OpenProj baseline; classify origin manually,
modules/projectlibre_core/src/main/resources/org/projectlibre/strings/client_nl.properties,projectlibre_core,resource,HEAD,71bac82c9ab3d19cc5c96d868a083d8721d0079b832302c66c56cd48d37a6952,d2fa3c20a,,,0530be227f4a10c5545cce8d3db20ac5a4d76a66,REVIEW_REQUIRED,ProjectLibre,false,REVIEW_REQUIRED,CPAL-1.0,REVIEW,no path match in OpenProj baseline; classify origin manually,
modules/projectlibre_core/src/main/resources/org/projectlibre/strings/internal.properties,projectlibre_core,resource,HEAD,d2144e4f0502f5635e7b90ac92879eb34ab77355c4093923883d164448e6fc7d,d2fa3c20a,,,0530be227f4a10c5545cce8d3db20ac5a4d76a66,REVIEW_REQUIRED,ProjectLibre,false,REVIEW_REQUIRED,CPAL-1.0,REVIEW,no path match in OpenProj baseline; classify origin manually,
modules/projectlibre_core/src/test/java/com/projectlibre/core/fields/FieldUtilTest.java,projectlibre_core,test,HEAD,53330a447470adffe3e0e6418f4bb08b3e05a62d16f687343e97d4661b21c4d7,d2fa3c20a,,,0530be227f4a10c5545cce8d3db20ac5a4d76a66,REVIEW_REQUIRED,Unknown,false,REVIEW_REQUIRED,REVIEW_REQUIRED,REVIEW,no path match in OpenProj baseline; classify origin manually,
modules/projectlibre_core/src/test/java/com/projectlibre/pm/calendar/CalendarManagerTest.java,projectlibre_core,test,HEAD,5d629b3d0dc2c0950b3ab95043cdd3628af174d9df2696bf5380483aebead290,d2fa3c20a,,,0530be227f4a10c5545cce8d3db20ac5a4d76a66,REVIEW_REQUIRED,Unknown,false,REVIEW_REQUIRED,REVIEW_REQUIRED,REVIEW,no path match in OpenProj baseline; classify origin manually,
modules/projectlibre_core/src/test/java/com/projectlibre1/algorithm/IntervalGeneratorContractTest.java,projectlibre_core,test,HEAD,451dd6b73f85f9078814601fe6b070c4e9f9d5cf6a81ee13cfe17044527333ec,d2fa3c20a,,,0530be227f4a10c5545cce8d3db20ac5a4d76a66,REVIEW_REQUIRED,Unknown,false,REVIEW_REQUIRED,REVIEW_REQUIRED,REVIEW,no path match in OpenProj baseline; classify origin manually,
modules/projectlibre_core/src/test/java/com/projectlibre1/algorithm/QueryTest.java,projectlibre_core,test,HEAD,c626b632215f36112007ed659741d5e736640aef83b5bb55ea95d523a5ce15d3,d2fa3c20a,,,0530be227f4a10c5545cce8d3db20ac5a4d76a66,REVIEW_REQUIRED,Unknown,false,REVIEW_REQUIRED,REVIEW_REQUIRED,REVIEW,no path match in OpenProj baseline; classify origin manually,
modules/projectlibre_core/src/test/java/com/projectlibre1/algorithm/buffer/GroupedCalculatedValuesTest.java,projectlibre_core,test,HEAD,07be4d003995a6b0486554303fe7546c26416ff65eb4dc5abd87720deca32f8a,d2fa3c20a,,,0530be227f4a10c5545cce8d3db20ac5a4d76a66,REVIEW_REQUIRED,Unknown,false,REVIEW_REQUIRED,REVIEW_REQUIRED,REVIEW,no path match in OpenProj baseline; classify origin manually,
modules/projectlibre_core/src/test/java/com/projectlibre1/algorithm/buffer/NonGroupedCalculatedValuesTest.java,projectlibre_core,test,HEAD,c669cfe4298223ff70f02bb4ab43746f05a08658d39a1f3e0d21ec6626d6454c,d2fa3c20a,,,0530be227f4a10c5545cce8d3db20ac5a4d76a66,REVIEW_REQUIRED,Unknown,false,REVIEW_REQUIRED,REVIEW_REQUIRED,REVIEW,no path match in OpenProj baseline; classify origin manually,
modules/projectlibre_core/src/test/java/com/projectlibre1/company/DefaultUserTest.java,projectlibre_core,test,HEAD,62f6ba8093ca9494bb44011d931f4ef7c1e1677e033cd1923cc8629f8d0d8e27,d2fa3c20a,,,0530be227f4a10c5545cce8d3db20ac5a4d76a66,REVIEW_REQUIRED,Unknown,false,REVIEW_REQUIRED,REVIEW_REQUIRED,REVIEW,no path match in OpenProj baseline; classify origin manually,
modules/projectlibre_core/src/test/java/com/projectlibre1/datatype/DurationEncodingTest.java,projectlibre_core,test,HEAD,f543d05cf7c28f5bbe129c08bb9c1e176d20b993c77c8a47d0988d2fc7f8f39a,d2fa3c20a,,,0530be227f4a10c5545cce8d3db20ac5a4d76a66,REVIEW_REQUIRED,Unknown,false,REVIEW_REQUIRED,REVIEW_REQUIRED,REVIEW,no path match in OpenProj baseline; classify origin manually,
modules/projectlibre_core/src/test/java/com/projectlibre1/datatype/MoneyTest.java,projectlibre_core,test,HEAD,07e43cf9ad21c6ba74c7f5f538e576ff308e0e1faa8f87e762519d34c7b5697b,d2fa3c20a,,,0530be227f4a10c5545cce8d3db20ac5a4d76a66,REVIEW_REQUIRED,Unknown,false,REVIEW_REQUIRED,REVIEW_REQUIRED,REVIEW,no path match in OpenProj baseline; classify origin manually,
modules/projectlibre_core/src/test/java/com/projectlibre1/field/FieldFormulaTest.java,projectlibre_core,test,HEAD,e1414f262c3d85dd845aab86056d06b7f272ad991a39ee323a3652e95ccf170d,d2fa3c20a,,,0530be227f4a10c5545cce8d3db20ac5a4d76a66,REVIEW_REQUIRED,Unknown,false,REVIEW_REQUIRED,REVIEW_REQUIRED,REVIEW,no path match in OpenProj baseline; classify origin manually,
modules/projectlibre_core/src/test/java/com/projectlibre1/graphic/configuration/BarStylesTest.java,projectlibre_core,test,HEAD,b3b6a04f79d6a05a9719c46e26b8a9200204b5f5436e56061f5a4772d56c7e1a,d2fa3c20a,,,0530be227f4a10c5545cce8d3db20ac5a4d76a66,REVIEW_REQUIRED,Unknown,false,REVIEW_REQUIRED,REVIEW_REQUIRED,REVIEW,no path match in OpenProj baseline; classify origin manually,
modules/projectlibre_core/src/test/java/com/projectlibre1/graphic/configuration/GanttBarFormatOverridesTest.java,projectlibre_core,test,HEAD,2c1bb13cf437c2d167b0416890f620e3e186a7f5ece537baa47cc7b9c56c1327,d2fa3c20a,,,0530be227f4a10c5545cce8d3db20ac5a4d76a66,REVIEW_REQUIRED,Unknown,false,REVIEW_REQUIRED,REVIEW_REQUIRED,REVIEW,no path match in OpenProj baseline; classify origin manually,
modules/projectlibre_core/src/test/java/com/projectlibre1/graphic/configuration/SpreadSheetFieldArrayTest.java,projectlibre_core,test,HEAD,9ac96e16defe5f32304806ddaa3306a12015ddf94bce94ad05820652218b82e8,d2fa3c20a,,,0530be227f4a10c5545cce8d3db20ac5a4d76a66,REVIEW_REQUIRED,Unknown,false,REVIEW_REQUIRED,REVIEW_REQUIRED,REVIEW,no path match in OpenProj baseline; classify origin manually,
modules/projectlibre_core/src/test/java/com/projectlibre1/grouping/core/OutlineCodeTest.java,projectlibre_core,test,HEAD,26eeb5c9cd6c41c7c40760aad9ad6a2038ae06eb44dd0865073ece43eb0152a0,d2fa3c20a,,,0530be227f4a10c5545cce8d3db20ac5a4d76a66,REVIEW_REQUIRED,Unknown,false,REVIEW_REQUIRED,REVIEW_REQUIRED,REVIEW,no path match in OpenProj baseline; classify origin manually,
modules/projectlibre_core/src/test/java/com/projectlibre1/grouping/core/OutlineCollectionImplTest.java,projectlibre_core,test,HEAD,f0270fae3eccab62234b7c09ccdaf784aa7dde1a0311ffd9ec66bcc57bddd2fc,d2fa3c20a,,,0530be227f4a10c5545cce8d3db20ac5a4d76a66,REVIEW_REQUIRED,Unknown,false,REVIEW_REQUIRED,REVIEW_REQUIRED,REVIEW,no path match in OpenProj baseline; classify origin manually,
modules/projectlibre_core/src/test/java/com/projectlibre1/grouping/core/model/DefaultNodeModelTest.java,projectlibre_core,test,HEAD,5e664bb7c5b2a247291144c84b5b665a5c3fbc098c8dd2d4c9ce78beb2d2356e,d2fa3c20a,,,0530be227f4a10c5545cce8d3db20ac5a4d76a66,REVIEW_REQUIRED,Unknown,false,REVIEW_REQUIRED,REVIEW_REQUIRED,REVIEW,no path match in OpenProj baseline; classify origin manually,
modules/projectlibre_core/src/test/java/com/projectlibre1/grouping/core/summaries/SummaryVisitorFactoryTest.java,projectlibre_core,test,HEAD,98a31f9501c5e329a789f7f3be3378e8d1ac61fd7a9f9724740a9fc190557e7f,d2fa3c20a,,,0530be227f4a10c5545cce8d3db20ac5a4d76a66,REVIEW_REQUIRED,Unknown,false,REVIEW_REQUIRED,REVIEW_REQUIRED,REVIEW,no path match in OpenProj baseline; classify origin manually,
modules/projectlibre_core/src/test/java/com/projectlibre1/grouping/core/transform/filtering/SelectionFilterTest.java,projectlibre_core,test,HEAD,deea01dfdbebe5c8c2bdef878297e51929e3c58ae6f0c9b7f585bc9f0a577143,d2fa3c20a,,,0530be227f4a10c5545cce8d3db20ac5a4d76a66,REVIEW_REQUIRED,Unknown,false,REVIEW_REQUIRED,REVIEW_REQUIRED,REVIEW,no path match in OpenProj baseline; classify origin manually,
modules/projectlibre_core/src/test/java/com/projectlibre1/job/JobExceptionHandlerTest.java,projectlibre_core,test,HEAD,f6a9ff05f49b2f7025b80f0ca6e13a1d49a0761ad4b60d6be4e91b97a3d507c1,d2fa3c20a,,,0530be227f4a10c5545cce8d3db20ac5a4d76a66,REVIEW_REQUIRED,Unknown,false,REVIEW_REQUIRED,REVIEW_REQUIRED,REVIEW,no path match in OpenProj baseline; classify origin manually,
modules/projectlibre_core/src/test/java/com/projectlibre1/pm/assignment/AssignmentContourBehaviorTest.java,projectlibre_core,test,HEAD,b86843a796863c0b59e4435178c613df9071044337a8db33312e67ac7edfd817,d2fa3c20a,,,0530be227f4a10c5545cce8d3db20ac5a4d76a66,REVIEW_REQUIRED,Unknown,false,REVIEW_REQUIRED,REVIEW_REQUIRED,REVIEW,no path match in OpenProj baseline; classify origin manually,
modules/projectlibre_core/src/test/java/com/projectlibre1/pm/assignment/AssignmentServiceTest.java,projectlibre_core,test,HEAD,21e7bbf77fcda5f5e35f644656d2cc777873b6857ff3a3a3fbe4445450cb3c36,d2fa3c20a,,,0530be227f4a10c5545cce8d3db20ac5a4d76a66,REVIEW_REQUIRED,Unknown,false,REVIEW_REQUIRED,REVIEW_REQUIRED,REVIEW,no path match in OpenProj baseline; classify origin manually,
modules/projectlibre_core/src/test/java/com/projectlibre1/pm/assignment/AssignmentTimesheetBehaviorTest.java,projectlibre_core,test,HEAD,8657f00d0e47bf6dd3ba850efe799075eb27621edc169ba3c6cc92b3046e2b91,d2fa3c20a,,,0530be227f4a10c5545cce8d3db20ac5a4d76a66,REVIEW_REQUIRED,Unknown,false,REVIEW_REQUIRED,REVIEW_REQUIRED,REVIEW,no path match in OpenProj baseline; classify origin manually,
modules/projectlibre_core/src/test/java/com/projectlibre1/pm/assignment/HasAssignmentsImplTest.java,projectlibre_core,test,HEAD,4f55a13ccda373b6a6c4a2b7bbf18142e1c99bd89d1aa11f64ebb3a551035fb3,d2fa3c20a,,,0530be227f4a10c5545cce8d3db20ac5a4d76a66,REVIEW_REQUIRED,Unknown,false,REVIEW_REQUIRED,REVIEW_REQUIRED,REVIEW,no path match in OpenProj baseline; classify origin manually,
modules/projectlibre_core/src/test/java/com/projectlibre1/pm/assignment/functor/PrintValueFunctorTest.java,projectlibre_core,test,HEAD,acf826e9e0c108e291c1af0bc14284a042c1bc838875c41316c53c3e3c13832d,d2fa3c20a,,,0530be227f4a10c5545cce8d3db20ac5a4d76a66,REVIEW_REQUIRED,Unknown,false,REVIEW_REQUIRED,REVIEW_REQUIRED,REVIEW,no path match in OpenProj baseline; classify origin manually,
modules/projectlibre_core/src/test/java/com/projectlibre1/pm/assignment/timesheet/TimesheetInfrastructureTest.java,projectlibre_core,test,HEAD,93155810ceb0ec1b7ec18c01e31641d6645c13bc5450c10c896b4337b7cb8f6d,d2fa3c20a,,,0530be227f4a10c5545cce8d3db20ac5a4d76a66,REVIEW_REQUIRED,Unknown,false,REVIEW_REQUIRED,REVIEW_REQUIRED,REVIEW,no path match in OpenProj baseline; classify origin manually,
modules/projectlibre_core/src/test/java/com/projectlibre1/pm/calendar/CalendarCatalogTest.java,projectlibre_core,test,HEAD,2e776c4fcb019b46e69913920869db00ddc7a2f288411f4ce8b28020e557de96,d2fa3c20a,,,0530be227f4a10c5545cce8d3db20ac5a4d76a66,REVIEW_REQUIRED,Unknown,false,REVIEW_REQUIRED,REVIEW_REQUIRED,REVIEW,no path match in OpenProj baseline; classify origin manually,
modules/projectlibre_core/src/test/java/com/projectlibre1/pm/calendar/CalendarDefinitionTest.java,projectlibre_core,test,HEAD,dbdfcec0d66f9cfe220b567cbf2f07cfd84d11052eeb6b372148cb197b71e3e3,d2fa3c20a,,,0530be227f4a10c5545cce8d3db20ac5a4d76a66,REVIEW_REQUIRED,Unknown,false,REVIEW_REQUIRED,REVIEW_REQUIRED,REVIEW,no path match in OpenProj baseline; classify origin manually,
modules/projectlibre_core/src/test/java/com/projectlibre1/pm/calendar/CalendarServiceTest.java,projectlibre_core,test,HEAD,51f958b48193939c1b0becb2046061a19c264f934107ab66d0e6c686a57bc1ac,d2fa3c20a,,,0530be227f4a10c5545cce8d3db20ac5a4d76a66,REVIEW_REQUIRED,Unknown,false,REVIEW_REQUIRED,REVIEW_REQUIRED,REVIEW,no path match in OpenProj baseline; classify origin manually,
modules/projectlibre_core/src/test/java/com/projectlibre1/pm/calendar/WorkingCalendarTest.java,projectlibre_core,test,HEAD,78ddd67065bb14e0c588156fe74341617f7714799683ca67ec3ab0dec74983fb,d2fa3c20a,,,0530be227f4a10c5545cce8d3db20ac5a4d76a66,REVIEW_REQUIRED,Unknown,false,REVIEW_REQUIRED,REVIEW_REQUIRED,REVIEW,no path match in OpenProj baseline; classify origin manually,
modules/projectlibre_core/src/test/java/com/projectlibre1/pm/criticalpath/TaskScheduleTest.java,projectlibre_core,test,HEAD,bdf039c46847261ee4c6358d5b74448b8b8ed6dfe4ecc9b5f3773106cc41a7a3,d2fa3c20a,,,0530be227f4a10c5545cce8d3db20ac5a4d76a66,REVIEW_REQUIRED,Unknown,false,REVIEW_REQUIRED,REVIEW_REQUIRED,REVIEW,no path match in OpenProj baseline; classify origin manually,
modules/projectlibre_core/src/test/java/com/projectlibre1/pm/dependency/DependencyServiceTest.java,projectlibre_core,test,HEAD,eb10c80e9a983b45454e303317e79d98fe76c61db9df265f3980e00b73086ec7,d2fa3c20a,,,0530be227f4a10c5545cce8d3db20ac5a4d76a66,REVIEW_REQUIRED,Unknown,false,REVIEW_REQUIRED,REVIEW_REQUIRED,REVIEW,no path match in OpenProj baseline; classify origin manually,
modules/projectlibre_core/src/test/java/com/projectlibre1/pm/earnedvalue/EarnedValueIndicatorLabelTest.java,projectlibre_core,test,HEAD,465f80657fe5667a84ad65aac26ee75a3a2e98df581c7fefe67bfbae39f3b64a,d2fa3c20a,,,0530be227f4a10c5545cce8d3db20ac5a4d76a66,REVIEW_REQUIRED,Unknown,false,REVIEW_REQUIRED,REVIEW_REQUIRED,REVIEW,no path match in OpenProj baseline; classify origin manually,
modules/projectlibre_core/src/test/java/com/projectlibre1/pm/resource/ResourceImplTest.java,projectlibre_core,test,HEAD,2067f8c403bc0d9b2cef328799c759979b33b2b08dad95f1d6af4ae1273fc2f7,d2fa3c20a,,,0530be227f4a10c5545cce8d3db20ac5a4d76a66,REVIEW_REQUIRED,Unknown,false,REVIEW_REQUIRED,REVIEW_REQUIRED,REVIEW,no path match in OpenProj baseline; classify origin manually,
modules/projectlibre_core/src/test/java/com/projectlibre1/pm/resource/ResourceLevelingServiceTest.java,projectlibre_core,test,HEAD,fb78ee3a127775c4e1deb87e84e76b245501f4579dc80f8073ba8b8fbe31eafb,d2fa3c20a,,,0530be227f4a10c5545cce8d3db20ac5a4d76a66,REVIEW_REQUIRED,Unknown,false,REVIEW_REQUIRED,REVIEW_REQUIRED,REVIEW,no path match in OpenProj baseline; classify origin manually,
modules/projectlibre_core/src/test/java/com/projectlibre1/pm/resource/ResourcePoolIdentityTest.java,projectlibre_core,test,HEAD,dfd3dfa91dfc63a8ab9bed8a37e2c860cdc5c5309a229fb44267bdd1251d6ca0,d2fa3c20a,,,0530be227f4a10c5545cce8d3db20ac5a4d76a66,REVIEW_REQUIRED,Unknown,false,REVIEW_REQUIRED,REVIEW_REQUIRED,REVIEW,no path match in OpenProj baseline; classify origin manually,
modules/projectlibre_core/src/test/java/com/projectlibre1/pm/resource/TeamPlannerServiceTest.java,projectlibre_core,test,HEAD,f6aee9e3fcfb502c6456c78a6b2f0ab14bace984f5aee54e84ba8bc1ea4ee52d,d2fa3c20a,,,0530be227f4a10c5545cce8d3db20ac5a4d76a66,REVIEW_REQUIRED,Unknown,false,REVIEW_REQUIRED,REVIEW_REQUIRED,REVIEW,no path match in OpenProj baseline; classify origin manually,
modules/projectlibre_core/src/test/java/com/projectlibre1/pm/scheduling/ScheduleIntervalTest.java,projectlibre_core,test,HEAD,1d25c481ba4f81869fe732f949931584a6f8be29ebc562b57bd5d58cc3378481,d2fa3c20a,,,0530be227f4a10c5545cce8d3db20ac5a4d76a66,REVIEW_REQUIRED,Unknown,false,REVIEW_REQUIRED,REVIEW_REQUIRED,REVIEW,no path match in OpenProj baseline; classify origin manually,
modules/projectlibre_core/src/test/java/com/projectlibre1/pm/scheduling/ScheduleServiceConstraintTest.java,projectlibre_core,test,HEAD,816478b20343bd32ae172757c81f37c87eecfb1c4beaf574dc96a9991583ebb5,d2fa3c20a,,,0530be227f4a10c5545cce8d3db20ac5a4d76a66,REVIEW_REQUIRED,Unknown,false,REVIEW_REQUIRED,REVIEW_REQUIRED,REVIEW,no path match in OpenProj baseline; classify origin manually,
modules/projectlibre_core/src/test/java/com/projectlibre1/pm/scheduling/ScheduleServiceSplitTest.java,projectlibre_core,test,HEAD,0de79339b1b84f48c1d3e0c0da9133c2f827b1549909fc07e462328d60d4c68f,d2fa3c20a,,,0530be227f4a10c5545cce8d3db20ac5a4d76a66,REVIEW_REQUIRED,Unknown,false,REVIEW_REQUIRED,REVIEW_REQUIRED,REVIEW,no path match in OpenProj baseline; classify origin manually,
modules/projectlibre_core/src/test/java/com/projectlibre1/pm/scheduling/SchedulingTypeTest.java,projectlibre_core,test,HEAD,538e137ea7c1ed2d5621283998786bf7731f178736fb36f813e324a8732aaef8,d2fa3c20a,,,0530be227f4a10c5545cce8d3db20ac5a4d76a66,REVIEW_REQUIRED,Unknown,false,REVIEW_REQUIRED,REVIEW_REQUIRED,REVIEW,no path match in OpenProj baseline; classify origin manually,
modules/projectlibre_core/src/test/java/com/projectlibre1/pm/scheduling/TaskLinkAndBarAdversarialThirtyCasesTest.java,projectlibre_core,test,HEAD,7490c18569032211c1a2c5ce3c8b99625942993f13dc25dd01f5f42c6d56260f,d2fa3c20a,,,0530be227f4a10c5545cce8d3db20ac5a4d76a66,REVIEW_REQUIRED,Unknown,false,REVIEW_REQUIRED,REVIEW_REQUIRED,REVIEW,no path match in OpenProj baseline; classify origin manually,
modules/projectlibre_core/src/test/java/com/projectlibre1/pm/scheduling/TaskLinkAndBarMovementThirtyCasesTest.java,projectlibre_core,test,HEAD,42814e2d81c7380007dba7843e4cd9b6df0f3b476167ee8b2a07f825a4d27d22,d2fa3c20a,,,0530be227f4a10c5545cce8d3db20ac5a4d76a66,REVIEW_REQUIRED,Unknown,false,REVIEW_REQUIRED,REVIEW_REQUIRED,REVIEW,no path match in OpenProj baseline; classify origin manually,
modules/projectlibre_core/src/test/java/com/projectlibre1/pm/task/DefaultSubProjTest.java,projectlibre_core,test,HEAD,beb2cb36097bc4a6a2893fef00f72856222b749ce89b274dfe9cd9283ba2bee5,d2fa3c20a,,,0530be227f4a10c5545cce8d3db20ac5a4d76a66,REVIEW_REQUIRED,Unknown,false,REVIEW_REQUIRED,REVIEW_REQUIRED,REVIEW,no path match in OpenProj baseline; classify origin manually,
modules/projectlibre_core/src/test/java/com/projectlibre1/pm/task/DefaultSubprojectHandlerTest.java,projectlibre_core,test,HEAD,6fae4dca5970e0833f97334d910fe66b8c27e0629e1bdc58f2ab61bd969f2d25,d2fa3c20a,,,0530be227f4a10c5545cce8d3db20ac5a4d76a66,REVIEW_REQUIRED,Unknown,false,REVIEW_REQUIRED,REVIEW_REQUIRED,REVIEW,no path match in OpenProj baseline; classify origin manually,
modules/projectlibre_core/src/test/java/com/projectlibre1/pm/task/FinderTest.java,projectlibre_core,test,HEAD,5f6148a37a7fb48933f09f8e578b08acfd8995e5ea0ed59481b046afb5d3a3a6,d2fa3c20a,,,0530be227f4a10c5545cce8d3db20ac5a4d76a66,REVIEW_REQUIRED,Unknown,false,REVIEW_REQUIRED,REVIEW_REQUIRED,REVIEW,no path match in OpenProj baseline; classify origin manually,
modules/projectlibre_core/src/test/java/com/projectlibre1/pm/task/ManualAndInactiveTaskSchedulingTest.java,projectlibre_core,test,HEAD,d43a3458292db9f5b49c0ca45e224e93b1a992f2ab1c00b1ec646b1b2e595eec,d2fa3c20a,,,0530be227f4a10c5545cce8d3db20ac5a4d76a66,REVIEW_REQUIRED,Unknown,false,REVIEW_REQUIRED,REVIEW_REQUIRED,REVIEW,no path match in OpenProj baseline; classify origin manually,
modules/projectlibre_core/src/test/java/com/projectlibre1/pm/task/NormalTaskCriticalPathCompatibilityTest.java,projectlibre_core,test,HEAD,ddc36c43b87870224cb6a396496bb41b76c725b53c39b35650838b8ef172787a,d2fa3c20a,,,0530be227f4a10c5545cce8d3db20ac5a4d76a66,REVIEW_REQUIRED,Unknown,false,REVIEW_REQUIRED,REVIEW_REQUIRED,REVIEW,no path match in OpenProj baseline; classify origin manually,
modules/projectlibre_core/src/test/java/com/projectlibre1/pm/task/NormalTaskDurationTest.java,projectlibre_core,test,HEAD,e3aedc70e16390e09af6e63b0d18f5c25486e11a724410f7a0900dcb8df04160,d2fa3c20a,,,0530be227f4a10c5545cce8d3db20ac5a4d76a66,REVIEW_REQUIRED,Unknown,false,REVIEW_REQUIRED,REVIEW_REQUIRED,REVIEW,no path match in OpenProj baseline; classify origin manually,
modules/projectlibre_core/src/test/java/com/projectlibre1/pm/task/NormalTaskPercentCompleteTest.java,projectlibre_core,test,HEAD,6e27aef6f6ef4fc72ef854975e8459e74f7d7545f40193ffeae1934ed9e591b6,d2fa3c20a,,,0530be227f4a10c5545cce8d3db20ac5a4d76a66,REVIEW_REQUIRED,Unknown,false,REVIEW_REQUIRED,REVIEW_REQUIRED,REVIEW,no path match in OpenProj baseline; classify origin manually,
modules/projectlibre_core/src/test/java/com/projectlibre1/pm/task/PortfolioDocumentTest.java,projectlibre_core,test,HEAD,faed0aaf78e5b715b3be1ac67b9a39c7cd3809398dd02ce7b39bb15ce6c28b0d,d2fa3c20a,,,0530be227f4a10c5545cce8d3db20ac5a4d76a66,REVIEW_REQUIRED,Unknown,false,REVIEW_REQUIRED,REVIEW_REQUIRED,REVIEW,no path match in OpenProj baseline; classify origin manually,
modules/projectlibre_core/src/test/java/com/projectlibre1/pm/task/ProjectFactoryClosingTest.java,projectlibre_core,test,HEAD,cb0d152b77adf36bdd91304ed037c6b8dc5b42baf8001f6de4873a3a9b64c0f9,d2fa3c20a,,,0530be227f4a10c5545cce8d3db20ac5a4d76a66,REVIEW_REQUIRED,Unknown,false,REVIEW_REQUIRED,REVIEW_REQUIRED,REVIEW,no path match in OpenProj baseline; classify origin manually,
modules/projectlibre_core/src/test/java/com/projectlibre1/pm/task/ProjectScheduleBehaviorTest.java,projectlibre_core,test,HEAD,3831c07c22e87214f6bbd794dbf158968c42a08f2064d9b1131f7b53de303c78,d2fa3c20a,,,0530be227f4a10c5545cce8d3db20ac5a4d76a66,REVIEW_REQUIRED,Unknown,false,REVIEW_REQUIRED,REVIEW_REQUIRED,REVIEW,no path match in OpenProj baseline; classify origin manually,
modules/projectlibre_core/src/test/java/com/projectlibre1/pm/task/ProjectTitleFormattingTest.java,projectlibre_core,test,HEAD,7c894a356435f29dc63af0230f20237f317dfa84929fcac3aab09f175c4a805d,d2fa3c20a,,,0530be227f4a10c5545cce8d3db20ac5a4d76a66,REVIEW_REQUIRED,Unknown,false,REVIEW_REQUIRED,REVIEW_REQUIRED,REVIEW,no path match in OpenProj baseline; classify origin manually,
modules/projectlibre_core/src/test/java/com/projectlibre1/pm/task/RecurringTaskGeneratorTest.java,projectlibre_core,test,HEAD,6d738b97e86b66b75d3aef2b4ed3da377540dcced63da61f9aab7a6b79e349f1,d2fa3c20a,,,0530be227f4a10c5545cce8d3db20ac5a4d76a66,REVIEW_REQUIRED,Unknown,false,REVIEW_REQUIRED,REVIEW_REQUIRED,REVIEW,no path match in OpenProj baseline; classify origin manually,
modules/projectlibre_core/src/test/java/com/projectlibre1/pm/task/RecurringTaskSpecTest.java,projectlibre_core,test,HEAD,69066f00ddcc85611379e4313df9cab66af2cee813e23c044b4706a6d18a8adc,d2fa3c20a,,,0530be227f4a10c5545cce8d3db20ac5a4d76a66,REVIEW_REQUIRED,Unknown,false,REVIEW_REQUIRED,REVIEW_REQUIRED,REVIEW,no path match in OpenProj baseline; classify origin manually,
modules/projectlibre_core/src/test/java/com/projectlibre1/pm/task/ScheduleDiagnosticsServiceTest.java,projectlibre_core,test,HEAD,597abb35c8872fc59e57baf659dbd802a348344e93c97d05db3fc53cc2165b10,d2fa3c20a,,,0530be227f4a10c5545cce8d3db20ac5a4d76a66,REVIEW_REQUIRED,Unknown,false,REVIEW_REQUIRED,REVIEW_REQUIRED,REVIEW,no path match in OpenProj baseline; classify origin manually,
modules/projectlibre_core/src/test/java/com/projectlibre1/pm/task/TaskDependencyInvalidationTest.java,projectlibre_core,test,HEAD,62fd2054bcac86c2e61074ee0387e6b50b1f1f25379ffd93d241a2b2b536afe6,d2fa3c20a,,,0530be227f4a10c5545cce8d3db20ac5a4d76a66,REVIEW_REQUIRED,Unknown,false,REVIEW_REQUIRED,REVIEW_REQUIRED,REVIEW,no path match in OpenProj baseline; classify origin manually,
modules/projectlibre_core/src/test/java/com/projectlibre1/print/FitToSettingsTest.java,projectlibre_core,test,HEAD,a5f137b614f734af41cb1e47d118427cd558c78334146e55b3969bac4544d412,d2fa3c20a,,,0530be227f4a10c5545cce8d3db20ac5a4d76a66,REVIEW_REQUIRED,Unknown,false,REVIEW_REQUIRED,REVIEW_REQUIRED,REVIEW,no path match in OpenProj baseline; classify origin manually,
modules/projectlibre_core/src/test/java/com/projectlibre1/script/ContextStoreTest.java,projectlibre_core,test,HEAD,63b9eee8f567705ad86e254ce0ef1e130ea1316dd919d01df9dfdacb76036e1e,d2fa3c20a,,,0530be227f4a10c5545cce8d3db20ac5a4d76a66,REVIEW_REQUIRED,Unknown,false,REVIEW_REQUIRED,REVIEW_REQUIRED,REVIEW,no path match in OpenProj baseline; classify origin manually,
modules/projectlibre_core/src/test/java/com/projectlibre1/script/object/TimeIntervalsTest.java,projectlibre_core,test,HEAD,5b6e7c2f7fb9178cecb8af034dde80eb8c429214626b96d8fa6a557ea6070b7f,d2fa3c20a,,,0530be227f4a10c5545cce8d3db20ac5a4d76a66,REVIEW_REQUIRED,Unknown,false,REVIEW_REQUIRED,REVIEW_REQUIRED,REVIEW,no path match in OpenProj baseline; classify origin manually,
modules/projectlibre_core/src/test/java/com/projectlibre1/scripting/FormulaClassTest.java,projectlibre_core,test,HEAD,111f2d5aeb62cd05db9c660d28ad858adc142a12406ed7c94a761d525a8ed600,d2fa3c20a,,,0530be227f4a10c5545cce8d3db20ac5a4d76a66,REVIEW_REQUIRED,Unknown,false,REVIEW_REQUIRED,REVIEW_REQUIRED,REVIEW,no path match in OpenProj baseline; classify origin manually,
modules/projectlibre_core/src/test/java/com/projectlibre1/scripting/GroovyClassCompilerTest.java,projectlibre_core,test,HEAD,012ad1589b1acba3faf1e30e5eb1a7b6f1a4d8d520b37b2e0503abb31d94eacd,d2fa3c20a,,,0530be227f4a10c5545cce8d3db20ac5a4d76a66,REVIEW_REQUIRED,Unknown,false,REVIEW_REQUIRED,REVIEW_REQUIRED,REVIEW,no path match in OpenProj baseline; classify origin manually,
modules/projectlibre_core/src/test/java/com/projectlibre1/server/data/DistributionConverterTest.java,projectlibre_core,test,HEAD,ada8feea2656661485bae2e27a489dd86b5bc7b3a63abc5c74c1f373bc0f08c7,d2fa3c20a,,,0530be227f4a10c5545cce8d3db20ac5a4d76a66,REVIEW_REQUIRED,Unknown,false,REVIEW_REQUIRED,REVIEW_REQUIRED,REVIEW,no path match in OpenProj baseline; classify origin manually,
modules/projectlibre_core/src/test/java/com/projectlibre1/server/data/ProjectDataTest.java,projectlibre_core,test,HEAD,c84b4356152a20850e52134ddcef73ba7b3055fafb25b985de2ace5122558ff1,d2fa3c20a,,,0530be227f4a10c5545cce8d3db20ac5a4d76a66,REVIEW_REQUIRED,Unknown,false,REVIEW_REQUIRED,REVIEW_REQUIRED,REVIEW,no path match in OpenProj baseline; classify origin manually,
modules/projectlibre_core/src/test/java/com/projectlibre1/session/FileHelperEdgeCaseTest.java,projectlibre_core,test,HEAD,c5d174d944deab0edacfdf5685465b90e8f5d9eef7aeb6e5175d3d549744bcac,d2fa3c20a,,,0530be227f4a10c5545cce8d3db20ac5a4d76a66,REVIEW_REQUIRED,Unknown,false,REVIEW_REQUIRED,REVIEW_REQUIRED,REVIEW,no path match in OpenProj baseline; classify origin manually,
modules/projectlibre_core/src/test/java/com/projectlibre1/session/LocalSessionSaveTest.java,projectlibre_core,test,HEAD,06b5827d850b77fd180c0bd2c42384a98a0bc3172d0265e3f159e26ae2de431d,d2fa3c20a,,,0530be227f4a10c5545cce8d3db20ac5a4d76a66,REVIEW_REQUIRED,Unknown,false,REVIEW_REQUIRED,REVIEW_REQUIRED,REVIEW,no path match in OpenProj baseline; classify origin manually,
modules/projectlibre_core/src/test/java/com/projectlibre1/timescale/TimeScaleManagerTest.java,projectlibre_core,test,HEAD,9d3dc6561b5d10c692d38880c2233b8a344b927e4a82844c07c6e150875df6d4,d2fa3c20a,,,0530be227f4a10c5545cce8d3db20ac5a4d76a66,REVIEW_REQUIRED,Unknown,false,REVIEW_REQUIRED,REVIEW_REQUIRED,REVIEW,no path match in OpenProj baseline; classify origin manually,
modules/projectlibre_core/src/test/java/com/projectlibre1/undo/UndoControllerBatchModeTest.java,projectlibre_core,test,HEAD,e4864f7590f9e34ebab79fcdae9ad07f8d52bff33c88ca0f34f83c73ab09ffdf,d2fa3c20a,,,0530be227f4a10c5545cce8d3db20ac5a4d76a66,REVIEW_REQUIRED,Unknown,false,REVIEW_REQUIRED,REVIEW_REQUIRED,REVIEW,no path match in OpenProj baseline; classify origin manually,
modules/projectlibre_core/src/test/java/com/projectlibre1/util/ClassUtilsReadOnlyTest.java,projectlibre_core,test,HEAD,fc85833ed2a8c1cf61b451f0667275073f4925bf2bce3325ce2ba317786b37c2,d2fa3c20a,,,0530be227f4a10c5545cce8d3db20ac5a4d76a66,REVIEW_REQUIRED,Unknown,false,REVIEW_REQUIRED,REVIEW_REQUIRED,REVIEW,no path match in OpenProj baseline; classify origin manually,
modules/projectlibre_core/src/test/java/com/projectlibre1/util/DisplayMathTest.java,projectlibre_core,test,HEAD,4e3124c407dc262c094deb7c8bfa714600fff9437909afd54da2929487a71b50,d2fa3c20a,,,0530be227f4a10c5545cce8d3db20ac5a4d76a66,REVIEW_REQUIRED,Unknown,false,REVIEW_REQUIRED,REVIEW_REQUIRED,REVIEW,no path match in OpenProj baseline; classify origin manually,
modules/projectlibre_core/src/test/java/com/projectlibre1/util/PopupDialogSupportTest.java,projectlibre_core,test,HEAD,896386c94c1ee16d206a030074aa65c017fba246d914a4e84e7006d3974ed9ab,d2fa3c20a,,,0530be227f4a10c5545cce8d3db20ac5a4d76a66,REVIEW_REQUIRED,Unknown,false,REVIEW_REQUIRED,REVIEW_REQUIRED,REVIEW,no path match in OpenProj baseline; classify origin manually,
modules/projectlibre_core/src/test/java/com/projectlibre1/util/PopupDialogUsageAuditTest.java,projectlibre_core,test,HEAD,ceff7bc70b7095196c409cdb69dc710826c52a584d5028dd38211b092daec076,d2fa3c20a,,,0530be227f4a10c5545cce8d3db20ac5a4d76a66,REVIEW_REQUIRED,Unknown,false,REVIEW_REQUIRED,REVIEW_REQUIRED,REVIEW,no path match in OpenProj baseline; classify origin manually,
modules/projectlibre_core/src/test/java/com/projectlibre1/util/SafeObjectInputTest.java,projectlibre_core,test,HEAD,becccd3fe2c36047beecf6e39bf650b3782c64c9406bb753a454710fca27c8f5,d2fa3c20a,,,0530be227f4a10c5545cce8d3db20ac5a4d76a66,REVIEW_REQUIRED,Unknown,false,REVIEW_REQUIRED,REVIEW_REQUIRED,REVIEW,no path match in OpenProj baseline; classify origin manually,
modules/projectlibre_core/src/test/java/com/projectlibre1/util/TimeInputParserTest.java,projectlibre_core,test,HEAD,f813624e6f0eede658cfdb314718c4ead528ef9d0b6ec13ed3e666de9eae48bd,d2fa3c20a,,,0530be227f4a10c5545cce8d3db20ac5a4d76a66,REVIEW_REQUIRED,Unknown,false,REVIEW_REQUIRED,REVIEW_REQUIRED,REVIEW,no path match in OpenProj baseline; classify origin manually,
modules/projectlibre_core/src/test/java/com/projectlibre1/util/VersionUtilsTest.java,projectlibre_core,test,HEAD,62362f10edb773df2e9de8f96f08499904aaae047306b21cbf9e8867df645cc3,d2fa3c20a,,,0530be227f4a10c5545cce8d3db20ac5a4d76a66,REVIEW_REQUIRED,Unknown,false,REVIEW_REQUIRED,REVIEW_REQUIRED,REVIEW,no path match in OpenProj baseline; classify origin manually,
modules/projectlibre_core/src/test/java/com/projectlibre1/util/YearlessDateInputParserTest.java,projectlibre_core,test,HEAD,ccdd1d4cd4da5c1eaca8f2312be6f1955d56cc1c8676582063cb70537e22ba0b,d2fa3c20a,,,0530be227f4a10c5545cce8d3db20ac5a4d76a66,REVIEW_REQUIRED,Unknown,false,REVIEW_REQUIRED,REVIEW_REQUIRED,REVIEW,no path match in OpenProj baseline; classify origin manually,
modules/projectlibre_core/src/test/java/org/projectlibre/core/configuration/ConfigurationTest.java,projectlibre_core,test,HEAD,c8388490e06291ac42206cdbd71c026e7c34f1826a1ed678343fabb45ab82acc,d2fa3c20a,,,0530be227f4a10c5545cce8d3db20ac5a4d76a66,REVIEW_REQUIRED,Unknown,false,REVIEW_REQUIRED,REVIEW_REQUIRED,REVIEW,no path match in OpenProj baseline; classify origin manually,
modules/projectlibre_exchange/.gitignore,projectlibre_exchange,other,HEAD,011944fae84d5c0f64d150e38daee4b583d6a31d828c305d0424521603f1b309,d2fa3c20a,,,0530be227f4a10c5545cce8d3db20ac5a4d76a66,REVIEW_REQUIRED,Unknown,false,REVIEW_REQUIRED,REVIEW_REQUIRED,REVIEW,no path match in OpenProj baseline; classify origin manually,
modules/projectlibre_exchange/build.gradle.kts,projectlibre_exchange,other,HEAD,1558c696e630128d0356f5eba86dfbd600332a684863dfbd2cbec6446bfdc404,d2fa3c20a,,,0530be227f4a10c5545cce8d3db20ac5a4d76a66,REVIEW_REQUIRED,Unknown,false,REVIEW_REQUIRED,REVIEW_REQUIRED,REVIEW,no path match in OpenProj baseline; classify origin manually,
modules/projectlibre_exchange/src/main/java/com/projectlibre/core/pm/exchange/MspExporter.java,projectlibre_exchange,java,HEAD,d687187d93ea2a78d28cbab7a00959bc496383e9ed48982d928a6f9977ff94de,d2fa3c20a,,,0530be227f4a10c5545cce8d3db20ac5a4d76a66,REVIEW_REQUIRED,ProjectLibre,false,REVIEW_REQUIRED,CPAL-1.0,REVIEW,no path match in OpenProj baseline; classify origin manually,
modules/projectlibre_exchange/src/main/java/com/projectlibre/core/pm/exchange/MspImporter.java,projectlibre_exchange,java,HEAD,30c8767b4d66184d7bb49364e73f2fcffbd0e9613bd2569ddd8790036878c300,d2fa3c20a,,,0530be227f4a10c5545cce8d3db20ac5a4d76a66,REVIEW_REQUIRED,ProjectLibre,false,REVIEW_REQUIRED,CPAL-1.0,REVIEW,no path match in OpenProj baseline; classify origin manually,
modules/projectlibre_exchange/src/main/java/com/projectlibre/core/pm/exchange/ProjectConverter.java,projectlibre_exchange,java,HEAD,5c4683ad6dccbd216d48201ae5f73712f26f1be0c31c31ee23769247009b539e,d2fa3c20a,,,0530be227f4a10c5545cce8d3db20ac5a4d76a66,REVIEW_REQUIRED,ProjectLibre,false,REVIEW_REQUIRED,CPAL-1.0,REVIEW,no path match in OpenProj baseline; classify origin manually,
modules/projectlibre_exchange/src/main/java/com/projectlibre/core/pm/exchange/converters/mpx/MpxAssignmentConverter.java,projectlibre_exchange,java,HEAD,cfb5ac241a03aded5cdea55929b27d7de37c1b351e32be4eaf0c1f6e7e2eaed6,d2fa3c20a,,,0530be227f4a10c5545cce8d3db20ac5a4d76a66,REVIEW_REQUIRED,ProjectLibre,false,REVIEW_REQUIRED,CPAL-1.0,REVIEW,no path match in OpenProj baseline; classify origin manually,
modules/projectlibre_exchange/src/main/java/com/projectlibre/core/pm/exchange/converters/mpx/MpxCalendarConverter.java,projectlibre_exchange,java,HEAD,3bd5aa684eb2f45af2c326c2c5902db86b97adf13433c12c335a7bba903f317f,d2fa3c20a,,,0530be227f4a10c5545cce8d3db20ac5a4d76a66,REVIEW_REQUIRED,ProjectLibre,false,REVIEW_REQUIRED,CPAL-1.0,REVIEW,no path match in OpenProj baseline; classify origin manually,
modules/projectlibre_exchange/src/main/java/com/projectlibre/core/pm/exchange/converters/mpx/MpxDependencyConverter.java,projectlibre_exchange,java,HEAD,3f7e67484ba88444699023aa749ac96f4eb8b8eada71848c8c273f6a06164fcb,d2fa3c20a,,,0530be227f4a10c5545cce8d3db20ac5a4d76a66,REVIEW_REQUIRED,ProjectLibre,false,REVIEW_REQUIRED,CPAL-1.0,REVIEW,no path match in OpenProj baseline; classify origin manually,
modules/projectlibre_exchange/src/main/java/com/projectlibre/core/pm/exchange/converters/mpx/MpxExceptionConverter.java,projectlibre_exchange,java,HEAD,2a34caaae1f00a762e1246e5e7eafba8a4bf07190a1a1036f234baa750fa3466,d2fa3c20a,,,0530be227f4a10c5545cce8d3db20ac5a4d76a66,REVIEW_REQUIRED,ProjectLibre,false,REVIEW_REQUIRED,CPAL-1.0,REVIEW,no path match in OpenProj baseline; classify origin manually,
modules/projectlibre_exchange/src/main/java/com/projectlibre/core/pm/exchange/converters/mpx/MpxImportState.java,projectlibre_exchange,java,HEAD,09b00b726fd6c9a0211869c61b032c4bc60ab9480a745982e46a40db625f83b3,d2fa3c20a,,,0530be227f4a10c5545cce8d3db20ac5a4d76a66,REVIEW_REQUIRED,ProjectLibre,false,REVIEW_REQUIRED,CPAL-1.0,REVIEW,no path match in OpenProj baseline; classify origin manually,
modules/projectlibre_exchange/src/main/java/com/projectlibre/core/pm/exchange/converters/mpx/MpxOptionsConverter.java,projectlibre_exchange,java,HEAD,8ac3d8a1f890ece2ac39771fd9c33c1d952dbddfe134e9d3d69d690d55612404,d2fa3c20a,,,0530be227f4a10c5545cce8d3db20ac5a4d76a66,REVIEW_REQUIRED,ProjectLibre,false,REVIEW_REQUIRED,CPAL-1.0,REVIEW,no path match in OpenProj baseline; classify origin manually,
modules/projectlibre_exchange/src/main/java/com/projectlibre/core/pm/exchange/converters/mpx/MpxProjectConverter.java,projectlibre_exchange,java,HEAD,a8ba3950f53a3cc52ff47be705c4aa686a54a4cbd655efc5c22211ef72dc1863,d2fa3c20a,,,0530be227f4a10c5545cce8d3db20ac5a4d76a66,REVIEW_REQUIRED,ProjectLibre,false,REVIEW_REQUIRED,CPAL-1.0,REVIEW,no path match in OpenProj baseline; classify origin manually,
modules/projectlibre_exchange/src/main/java/com/projectlibre/core/pm/exchange/converters/mpx/MpxRangeConverter.java,projectlibre_exchange,java,HEAD,847a12555f091b9b37b5afdd13b242775dee57fb2c3faed2e3905bcf614ced9e,d2fa3c20a,,,0530be227f4a10c5545cce8d3db20ac5a4d76a66,REVIEW_REQUIRED,ProjectLibre,false,REVIEW_REQUIRED,CPAL-1.0,REVIEW,no path match in OpenProj baseline; classify origin manually,
modules/projectlibre_exchange/src/main/java/com/projectlibre/core/pm/exchange/converters/mpx/MpxResourceConverter.java,projectlibre_exchange,java,HEAD,fc113d60fcc274be85c5e1daf85d0aad29f57b74cb646f921288799ae346ab12,d2fa3c20a,,,0530be227f4a10c5545cce8d3db20ac5a4d76a66,REVIEW_REQUIRED,ProjectLibre,false,REVIEW_REQUIRED,CPAL-1.0,REVIEW,no path match in OpenProj baseline; classify origin manually,
modules/projectlibre_exchange/src/main/java/com/projectlibre/core/pm/exchange/converters/mpx/MpxTaskConverter.java,projectlibre_exchange,java,HEAD,0a56be53457731faa809c13037199606d3fba6b722d3739a368ee01a293d5cb4,d2fa3c20a,,,0530be227f4a10c5545cce8d3db20ac5a4d76a66,REVIEW_REQUIRED,ProjectLibre,false,REVIEW_REQUIRED,CPAL-1.0,REVIEW,no path match in OpenProj baseline; classify origin manually,
modules/projectlibre_exchange/src/main/java/com/projectlibre/core/pm/exchange/converters/mpx/MpxTimephasedConverter.java,projectlibre_exchange,java,HEAD,229d32d58641075666c3e8a91df10144690421a1a269d243667a7dc8e397dbf4,d2fa3c20a,,,0530be227f4a10c5545cce8d3db20ac5a4d76a66,REVIEW_REQUIRED,ProjectLibre,false,REVIEW_REQUIRED,CPAL-1.0,REVIEW,no path match in OpenProj baseline; classify origin manually,
modules/projectlibre_exchange/src/main/java/com/projectlibre/core/pm/exchange/converters/mpx/MpxUtils.java,projectlibre_exchange,java,HEAD,b6006038196d3c2d462de93d56b16f4439236b492a4842e0805490174ec2d332,d2fa3c20a,,,0530be227f4a10c5545cce8d3db20ac5a4d76a66,REVIEW_REQUIRED,ProjectLibre,false,REVIEW_REQUIRED,CPAL-1.0,REVIEW,no path match in OpenProj baseline; classify origin manually,
modules/projectlibre_exchange/src/main/java/com/projectlibre/core/pm/exchange/converters/mpx/type/MpxAccrueTypeConverter.java,projectlibre_exchange,java,HEAD,37eb0056cd958e97250d1a3f13c348a3d8aef57e2f79d007f9d81207a87e2912,d2fa3c20a,,,0530be227f4a10c5545cce8d3db20ac5a4d76a66,REVIEW_REQUIRED,ProjectLibre,false,REVIEW_REQUIRED,CPAL-1.0,REVIEW,no path match in OpenProj baseline; classify origin manually,
modules/projectlibre_exchange/src/main/java/com/projectlibre/core/pm/exchange/converters/mpx/type/MpxConstraintTypeConverter.java,projectlibre_exchange,java,HEAD,f6c6157c3916d44fd05e925b38ef61333b222b805befdb487ddd7934b487f6dc,d2fa3c20a,,,0530be227f4a10c5545cce8d3db20ac5a4d76a66,REVIEW_REQUIRED,ProjectLibre,false,REVIEW_REQUIRED,CPAL-1.0,REVIEW,no path match in OpenProj baseline; classify origin manually,
modules/projectlibre_exchange/src/main/java/com/projectlibre/core/pm/exchange/converters/mpx/type/MpxDependencyTypeConverter.java,projectlibre_exchange,java,HEAD,661eefeed93176584b16e5569b94c5afb50498ac514bcd3c5ef5dd03beb33340,d2fa3c20a,,,0530be227f4a10c5545cce8d3db20ac5a4d76a66,REVIEW_REQUIRED,ProjectLibre,false,REVIEW_REQUIRED,CPAL-1.0,REVIEW,no path match in OpenProj baseline; classify origin manually,
modules/projectlibre_exchange/src/main/java/com/projectlibre/core/pm/exchange/converters/mpx/type/MpxDurationConverter.java,projectlibre_exchange,java,HEAD,1775af0fccc710239adacafd12d8c2be71323f9ad99f61bf36823d34929e1774,d2fa3c20a,,,0530be227f4a10c5545cce8d3db20ac5a4d76a66,REVIEW_REQUIRED,ProjectLibre,false,REVIEW_REQUIRED,CPAL-1.0,REVIEW,no path match in OpenProj baseline; classify origin manually,
modules/projectlibre_exchange/src/main/java/com/projectlibre/core/pm/exchange/converters/mpx/type/MpxEarnedValueMethodConverter.java,projectlibre_exchange,java,HEAD,916cdd7a7ce7484c516669f62374c584591cc6a41e9ac8693cb792b97e3b4ad6,d2fa3c20a,,,0530be227f4a10c5545cce8d3db20ac5a4d76a66,REVIEW_REQUIRED,ProjectLibre,false,REVIEW_REQUIRED,CPAL-1.0,REVIEW,no path match in OpenProj baseline; classify origin manually,
modules/projectlibre_exchange/src/main/java/com/projectlibre/core/pm/exchange/converters/mpx/type/MpxPriorityConverter.java,projectlibre_exchange,java,HEAD,f1ce18025e03bee8492d4953e0475f5bee18106c395fbe26a1e225d938f5aa35,d2fa3c20a,,,0530be227f4a10c5545cce8d3db20ac5a4d76a66,REVIEW_REQUIRED,ProjectLibre,false,REVIEW_REQUIRED,CPAL-1.0,REVIEW,no path match in OpenProj baseline; classify origin manually,
modules/projectlibre_exchange/src/main/java/com/projectlibre/core/pm/exchange/converters/mpx/type/MpxRateConverter.java,projectlibre_exchange,java,HEAD,7003d0900e9a2fa889fce96def7d7f54b40606db1bf20bba46ddd6b947ede1cd,d2fa3c20a,,,0530be227f4a10c5545cce8d3db20ac5a4d76a66,REVIEW_REQUIRED,ProjectLibre,false,REVIEW_REQUIRED,CPAL-1.0,REVIEW,no path match in OpenProj baseline; classify origin manually,
modules/projectlibre_exchange/src/main/java/com/projectlibre/core/pm/exchange/converters/mpx/type/MpxScheduleFromConverter.java,projectlibre_exchange,java,HEAD,41c42ac5d2c1607102118aefa2f8e229e576d4854e657ef080d1e5ddd57166c7,d2fa3c20a,,,0530be227f4a10c5545cce8d3db20ac5a4d76a66,REVIEW_REQUIRED,ProjectLibre,false,REVIEW_REQUIRED,CPAL-1.0,REVIEW,no path match in OpenProj baseline; classify origin manually,
modules/projectlibre_exchange/src/main/java/com/projectlibre/core/pm/exchange/converters/mpx/type/MpxSchedulingTypeConverter.java,projectlibre_exchange,java,HEAD,8577492e02b4d462f61e0acdab20e359f7d9f97123249b93497097408ede6212,d2fa3c20a,,,0530be227f4a10c5545cce8d3db20ac5a4d76a66,REVIEW_REQUIRED,ProjectLibre,false,REVIEW_REQUIRED,CPAL-1.0,REVIEW,no path match in OpenProj baseline; classify origin manually,
modules/projectlibre_exchange/src/main/java/com/projectlibre/core/pm/exchange/converters/op/OpAssignmentConverter.java,projectlibre_exchange,java,HEAD,d72c34893cbbd62a2713063b453dc798ac5d16a5f150c4d81746967bd87fe3c5,d2fa3c20a,,,0530be227f4a10c5545cce8d3db20ac5a4d76a66,REVIEW_REQUIRED,ProjectLibre,false,REVIEW_REQUIRED,CPAL-1.0,REVIEW,no path match in OpenProj baseline; classify origin manually,
modules/projectlibre_exchange/src/main/java/com/projectlibre/core/pm/exchange/converters/op/OpCalendarConverter.java,projectlibre_exchange,java,HEAD,99e88dc52a5bf1b79bae9e6a133badfbd1b72e1fd627942d1fe26abecaff487f,d2fa3c20a,,,0530be227f4a10c5545cce8d3db20ac5a4d76a66,REVIEW_REQUIRED,ProjectLibre,false,REVIEW_REQUIRED,CPAL-1.0,REVIEW,no path match in OpenProj baseline; classify origin manually,
modules/projectlibre_exchange/src/main/java/com/projectlibre/core/pm/exchange/converters/op/OpDependencyConverter.java,projectlibre_exchange,java,HEAD,2761550047a32e9e60c71232564d482e41c9a552c1b2398982b39795a130bb91,d2fa3c20a,,,0530be227f4a10c5545cce8d3db20ac5a4d76a66,REVIEW_REQUIRED,ProjectLibre,false,REVIEW_REQUIRED,CPAL-1.0,REVIEW,no path match in OpenProj baseline; classify origin manually,
modules/projectlibre_exchange/src/main/java/com/projectlibre/core/pm/exchange/converters/op/OpExceptionConverter.java,projectlibre_exchange,java,HEAD,d570b9c1028d4cdf211876f8b8d301061ba10b1e74d7f80fddf6f93d2b191524,d2fa3c20a,,,0530be227f4a10c5545cce8d3db20ac5a4d76a66,REVIEW_REQUIRED,ProjectLibre,false,REVIEW_REQUIRED,CPAL-1.0,REVIEW,no path match in OpenProj baseline; classify origin manually,
modules/projectlibre_exchange/src/main/java/com/projectlibre/core/pm/exchange/converters/op/OpImportState.java,projectlibre_exchange,java,HEAD,d9cf1e7bf60b6210b4acb402229bd06d04fbae3c4200f376fb70a65390508871,d2fa3c20a,,,0530be227f4a10c5545cce8d3db20ac5a4d76a66,REVIEW_REQUIRED,ProjectLibre,false,REVIEW_REQUIRED,CPAL-1.0,REVIEW,no path match in OpenProj baseline; classify origin manually,
modules/projectlibre_exchange/src/main/java/com/projectlibre/core/pm/exchange/converters/op/OpOptionsConverter.java,projectlibre_exchange,java,HEAD,8799d43f89c91ec52f1fbb099814ff85a747ff767304e8af1f5d6c3b082a363f,d2fa3c20a,,,0530be227f4a10c5545cce8d3db20ac5a4d76a66,REVIEW_REQUIRED,ProjectLibre,false,REVIEW_REQUIRED,CPAL-1.0,REVIEW,no path match in OpenProj baseline; classify origin manually,
modules/projectlibre_exchange/src/main/java/com/projectlibre/core/pm/exchange/converters/op/OpProjectConverter.java,projectlibre_exchange,java,HEAD,1cfe4d402e98f33885c9797c15e45d6b3f11ec3d08ffc7ae1bc18043e58b4b01,d2fa3c20a,,,0530be227f4a10c5545cce8d3db20ac5a4d76a66,REVIEW_REQUIRED,ProjectLibre,false,REVIEW_REQUIRED,CPAL-1.0,REVIEW,no path match in OpenProj baseline; classify origin manually,
modules/projectlibre_exchange/src/main/java/com/projectlibre/core/pm/exchange/converters/op/OpRangeConverter.java,projectlibre_exchange,java,HEAD,c46514ea2b56bf628d35fe0e60e7f64eecc7bb7c337f1f6152a11840033deb21,d2fa3c20a,,,0530be227f4a10c5545cce8d3db20ac5a4d76a66,REVIEW_REQUIRED,ProjectLibre,false,REVIEW_REQUIRED,CPAL-1.0,REVIEW,no path match in OpenProj baseline; classify origin manually,
modules/projectlibre_exchange/src/main/java/com/projectlibre/core/pm/exchange/converters/op/OpResourceConverter.java,projectlibre_exchange,java,HEAD,e2c92f9c113f0448ec6508998156353602139b183d2de8d4afa0880fe2de4fc8,d2fa3c20a,,,0530be227f4a10c5545cce8d3db20ac5a4d76a66,REVIEW_REQUIRED,ProjectLibre,false,REVIEW_REQUIRED,CPAL-1.0,REVIEW,no path match in OpenProj baseline; classify origin manually,
modules/projectlibre_exchange/src/main/java/com/projectlibre/core/pm/exchange/converters/op/OpTaskConverter.java,projectlibre_exchange,java,HEAD,614f304935e25b31feab3d994e28ffee03727d926aad2947f1c3ff5f78cb4571,d2fa3c20a,,,0530be227f4a10c5545cce8d3db20ac5a4d76a66,REVIEW_REQUIRED,ProjectLibre,false,REVIEW_REQUIRED,CPAL-1.0,REVIEW,no path match in OpenProj baseline; classify origin manually,
modules/projectlibre_exchange/src/main/java/com/projectlibre/core/pm/exchange/converters/op/OpTimephasedConverter.java,projectlibre_exchange,java,HEAD,6bec72168a1fdce552a35a1dcf37e2e58093e9cb1fee0458fcffd294c69d1234,d2fa3c20a,,,0530be227f4a10c5545cce8d3db20ac5a4d76a66,REVIEW_REQUIRED,ProjectLibre,false,REVIEW_REQUIRED,CPAL-1.0,REVIEW,no path match in OpenProj baseline; classify origin manually,
modules/projectlibre_exchange/src/main/java/com/projectlibre/core/pm/exchange/converters/op/type/OpAccrueTypeConverter.java,projectlibre_exchange,java,HEAD,7aa59ea7f63eb9059ac761a4b897248aeaa52249c15bf3fcd983e453d6491c8f,d2fa3c20a,,,0530be227f4a10c5545cce8d3db20ac5a4d76a66,REVIEW_REQUIRED,ProjectLibre,false,REVIEW_REQUIRED,CPAL-1.0,REVIEW,no path match in OpenProj baseline; classify origin manually,
modules/projectlibre_exchange/src/main/java/com/projectlibre/core/pm/exchange/converters/op/type/OpDependencyTypeConverter.java,projectlibre_exchange,java,HEAD,450642df33d5bc95f804e9d0417a62cd7e079cb467d2f84d55c13de0aca6bb5f,d2fa3c20a,,,0530be227f4a10c5545cce8d3db20ac5a4d76a66,REVIEW_REQUIRED,ProjectLibre,false,REVIEW_REQUIRED,CPAL-1.0,REVIEW,no path match in OpenProj baseline; classify origin manually,
modules/projectlibre_exchange/src/main/java/com/projectlibre/core/pm/exchange/converters/op/type/OpDurationConverter.java,projectlibre_exchange,java,HEAD,9d359819bf78a4434f28f93ac8b1ea9408445f56233b96a7eaf368b4122c44b8,d2fa3c20a,,,0530be227f4a10c5545cce8d3db20ac5a4d76a66,REVIEW_REQUIRED,ProjectLibre,false,REVIEW_REQUIRED,CPAL-1.0,REVIEW,no path match in OpenProj baseline; classify origin manually,
modules/projectlibre_exchange/src/main/java/com/projectlibre/core/pm/exchange/converters/op/type/OpEarnedValueMethodConverter.java,projectlibre_exchange,java,HEAD,8e5b15f85745504f5e4554ea28fe47ceb6acb1ceedc2b41e49c26c445ffc064b,d2fa3c20a,,,0530be227f4a10c5545cce8d3db20ac5a4d76a66,REVIEW_REQUIRED,ProjectLibre,false,REVIEW_REQUIRED,CPAL-1.0,REVIEW,no path match in OpenProj baseline; classify origin manually,
modules/projectlibre_exchange/src/main/java/com/projectlibre/core/pm/exchange/converters/op/type/OpRateConverter.java,projectlibre_exchange,java,HEAD,2e9e46482b1305a5593b7f140b8f08552988ad7e67264e0daef26ea707b761bd,d2fa3c20a,,,0530be227f4a10c5545cce8d3db20ac5a4d76a66,REVIEW_REQUIRED,ProjectLibre,false,REVIEW_REQUIRED,CPAL-1.0,REVIEW,no path match in OpenProj baseline; classify origin manually,
modules/projectlibre_exchange/src/main/java/com/projectlibre/core/pm/exchange/converters/op/type/OpSchedulingTypeConverter.java,projectlibre_exchange,java,HEAD,6f3d8bcaaf3279f1aa8dcd580e7f7f019d51deaf6ef63844505780c37eed5d75,d2fa3c20a,,,0530be227f4a10c5545cce8d3db20ac5a4d76a66,REVIEW_REQUIRED,ProjectLibre,false,REVIEW_REQUIRED,CPAL-1.0,REVIEW,no path match in OpenProj baseline; classify origin manually,
modules/projectlibre_exchange/src/main/java/com/projectlibre/core/pm/exchange/converters/type/CalendarUTCLongConverter.java,projectlibre_exchange,java,HEAD,93d6fb61e38266d150fa38eed9857407146a47334fb779e333932f538626b7bd,d2fa3c20a,,,0530be227f4a10c5545cce8d3db20ac5a4d76a66,REVIEW_REQUIRED,ProjectLibre,false,REVIEW_REQUIRED,CPAL-1.0,REVIEW,no path match in OpenProj baseline; classify origin manually,
modules/projectlibre_exchange/src/main/java/com/projectlibre/core/pm/exchange/converters/type/DateHoursMinsConverter.java,projectlibre_exchange,java,HEAD,85ef082a439193c8f033f5f983a72ed84644f276b30b27fae7ae6f99662d95cb,d2fa3c20a,,,0530be227f4a10c5545cce8d3db20ac5a4d76a66,REVIEW_REQUIRED,ProjectLibre,false,REVIEW_REQUIRED,CPAL-1.0,REVIEW,no path match in OpenProj baseline; classify origin manually,
modules/projectlibre_exchange/src/main/java/com/projectlibre/core/pm/exchange/converters/type/DateLongConverter.java,projectlibre_exchange,java,HEAD,a0b0ed722f61aa1f7dc2f7e42bf9eadd051c48feefe696229f954938bace0e95,d2fa3c20a,,,0530be227f4a10c5545cce8d3db20ac5a4d76a66,REVIEW_REQUIRED,ProjectLibre,false,REVIEW_REQUIRED,CPAL-1.0,REVIEW,no path match in OpenProj baseline; classify origin manually,
modules/projectlibre_exchange/src/main/java/com/projectlibre/core/pm/exchange/converters/type/DateUTCConverter.java,projectlibre_exchange,java,HEAD,762571c6be18812b01812af6fd6c1563ddc789de4280ffbd89a4f9e61dcf7fbe,d2fa3c20a,,,0530be227f4a10c5545cce8d3db20ac5a4d76a66,REVIEW_REQUIRED,ProjectLibre,false,REVIEW_REQUIRED,CPAL-1.0,REVIEW,no path match in OpenProj baseline; classify origin manually,
modules/projectlibre_exchange/src/main/java/com/projectlibre/core/pm/exchange/converters/type/DateUTCLongConverter.java,projectlibre_exchange,java,HEAD,2e2f98d65a46958fa651cd81391e7ce414debf8c71613b34183d6d7c30351b2c,d2fa3c20a,,,0530be227f4a10c5545cce8d3db20ac5a4d76a66,REVIEW_REQUIRED,ProjectLibre,false,REVIEW_REQUIRED,CPAL-1.0,REVIEW,no path match in OpenProj baseline; classify origin manually,
modules/projectlibre_exchange/src/main/java/com/projectlibre/core/pm/exchange/converters/type/LongDateConverter.java,projectlibre_exchange,java,HEAD,109a07b538fec6c59e2b1d195554e9c1959120a14a4e6d77fe55d3dab3348fd2,d2fa3c20a,,,0530be227f4a10c5545cce8d3db20ac5a4d76a66,REVIEW_REQUIRED,ProjectLibre,false,REVIEW_REQUIRED,CPAL-1.0,REVIEW,no path match in OpenProj baseline; classify origin manually,
modules/projectlibre_exchange/src/main/java/com/projectlibre/core/pm/exchange/converters/type/NumberDoubleConverter.java,projectlibre_exchange,java,HEAD,5d3b2b6e2b715f4488027595a2718c594962f283808e64bd93dea35a022d9daf,d2fa3c20a,,,0530be227f4a10c5545cce8d3db20ac5a4d76a66,REVIEW_REQUIRED,ProjectLibre,false,REVIEW_REQUIRED,CPAL-1.0,REVIEW,no path match in OpenProj baseline; classify origin manually,
modules/projectlibre_exchange/src/main/java/com/projectlibre/core/pm/exchange/converters/type/PercentNumberRatioDoubleConverter.java,projectlibre_exchange,java,HEAD,2636c955b14991c17b1314f667b578ea286e007a443eb258c9a255328caa4545,d2fa3c20a,,,0530be227f4a10c5545cce8d3db20ac5a4d76a66,REVIEW_REQUIRED,ProjectLibre,false,REVIEW_REQUIRED,CPAL-1.0,REVIEW,no path match in OpenProj baseline; classify origin manually,
modules/projectlibre_exchange/src/main/java/com/projectlibre/core/pm/exchange/converters/type/TruncatedStringConverter.java,projectlibre_exchange,java,HEAD,03a9ebf06e076c62a4a4065eb1067c1aed8eb3ebea722d028cbe2a14abab8e12,d2fa3c20a,,,0530be227f4a10c5545cce8d3db20ac5a4d76a66,REVIEW_REQUIRED,ProjectLibre,false,REVIEW_REQUIRED,CPAL-1.0,REVIEW,no path match in OpenProj baseline; classify origin manually,
modules/projectlibre_exchange/src/main/java/com/projectlibre/exchange/OPExporter.java,projectlibre_exchange,java,HEAD,2fff7aeb7375cace0f2e25eb0aa69aed24ae0f0755bfd637d3d8bcce1935c462,d2fa3c20a,,,0530be227f4a10c5545cce8d3db20ac5a4d76a66,REVIEW_REQUIRED,ProjectLibre,false,REVIEW_REQUIRED,CPAL-1.0,REVIEW,no path match in OpenProj baseline; classify origin manually,
modules/projectlibre_exchange/src/main/java/com/projectlibre/exchange/OPImporter.java,projectlibre_exchange,java,HEAD,3bde79f97641bab86569ab41345eb5d32ad1228f07a3c2b7bfd74496c12cdf31,d2fa3c20a,,,0530be227f4a10c5545cce8d3db20ac5a4d76a66,REVIEW_REQUIRED,ProjectLibre,false,REVIEW_REQUIRED,CPAL-1.0,REVIEW,no path match in OpenProj baseline; classify origin manually,
modules/projectlibre_exchange/src/main/java/com/projectlibre1/exchange/Context.java,projectlibre_exchange,java,HEAD,c056044da925ed6883a50e5f813c539a7ed411f2f7fc1ecfd2bd7baa41177514,d2fa3c20a,openproj_exchange/src/com/projity/exchange/Context.java,cad6a134de3300b03ff4680c49d658abfa8674bd96c4063ee7074f263eada398,0530be227f4a10c5545cce8d3db20ac5a4d76a66,REVIEW_REQUIRED,ProjectLibre,true,REVIEW_REQUIRED,CPAL-1.0,KEEP_OPENPROJ,normalized content matches OpenProj baseline,
modules/projectlibre_exchange/src/main/java/com/projectlibre1/exchange/ImportedCalendarService.java,projectlibre_exchange,java,HEAD,bc199cd5d69d1536c5d38dd7caf214ac420060c31c9457664a04e244ce1c6a7c,d2fa3c20a,openproj_exchange/src/com/projity/exchange/ImportedCalendarService.java,64cb56f1d09e69826b40809311866458faa5e1c8fd645fedecbb1f98fb82ae02,0530be227f4a10c5545cce8d3db20ac5a4d76a66,REVIEW_REQUIRED,ProjectLibre,false,REVIEW_REQUIRED,CPAL-1.0,REVIEW,OpenProj path exists but content differs; perform hunk-level comparison,
modules/projectlibre_exchange/src/main/java/com/projectlibre1/exchange/MicrosoftImporter.java,projectlibre_exchange,java,HEAD,4d8bca4d8dd161836358e378aacce4adda4148e82216975f66273f5a563fe708,d2fa3c20a,openproj_exchange/src/com/projity/exchange/MicrosoftImporter.java,d179a485ddc0d5bac570e8c5127b22eb21ced75dc94618e0be56f8855eb9d1c4,0530be227f4a10c5545cce8d3db20ac5a4d76a66,REVIEW_REQUIRED,ProjectLibre,false,REVIEW_REQUIRED,CPAL-1.0,REVIEW,OpenProj path exists but content differs; perform hunk-level comparison,
modules/projectlibre_exchange/src/main/java/com/projectlibre1/exchange/ServerFileImporter.java,projectlibre_exchange,java,HEAD,5db5913b3b28ea576b68392044381d3c90c70eb1afdfd939ea74571eeac3464e,d2fa3c20a,openproj_exchange/src/com/projity/exchange/ServerFileImporter.java,ea44c30fe73a7bbb795dafe7d21f36378065151e64092ca3be4c63932e49f9df,0530be227f4a10c5545cce8d3db20ac5a4d76a66,REVIEW_REQUIRED,ProjectLibre,false,REVIEW_REQUIRED,CPAL-1.0,REVIEW,OpenProj path exists but content differs; perform hunk-level comparison,
modules/projectlibre_exchange/src/main/java/com/projectlibre1/exchange/ServerLocalFileImporter.java,projectlibre_exchange,java,HEAD,4601e29d65348d944e008ceba66b39725b2979dbc49adbbe49de1031b0b7422e,d2fa3c20a,openproj_exchange/src/com/projity/exchange/ServerLocalFileImporter.java,07f30c91ccaf04734c16fcdf4750d66e3ea95bd4e9a772131b6597f7727ed229,0530be227f4a10c5545cce8d3db20ac5a4d76a66,REVIEW_REQUIRED,ProjectLibre,false,REVIEW_REQUIRED,CPAL-1.0,REVIEW,OpenProj path exists but content differs; perform hunk-level comparison,
modules/projectlibre_exchange/src/main/java/com/projectlibre1/exchange/mpxj/MpxjApi.java,projectlibre_exchange,java,HEAD,2bf175583f3d1f72a0bcbec889c33a95df83cee16943e724eaeaeca83a6b3925,d2fa3c20a,,,0530be227f4a10c5545cce8d3db20ac5a4d76a66,REVIEW_REQUIRED,Unknown,false,REVIEW_REQUIRED,REVIEW_REQUIRED,REVIEW,no path match in OpenProj baseline; classify origin manually,
modules/projectlibre_exchange/src/main/java/com/projectlibre1/exchange/mpxj/ProjectWriterFactory.java,projectlibre_exchange,java,HEAD,ce3875fbd0fa7345e48e864d974b1ec73c1e4a3be4638fa36d382e43d21160af,d2fa3c20a,,,0530be227f4a10c5545cce8d3db20ac5a4d76a66,REVIEW_REQUIRED,Unknown,false,REVIEW_REQUIRED,REVIEW_REQUIRED,REVIEW,no path match in OpenProj baseline; classify origin manually,
modules/projectlibre_exchange/src/main/java/com/projectlibre1/exchange/xlsx/ProjectLibreXlsxReader.java,projectlibre_exchange,java,HEAD,f6edda3b5369ed8ef611c9a6bb451790eeab50c49fffc464b2fead98dee40f9c,d2fa3c20a,,,0530be227f4a10c5545cce8d3db20ac5a4d76a66,REVIEW_REQUIRED,Unknown,false,REVIEW_REQUIRED,REVIEW_REQUIRED,REVIEW,no path match in OpenProj baseline; classify origin manually,
modules/projectlibre_exchange/src/main/java/com/projectlibre1/exchange/xlsx/ProjectLibreXlsxWriter.java,projectlibre_exchange,java,HEAD,30307d00ede7bff0bdb3c9afae74228a6608e3e07c95a70d77c6d0eacfbdaacd,d2fa3c20a,,,0530be227f4a10c5545cce8d3db20ac5a4d76a66,REVIEW_REQUIRED,Unknown,false,REVIEW_REQUIRED,REVIEW_REQUIRED,REVIEW,no path match in OpenProj baseline; classify origin manually,
modules/projectlibre_exchange/src/main/java/com/projectlibre1/exchange/xlsx/SearchableInputStream.java,projectlibre_exchange,java,HEAD,1151c76cc84e53257961827965f4543e5464224b30d4eda95432f0cfe828da3b,d2fa3c20a,,,0530be227f4a10c5545cce8d3db20ac5a4d76a66,REVIEW_REQUIRED,Unknown,false,REVIEW_REQUIRED,REVIEW_REQUIRED,REVIEW,no path match in OpenProj baseline; classify origin manually,
modules/projectlibre_exchange/src/main/java/com/projectlibre1/server/data/AssignmentData.java,projectlibre_exchange,java,HEAD,ad9552f24f7412a0855fd975de6998ea9aa2d9fe4a5dbcbcd1e2a3f5d46a34e8,d2fa3c20a,openproj_exchange/src/com/projity/server/data/AssignmentData.java,681b16ad97b4b9f43b9d9c6eaff148e95b5868401a7c74691b8d59273e65d9da,0530be227f4a10c5545cce8d3db20ac5a4d76a66,REVIEW_REQUIRED,ProjectLibre,false,REVIEW_REQUIRED,CPAL-1.0,REVIEW,OpenProj path exists but content differs; perform hunk-level comparison,
modules/projectlibre_exchange/src/main/java/com/projectlibre1/server/data/ByteArrayObject.java,projectlibre_exchange,java,HEAD,57ea537a674b478eef8913546ddf35e761dcdf740b1e240a03367954719c4a10,d2fa3c20a,openproj_exchange/src/com/projity/server/data/ByteArrayObject.java,4fa91d108187166f9ea386226262dc0d0ab8a7e8008fc23186f1884359ec7763,0530be227f4a10c5545cce8d3db20ac5a4d76a66,REVIEW_REQUIRED,ProjectLibre,true,REVIEW_REQUIRED,CPAL-1.0,KEEP_OPENPROJ,normalized content matches OpenProj baseline,
modules/projectlibre_exchange/src/main/java/com/projectlibre1/server/data/CompanyData.java,projectlibre_exchange,java,HEAD,3ebdb853fde1f5b628eabdc060cfa5dd69b3ea9866831e92a217b411db42ea5c,d2fa3c20a,openproj_exchange/src/com/projity/server/data/CompanyData.java,c05f47a70170fe60b7bd2d9a3c5343dc3ec6c3d869e538bed4bbb3db1124c87d,0530be227f4a10c5545cce8d3db20ac5a4d76a66,REVIEW_REQUIRED,ProjectLibre,true,REVIEW_REQUIRED,CPAL-1.0,KEEP_OPENPROJ,normalized content matches OpenProj baseline,
modules/projectlibre_exchange/src/main/java/com/projectlibre1/server/data/CustomFieldsMapper.java,projectlibre_exchange,java,HEAD,7b6bad74f2c44e88823bd11686ff6a10e08dd8e256246c75883fb0e04f08483a,d2fa3c20a,openproj_exchange/src/com/projity/server/data/CustomFieldsMapper.java,e78484fa5b37e4c0bd316fc0aee0827001ffa776777bf36426f605ba801b3727,0530be227f4a10c5545cce8d3db20ac5a4d76a66,REVIEW_REQUIRED,ProjectLibre,false,REVIEW_REQUIRED,CPAL-1.0,REVIEW,OpenProj path exists but content differs; perform hunk-level comparison,
modules/projectlibre_exchange/src/main/java/com/projectlibre1/server/data/DataObjectImpl.java,projectlibre_exchange,java,HEAD,a3177a730917441962be902c8389749c817dc882a7c4e0c9fd82b591ee0633a7,d2fa3c20a,openproj_exchange/src/com/projity/server/data/DataObjectImpl.java,6277bd76a2215cefd4a8042911df04a8f2459a1f53585e85f60317c91c08cbe7,0530be227f4a10c5545cce8d3db20ac5a4d76a66,REVIEW_REQUIRED,ProjectLibre,false,REVIEW_REQUIRED,CPAL-1.0,REVIEW,OpenProj path exists but content differs; perform hunk-level comparison,
modules/projectlibre_exchange/src/main/java/com/projectlibre1/server/data/EnterpriseResourceData.java,projectlibre_exchange,java,HEAD,d7b6ef44c689fae5503360a82f662e103316b368081340003e7b9285b2fc662c,d2fa3c20a,openproj_exchange/src/com/projity/server/data/EnterpriseResourceData.java,d734f89cb79b96695daff19473fed17afa9e6a125c6c41be064d551d75ee5a3d,0530be227f4a10c5545cce8d3db20ac5a4d76a66,REVIEW_REQUIRED,ProjectLibre,true,REVIEW_REQUIRED,CPAL-1.0,KEEP_OPENPROJ,normalized content matches OpenProj baseline,
modules/projectlibre_exchange/src/main/java/com/projectlibre1/server/data/GroupData.java,projectlibre_exchange,java,HEAD,301b565d5e14a39d4912d89dc1a8bc67582438bad2150cbf4c37600afb145b5a,d2fa3c20a,openproj_exchange/src/com/projity/server/data/GroupData.java,a20e9ed7d8a2032b322316e72e10e65bd871be94fb1ecd4ca6a87d6d8efb39f6,0530be227f4a10c5545cce8d3db20ac5a4d76a66,REVIEW_REQUIRED,ProjectLibre,true,REVIEW_REQUIRED,CPAL-1.0,KEEP_OPENPROJ,normalized content matches OpenProj baseline,
modules/projectlibre_exchange/src/main/java/com/projectlibre1/server/data/IncrementalData.java,projectlibre_exchange,java,HEAD,d9bddeda1d3e92642baaa84360de209c42a1fb4dc0899da05b053a7d3d4c9394,d2fa3c20a,openproj_exchange/src/com/projity/server/data/IncrementalData.java,a3ba27546c7d9f3a40fdf7f4d93008c3937ac179b7d41a26217ce93781e445fb,0530be227f4a10c5545cce8d3db20ac5a4d76a66,REVIEW_REQUIRED,ProjectLibre,false,REVIEW_REQUIRED,CPAL-1.0,REVIEW,OpenProj path exists but content differs; perform hunk-level comparison,
modules/projectlibre_exchange/src/main/java/com/projectlibre1/server/data/LinkData.java,projectlibre_exchange,java,HEAD,c8f3b87b4f9e128962d697a16fb454961b53f7150d46569041ef97bfbb8e5c99,d2fa3c20a,openproj_exchange/src/com/projity/server/data/LinkData.java,f64f351f78729fae2d528fac7745ea024050b0afb033ef5c2d1e8d9e67ffcc87,0530be227f4a10c5545cce8d3db20ac5a4d76a66,REVIEW_REQUIRED,ProjectLibre,true,REVIEW_REQUIRED,CPAL-1.0,KEEP_OPENPROJ,normalized content matches OpenProj baseline,
modules/projectlibre_exchange/src/main/java/com/projectlibre1/server/data/LockException.java,projectlibre_exchange,java,HEAD,a326ab4e9510f3601df414f953e51bf90acd8cdc5457de1c7b0df332a2a710f6,d2fa3c20a,openproj_exchange/src/com/projity/server/data/LockException.java,5044ded0ea3b82139f8b199efd9aa1262dfc40a8bf5e56af5d6641482d7ad944,0530be227f4a10c5545cce8d3db20ac5a4d76a66,REVIEW_REQUIRED,ProjectLibre,false,REVIEW_REQUIRED,CPAL-1.0,REVIEW,OpenProj path exists but content differs; perform hunk-level comparison,
modules/projectlibre_exchange/src/main/java/com/projectlibre1/server/data/MPXConverter.java,projectlibre_exchange,java,HEAD,e8a1f81e32e04dc9612f61ab7b292a31f23c89cfd12dff391d7403b8f14b46e8,d2fa3c20a,openproj_exchange/src/com/projity/server/data/MPXConverter.java,7a7f453d0a63007b10257ebbd4e6294439074c289f13a6284df71c84a3a134f2,0530be227f4a10c5545cce8d3db20ac5a4d76a66,REVIEW_REQUIRED,ProjectLibre,false,REVIEW_REQUIRED,CPAL-1.0,REVIEW,OpenProj path exists but content differs; perform hunk-level comparison,
modules/projectlibre_exchange/src/main/java/com/projectlibre1/server/data/MSPDISerializer.java,projectlibre_exchange,java,HEAD,e9ecca5dc11b9e567445ee6a3b8327170aba164b61f8a761b2efce2179b5a523,d2fa3c20a,openproj_exchange/src/com/projity/server/data/MSPDISerializer.java,acbb827eac3d33ea8f2d60b0fdfba9485a114a3d1c67468023760b9e8538d094,0530be227f4a10c5545cce8d3db20ac5a4d76a66,REVIEW_REQUIRED,ProjectLibre,false,REVIEW_REQUIRED,CPAL-1.0,REVIEW,OpenProj path exists but content differs; perform hunk-level comparison,
modules/projectlibre_exchange/src/main/java/com/projectlibre1/server/data/ProjectSerializer.java,projectlibre_exchange,java,HEAD,ccf724d6f88141da3bb1e1d3beb14cdc122f4542e15886f7617a91d1f2be9680,d2fa3c20a,openproj_exchange/src/com/projity/server/data/ProjectSerializer.java,0fcc0815b624cf73407ba39df3a23ae4773a92e510a792e094b03269fb434828,0530be227f4a10c5545cce8d3db20ac5a4d76a66,REVIEW_REQUIRED,ProjectLibre,true,REVIEW_REQUIRED,CPAL-1.0,KEEP_OPENPROJ,normalized content matches OpenProj baseline,
modules/projectlibre_exchange/src/main/java/com/projectlibre1/server/data/ResourceData.java,projectlibre_exchange,java,HEAD,3f9988c0acc9e77345235077a776de7b18f4a9428afba1844861b6a96bdcbddb,d2fa3c20a,openproj_exchange/src/com/projity/server/data/ResourceData.java,a562f5a955db2547d3a681e56a70b684c469dea8e4c276200f2e1540d76105c9,0530be227f4a10c5545cce8d3db20ac5a4d76a66,REVIEW_REQUIRED,ProjectLibre,true,REVIEW_REQUIRED,CPAL-1.0,KEEP_OPENPROJ,normalized content matches OpenProj baseline,
modules/projectlibre_exchange/src/main/java/com/projectlibre1/server/data/RoleData.java,projectlibre_exchange,java,HEAD,2c9f89ec422bcec9baa4fd92a218e5b074e2d50dbc71216e82e2f5fd0fdf4d5d,d2fa3c20a,openproj_exchange/src/com/projity/server/data/RoleData.java,06f40e7717383c5f01350d78094f89b0d84a3bd615b10e2354804b7fa44dffeb,0530be227f4a10c5545cce8d3db20ac5a4d76a66,REVIEW_REQUIRED,ProjectLibre,true,REVIEW_REQUIRED,CPAL-1.0,KEEP_OPENPROJ,normalized content matches OpenProj baseline,
modules/projectlibre_exchange/src/main/java/com/projectlibre1/server/data/SerializeOptions.java,projectlibre_exchange,java,HEAD,fb350159a2d4c64c3e1e7932cc14fc5ff8cf69ac1c595e066eb1b40eb956e7db,d2fa3c20a,openproj_exchange/src/com/projity/server/data/SerializeOptions.java,2f08e982010a3b873ce2923adccc9d4172b97e326edb53fa3ef129c3f9962d3a,0530be227f4a10c5545cce8d3db20ac5a4d76a66,REVIEW_REQUIRED,ProjectLibre,true,REVIEW_REQUIRED,CPAL-1.0,KEEP_OPENPROJ,normalized content matches OpenProj baseline,
modules/projectlibre_exchange/src/main/java/com/projectlibre1/server/data/SerializeUtil.java,projectlibre_exchange,java,HEAD,141381c3929ffe5ed1863ae012f7906e334ffb4a30fdc3b3f4e5554c863c4b7b,d2fa3c20a,openproj_exchange/src/com/projity/server/data/SerializeUtil.java,8a06f1055d0f2f546de2acdaebe98181a39e3dce327268f9c9280d323134b7cd,0530be227f4a10c5545cce8d3db20ac5a4d76a66,REVIEW_REQUIRED,ProjectLibre,false,REVIEW_REQUIRED,CPAL-1.0,REVIEW,OpenProj path exists but content differs; perform hunk-level comparison,
modules/projectlibre_exchange/src/main/java/com/projectlibre1/server/data/Serializer.java,projectlibre_exchange,java,HEAD,52267cc01a3f3727d043a984b3469e21465f358d101964cb4ca3de30aa92960b,d2fa3c20a,openproj_exchange/src/com/projity/server/data/Serializer.java,79281349a8e32ec488fa9c6d355a3bc92c06ab5466f418fb1ceab803ae055420,0530be227f4a10c5545cce8d3db20ac5a4d76a66,REVIEW_REQUIRED,ProjectLibre,false,REVIEW_REQUIRED,CPAL-1.0,REVIEW,OpenProj path exists but content differs; perform hunk-level comparison,
modules/projectlibre_exchange/src/main/java/com/projectlibre1/server/data/TaskData.java,projectlibre_exchange,java,HEAD,41214ba9da4114f62e5eebd0d769a6d37ced821858594d96113436c9f091cf4d,d2fa3c20a,openproj_exchange/src/com/projity/server/data/TaskData.java,66c4fa776fc114f4c38fa9361a3f423018126a032a1520bfd63a60674fc45622,0530be227f4a10c5545cce8d3db20ac5a4d76a66,REVIEW_REQUIRED,ProjectLibre,false,REVIEW_REQUIRED,CPAL-1.0,REVIEW,OpenProj path exists but content differs; perform hunk-level comparison,
modules/projectlibre_exchange/src/main/java/com/projectlibre1/server/data/TypeSystemConverter.java,projectlibre_exchange,java,HEAD,8153aacea7cc9bd63eb207c89d4e6b1f007ac4e4d9df0494903e0ef8ebfc775a,d2fa3c20a,openproj_exchange/src/com/projity/server/data/TypeSystemConverter.java,94f4c849fc6289163a775068d1b97a1ef7fc8ecca5644d290731af9bd17f6038,0530be227f4a10c5545cce8d3db20ac5a4d76a66,REVIEW_REQUIRED,ProjectLibre,true,REVIEW_REQUIRED,CPAL-1.0,KEEP_OPENPROJ,normalized content matches OpenProj baseline,
modules/projectlibre_exchange/src/main/java/com/projectlibre1/server/data/TypeSystemConverterFactory.java,projectlibre_exchange,java,HEAD,911b03c82586250cfd0dec71c1b4142ddb128af853f0d0d83a29d3c599824a52,d2fa3c20a,openproj_exchange/src/com/projity/server/data/TypeSystemConverterFactory.java,3f972c6b57b8b2cf19b042edc36cef1118431bcb30fce73721e11491b455ef79,0530be227f4a10c5545cce8d3db20ac5a4d76a66,REVIEW_REQUIRED,ProjectLibre,false,REVIEW_REQUIRED,CPAL-1.0,REVIEW,OpenProj path exists but content differs; perform hunk-level comparison,
modules/projectlibre_exchange/src/main/java/com/projectlibre1/server/data/UserData.java,projectlibre_exchange,java,HEAD,1068a2a6f453968274aa3164efc99857a0e90a5b3a02fddd575d957b906c4ee8,d2fa3c20a,openproj_exchange/src/com/projity/server/data/UserData.java,c2dc9ef218bad2258b78f779d5b1ed3752c2eb959a43d52247075746ecb3149f,0530be227f4a10c5545cce8d3db20ac5a4d76a66,REVIEW_REQUIRED,ProjectLibre,true,REVIEW_REQUIRED,CPAL-1.0,KEEP_OPENPROJ,normalized content matches OpenProj baseline,
modules/projectlibre_exchange/src/main/java/com/projectlibre1/server/data/linker/Linker.java,projectlibre_exchange,java,HEAD,43f291c34a150a52e5a1ff8719bf328f1c7e6b016fe289c737215dc099292899,d2fa3c20a,openproj_exchange/src/com/projity/server/data/linker/Linker.java,bc38546c8a51f6a5d9a2a4215c51972af8ca5afdb27e5950acd33dcc88e6273c,0530be227f4a10c5545cce8d3db20ac5a4d76a66,REVIEW_REQUIRED,ProjectLibre,false,REVIEW_REQUIRED,CPAL-1.0,REVIEW,OpenProj path exists but content differs; perform hunk-level comparison,
modules/projectlibre_exchange/src/main/java/com/projectlibre1/server/data/linker/ResourceLinker.java,projectlibre_exchange,java,HEAD,e3a36edf6726bda63fa8667098337a435d810c3c8cff5fee152ed59b8facdff7,d2fa3c20a,openproj_exchange/src/com/projity/server/data/linker/ResourceLinker.java,7c63313e3819037d93bc3639c95b792cf5c015d751ee36f70f4aa80dffdb749a,0530be227f4a10c5545cce8d3db20ac5a4d76a66,REVIEW_REQUIRED,ProjectLibre,true,REVIEW_REQUIRED,CPAL-1.0,KEEP_OPENPROJ,normalized content matches OpenProj baseline,
modules/projectlibre_exchange/src/main/java/com/projectlibre1/server/data/linker/TaskLinker.java,projectlibre_exchange,java,HEAD,698375e9af611f210932cb05aa2c8ff2e197224fdb919f1121a9de1a636a4f6f,d2fa3c20a,openproj_exchange/src/com/projity/server/data/linker/TaskLinker.java,af81f2e3bd67e792d7dc4aa79633ad44d74934d5e2a66c499ca2cc73103c5a76,0530be227f4a10c5545cce8d3db20ac5a4d76a66,REVIEW_REQUIRED,ProjectLibre,false,REVIEW_REQUIRED,CPAL-1.0,REVIEW,OpenProj path exists but content differs; perform hunk-level comparison,
modules/projectlibre_exchange/src/main/java/com/projectlibre1/server/data/mspdi/ModifiedMSPDIWriter.java,projectlibre_exchange,java,HEAD,578ec9685a658081e558244db0eff4f28428e3e4c2031d43c1dbbb93caa01463,d2fa3c20a,openproj_exchange/src/com/projity/server/data/mspdi/ModifiedMSPDIWriter.java,6453daf42d63606750a8b89111b59d4afde8d0fb784fd0afa5a5c7bc7b76dc62,0530be227f4a10c5545cce8d3db20ac5a4d76a66,REVIEW_REQUIRED,Unknown,false,REVIEW_REQUIRED,REVIEW_REQUIRED,REVIEW,OpenProj path exists but content differs; perform hunk-level comparison,
modules/projectlibre_exchange/src/main/java/com/projectlibre1/server/data/mspdi/ProjectContentHandler.java,projectlibre_exchange,java,HEAD,1649ed14c16e7530109bd6a35a5649c6ae904e448235f0b5bf66e01c9897e1d5,d2fa3c20a,openproj_exchange/src/com/projity/server/data/mspdi/ProjectContentHandler.java,ca077988717c025a9aff10edc4d0c50d891507062b95a055981e76b5436ed202,0530be227f4a10c5545cce8d3db20ac5a4d76a66,REVIEW_REQUIRED,ProjectLibre,false,REVIEW_REQUIRED,CPAL-1.0,REVIEW,OpenProj path exists but content differs; perform hunk-level comparison,
modules/projectlibre_exchange/src/main/java/com/projectlibre1/server/data/mspdi/TimeDistributedTypeMapper.java,projectlibre_exchange,java,HEAD,bd02f3c84a58083681d671c0fc63e5e6f4a6654eef0078bfae805e62ffa08bba,d2fa3c20a,openproj_exchange/src/com/projity/server/data/mspdi/TimeDistributedTypeMapper.java,090a1c221dfecf694098bd886bbcf3a166170441711de360008732c1c242422f,0530be227f4a10c5545cce8d3db20ac5a4d76a66,REVIEW_REQUIRED,ProjectLibre,false,REVIEW_REQUIRED,CPAL-1.0,REVIEW,OpenProj path exists but content differs; perform hunk-level comparison,
modules/projectlibre_exchange/src/main/java/com/projectlibre1/server/data/mspdi/TimephasedConsumer.java,projectlibre_exchange,java,HEAD,0c4bf92b3947c2996ce9363eac1c49d5b639ad91b58116fc69c40ff50abda72e,d2fa3c20a,openproj_exchange/src/com/projity/server/data/mspdi/TimephasedConsumer.java,75f0bd00059b4b93c3b07438f3c779d062ba2c5edd518e10ac1e18e5a50cee7a,0530be227f4a10c5545cce8d3db20ac5a4d76a66,REVIEW_REQUIRED,ProjectLibre,true,REVIEW_REQUIRED,CPAL-1.0,KEEP_OPENPROJ,normalized content matches OpenProj baseline,
modules/projectlibre_exchange/src/main/java/com/projectlibre1/server/data/mspdi/TimephasedGetter.java,projectlibre_exchange,java,HEAD,b10a350c2d04d75f73dedd9143dcdb3d0948d992d5b5aa0532113aad8471752a,d2fa3c20a,openproj_exchange/src/com/projity/server/data/mspdi/TimephasedGetter.java,5953ce8e5652d736ee2fa3b145212954655ed8e7645a00d45f4ce162075f2042,0530be227f4a10c5545cce8d3db20ac5a4d76a66,REVIEW_REQUIRED,ProjectLibre,false,REVIEW_REQUIRED,CPAL-1.0,REVIEW,OpenProj path exists but content differs; perform hunk-level comparison,
modules/projectlibre_exchange/src/main/java/com/projectlibre1/server/data/mspdi/TimephasedService.java,projectlibre_exchange,java,HEAD,4ab486f8b2ce40eef98609c3b846224c606d1be45a736a58fc83c6f082a44dc0,d2fa3c20a,openproj_exchange/src/com/projity/server/data/mspdi/TimephasedService.java,c46a5e1795a8a30d708e402266dc39dbeba7c63fc6b1635aec9afbd2f9e8a689,0530be227f4a10c5545cce8d3db20ac5a4d76a66,REVIEW_REQUIRED,ProjectLibre,false,REVIEW_REQUIRED,CPAL-1.0,REVIEW,OpenProj path exists but content differs; perform hunk-level comparison,
modules/projectlibre_exchange/src/main/java/com/projectlibre1/server/data/mspdi/XsdDuration.java,projectlibre_exchange,java,HEAD,402d21f2277f75307c0caad3a51254b772b888b26f47dd88ba132ba795418d1e,d2fa3c20a,openproj_exchange/src/com/projity/server/data/mspdi/XsdDuration.java,41a484738bb32717d8c88d22723dda37b12731a02fbc637138aa4900320c5c47,0530be227f4a10c5545cce8d3db20ac5a4d76a66,REVIEW_REQUIRED,ProjectLibre,false,REVIEW_REQUIRED,CPAL-1.0,REVIEW,OpenProj path exists but content differs; perform hunk-level comparison,
modules/projectlibre_exchange/src/main/resources/META-INF/MANIFEST.MF,projectlibre_exchange,resource,HEAD,4e1cfddbc5dd375b247af82e2a4c5f374b9064c640879e869f3acb0b1cc0ca24,d2fa3c20a,,,0530be227f4a10c5545cce8d3db20ac5a4d76a66,REVIEW_REQUIRED,Unknown,false,REVIEW_REQUIRED,REVIEW_REQUIRED,REVIEW,no path match in OpenProj baseline; classify origin manually,
modules/projectlibre_exchange/src/test/java/com/projectlibre/core/pm/exchange/MspImporterTest.java,projectlibre_exchange,test,HEAD,85ca26fcbb245dbf1b2593b99d1ea5e47db50bce4fe70fa0327f9ce150d84a4a,d2fa3c20a,,,0530be227f4a10c5545cce8d3db20ac5a4d76a66,REVIEW_REQUIRED,Unknown,false,REVIEW_REQUIRED,REVIEW_REQUIRED,REVIEW,no path match in OpenProj baseline; classify origin manually,
modules/projectlibre_exchange/src/test/java/com/projectlibre/core/pm/exchange/ProjectConverterTest.java,projectlibre_exchange,test,HEAD,b7ddfc76e81a248bdc63048c560acba718ec376a3872e288ba4155811b2c04f8,d2fa3c20a,,,0530be227f4a10c5545cce8d3db20ac5a4d76a66,REVIEW_REQUIRED,Unknown,false,REVIEW_REQUIRED,REVIEW_REQUIRED,REVIEW,no path match in OpenProj baseline; classify origin manually,
modules/projectlibre_exchange/src/test/java/com/projectlibre/core/pm/exchange/converters/mpx/MpxTrackingConverterTest.java,projectlibre_exchange,test,HEAD,733a061ee48f71989ad169bdf72144904001ff2e41846eda9cee8f3b067a21a4,d2fa3c20a,,,0530be227f4a10c5545cce8d3db20ac5a4d76a66,REVIEW_REQUIRED,Unknown,false,REVIEW_REQUIRED,REVIEW_REQUIRED,REVIEW,no path match in OpenProj baseline; classify origin manually,
modules/projectlibre_exchange/src/test/java/com/projectlibre/core/pm/exchange/converters/type/DateHoursMinsConverterTest.java,projectlibre_exchange,test,HEAD,5dab63af1d68753bef2659de0be7280429fcb6951405bad4c7b0a76fc6a66731,d2fa3c20a,,,0530be227f4a10c5545cce8d3db20ac5a4d76a66,REVIEW_REQUIRED,Unknown,false,REVIEW_REQUIRED,REVIEW_REQUIRED,REVIEW,no path match in OpenProj baseline; classify origin manually,
modules/projectlibre_exchange/src/test/java/com/projectlibre1/collaboration/CollaborationConflictTest.java,projectlibre_exchange,test,HEAD,61615b43b60a31fac5245bc958b32cee6ee2e39ff6eaa5ace262f5ea9b25fb67,d2fa3c20a,,,0530be227f4a10c5545cce8d3db20ac5a4d76a66,REVIEW_REQUIRED,Unknown,false,REVIEW_REQUIRED,REVIEW_REQUIRED,REVIEW,no path match in OpenProj baseline; classify origin manually,
modules/projectlibre_exchange/src/test/java/com/projectlibre1/collaboration/CollaborationMetadataStoreTest.java,projectlibre_exchange,test,HEAD,fc35149d0af338d72d182ed37e250d9caf81ca24f40f0210aa81aa161aeeceff,d2fa3c20a,,,0530be227f4a10c5545cce8d3db20ac5a4d76a66,REVIEW_REQUIRED,Unknown,false,REVIEW_REQUIRED,REVIEW_REQUIRED,REVIEW,no path match in OpenProj baseline; classify origin manually,
modules/projectlibre_exchange/src/test/java/com/projectlibre1/exchange/MicrosoftImporterTest.java,projectlibre_exchange,test,HEAD,12de8388d6ac40600924f6ec94aa3444286268d22158041339421be8a210fa23,d2fa3c20a,,,0530be227f4a10c5545cce8d3db20ac5a4d76a66,REVIEW_REQUIRED,ProjectLibre,false,REVIEW_REQUIRED,CPAL-1.0,REVIEW,no path match in OpenProj baseline; classify origin manually,
modules/projectlibre_exchange/src/test/java/com/projectlibre1/exchange/MicrosoftTrackingImportTest.java,projectlibre_exchange,test,HEAD,7a5e1665a6bcda85304ac412f37b04147f45f034c8614f2a8f661f0d1ff1b489,d2fa3c20a,,,0530be227f4a10c5545cce8d3db20ac5a4d76a66,REVIEW_REQUIRED,Unknown,false,REVIEW_REQUIRED,REVIEW_REQUIRED,REVIEW,no path match in OpenProj baseline; classify origin manually,
modules/projectlibre_exchange/src/test/java/com/projectlibre1/exchange/PodRoundTripTest.java,projectlibre_exchange,test,HEAD,ecec7415e1113b55bfaa9ac1b4c0fafbdef67c43ba06921cc241763dba20443b,d2fa3c20a,,,0530be227f4a10c5545cce8d3db20ac5a4d76a66,REVIEW_REQUIRED,Unknown,false,REVIEW_REQUIRED,REVIEW_REQUIRED,REVIEW,no path match in OpenProj baseline; classify origin manually,
modules/projectlibre_exchange/src/test/java/com/projectlibre1/exchange/ServerLocalFileImporterTest.java,projectlibre_exchange,test,HEAD,b4576571b98b48fcc0f2ed934080106546067c45e89ccd6f41354dabdfdf6948,d2fa3c20a,,,0530be227f4a10c5545cce8d3db20ac5a4d76a66,REVIEW_REQUIRED,Unknown,false,REVIEW_REQUIRED,REVIEW_REQUIRED,REVIEW,no path match in OpenProj baseline; classify origin manually,
modules/projectlibre_exchange/src/test/java/com/projectlibre1/exchange/XlsxSupportTest.java,projectlibre_exchange,test,HEAD,66d3255e73e2efd099e3c2e2a19adb5a24c6f8f9180e8ea524f45ae5699add37,d2fa3c20a,,,0530be227f4a10c5545cce8d3db20ac5a4d76a66,REVIEW_REQUIRED,Unknown,false,REVIEW_REQUIRED,REVIEW_REQUIRED,REVIEW,no path match in OpenProj baseline; classify origin manually,
modules/projectlibre_exchange/src/test/java/com/projectlibre1/server/data/MpxExportTrackingTest.java,projectlibre_exchange,test,HEAD,6f14e43fba5a10ad3a37f46c301578701b355e56d2cf9e2e5e13107bb31d61c7,d2fa3c20a,,,0530be227f4a10c5545cce8d3db20ac5a4d76a66,REVIEW_REQUIRED,Unknown,false,REVIEW_REQUIRED,REVIEW_REQUIRED,REVIEW,no path match in OpenProj baseline; classify origin manually,
modules/projectlibre_exchange/testdata/New Product.mpp,projectlibre_exchange,other,HEAD,a4cc2320b757b33325ad2a37c9d68a25ce6dd1db520fede8738b1f97444dd777,d2fa3c20a,openproj_exchange/testdata/New Product.mpp,a4cc2320b757b33325ad2a37c9d68a25ce6dd1db520fede8738b1f97444dd777,0530be227f4a10c5545cce8d3db20ac5a4d76a66,REVIEW_REQUIRED,Unknown,true,REVIEW_REQUIRED,REVIEW_REQUIRED,KEEP_OPENPROJ,normalized content matches OpenProj baseline,
modules/projectlibre_exchange/testdata/New Product.xml,projectlibre_exchange,other,HEAD,cbe01ca4044f5114b4aeffc4eea902af321f36932b0e8c3006bc5ab6b4342755,d2fa3c20a,openproj_exchange/testdata/New Product.xml,cbe01ca4044f5114b4aeffc4eea902af321f36932b0e8c3006bc5ab6b4342755,0530be227f4a10c5545cce8d3db20ac5a4d76a66,REVIEW_REQUIRED,Unknown,true,REVIEW_REQUIRED,REVIEW_REQUIRED,KEEP_OPENPROJ,normalized content matches OpenProj baseline,
modules/projectlibre_reports/.gitignore,projectlibre_reports,other,HEAD,011944fae84d5c0f64d150e38daee4b583d6a31d828c305d0424521603f1b309,d2fa3c20a,,,0530be227f4a10c5545cce8d3db20ac5a4d76a66,REVIEW_REQUIRED,Unknown,false,REVIEW_REQUIRED,REVIEW_REQUIRED,REVIEW,no path match in OpenProj baseline; classify origin manually,
modules/projectlibre_reports/build.gradle.kts,projectlibre_reports,other,HEAD,aa43590880211dab4437d2aebe7eef3e1e497c59c1cbdc049c865fc697feb74c,d2fa3c20a,,,0530be227f4a10c5545cce8d3db20ac5a4d76a66,REVIEW_REQUIRED,Unknown,false,REVIEW_REQUIRED,REVIEW_REQUIRED,REVIEW,no path match in OpenProj baseline; classify origin manually,
modules/projectlibre_reports/src/main/java/com/projectlibre1/reports/adapter/DataSource.java,projectlibre_reports,java,HEAD,5e3975d98b36afe697acea4e4dd922cf523738b457e3204b20f1851b8af57945,d2fa3c20a,openproj_reports/src/com/projity/reports/adapter/DataSource.java,c10d3dc8b27a5978aa16ce41f35014c35c7fdaddd2dfaf765586a150e27c24a9,0530be227f4a10c5545cce8d3db20ac5a4d76a66,REVIEW_REQUIRED,ProjectLibre,false,REVIEW_REQUIRED,CPAL-1.0,REVIEW,OpenProj path exists but content differs; perform hunk-level comparison,
modules/projectlibre_reports/src/main/java/com/projectlibre1/reports/adapter/DataSourceProvider.java,projectlibre_reports,java,HEAD,3b973070c3b828538957b89d2789f5367abfcd2310e506b1d07c0f639c3b45ae,d2fa3c20a,openproj_reports/src/com/projity/reports/adapter/DataSourceProvider.java,73ce3af50038ef0ff94fd09d67ea5b5ca68094fe87fba972e04aa906a2c1282c,0530be227f4a10c5545cce8d3db20ac5a4d76a66,REVIEW_REQUIRED,ProjectLibre,false,REVIEW_REQUIRED,CPAL-1.0,REVIEW,OpenProj path exists but content differs; perform hunk-level comparison,
modules/projectlibre_reports/src/main/java/com/projectlibre1/reports/adapter/DecoratedField.java,projectlibre_reports,java,HEAD,189e367453af10b1ae1c5978ec02777baf755e59a7280fd0a6f92f932fde242a,d2fa3c20a,openproj_reports/src/com/projity/reports/adapter/DecoratedField.java,c8ff6a91109d920c74f0437fac510cecba4de9b5485f0d80eed68d903ccc712f,0530be227f4a10c5545cce8d3db20ac5a4d76a66,REVIEW_REQUIRED,ProjectLibre,false,REVIEW_REQUIRED,CPAL-1.0,REVIEW,OpenProj path exists but content differs; perform hunk-level comparison,
modules/projectlibre_reports/src/main/java/com/projectlibre1/reports/adapter/ReportAdapter.java,projectlibre_reports,java,HEAD,fcd66282c170c6a5be37fd8ea229a8a80c2c4129e3b134146a4e523b20d2c0ad,d2fa3c20a,openproj_reports/src/com/projity/reports/adapter/ReportAdapter.java,da44f2c2e6432e18fbdbb9a9148a2dcbe2749c243b706940e83aca6a6a2d676e,0530be227f4a10c5545cce8d3db20ac5a4d76a66,REVIEW_REQUIRED,ProjectLibre,false,REVIEW_REQUIRED,CPAL-1.0,REVIEW,OpenProj path exists but content differs; perform hunk-level comparison,
modules/projectlibre_reports/src/main/java/com/projectlibre1/reports/adapter/ReportUtil.java,projectlibre_reports,java,HEAD,7728b3ae3b38c11d572a801c4700611aa563fe8ff7bc632c863936ba80961d16,d2fa3c20a,openproj_reports/src/com/projity/reports/adapter/ReportUtil.java,b53b08740b3a94769de9f71cc684cffa5e62c5d17949ccddfd87389fc92a3bd8,0530be227f4a10c5545cce8d3db20ac5a4d76a66,REVIEW_REQUIRED,ProjectLibre,false,REVIEW_REQUIRED,CPAL-1.0,REVIEW,OpenProj path exists but content differs; perform hunk-level comparison,
modules/projectlibre_reports/src/main/java/com/projectlibre1/reports/adapter/ReportViewer.java,projectlibre_reports,java,HEAD,45a94a77e89288b86a6f8f409ac79697a4cec10014ba7a2f9db365ba8ff6d829,d2fa3c20a,openproj_reports/src/com/projity/reports/adapter/ReportViewer.java,a3e02d1c880e2c88fe4d679e5f8247ea057e3e95d610d7cddfed709e20778e4f,0530be227f4a10c5545cce8d3db20ac5a4d76a66,REVIEW_REQUIRED,ProjectLibre,false,REVIEW_REQUIRED,CPAL-1.0,REVIEW,OpenProj path exists but content differs; perform hunk-level comparison,
modules/projectlibre_reports/src/main/resources/com/projectlibre1/reports/definition/projectDetails.jrxml,projectlibre_reports,resource,HEAD,ebd183d376539437940d3e9a6d094480d0e27987beba1b3644562a5ec06852f7,d2fa3c20a,openproj_reports/src/com/projity/reports/definition/projectDetails.jrxml,54fc26070eedea6cb51df7a0da2cddea33ccba17026bd6211dcad0e8aed591ea,0530be227f4a10c5545cce8d3db20ac5a4d76a66,REVIEW_REQUIRED,ProjectLibre,false,REVIEW_REQUIRED,CPAL-1.0,REVIEW,OpenProj path exists but content differs; perform hunk-level comparison,
modules/projectlibre_reports/src/test/java/com/projectlibre1/reports/adapter/DataSourceProviderTest.java,projectlibre_reports,test,HEAD,a459bea953605cfb34a42697db83594904552e7acc7a48c948aaae5a3b784f16,d2fa3c20a,,,0530be227f4a10c5545cce8d3db20ac5a4d76a66,REVIEW_REQUIRED,Unknown,false,REVIEW_REQUIRED,REVIEW_REQUIRED,REVIEW,no path match in OpenProj baseline; classify origin manually,
modules/projectlibre_reports/src/test/java/com/projectlibre1/reports/adapter/DataSourceTest.java,projectlibre_reports,test,HEAD,f24ee2feff530376587736dc95bd40d4d85209ddc199f96c99ec0945d20271d5,d2fa3c20a,,,0530be227f4a10c5545cce8d3db20ac5a4d76a66,REVIEW_REQUIRED,Unknown,false,REVIEW_REQUIRED,REVIEW_REQUIRED,REVIEW,no path match in OpenProj baseline; classify origin manually,
modules/projectlibre_reports/src/test/java/com/projectlibre1/reports/adapter/ReportUtilTest.java,projectlibre_reports,test,HEAD,b50498b2f69cbdd3f68a0e4146d2f106ab77e8fdd03fa64bc7a16feea4c1951d,d2fa3c20a,,,0530be227f4a10c5545cce8d3db20ac5a4d76a66,REVIEW_REQUIRED,ThirdParty:JasperReports,false,REVIEW_REQUIRED,REVIEW_REQUIRED,KEEP_THIRD_PARTY,third-party notice detected; verify upstream license,
modules/projectlibre_reports/src/test/java/com/projectlibre1/reports/adapter/ReportViewerZoomTest.java,projectlibre_reports,test,HEAD,d75bb66dfa24d375519cfe3c42ecaa897b532620f11cf484f05c9724aab5681a,d2fa3c20a,,,0530be227f4a10c5545cce8d3db20ac5a4d76a66,REVIEW_REQUIRED,Unknown,false,REVIEW_REQUIRED,REVIEW_REQUIRED,REVIEW,no path match in OpenProj baseline; classify origin manually,
modules/projectlibre_ui/.gitignore,projectlibre_ui,other,HEAD,b7b5a9a5bdb3a876455f7320f221592c77a378fac89c0283dc6ebe19b124bf43,d2fa3c20a,,,0530be227f4a10c5545cce8d3db20ac5a4d76a66,REVIEW_REQUIRED,Unknown,false,REVIEW_REQUIRED,REVIEW_REQUIRED,REVIEW,no path match in OpenProj baseline; classify origin manually,
modules/projectlibre_ui/build.gradle.kts,projectlibre_ui,other,HEAD,0af15cbd58beb30007f49c06a2e5d1a4163a7bac5e6be5a37492a7deea0ceb5e,d2fa3c20a,,,0530be227f4a10c5545cce8d3db20ac5a4d76a66,REVIEW_REQUIRED,Unknown,false,REVIEW_REQUIRED,REVIEW_REQUIRED,REVIEW,no path match in OpenProj baseline; classify origin manually,
modules/projectlibre_ui/src/main/java/com/jgoodies/forms/builder/DefaultFormBuilder.java,projectlibre_ui,java,HEAD,c1286b8d6adfce7a643ebe82604d085a0e1a87a799a4b417702ae79865f7ca66,d2fa3c20a,,,0530be227f4a10c5545cce8d3db20ac5a4d76a66,REVIEW_REQUIRED,Unknown,false,REVIEW_REQUIRED,REVIEW_REQUIRED,REVIEW,no path match in OpenProj baseline; classify origin manually,
modules/projectlibre_ui/src/main/java/com/projectlibre/ui/ribbon/CustomRibbonBandGenerator.java,projectlibre_ui,java,HEAD,af9d0d514e7b88c5967365c95f855242d60afc38976f11987b579c8da32c61b4,d2fa3c20a,openproj_ui/src/com/projectlibre/ui/ribbon/CustomRibbonBandGenerator.java,6baadd475010f68586a354e441be9ca26a154ec0e2ccaf3cdd7d58d63187d355,0530be227f4a10c5545cce8d3db20ac5a4d76a66,REVIEW_REQUIRED,ProjectLibre,true,REVIEW_REQUIRED,CPAL-1.0,KEEP_OPENPROJ,normalized content matches OpenProj baseline,
modules/projectlibre_ui/src/main/java/com/projectlibre/ui/ribbon/ModernRibbonPanel.java,projectlibre_ui,java,HEAD,5e25ee924ad7a8a882d1d28419959c9166aa09168112e6d72596e8affdc1733a,d2fa3c20a,,,0530be227f4a10c5545cce8d3db20ac5a4d76a66,REVIEW_REQUIRED,Unknown,false,REVIEW_REQUIRED,REVIEW_REQUIRED,REVIEW,no path match in OpenProj baseline; classify origin manually,
modules/projectlibre_ui/src/main/java/com/projectlibre/ui/ribbon/RibbonButtonStyler.java,projectlibre_ui,java,HEAD,13d63f12c283bada19573d3b2ed6ab9a851417f2e1e26133831a54435b4c1dfa,d2fa3c20a,,,0530be227f4a10c5545cce8d3db20ac5a4d76a66,REVIEW_REQUIRED,Unknown,false,REVIEW_REQUIRED,REVIEW_REQUIRED,REVIEW,no path match in OpenProj baseline; classify origin manually,
modules/projectlibre_ui/src/main/java/com/projectlibre/ui/ribbon/RibbonCommandCatalog.java,projectlibre_ui,java,HEAD,263269a37de55daae5f8ec8ffd2642f31d5c5f93d5880b2199bf8aeec22948f6,d2fa3c20a,,,0530be227f4a10c5545cce8d3db20ac5a4d76a66,REVIEW_REQUIRED,Unknown,false,REVIEW_REQUIRED,REVIEW_REQUIRED,REVIEW,no path match in OpenProj baseline; classify origin manually,
modules/projectlibre_ui/src/main/java/com/projectlibre/ui/ribbon/RibbonIconRegistry.java,projectlibre_ui,java,HEAD,d82835d446466cd4f155b3dbfdf2d765a28fcd92a6712361e66e604f2e736315,d2fa3c20a,,,0530be227f4a10c5545cce8d3db20ac5a4d76a66,REVIEW_REQUIRED,Unknown,false,REVIEW_REQUIRED,REVIEW_REQUIRED,REVIEW,no path match in OpenProj baseline; classify origin manually,
modules/projectlibre_ui/src/main/java/com/projectlibre/ui/ribbon/SwingRibbonFactory.java,projectlibre_ui,java,HEAD,64aa89ef0aaeeb0c95ff8e337ed9393b1c88689876147f117042ce09cecc8d00,d2fa3c20a,,,0530be227f4a10c5545cce8d3db20ac5a4d76a66,REVIEW_REQUIRED,Unknown,false,REVIEW_REQUIRED,REVIEW_REQUIRED,REVIEW,no path match in OpenProj baseline; classify origin manually,
modules/projectlibre_ui/src/main/java/com/projectlibre/ui/ribbon/SwingRibbonModel.java,projectlibre_ui,java,HEAD,0b76cd57c040562f72ce047b92e6666cb624a002bf694c235e6295911ad05e81,d2fa3c20a,,,0530be227f4a10c5545cce8d3db20ac5a4d76a66,REVIEW_REQUIRED,Unknown,false,REVIEW_REQUIRED,REVIEW_REQUIRED,REVIEW,no path match in OpenProj baseline; classify origin manually,
modules/projectlibre_ui/src/main/java/com/projectlibre/ui/shell/AutoSaveControl.java,projectlibre_ui,java,HEAD,1546d655f61aa436516d411fee87c8de924633a279a42b820b1810ab0202f43b,d2fa3c20a,,,0530be227f4a10c5545cce8d3db20ac5a4d76a66,REVIEW_REQUIRED,Unknown,false,REVIEW_REQUIRED,REVIEW_REQUIRED,REVIEW,no path match in OpenProj baseline; classify origin manually,
modules/projectlibre_ui/src/main/java/com/projectlibre/ui/shell/OfficeChromePanel.java,projectlibre_ui,java,HEAD,2cbd7a16b2936308cc7f2ec6bff2e2f46a8496eff2feb69b5ce1c5a75ade1ab8,d2fa3c20a,,,0530be227f4a10c5545cce8d3db20ac5a4d76a66,REVIEW_REQUIRED,Unknown,false,REVIEW_REQUIRED,REVIEW_REQUIRED,REVIEW,no path match in OpenProj baseline; classify origin manually,
modules/projectlibre_ui/src/main/java/com/projectlibre/ui/shell/ProjectLibreShell.java,projectlibre_ui,java,HEAD,dbf59f594da54b4abc0c20d5d3ecf8645157602105663076f579af739e432653,d2fa3c20a,,,0530be227f4a10c5545cce8d3db20ac5a4d76a66,REVIEW_REQUIRED,Unknown,false,REVIEW_REQUIRED,REVIEW_REQUIRED,REVIEW,no path match in OpenProj baseline; classify origin manually,
modules/projectlibre_ui/src/main/java/com/projectlibre/ui/theme/ProjectLibreTheme.java,projectlibre_ui,java,HEAD,fcf9cc130ef983d1393c68fae10d020b9c48050e7999b37321de83bb5c053cb3,d2fa3c20a,,,0530be227f4a10c5545cce8d3db20ac5a4d76a66,REVIEW_REQUIRED,Unknown,false,REVIEW_REQUIRED,REVIEW_REQUIRED,REVIEW,no path match in OpenProj baseline; classify origin manually,
modules/projectlibre_ui/src/main/java/com/projectlibre/ui/theme/ProjectLibreThemeTokens.java,projectlibre_ui,java,HEAD,b8e213edb5cc55c8f2a2e492a26ba8692e9ae4000ea7239027e8423fee00bad6,d2fa3c20a,,,0530be227f4a10c5545cce8d3db20ac5a4d76a66,REVIEW_REQUIRED,Unknown,false,REVIEW_REQUIRED,REVIEW_REQUIRED,REVIEW,no path match in OpenProj baseline; classify origin manually,
modules/projectlibre_ui/src/main/java/com/projectlibre1/dialog/AboutDialog.java,projectlibre_ui,java,HEAD,56f64af3d738cae399d3f74373e8c032640f5520126e832c1706a369145a369d,d2fa3c20a,openproj_ui/src/com/projity/dialog/AboutDialog.java,a4d07ee0a4ff5296408c91d49a45c9f0be0bda58da256455460af170033cbb33,0530be227f4a10c5545cce8d3db20ac5a4d76a66,REVIEW_REQUIRED,ProjectLibre,false,REVIEW_REQUIRED,CPAL-1.0,REVIEW,OpenProj path exists but content differs; perform hunk-level comparison,
modules/projectlibre_ui/src/main/java/com/projectlibre1/dialog/AbstractDialog.java,projectlibre_ui,java,HEAD,06c4a6f19a1a32e2c4e1b0c33a7487a945bf1f3f0b3f8ede27d0ed6381e5bc7c,d2fa3c20a,openproj_ui/src/com/projity/dialog/AbstractDialog.java,f53eed57b786b9090ebfeece32d46f4f638d260d92025e16099e1e483f09f129,0530be227f4a10c5545cce8d3db20ac5a4d76a66,REVIEW_REQUIRED,ProjectLibre,false,REVIEW_REQUIRED,CPAL-1.0,REVIEW,OpenProj path exists but content differs; perform hunk-level comparison,
modules/projectlibre_ui/src/main/java/com/projectlibre1/dialog/ActionJList.java,projectlibre_ui,java,HEAD,a02758ddcdf86f6cd486aeaf05f785451c13a6c0c9740a815f5646503de89d11,d2fa3c20a,openproj_ui/src/com/projity/dialog/ActionJList.java,0fe2280279dc51bc17015000b66fed4f021e6211341f84fc5936c2ea47fc0ff2,0530be227f4a10c5545cce8d3db20ac5a4d76a66,REVIEW_REQUIRED,ProjectLibre,false,REVIEW_REQUIRED,CPAL-1.0,REVIEW,OpenProj path exists but content differs; perform hunk-level comparison,
modules/projectlibre_ui/src/main/java/com/projectlibre1/dialog/BaselineDialog.java,projectlibre_ui,java,HEAD,5edc2d9a1d846fd83803f414860e7ccaeb255890e10f9ade0eaa3508f0c13756,d2fa3c20a,openproj_ui/src/com/projity/dialog/BaselineDialog.java,3c86d0fb52a16a6b3b1feac2e23bf5fef7012d06f5a24ebc9b78ff89cf3c965b,0530be227f4a10c5545cce8d3db20ac5a4d76a66,REVIEW_REQUIRED,ProjectLibre,false,REVIEW_REQUIRED,CPAL-1.0,REVIEW,OpenProj path exists but content differs; perform hunk-level comparison,
modules/projectlibre_ui/src/main/java/com/projectlibre1/dialog/ButtonPanel.java,projectlibre_ui,java,HEAD,75a17bac6f4f2c82aff9ab7302bb4c68b2a0b163cebfd5fa615338207de59df7,d2fa3c20a,openproj_ui/src/com/projity/dialog/ButtonPanel.java,4ef77a6c610a0d80c144d78b455977897ba80e4c5bd38d0b805f6bb3c80adbea,0530be227f4a10c5545cce8d3db20ac5a4d76a66,REVIEW_REQUIRED,ProjectLibre,false,REVIEW_REQUIRED,CPAL-1.0,REVIEW,OpenProj path exists but content differs; perform hunk-level comparison,
modules/projectlibre_ui/src/main/java/com/projectlibre1/dialog/CalendarViewDialogBox.java,projectlibre_ui,java,HEAD,89f2f8e0b84dc8b93d46b46a341ecc0d2a1d96283adc7f4602e6af07a4d1ee1c,d2fa3c20a,,,0530be227f4a10c5545cce8d3db20ac5a4d76a66,REVIEW_REQUIRED,Unknown,false,REVIEW_REQUIRED,REVIEW_REQUIRED,REVIEW,no path match in OpenProj baseline; classify origin manually,
modules/projectlibre_ui/src/main/java/com/projectlibre1/dialog/ColumnDialog.java,projectlibre_ui,java,HEAD,b32157f848e2d5c2bbdf94c2d90feb5fffcfe10bd73b067ae5ac6f31800fce43,d2fa3c20a,openproj_ui/src/com/projity/dialog/ColumnDialog.java,002f31d41e98c2fe9e616b50d44acceb80530c131b235338bb4978e81277ae06,0530be227f4a10c5545cce8d3db20ac5a4d76a66,REVIEW_REQUIRED,ProjectLibre,false,REVIEW_REQUIRED,CPAL-1.0,REVIEW,OpenProj path exists but content differs; perform hunk-level comparison,
modules/projectlibre_ui/src/main/java/com/projectlibre1/dialog/CustomFieldsDialogBox.java,projectlibre_ui,java,HEAD,8d53a31e53d817a90d67190b9a0526d4ac0eabb6027706c8ef35154b1540c39b,d2fa3c20a,,,0530be227f4a10c5545cce8d3db20ac5a4d76a66,REVIEW_REQUIRED,Unknown,false,REVIEW_REQUIRED,REVIEW_REQUIRED,REVIEW,no path match in OpenProj baseline; classify origin manually,
modules/projectlibre_ui/src/main/java/com/projectlibre1/dialog/CustomReportDialogBox.java,projectlibre_ui,java,HEAD,6ebb48c4c3e235019af64013fc5ece0b42457638a666619b7b6729cd2a5cef63,d2fa3c20a,,,0530be227f4a10c5545cce8d3db20ac5a4d76a66,REVIEW_REQUIRED,Unknown,false,REVIEW_REQUIRED,REVIEW_REQUIRED,REVIEW,no path match in OpenProj baseline; classify origin manually,
modules/projectlibre_ui/src/main/java/com/projectlibre1/dialog/DelegateTaskDialog.java,projectlibre_ui,java,HEAD,13b66bf9ebc6f01e97449178104e66b73d931a98ce34d3dff2d4b8602e1015db,d2fa3c20a,openproj_ui/src/com/projity/dialog/DelegateTaskDialog.java,0360347916df7ff73b721db157d4519893a0ec54069dbfa53ed7671100d78613,0530be227f4a10c5545cce8d3db20ac5a4d76a66,REVIEW_REQUIRED,ProjectLibre,false,REVIEW_REQUIRED,CPAL-1.0,REVIEW,OpenProj path exists but content differs; perform hunk-level comparison,
modules/projectlibre_ui/src/main/java/com/projectlibre1/dialog/DependencyDialog.java,projectlibre_ui,java,HEAD,52ac203a9806c41dcf19223b6eb53394496506ff1f472c1eda72488df9b29bbb,d2fa3c20a,openproj_ui/src/com/projity/dialog/DependencyDialog.java,af66ed601a468a707dd128dd37ab2e73d86ea29b7487553b3c1d6be2f9de95f8,0530be227f4a10c5545cce8d3db20ac5a4d76a66,REVIEW_REQUIRED,ProjectLibre,false,REVIEW_REQUIRED,CPAL-1.0,REVIEW,OpenProj path exists but content differs; perform hunk-level comparison,
modules/projectlibre_ui/src/main/java/com/projectlibre1/dialog/DonateDialog.java,projectlibre_ui,java,HEAD,f5cf824cb603a4cb87af1ef202e6c4e1e042909bf2856ad4f8173bbe96720e39,d2fa3c20a,openproj_ui/src/com/projity/dialog/DonateDialog.java,2411562ac2c83bea497e7b017507a7ea175a4cca58679525fbe206c8b8872c88,0530be227f4a10c5545cce8d3db20ac5a4d76a66,REVIEW_REQUIRED,ProjectLibre,true,REVIEW_REQUIRED,CPAL-1.0,KEEP_OPENPROJ,normalized content matches OpenProj baseline,
modules/projectlibre_ui/src/main/java/com/projectlibre1/dialog/FieldAliasDialog.java,projectlibre_ui,java,HEAD,6a117e9e85485402a05c8fae0f98cb527d02ea92e7c95ca9c7f7520c322ec16b,d2fa3c20a,openproj_ui/src/com/projity/dialog/FieldAliasDialog.java,c46762c091a7c384af036224ec78e28d3ae22948f8ec4cf6af6588137a72e379,0530be227f4a10c5545cce8d3db20ac5a4d76a66,REVIEW_REQUIRED,ProjectLibre,false,REVIEW_REQUIRED,CPAL-1.0,REVIEW,OpenProj path exists but content differs; perform hunk-level comparison,
modules/projectlibre_ui/src/main/java/com/projectlibre1/dialog/FieldDialog.java,projectlibre_ui,java,HEAD,3fe49e98966556cfec5dcb7228f579daa9539024afc092987a1887de46dbc6f2,d2fa3c20a,openproj_ui/src/com/projity/dialog/FieldDialog.java,20ace4586879a45eab4241a12a906fb2a95ce7bad24853c95dff3b2448a05983,0530be227f4a10c5545cce8d3db20ac5a4d76a66,REVIEW_REQUIRED,ProjectLibre,false,REVIEW_REQUIRED,CPAL-1.0,REVIEW,OpenProj path exists but content differs; perform hunk-level comparison,
modules/projectlibre_ui/src/main/java/com/projectlibre1/dialog/FindDialog.java,projectlibre_ui,java,HEAD,a9359fbf07cd8dd74702fbe569ace598cdb2630547b0c371bb0da433027bb97b,d2fa3c20a,openproj_ui/src/com/projity/dialog/FindDialog.java,65c9ab5b1111fe3f9fcd80cebe1d649ea9ef7d0a661351af4650024d9986dfec,0530be227f4a10c5545cce8d3db20ac5a4d76a66,REVIEW_REQUIRED,ProjectLibre,false,REVIEW_REQUIRED,CPAL-1.0,REVIEW,OpenProj path exists but content differs; perform hunk-level comparison,
modules/projectlibre_ui/src/main/java/com/projectlibre1/dialog/HelpDialog.java,projectlibre_ui,java,HEAD,13f73a89b5a8ff5360c64188384faa30f93cac7cf4d35faf48b005c9b622f10e,d2fa3c20a,openproj_ui/src/com/projity/dialog/HelpDialog.java,4a7b83f554475cf3cea08194deedab404cfcf2d33f07856be4bcce548d6c2e7d,0530be227f4a10c5545cce8d3db20ac5a4d76a66,REVIEW_REQUIRED,ProjectLibre,false,REVIEW_REQUIRED,CPAL-1.0,REVIEW,OpenProj path exists but content differs; perform hunk-level comparison,
modules/projectlibre_ui/src/main/java/com/projectlibre1/dialog/InformationDialog.java,projectlibre_ui,java,HEAD,b6f490752e0e4acf06b44305bd0249beecb6e0b9f7bddc4e9afc901161a16362,d2fa3c20a,openproj_ui/src/com/projity/dialog/InformationDialog.java,dce6f4aa45c4cac2887fd7f9acf5106dfb75862897990c7f48ff37c3c1cb9d87,0530be227f4a10c5545cce8d3db20ac5a4d76a66,REVIEW_REQUIRED,ProjectLibre,false,REVIEW_REQUIRED,CPAL-1.0,REVIEW,OpenProj path exists but content differs; perform hunk-level comparison,
modules/projectlibre_ui/src/main/java/com/projectlibre1/dialog/LicenseDialog.java,projectlibre_ui,java,HEAD,a286a86f54a0f220b4b32fbeb5902b37ce14e929e07437944f27eee020692855,d2fa3c20a,openproj_ui/src/com/projity/dialog/LicenseDialog.java,559c85ce87c5ac7de8cab4740749fa0fcc4a254fe13a35af0e3cb7c1219e56c0,0530be227f4a10c5545cce8d3db20ac5a4d76a66,REVIEW_REQUIRED,ProjectLibre,false,REVIEW_REQUIRED,CPAL-1.0,REVIEW,OpenProj path exists but content differs; perform hunk-level comparison,
modules/projectlibre_ui/src/main/java/com/projectlibre1/dialog/LocaleDialog.java,projectlibre_ui,java,HEAD,e4fc129bffdeb86dbd16f5f13e05297449672566a6f41dd7dfdd341b02c263b7,d2fa3c20a,,,0530be227f4a10c5545cce8d3db20ac5a4d76a66,REVIEW_REQUIRED,ProjectLibre,false,REVIEW_REQUIRED,CPAL-1.0,REVIEW,no path match in OpenProj baseline; classify origin manually,
modules/projectlibre_ui/src/main/java/com/projectlibre1/dialog/LoginDialog.java,projectlibre_ui,java,HEAD,9b65630fd44462c8064dec6de376e46f3f3a2d1ad11fa9967959f8f0331ccda5,d2fa3c20a,openproj_ui/src/com/projity/dialog/LoginDialog.java,0870a64942ea4a20a755a43bfa540cd47dafef85a8467ffc6a7e38d9fc3ca218,0530be227f4a10c5545cce8d3db20ac5a4d76a66,REVIEW_REQUIRED,ProjectLibre,false,REVIEW_REQUIRED,CPAL-1.0,REVIEW,OpenProj path exists but content differs; perform hunk-level comparison,
modules/projectlibre_ui/src/main/java/com/projectlibre1/dialog/LoginForm.java,projectlibre_ui,java,HEAD,4dd3a3443b55a11aafd8196d00e3e50e43fcb3c2bf1385aacb3469e803bb7e4c,d2fa3c20a,openproj_ui/src/com/projity/dialog/LoginForm.java,6db345cb0720c7c1d1941eae6d6d96fea26ce996d024abb6064855c83e7b0deb,0530be227f4a10c5545cce8d3db20ac5a4d76a66,REVIEW_REQUIRED,ProjectLibre,true,REVIEW_REQUIRED,CPAL-1.0,KEEP_OPENPROJ,normalized content matches OpenProj baseline,
modules/projectlibre_ui/src/main/java/com/projectlibre1/dialog/LookupDialog.java,projectlibre_ui,java,HEAD,123f11f7b3162730bf5bdb7e6bebc58d42299c149be1095dcbf77c2810421a56,d2fa3c20a,openproj_ui/src/com/projity/dialog/LookupDialog.java,30f40202f289ef4ad115645038d4cb71beb0b58f88236204a7601599f8d801c2,0530be227f4a10c5545cce8d3db20ac5a4d76a66,REVIEW_REQUIRED,ProjectLibre,false,REVIEW_REQUIRED,CPAL-1.0,REVIEW,OpenProj path exists but content differs; perform hunk-level comparison,
modules/projectlibre_ui/src/main/java/com/projectlibre1/dialog/OpenProjectDialog.java,projectlibre_ui,java,HEAD,e68550d7c5a76b71d0aa42429eb800951450d9e8ec50002ce3337058bbbc6653,d2fa3c20a,openproj_ui/src/com/projity/dialog/OpenProjectDialog.java,0563d38bfd3c081226bb9605957b54105a478821da226594e1cf3134d4090666,0530be227f4a10c5545cce8d3db20ac5a4d76a66,REVIEW_REQUIRED,ProjectLibre,false,REVIEW_REQUIRED,CPAL-1.0,REVIEW,OpenProj path exists but content differs; perform hunk-level comparison,
modules/projectlibre_ui/src/main/java/com/projectlibre1/dialog/PageSetupDialog.java,projectlibre_ui,java,HEAD,9c2b44d4f89f5c2ab1c627a16c317d377d7929aa22ae18fa070ff3f50b739997,d2fa3c20a,openproj_ui/src/com/projity/dialog/PageSetupDialog.java,4dbe4a3b391017d551c6b6797a2a7c3cd1c4693706a398ea077dd33c21898492,0530be227f4a10c5545cce8d3db20ac5a4d76a66,REVIEW_REQUIRED,ProjectLibre,false,REVIEW_REQUIRED,CPAL-1.0,REVIEW,OpenProj path exists but content differs; perform hunk-level comparison,
modules/projectlibre_ui/src/main/java/com/projectlibre1/dialog/ProjectDialog.java,projectlibre_ui,java,HEAD,b110390cc44da289a14cb0f21bc646a12d7ddfcfb05a23a60fd06757db75bf9a,d2fa3c20a,openproj_ui/src/com/projity/dialog/ProjectDialog.java,3cd027f9b7aa8057a4d35977463fe4e0f7ceadea444449c10e38c86ff3455207,0530be227f4a10c5545cce8d3db20ac5a4d76a66,REVIEW_REQUIRED,ProjectLibre,false,REVIEW_REQUIRED,CPAL-1.0,REVIEW,OpenProj path exists but content differs; perform hunk-level comparison,
modules/projectlibre_ui/src/main/java/com/projectlibre1/dialog/ProjectInformationDialog.java,projectlibre_ui,java,HEAD,7939316717ba4f3294d350b10d8b6c2fae4cedcaf9e13d4e88cc574e2469ac40,d2fa3c20a,openproj_ui/src/com/projity/dialog/ProjectInformationDialog.java,bf056a7e4b261dddce7544f0cf2deef193063102e12c9f41f017b45eec204b71,0530be227f4a10c5545cce8d3db20ac5a4d76a66,REVIEW_REQUIRED,ProjectLibre,false,REVIEW_REQUIRED,CPAL-1.0,REVIEW,OpenProj path exists but content differs; perform hunk-level comparison,
modules/projectlibre_ui/src/main/java/com/projectlibre1/dialog/RecurringTaskDialog.java,projectlibre_ui,java,HEAD,0cb2e6d99fa288076a3bc5fdb544794b154d750a7713358711ab49a1b2d3d618,d2fa3c20a,,,0530be227f4a10c5545cce8d3db20ac5a4d76a66,REVIEW_REQUIRED,Unknown,false,REVIEW_REQUIRED,REVIEW_REQUIRED,REVIEW,no path match in OpenProj baseline; classify origin manually,
modules/projectlibre_ui/src/main/java/com/projectlibre1/dialog/RenameDialog.java,projectlibre_ui,java,HEAD,0eb24b89dc5725cf736f2a6d118f4b40a2c15e8f7ac9d59f4a297940dd2967ef,d2fa3c20a,openproj_ui/src/com/projity/dialog/RenameDialog.java,17ae05268e4a72a1022482b9d23f45e8e3fe47b9287f49b78a8ac200cf057f52,0530be227f4a10c5545cce8d3db20ac5a4d76a66,REVIEW_REQUIRED,ProjectLibre,false,REVIEW_REQUIRED,CPAL-1.0,REVIEW,OpenProj path exists but content differs; perform hunk-level comparison,
modules/projectlibre_ui/src/main/java/com/projectlibre1/dialog/RenameProjectDialog.java,projectlibre_ui,java,HEAD,1d5aab172280f361170397f5ec4f0fc91518c770ddfae0ab619a37803c04e4d6,d2fa3c20a,openproj_ui/src/com/projity/dialog/RenameProjectDialog.java,ead22518a9817c8f640bbe61825b585d6cec59cccd88fadc40dc47be65ec433e,0530be227f4a10c5545cce8d3db20ac5a4d76a66,REVIEW_REQUIRED,ProjectLibre,false,REVIEW_REQUIRED,CPAL-1.0,REVIEW,OpenProj path exists but content differs; perform hunk-level comparison,
modules/projectlibre_ui/src/main/java/com/projectlibre1/dialog/ResourceAdditionDialog.java,projectlibre_ui,java,HEAD,def6fdeb385da6f623ee0ef6e71f3bc9603ef0e9d10c08d8a95c2347f8770b18,d2fa3c20a,openproj_ui/src/com/projity/dialog/ResourceAdditionDialog.java,c3b1679b8b43864955276cacf4d53021791324acfb77395ea4c552b91f2644fd,0530be227f4a10c5545cce8d3db20ac5a4d76a66,REVIEW_REQUIRED,ProjectLibre,false,REVIEW_REQUIRED,CPAL-1.0,REVIEW,OpenProj path exists but content differs; perform hunk-level comparison,
modules/projectlibre_ui/src/main/java/com/projectlibre1/dialog/ResourceInformationDialog.java,projectlibre_ui,java,HEAD,8f3e67b77aa6832d6b45f51d4639003624048fe820bed08f9e7b76227fc29225,d2fa3c20a,openproj_ui/src/com/projity/dialog/ResourceInformationDialog.java,03764f0b5892b4b93715937d7d257839fe1c8e2c5f4a5c1f863c49b7d3d671c5,0530be227f4a10c5545cce8d3db20ac5a4d76a66,REVIEW_REQUIRED,ProjectLibre,false,REVIEW_REQUIRED,CPAL-1.0,REVIEW,OpenProj path exists but content differs; perform hunk-level comparison,
modules/projectlibre_ui/src/main/java/com/projectlibre1/dialog/ResourceLevelingDialogBox.java,projectlibre_ui,java,HEAD,0613ff6ab2ff2552c016f49810c3d625f64bdb022f4526ddf1f79a7973578e96,d2fa3c20a,,,0530be227f4a10c5545cce8d3db20ac5a4d76a66,REVIEW_REQUIRED,Unknown,false,REVIEW_REQUIRED,REVIEW_REQUIRED,REVIEW,no path match in OpenProj baseline; classify origin manually,
modules/projectlibre_ui/src/main/java/com/projectlibre1/dialog/ResourceMappingDialog.java,projectlibre_ui,java,HEAD,7c2eaec6aa081163cd810bfb1def12d66f4b3dfab7fc8d7fb7113a70bf0d5e51,d2fa3c20a,openproj_ui/src/com/projity/dialog/ResourceMappingDialog.java,d9ca8e92093bfbf43a83e1159a30f113327285700c5ddeb702c3b89b541a7d09,0530be227f4a10c5545cce8d3db20ac5a4d76a66,REVIEW_REQUIRED,ProjectLibre,false,REVIEW_REQUIRED,CPAL-1.0,REVIEW,OpenProj path exists but content differs; perform hunk-level comparison,
modules/projectlibre_ui/src/main/java/com/projectlibre1/dialog/TaskInformationDialog.java,projectlibre_ui,java,HEAD,8e98668750f37223cdec6f48c87c945078a5b6002140f62535a4c33faa6f4dbb,d2fa3c20a,openproj_ui/src/com/projity/dialog/TaskInformationDialog.java,0e5c3c4c61d98d4a6402b6750f03e2212edf3b311fcf6a888914bb7aebc4b4ce,0530be227f4a10c5545cce8d3db20ac5a4d76a66,REVIEW_REQUIRED,ProjectLibre,false,REVIEW_REQUIRED,CPAL-1.0,REVIEW,OpenProj path exists but content differs; perform hunk-level comparison,
modules/projectlibre_ui/src/main/java/com/projectlibre1/dialog/TeamPlannerDialogBox.java,projectlibre_ui,java,HEAD,5f707a29d8547391766ea726109acaaeb1c4f48a7a4af28e540252b6d212019c,d2fa3c20a,,,0530be227f4a10c5545cce8d3db20ac5a4d76a66,REVIEW_REQUIRED,Unknown,false,REVIEW_REQUIRED,REVIEW_REQUIRED,REVIEW,no path match in OpenProj baseline; classify origin manually,
modules/projectlibre_ui/src/main/java/com/projectlibre1/dialog/TimelineDialogBox.java,projectlibre_ui,java,HEAD,98c5d43b2d02880c2be4998119ca279b7e49fa9cbbed84554e07bc8129218869,d2fa3c20a,,,0530be227f4a10c5545cce8d3db20ac5a4d76a66,REVIEW_REQUIRED,Unknown,false,REVIEW_REQUIRED,REVIEW_REQUIRED,REVIEW,no path match in OpenProj baseline; classify origin manually,
modules/projectlibre_ui/src/main/java/com/projectlibre1/dialog/TransformParameterDialog.java,projectlibre_ui,java,HEAD,bf4aa8ab3c31f94199df296b2cd21e29b8db61cd1d7e073bfcc9b03dbded4a3e,d2fa3c20a,openproj_ui/src/com/projity/dialog/TransformParameterDialog.java,f706f6a1141e98222eb979d343a499c7b5e46174816f522ff96a6fc409c714f7,0530be227f4a10c5545cce8d3db20ac5a4d76a66,REVIEW_REQUIRED,ProjectLibre,false,REVIEW_REQUIRED,CPAL-1.0,REVIEW,OpenProj path exists but content differs; perform hunk-level comparison,
modules/projectlibre_ui/src/main/java/com/projectlibre1/dialog/UpdateProjectDialogBox.java,projectlibre_ui,java,HEAD,0f76e88e7280aa45263ba3cc2ba0bc53c0d5f3058808e59a6ae1df3d0cae34b8,d2fa3c20a,openproj_ui/src/com/projity/dialog/UpdateProjectDialogBox.java,5152bf1126240122517716d245917be9a590ba70bc40508de7c8b1e02c153c0f,0530be227f4a10c5545cce8d3db20ac5a4d76a66,REVIEW_REQUIRED,ProjectLibre,false,REVIEW_REQUIRED,CPAL-1.0,REVIEW,OpenProj path exists but content differs; perform hunk-level comparison,
modules/projectlibre_ui/src/main/java/com/projectlibre1/dialog/UpdateTaskDialog.java,projectlibre_ui,java,HEAD,792828da90eb627b9a7883412631d656ca7f92198c4830ff10b12732e0db0320,d2fa3c20a,openproj_ui/src/com/projity/dialog/UpdateTaskDialog.java,00a88d775fc8ce9dada7e404b17acf914c1fe5d4e7621e48df253a789ee83f01,0530be227f4a10c5545cce8d3db20ac5a4d76a66,REVIEW_REQUIRED,ProjectLibre,false,REVIEW_REQUIRED,CPAL-1.0,REVIEW,OpenProj path exists but content differs; perform hunk-level comparison,
modules/projectlibre_ui/src/main/java/com/projectlibre1/dialog/UsabilityStrings.java,projectlibre_ui,java,HEAD,49c7d397294abf17e337ef0239a1ec102040a8e587a2918cbe1946e2cf1bea06,d2fa3c20a,,,0530be227f4a10c5545cce8d3db20ac5a4d76a66,REVIEW_REQUIRED,Unknown,false,REVIEW_REQUIRED,REVIEW_REQUIRED,REVIEW,no path match in OpenProj baseline; classify origin manually,
modules/projectlibre_ui/src/main/java/com/projectlibre1/dialog/UserInfoDialog.java,projectlibre_ui,java,HEAD,86bbc68778fca2e139cfa08666bb5ba56b204634035bfd8953c47d20bf60e225,d2fa3c20a,openproj_ui/src/com/projity/dialog/UserInfoDialog.java,89a787fe5ec62ffe9395c79d75a2af7c5239518ffaab6bb584774c3bccb87510,0530be227f4a10c5545cce8d3db20ac5a4d76a66,REVIEW_REQUIRED,ProjectLibre,false,REVIEW_REQUIRED,CPAL-1.0,REVIEW,OpenProj path exists but content differs; perform hunk-level comparison,
modules/projectlibre_ui/src/main/java/com/projectlibre1/dialog/WelcomeDialog.java,projectlibre_ui,java,HEAD,9bdcc2de590f25f37f835af425013adaea325b6b5daf50337d93c4d849b24190,d2fa3c20a,openproj_ui/src/com/projity/dialog/WelcomeDialog.java,dc54c1654d4b2709950aae7b185ec7156cd0372f880bd6450623831e711b9118,0530be227f4a10c5545cce8d3db20ac5a4d76a66,REVIEW_REQUIRED,ProjectLibre,false,REVIEW_REQUIRED,CPAL-1.0,REVIEW,OpenProj path exists but content differs; perform hunk-level comparison,
modules/projectlibre_ui/src/main/java/com/projectlibre1/dialog/XbsDependencyDialog.java,projectlibre_ui,java,HEAD,bf4653768459a98a2d83c0ebc34c74d478beef3d845be46c5f842ad29806b7e3,d2fa3c20a,openproj_ui/src/com/projity/dialog/XbsDependencyDialog.java,07cfede199a0a1caae46df823475cd655081482b72f3eb39fbfc60d3b935fdef,0530be227f4a10c5545cce8d3db20ac5a4d76a66,REVIEW_REQUIRED,ProjectLibre,false,REVIEW_REQUIRED,CPAL-1.0,REVIEW,OpenProj path exists but content differs; perform hunk-level comparison,
modules/projectlibre_ui/src/main/java/com/projectlibre1/dialog/assignment/AssignmentDialog.java,projectlibre_ui,java,HEAD,d24ecc9d9063575b2a2c98e73fc6f9522a7ecb7197e8199b03f65dee1a147acc,d2fa3c20a,openproj_ui/src/com/projity/dialog/assignment/AssignmentDialog.java,b83f0def5e19d6c4bbc7b4202dc8da39cccfbd7bcfa48f371856ab5c476593aa,0530be227f4a10c5545cce8d3db20ac5a4d76a66,REVIEW_REQUIRED,ProjectLibre,false,REVIEW_REQUIRED,CPAL-1.0,REVIEW,OpenProj path exists but content differs; perform hunk-level comparison,
modules/projectlibre_ui/src/main/java/com/projectlibre1/dialog/assignment/AssignmentEntryPane.java,projectlibre_ui,java,HEAD,bcd826be6cfcec7269094e6d5bbe3b6f1b3196eba21eb8c002562b0c3c91cd81,d2fa3c20a,openproj_ui/src/com/projity/dialog/assignment/AssignmentEntryPane.java,c072b3924a10a71e2c217a7541916d52b15a58d2f5c1757fba9a6dec0115187a,0530be227f4a10c5545cce8d3db20ac5a4d76a66,REVIEW_REQUIRED,ProjectLibre,false,REVIEW_REQUIRED,CPAL-1.0,REVIEW,OpenProj path exists but content differs; perform hunk-level comparison,
modules/projectlibre_ui/src/main/java/com/projectlibre1/dialog/assignment/CommonAssignmentDialog.java,projectlibre_ui,java,HEAD,2a275693efcf79a67f93300b6ab7a94e8b15a741701e16127d3168aebd49c3ee,d2fa3c20a,openproj_ui/src/com/projity/dialog/assignment/CommonAssignmentDialog.java,41b172406a487441c90028173c712a9fa10bd2f7de71e9525d5cce1187989885,0530be227f4a10c5545cce8d3db20ac5a4d76a66,REVIEW_REQUIRED,ProjectLibre,true,REVIEW_REQUIRED,CPAL-1.0,KEEP_OPENPROJ,normalized content matches OpenProj baseline,
modules/projectlibre_ui/src/main/java/com/projectlibre1/dialog/assignment/ReplaceAssignmentDialog.java,projectlibre_ui,java,HEAD,d153739f446710a8f85417563383f9eafe67c51e9dbbeeeccda15317d4a9fa94,d2fa3c20a,openproj_ui/src/com/projity/dialog/assignment/ReplaceAssignmentDialog.java,075c78f7925bc1bd5611a30c13d111bffb932f9893947628b8b48aa8167eb756,0530be227f4a10c5545cce8d3db20ac5a4d76a66,REVIEW_REQUIRED,ProjectLibre,false,REVIEW_REQUIRED,CPAL-1.0,REVIEW,OpenProj path exists but content differs; perform hunk-level comparison,
modules/projectlibre_ui/src/main/java/com/projectlibre1/dialog/assignment/ResourceAssigner.java,projectlibre_ui,java,HEAD,b7328446cd01895879830f49e23ffabaeb06ad12feee76d76fcfb219de5b8761,d2fa3c20a,openproj_ui/src/com/projity/dialog/assignment/ResourceAssigner.java,238f9398233710519043e84a2577647b02dca5e9b45908c93701b43cc85532dc,0530be227f4a10c5545cce8d3db20ac5a4d76a66,REVIEW_REQUIRED,ProjectLibre,true,REVIEW_REQUIRED,CPAL-1.0,KEEP_OPENPROJ,normalized content matches OpenProj baseline,
modules/projectlibre_ui/src/main/java/com/projectlibre1/dialog/assignment/TimesheetDialog.java,projectlibre_ui,java,HEAD,ad4a9f1d7c36bcb17432e811780e7decad443dec7f8315f8e9a079b016426673,d2fa3c20a,,,0530be227f4a10c5545cce8d3db20ac5a4d76a66,REVIEW_REQUIRED,Unknown,false,REVIEW_REQUIRED,CPAL-1.0,REVIEW,no path match in OpenProj baseline; classify origin manually,
modules/projectlibre_ui/src/main/java/com/projectlibre1/dialog/assignment/TimesheetEntryPane.java,projectlibre_ui,java,HEAD,72971e42201361e441aa356491764a8ea101d2f2c2d058f70854af03e7b4f2ef,d2fa3c20a,,,0530be227f4a10c5545cce8d3db20ac5a4d76a66,REVIEW_REQUIRED,Unknown,false,REVIEW_REQUIRED,CPAL-1.0,REVIEW,no path match in OpenProj baseline; classify origin manually,
modules/projectlibre_ui/src/main/java/com/projectlibre1/dialog/calendar/CalendarInterval.java,projectlibre_ui,java,HEAD,f8df3530a31bd68156d5f3b06dc1c639cec59e56f125e1098fcfd3cb501b0aa6,d2fa3c20a,openproj_ui/src/com/projity/dialog/calendar/CalendarInterval.java,73d074fac6a16f688c8e7f3fa044f526d2ec6b65a08565b8819da823c25c01bc,0530be227f4a10c5545cce8d3db20ac5a4d76a66,REVIEW_REQUIRED,ProjectLibre,false,REVIEW_REQUIRED,CPAL-1.0,REVIEW,OpenProj path exists but content differs; perform hunk-level comparison,
modules/projectlibre_ui/src/main/java/com/projectlibre1/dialog/calendar/CalendarView.java,projectlibre_ui,java,HEAD,04f62c0942f6d6c8710ef350406be8655461f10ffbc0de9806555e84e98f16e5,d2fa3c20a,openproj_ui/src/com/projity/dialog/calendar/CalendarView.java,8f3d189e7be4fbae81ca7d58bf0872aa4fb95b48fd5521807f6bfc48de3126db,0530be227f4a10c5545cce8d3db20ac5a4d76a66,REVIEW_REQUIRED,ProjectLibre,true,REVIEW_REQUIRED,CPAL-1.0,KEEP_OPENPROJ,normalized content matches OpenProj baseline,
modules/projectlibre_ui/src/main/java/com/projectlibre1/dialog/calendar/ChangeWorkingTimeDialogBox.java,projectlibre_ui,java,HEAD,ee01eaf14ccd5ad52e19b06768cbabd802fbb6d153247d20be62789dda25bf95,d2fa3c20a,openproj_ui/src/com/projity/dialog/calendar/ChangeWorkingTimeDialogBox.java,eef2437fa4f56c8332a306ba3fc89188230434c8f348ee7b640dd1b438431d75,0530be227f4a10c5545cce8d3db20ac5a4d76a66,REVIEW_REQUIRED,ProjectLibre,false,REVIEW_REQUIRED,CPAL-1.0,REVIEW,OpenProj path exists but content differs; perform hunk-level comparison,
modules/projectlibre_ui/src/main/java/com/projectlibre1/dialog/calendar/Intervals.java,projectlibre_ui,java,HEAD,b464559198a8b48b5edb6e6cee286b188a99cb45d03a9f2847ad050a86f110c3,d2fa3c20a,openproj_ui/src/com/projity/dialog/calendar/Intervals.java,79374dce6d137c6a3f0a7c23e3c9e95ac73fce990e7043bd9e831d01970e1af7,0530be227f4a10c5545cce8d3db20ac5a4d76a66,REVIEW_REQUIRED,ProjectLibre,false,REVIEW_REQUIRED,CPAL-1.0,REVIEW,OpenProj path exists but content differs; perform hunk-level comparison,
modules/projectlibre_ui/src/main/java/com/projectlibre1/dialog/calendar/NewBaseCalendarDialog.java,projectlibre_ui,java,HEAD,469613ee90f676c2604c71e87d6b71fcd9f6d2cbe85926e4450db6b9637053e2,d2fa3c20a,openproj_ui/src/com/projity/dialog/calendar/NewBaseCalendarDialog.java,e8b5e96adc48416ddcfb0d8cf530d140700da59cb36373627f8b2aea28af20d2,0530be227f4a10c5545cce8d3db20ac5a4d76a66,REVIEW_REQUIRED,ProjectLibre,false,REVIEW_REQUIRED,CPAL-1.0,REVIEW,OpenProj path exists but content differs; perform hunk-level comparison,
modules/projectlibre_ui/src/main/java/com/projectlibre1/dialog/options/CalendarDialogBox.java,projectlibre_ui,java,HEAD,f7c262c28ef571f1b6aaefd005ef486cd48d3973ad8509bf691745137da2132f,d2fa3c20a,openproj_ui/src/com/projity/dialog/options/CalendarDialogBox.java,3c634b909d935bbbe2dc23c7f3779bd91353393b5811f8db2c7e1bf7b36f4661,0530be227f4a10c5545cce8d3db20ac5a4d76a66,REVIEW_REQUIRED,ProjectLibre,false,REVIEW_REQUIRED,CPAL-1.0,REVIEW,OpenProj path exists but content differs; perform hunk-level comparison,
modules/projectlibre_ui/src/main/java/com/projectlibre1/dialog/util/ComponentFactory.java,projectlibre_ui,java,HEAD,930295864440bb210e8cffba9cf0f0665047b8aff7e6562765c4999b8873fb24,d2fa3c20a,openproj_ui/src/com/projity/dialog/util/ComponentFactory.java,d6ec1bc85393f21f0a7835ee5e5ac2c25529ad39b18d1bbfaaa9eb61812b2c3d,0530be227f4a10c5545cce8d3db20ac5a4d76a66,REVIEW_REQUIRED,ProjectLibre,false,REVIEW_REQUIRED,CPAL-1.0,REVIEW,OpenProj path exists but content differs; perform hunk-level comparison,
modules/projectlibre_ui/src/main/java/com/projectlibre1/dialog/util/ExtDateField.java,projectlibre_ui,java,HEAD,cfe7b085298698c30c5a786a80b5ce70b7993ecced397cae20ecc550d71cb73b,d2fa3c20a,openproj_ui/src/com/projity/dialog/util/ExtDateField.java,33411200db2c2cb980e28bce4af129559580cd5e2fa67341d64ab013613c99bf,0530be227f4a10c5545cce8d3db20ac5a4d76a66,REVIEW_REQUIRED,ProjectLibre,false,REVIEW_REQUIRED,CPAL-1.0,REVIEW,OpenProj path exists but content differs; perform hunk-level comparison,
modules/projectlibre_ui/src/main/java/com/projectlibre1/dialog/util/FieldChangeListener.java,projectlibre_ui,java,HEAD,4670828f08affc89c91a144cfc26940c27a4faa72b31e351069177cca76b4219,d2fa3c20a,openproj_ui/src/com/projity/dialog/util/FieldChangeListener.java,d8f6a56f989b366c1c5898ad3f6bc33f1ecfd59b75fd6fceaaca24e05e67fb29,0530be227f4a10c5545cce8d3db20ac5a4d76a66,REVIEW_REQUIRED,ProjectLibre,false,REVIEW_REQUIRED,CPAL-1.0,REVIEW,OpenProj path exists but content differs; perform hunk-level comparison,
modules/projectlibre_ui/src/main/java/com/projectlibre1/dialog/util/FieldComponentMap.java,projectlibre_ui,java,HEAD,335d5194a840625e35e76338173422da69a9c92cd10830f58c371fdecece2765,d2fa3c20a,openproj_ui/src/com/projity/dialog/util/FieldComponentMap.java,ea02bf1a954f21c90049d328f7ed077d9c3c562923d37b643be70adc6ce021e5,0530be227f4a10c5545cce8d3db20ac5a4d76a66,REVIEW_REQUIRED,ProjectLibre,false,REVIEW_REQUIRED,CPAL-1.0,REVIEW,OpenProj path exists but content differs; perform hunk-level comparison,
modules/projectlibre_ui/src/main/java/com/projectlibre1/dialog/util/FieldVerifier.java,projectlibre_ui,java,HEAD,3b213dcb14ccb7585f3fc1e1c761fc6d17724f814b3033e9d55ed87e4baff3ef,d2fa3c20a,openproj_ui/src/com/projity/dialog/util/FieldVerifier.java,f292522624646ec6362d5d78e6dc118e43a1c1207e2df9911677a76069afe284,0530be227f4a10c5545cce8d3db20ac5a4d76a66,REVIEW_REQUIRED,ProjectLibre,false,REVIEW_REQUIRED,CPAL-1.0,REVIEW,OpenProj path exists but content differs; perform hunk-level comparison,
modules/projectlibre_ui/src/main/java/com/projectlibre1/dialog/util/FixedSizeFilter.java,projectlibre_ui,java,HEAD,2b5b1fa062f641a63668c84249635bae9c48db23a941edeb59da323473528c86,d2fa3c20a,openproj_ui/src/com/projity/dialog/util/FixedSizeFilter.java,bd6466e191b8755f63cfcfbc08cfc7fe9647f514a6b9cf05b3b744a279aee6c0,0530be227f4a10c5545cce8d3db20ac5a4d76a66,REVIEW_REQUIRED,ProjectLibre,true,REVIEW_REQUIRED,CPAL-1.0,KEEP_OPENPROJ,normalized content matches OpenProj baseline,
modules/projectlibre_ui/src/main/java/com/projectlibre1/dialog/util/LinkLabel.java,projectlibre_ui,java,HEAD,840c158ba967fe32bbffc73c10e83f5211dae48becf7c997a0241c6f11522adc,d2fa3c20a,openproj_ui/src/com/projity/dialog/util/LinkLabel.java,d8ab0e726a837ae867261713b3e8adef557c407a84f99aca4b752b2f9b9f7804,0530be227f4a10c5545cce8d3db20ac5a4d76a66,REVIEW_REQUIRED,ProjectLibre,false,REVIEW_REQUIRED,CPAL-1.0,REVIEW,OpenProj path exists but content differs; perform hunk-level comparison,
modules/projectlibre_ui/src/main/java/com/projectlibre1/dialog/util/LookupField.java,projectlibre_ui,java,HEAD,db2773332582b2a65eb905b51cebc9a845d0de9555c6ae77a452ad32819fa25a,d2fa3c20a,openproj_ui/src/com/projity/dialog/util/LookupField.java,2a0ee122b2d6bf5791c694313e6d741de8921af738a8c6d3b7c175ef54981eec,0530be227f4a10c5545cce8d3db20ac5a4d76a66,REVIEW_REQUIRED,ProjectLibre,false,REVIEW_REQUIRED,CPAL-1.0,REVIEW,OpenProj path exists but content differs; perform hunk-level comparison,
modules/projectlibre_ui/src/main/java/com/projectlibre1/dialog/util/ProjectLibreDateField.java,projectlibre_ui,java,HEAD,4c9d849a5628affe99d0875289e1657c96e9ee1d26352096a9de07e1bc50408f,d2fa3c20a,,,0530be227f4a10c5545cce8d3db20ac5a4d76a66,REVIEW_REQUIRED,Unknown,false,REVIEW_REQUIRED,REVIEW_REQUIRED,REVIEW,no path match in OpenProj baseline; classify origin manually,
modules/projectlibre_ui/src/main/java/com/projectlibre1/graphic/configuration/cellstyles/AssignmentCellStyle.java,projectlibre_ui,java,HEAD,90c17be76d78bf40eb9faf661b3f11db42ac19d63deba542a318a5fc2a3252fb,d2fa3c20a,openproj_ui/src/com/projity/graphic/configuration/cellstyles/AssignmentCellStyle.java,c65ba651598ea537689d0f9d724d8e56985273dc285379a367b7fe02d80f8189,0530be227f4a10c5545cce8d3db20ac5a4d76a66,REVIEW_REQUIRED,ProjectLibre,false,REVIEW_REQUIRED,CPAL-1.0,REVIEW,OpenProj path exists but content differs; perform hunk-level comparison,
modules/projectlibre_ui/src/main/java/com/projectlibre1/graphic/configuration/cellstyles/DefaultCellStyle.java,projectlibre_ui,java,HEAD,2965ee1faa46e371dcc79871635583e9452080705df251b1f19e69f8c779c5af,d2fa3c20a,openproj_ui/src/com/projity/graphic/configuration/cellstyles/DefaultCellStyle.java,a8d4ce1f205134b191f753d3375fb855cd305bfa8f8c416a5f43e46b80c79b2c,0530be227f4a10c5545cce8d3db20ac5a4d76a66,REVIEW_REQUIRED,ProjectLibre,false,REVIEW_REQUIRED,CPAL-1.0,REVIEW,OpenProj path exists but content differs; perform hunk-level comparison,
modules/projectlibre_ui/src/main/java/com/projectlibre1/graphic/configuration/cellstyles/ResourceCellStyle.java,projectlibre_ui,java,HEAD,95ae670afe3e8dd918616bc6de2cdad5f4d113184752efa09d0bd791362c0f4a,d2fa3c20a,openproj_ui/src/com/projity/graphic/configuration/cellstyles/ResourceCellStyle.java,5c045c12c6b6acc15e6abf1481d216eaade0bf5d0284948ee013237cee4909ad,0530be227f4a10c5545cce8d3db20ac5a4d76a66,REVIEW_REQUIRED,ProjectLibre,false,REVIEW_REQUIRED,CPAL-1.0,REVIEW,OpenProj path exists but content differs; perform hunk-level comparison,
modules/projectlibre_ui/src/main/java/com/projectlibre1/help/HelpUtil.java,projectlibre_ui,java,HEAD,33b150079ce9f3b7a07b595e699b3e072368e048cd2537d9f5785c1b95ad0c27,d2fa3c20a,openproj_ui/src/com/projity/help/HelpUtil.java,77fd0c93a9e45f4d9412dc7ef71a0bcaecdd5bc00f015e533bf0008cfea16dd1,0530be227f4a10c5545cce8d3db20ac5a4d76a66,REVIEW_REQUIRED,ProjectLibre,false,REVIEW_REQUIRED,CPAL-1.0,REVIEW,OpenProj path exists but content differs; perform hunk-level comparison,
modules/projectlibre_ui/src/main/java/com/projectlibre1/main/EclipseMain.java,projectlibre_ui,java,HEAD,0a32b63761e22a51e3b107bbe72479028cc2f6282a84793091bc3960ea24a97c,d2fa3c20a,openproj_ui/src/com/projity/main/EclipseMain.java,691b43c2884c78b46596afcf6c89b5eedf085e2ac949306b46d1d23cee69d9b2,0530be227f4a10c5545cce8d3db20ac5a4d76a66,REVIEW_REQUIRED,ProjectLibre,false,REVIEW_REQUIRED,CPAL-1.0,REVIEW,OpenProj path exists but content differs; perform hunk-level comparison,
modules/projectlibre_ui/src/main/java/com/projectlibre1/main/Main.java,projectlibre_ui,java,HEAD,8c53bbc4cbf741aaf7cdfaa27886a02cf44116e64b1ef92b3ca148b01e552c4b,d2fa3c20a,openproj_ui/src/com/projity/main/Main.java,a30868a9e9d3b014e5d5aae3c07e03d61a32b9e7b890f2e66948f1968072dcae,0530be227f4a10c5545cce8d3db20ac5a4d76a66,REVIEW_REQUIRED,ProjectLibre,false,REVIEW_REQUIRED,CPAL-1.0,REVIEW,OpenProj path exists but content differs; perform hunk-level comparison,
modules/projectlibre_ui/src/main/java/com/projectlibre1/menu/BatikActionMapAdapter.java,projectlibre_ui,java,HEAD,ea70b4674df466ece0cac062e21b6437734b0630287c5f74d9a524a1f84c4762,d2fa3c20a,,,0530be227f4a10c5545cce8d3db20ac5a4d76a66,REVIEW_REQUIRED,Unknown,false,REVIEW_REQUIRED,REVIEW_REQUIRED,REVIEW,no path match in OpenProj baseline; classify origin manually,
modules/projectlibre_ui/src/main/java/com/projectlibre1/menu/ExtButtonFactory.java,projectlibre_ui,java,HEAD,25ec33417548b1ba7a2114fccef7475787fdc9f6b0f7c09f20b5cee54f1ef9b0,d2fa3c20a,openproj_ui/src/com/projity/menu/ExtButtonFactory.java,3aebbf6fb949f43a38923117cb2ab1a3e481c50db6ee7cdb624a61a09341ad3b,0530be227f4a10c5545cce8d3db20ac5a4d76a66,REVIEW_REQUIRED,ProjectLibre,false,REVIEW_REQUIRED,CPAL-1.0,REVIEW,OpenProj path exists but content differs; perform hunk-level comparison,
modules/projectlibre_ui/src/main/java/com/projectlibre1/menu/ExtMenuFactory.java,projectlibre_ui,java,HEAD,24de1cecea40ace590049f3cd96d785375b74de33a81c6a7914980f75d30e54e,d2fa3c20a,openproj_ui/src/com/projity/menu/ExtMenuFactory.java,9873ee98f2b42f619f9d21fe3ec5bb017d7a5aca6ca7f57d8cee70d9ea6036a1,0530be227f4a10c5545cce8d3db20ac5a4d76a66,REVIEW_REQUIRED,ProjectLibre,false,REVIEW_REQUIRED,CPAL-1.0,REVIEW,OpenProj path exists but content differs; perform hunk-level comparison,
modules/projectlibre_ui/src/main/java/com/projectlibre1/menu/ExtRibbonFactory.java,projectlibre_ui,java,HEAD,fd4ec403de127448cf6457f6183c4d7d89690642bfd86f364734d599a88535dd,d2fa3c20a,openproj_ui/src/com/projity/menu/ExtRibbonFactory.java,8c478cca8d72f3c3c20a1d7e7c639806cfbfa28534f491e0bb03eb6346bcba92,0530be227f4a10c5545cce8d3db20ac5a4d76a66,REVIEW_REQUIRED,ProjectLibre,false,REVIEW_REQUIRED,CPAL-1.0,REVIEW,OpenProj path exists but content differs; perform hunk-level comparison,
modules/projectlibre_ui/src/main/java/com/projectlibre1/menu/ExtToolBarFactory.java,projectlibre_ui,java,HEAD,f89330c61cba167ee34c8a44071f348a6f32fdc97c965f3bb629d92adca6fc81,d2fa3c20a,openproj_ui/src/com/projity/menu/ExtToolBarFactory.java,15ca027fa33950870e5e70639056a328b637001dcd7fb7186efda815735ca337,0530be227f4a10c5545cce8d3db20ac5a4d76a66,REVIEW_REQUIRED,ProjectLibre,false,REVIEW_REQUIRED,CPAL-1.0,REVIEW,OpenProj path exists but content differs; perform hunk-level comparison,
modules/projectlibre_ui/src/main/java/com/projectlibre1/menu/HyperLinkToolTip.java,projectlibre_ui,java,HEAD,0fa6cfefdaa33059d065e704f13f92806568b7a0311ebac9255b39f7e9eb8b24,d2fa3c20a,openproj_ui/src/com/projity/menu/HyperLinkToolTip.java,caffc2fd2b7e40dc1f239fb3f5b368927774dfd3b46b602b2619e3405535465e,0530be227f4a10c5545cce8d3db20ac5a4d76a66,REVIEW_REQUIRED,ProjectLibre,false,REVIEW_REQUIRED,CPAL-1.0,REVIEW,OpenProj path exists but content differs; perform hunk-level comparison,
modules/projectlibre_ui/src/main/java/com/projectlibre1/menu/MenuActionConstants.java,projectlibre_ui,java,HEAD,8d26233e0dcbaaab523e24e39ba13bff708ee153b63ab90e0c5c95d4a9d40961,d2fa3c20a,openproj_ui/src/com/projity/menu/MenuActionConstants.java,f8e7b157b5d46fa74d5b27fd3936f3983ea6e2c6dd5302cb8a111e12e37dc8a1,0530be227f4a10c5545cce8d3db20ac5a4d76a66,REVIEW_REQUIRED,ProjectLibre,false,REVIEW_REQUIRED,CPAL-1.0,REVIEW,OpenProj path exists but content differs; perform hunk-level comparison,
modules/projectlibre_ui/src/main/java/com/projectlibre1/menu/MenuActionMapSupport.java,projectlibre_ui,java,HEAD,3be19997e69b96af1cd5e6d342cac65d15801f205797f5c2731bea476606f700,d2fa3c20a,,,0530be227f4a10c5545cce8d3db20ac5a4d76a66,REVIEW_REQUIRED,Unknown,false,REVIEW_REQUIRED,REVIEW_REQUIRED,REVIEW,no path match in OpenProj baseline; classify origin manually,
modules/projectlibre_ui/src/main/java/com/projectlibre1/menu/MenuActionsMap.java,projectlibre_ui,java,HEAD,7d2102aea9308452ec1a0b7ca4e3412f4cbf5cbd133ad4b1698cbf6b49f81411,d2fa3c20a,openproj_ui/src/com/projity/menu/MenuActionsMap.java,5686556987c2931adc2fdae4fae2f8c68669f8afa46b696214e771a0fecf2d72,0530be227f4a10c5545cce8d3db20ac5a4d76a66,REVIEW_REQUIRED,ProjectLibre,false,REVIEW_REQUIRED,CPAL-1.0,REVIEW,OpenProj path exists but content differs; perform hunk-level comparison,
modules/projectlibre_ui/src/main/java/com/projectlibre1/menu/MenuLookupSupport.java,projectlibre_ui,java,HEAD,f0a219be8134bc97e9938eb0ebfe697d54581a606ed9bad8477988597e978de4,d2fa3c20a,,,0530be227f4a10c5545cce8d3db20ac5a4d76a66,REVIEW_REQUIRED,Unknown,false,REVIEW_REQUIRED,REVIEW_REQUIRED,REVIEW,no path match in OpenProj baseline; classify origin manually,
modules/projectlibre_ui/src/main/java/com/projectlibre1/menu/MenuManager.java,projectlibre_ui,java,HEAD,1adf20e0f554440fb6d203894a4bd675b1884064a7c825e9357f16a27f33f2f2,d2fa3c20a,openproj_ui/src/com/projity/menu/MenuManager.java,56eef953a3afe4c1451f5589e2d26daac78ceed4955faf442f714d5c9e78fb31,0530be227f4a10c5545cce8d3db20ac5a4d76a66,REVIEW_REQUIRED,ProjectLibre,false,REVIEW_REQUIRED,CPAL-1.0,REVIEW,OpenProj path exists but content differs; perform hunk-level comparison,
modules/projectlibre_ui/src/main/java/com/projectlibre1/menu/MenuTextKeys.java,projectlibre_ui,java,HEAD,27a93ac9a19fcf6e034a1bbfbd326029dde65d6cdc0e0c97eb06ce97df1621df,d2fa3c20a,,,0530be227f4a10c5545cce8d3db20ac5a4d76a66,REVIEW_REQUIRED,Unknown,false,REVIEW_REQUIRED,REVIEW_REQUIRED,REVIEW,no path match in OpenProj baseline; classify origin manually,
modules/projectlibre_ui/src/main/java/com/projectlibre1/menu/ProjectMenuActionMap.java,projectlibre_ui,java,HEAD,9a993d99684dcc017cf880318e6af09a8855ccc79c103da71ae13553c0f28eaa,d2fa3c20a,,,0530be227f4a10c5545cce8d3db20ac5a4d76a66,REVIEW_REQUIRED,Unknown,false,REVIEW_REQUIRED,REVIEW_REQUIRED,REVIEW,no path match in OpenProj baseline; classify origin manually,
modules/projectlibre_ui/src/main/java/com/projectlibre1/menu/resource/ActionMap.java,projectlibre_ui,java,HEAD,d4e947353dda64a4197f0fddf9d0d21290c342227d3aa20ea86755b293b8ddf1,d2fa3c20a,,,0530be227f4a10c5545cce8d3db20ac5a4d76a66,REVIEW_REQUIRED,ThirdParty:Apache,false,REVIEW_REQUIRED,REVIEW_REQUIRED,KEEP_THIRD_PARTY,third-party notice detected; verify upstream license,
modules/projectlibre_ui/src/main/java/com/projectlibre1/menu/resource/ButtonFactory.java,projectlibre_ui,java,HEAD,c4dc84c41fb5352a0e124ea9055e93446883f168247195ba85e0bdce1aad6706,d2fa3c20a,,,0530be227f4a10c5545cce8d3db20ac5a4d76a66,REVIEW_REQUIRED,ThirdParty:Apache,false,REVIEW_REQUIRED,REVIEW_REQUIRED,KEEP_THIRD_PARTY,third-party notice detected; verify upstream license,
modules/projectlibre_ui/src/main/java/com/projectlibre1/menu/resource/JComponentModifier.java,projectlibre_ui,java,HEAD,616816454fbdbbbfa6795dc8ef8c31768a4f73a948e0e10890eda3dee36ea494,d2fa3c20a,,,0530be227f4a10c5545cce8d3db20ac5a4d76a66,REVIEW_REQUIRED,ThirdParty:Apache,false,REVIEW_REQUIRED,REVIEW_REQUIRED,KEEP_THIRD_PARTY,third-party notice detected; verify upstream license,
modules/projectlibre_ui/src/main/java/com/projectlibre1/menu/resource/JToolbarButton.java,projectlibre_ui,java,HEAD,1a89c553c0882a16e3134bceac3e22ee7c496131735ef4c660ffea223811386f,d2fa3c20a,,,0530be227f4a10c5545cce8d3db20ac5a4d76a66,REVIEW_REQUIRED,ThirdParty:Apache,false,REVIEW_REQUIRED,REVIEW_REQUIRED,KEEP_THIRD_PARTY,third-party notice detected; verify upstream license,
modules/projectlibre_ui/src/main/java/com/projectlibre1/menu/resource/JToolbarSeparator.java,projectlibre_ui,java,HEAD,a03940dc43e8417f35c70aba59666d2ad47160b38f40ea0ea81a2aebdbda1350,d2fa3c20a,,,0530be227f4a10c5545cce8d3db20ac5a4d76a66,REVIEW_REQUIRED,ThirdParty:Apache,false,REVIEW_REQUIRED,REVIEW_REQUIRED,KEEP_THIRD_PARTY,third-party notice detected; verify upstream license,
modules/projectlibre_ui/src/main/java/com/projectlibre1/menu/resource/MenuFactory.java,projectlibre_ui,java,HEAD,a424f7fb4585d00eeb50c8be571b4ad33a26496815a67b9eb1c6fe0655b79ecf,d2fa3c20a,,,0530be227f4a10c5545cce8d3db20ac5a4d76a66,REVIEW_REQUIRED,ThirdParty:Apache,false,REVIEW_REQUIRED,REVIEW_REQUIRED,KEEP_THIRD_PARTY,third-party notice detected; verify upstream license,
modules/projectlibre_ui/src/main/java/com/projectlibre1/menu/resource/MissingListenerException.java,projectlibre_ui,java,HEAD,ee9cd48d0af064159d9480c982cbf87d9fc5938eed1a59603fce1fe1bd679743,d2fa3c20a,,,0530be227f4a10c5545cce8d3db20ac5a4d76a66,REVIEW_REQUIRED,ThirdParty:Apache,false,REVIEW_REQUIRED,REVIEW_REQUIRED,KEEP_THIRD_PARTY,third-party notice detected; verify upstream license,
modules/projectlibre_ui/src/main/java/com/projectlibre1/menu/resource/ResourceFormatException.java,projectlibre_ui,java,HEAD,b6063dd7537457867c92925ad8b5ecca27763ae477d693386054a201676037bf,d2fa3c20a,,,0530be227f4a10c5545cce8d3db20ac5a4d76a66,REVIEW_REQUIRED,ThirdParty:Apache,false,REVIEW_REQUIRED,REVIEW_REQUIRED,KEEP_THIRD_PARTY,third-party notice detected; verify upstream license,
modules/projectlibre_ui/src/main/java/com/projectlibre1/menu/resource/ResourceManager.java,projectlibre_ui,java,HEAD,c1215685c1bd574b65e7ba2ab8e49c0d059818da45e171f52176bb0a05fd867d,d2fa3c20a,,,0530be227f4a10c5545cce8d3db20ac5a4d76a66,REVIEW_REQUIRED,ThirdParty:Apache,false,REVIEW_REQUIRED,REVIEW_REQUIRED,KEEP_THIRD_PARTY,third-party notice detected; verify upstream license,
modules/projectlibre_ui/src/main/java/com/projectlibre1/menu/resource/RibbonFactory.java,projectlibre_ui,java,HEAD,7a250a9754b6338870c5f9fc8ba8c493a1baa35a4e31809cfd0b56a0ff1ca337,d2fa3c20a,,,0530be227f4a10c5545cce8d3db20ac5a4d76a66,REVIEW_REQUIRED,ThirdParty:Apache,false,REVIEW_REQUIRED,REVIEW_REQUIRED,KEEP_THIRD_PARTY,third-party notice detected; verify upstream license,
modules/projectlibre_ui/src/main/java/com/projectlibre1/menu/resource/ToolBarFactory.java,projectlibre_ui,java,HEAD,45d4a4f29e214337d033166b77885eab236ddba8bfb81cf75d7c91aa1304779f,d2fa3c20a,,,0530be227f4a10c5545cce8d3db20ac5a4d76a66,REVIEW_REQUIRED,ThirdParty:Apache,false,REVIEW_REQUIRED,REVIEW_REQUIRED,KEEP_THIRD_PARTY,third-party notice detected; verify upstream license,
modules/projectlibre_ui/src/main/java/com/projectlibre1/offline_graphics/GanttSVGRenderer.java,projectlibre_ui,java,HEAD,5e6616e49ab65f3f8c4cfd9b984ceb6aa8973a3ff510c7664063c54282e00a21,d2fa3c20a,openproj_ui/src/com/projity/offline_graphics/GanttSVGRenderer.java,a60d18b6aae0bfa16ae482698377ef314c01f83bf693042782bfdec0ebb69915,0530be227f4a10c5545cce8d3db20ac5a4d76a66,REVIEW_REQUIRED,ProjectLibre,false,REVIEW_REQUIRED,CPAL-1.0,REVIEW,OpenProj path exists but content differs; perform hunk-level comparison,
modules/projectlibre_ui/src/main/java/com/projectlibre1/offline_graphics/NetworkSVGRenderer.java,projectlibre_ui,java,HEAD,1f58da9efe565b782ff1a3844c7833a1ff6513314e2d80d491acff9b385adf8a,d2fa3c20a,openproj_ui/src/com/projity/offline_graphics/NetworkSVGRenderer.java,4961eb6224880f4e6e9d388c0c916ed30017c0937cf2d89dea365b889a59b40b,0530be227f4a10c5545cce8d3db20ac5a4d76a66,REVIEW_REQUIRED,ProjectLibre,false,REVIEW_REQUIRED,CPAL-1.0,REVIEW,OpenProj path exists but content differs; perform hunk-level comparison,
modules/projectlibre_ui/src/main/java/com/projectlibre1/offline_graphics/SVGRenderer.java,projectlibre_ui,java,HEAD,bea95d3cedbbddc9df9d54ac79465efe4075e604f6071c892caee0e693d09f68,d2fa3c20a,openproj_ui/src/com/projity/offline_graphics/SVGRenderer.java,0a9e288ce96ba39075f1870911069921d72f99eb23d217f7a919a15f7252447c,0530be227f4a10c5545cce8d3db20ac5a4d76a66,REVIEW_REQUIRED,ProjectLibre,true,REVIEW_REQUIRED,CPAL-1.0,KEEP_OPENPROJ,normalized content matches OpenProj baseline,
modules/projectlibre_ui/src/main/java/com/projectlibre1/offline_graphics/UILister.java,projectlibre_ui,java,HEAD,5fc63edb019413c1291d989b331f7b0beec93e9ded77a239ded7a1353961da95,d2fa3c20a,openproj_ui/src/com/projity/offline_graphics/UILister.java,617abf16a4672044d31709e4bba6cd4b44bf8bf5d3fcf24af3dbd3edea782da7,0530be227f4a10c5545cce8d3db20ac5a4d76a66,REVIEW_REQUIRED,ProjectLibre,false,REVIEW_REQUIRED,CPAL-1.0,REVIEW,OpenProj path exists but content differs; perform hunk-level comparison,
modules/projectlibre_ui/src/main/java/com/projectlibre1/pm/graphic/ChangeAwareComponent.java,projectlibre_ui,java,HEAD,d62f523fc2f2f2633aecdde6b9991e469950a808ca9315d86c7659c3453588cf,d2fa3c20a,openproj_ui/src/com/projity/pm/graphic/ChangeAwareComponent.java,029cbdd1f5ef3e915d02df55a35e62b44c7da3b00527f40e223aa4d8369a38b1,0530be227f4a10c5545cce8d3db20ac5a4d76a66,REVIEW_REQUIRED,ProjectLibre,false,REVIEW_REQUIRED,CPAL-1.0,REVIEW,OpenProj path exists but content differs; perform hunk-level comparison,
modules/projectlibre_ui/src/main/java/com/projectlibre1/pm/graphic/ChangeAwareTextField.java,projectlibre_ui,java,HEAD,0bf08d3004f2b1893537dc4af20a829f9425afce17558e0e26b52e07066acc71,d2fa3c20a,openproj_ui/src/com/projity/pm/graphic/ChangeAwareTextField.java,88ddd5284f2333e54c4175fe3f197df86090d2eaf7f166a410c92d2d2e7e1e6a,0530be227f4a10c5545cce8d3db20ac5a4d76a66,REVIEW_REQUIRED,ProjectLibre,false,REVIEW_REQUIRED,CPAL-1.0,REVIEW,OpenProj path exists but content differs; perform hunk-level comparison,
modules/projectlibre_ui/src/main/java/com/projectlibre1/pm/graphic/IconManager.java,projectlibre_ui,java,HEAD,0183e0da5616de8c4adccf1f04440a48b6368a211ee88e2a2b25cd2f3e1e0792,d2fa3c20a,openproj_ui/src/com/projity/pm/graphic/IconManager.java,89d98e34e9c39d57b40eeda8c445e39881d432004db875cc528587f3781e6008,0530be227f4a10c5545cce8d3db20ac5a4d76a66,REVIEW_REQUIRED,ProjectLibre,false,REVIEW_REQUIRED,CPAL-1.0,REVIEW,OpenProj path exists but content differs; perform hunk-level comparison,
modules/projectlibre_ui/src/main/java/com/projectlibre1/pm/graphic/Renderer.java,projectlibre_ui,java,HEAD,9d26b74abae4d84b329dbdaf78ac49958d90b940aa7f4de7e3f0f1dd05bbcebd,d2fa3c20a,openproj_ui/src/com/projity/pm/graphic/Renderer.java,5c98d90a43944a6b2101ed885adab4eb602a1caba723f2d52798c216eca0f331,0530be227f4a10c5545cce8d3db20ac5a4d76a66,REVIEW_REQUIRED,ProjectLibre,true,REVIEW_REQUIRED,CPAL-1.0,KEEP_OPENPROJ,normalized content matches OpenProj baseline,
modules/projectlibre_ui/src/main/java/com/projectlibre1/pm/graphic/Statusbar.java,projectlibre_ui,java,HEAD,c851cdb4f2cc22ab0d44878155ad541fb4ab8568536fe215b2d03d6ec51d9ddb,d2fa3c20a,openproj_ui/src/com/projity/pm/graphic/Statusbar.java,98418691a15eb942ffe34c974ea79408edfdf88877f20e646af1d4d975821f3e,0530be227f4a10c5545cce8d3db20ac5a4d76a66,REVIEW_REQUIRED,ProjectLibre,false,REVIEW_REQUIRED,CPAL-1.0,REVIEW,OpenProj path exists but content differs; perform hunk-level comparison,
modules/projectlibre_ui/src/main/java/com/projectlibre1/pm/graphic/TabbedNavigation.java,projectlibre_ui,java,HEAD,c3a8d3e4a0c9d1caf8bb07602d3264b1b48fc0db53c679a26e4e3a96b7efed4c,d2fa3c20a,openproj_ui/src/com/projity/pm/graphic/TabbedNavigation.java,835b7dcf34b82e3aae6988127e7f45f4a6aba3866a53370ca2b6b5b81697ef14,0530be227f4a10c5545cce8d3db20ac5a4d76a66,REVIEW_REQUIRED,ProjectLibre,false,REVIEW_REQUIRED,CPAL-1.0,REVIEW,OpenProj path exists but content differs; perform hunk-level comparison,
modules/projectlibre_ui/src/main/java/com/projectlibre1/pm/graphic/chart/AxisPanel.java,projectlibre_ui,java,HEAD,1fddae186e086a480a520ab4a3de6a3ef4cf3968757c249f0a070a0d5d3bbbb3,d2fa3c20a,openproj_ui/src/com/projity/pm/graphic/chart/AxisPanel.java,b9823ef96c78b9c73c534c93c11a28345772248c873046e905ba1816df82307c,0530be227f4a10c5545cce8d3db20ac5a4d76a66,REVIEW_REQUIRED,ProjectLibre,false,REVIEW_REQUIRED,CPAL-1.0,REVIEW,OpenProj path exists but content differs; perform hunk-level comparison,
modules/projectlibre_ui/src/main/java/com/projectlibre1/pm/graphic/chart/ChartCorner.java,projectlibre_ui,java,HEAD,084c58f4fe3bb70bae5d8dab32b32cb37484ff18b84d57c18f0e424f1641c1a2,d2fa3c20a,openproj_ui/src/com/projity/pm/graphic/chart/ChartCorner.java,f5773db6a09c83472458515923f4ad679ed422317061981c5ce3a546a8e4bb78,0530be227f4a10c5545cce8d3db20ac5a4d76a66,REVIEW_REQUIRED,ProjectLibre,true,REVIEW_REQUIRED,CPAL-1.0,KEEP_OPENPROJ,normalized content matches OpenProj baseline,
modules/projectlibre_ui/src/main/java/com/projectlibre1/pm/graphic/chart/ChartHelper.java,projectlibre_ui,java,HEAD,55bccc753487885470def78726c72440b8b30d22045a06c42b6953062f97352e,d2fa3c20a,openproj_ui/src/com/projity/pm/graphic/chart/ChartHelper.java,420b7ad957670ae22e94af0e861716ed60774d33fca69883e0837985311e0997,0530be227f4a10c5545cce8d3db20ac5a4d76a66,REVIEW_REQUIRED,ProjectLibre,false,REVIEW_REQUIRED,CPAL-1.0,REVIEW,OpenProj path exists but content differs; perform hunk-level comparison,
modules/projectlibre_ui/src/main/java/com/projectlibre1/pm/graphic/chart/ChartInfo.java,projectlibre_ui,java,HEAD,37b70192504fb30621beac91ed7b2595c49f778db024fca7f9531da10ac9aa2d,d2fa3c20a,openproj_ui/src/com/projity/pm/graphic/chart/ChartInfo.java,908a9609a6a09d6b5f48fba75dec5449212c4a04f5b5637764917fa8d6186b55,0530be227f4a10c5545cce8d3db20ac5a4d76a66,REVIEW_REQUIRED,ProjectLibre,false,REVIEW_REQUIRED,CPAL-1.0,REVIEW,OpenProj path exists but content differs; perform hunk-level comparison,
modules/projectlibre_ui/src/main/java/com/projectlibre1/pm/graphic/chart/ChartLegend.java,projectlibre_ui,java,HEAD,25bb34001299d3faae70e3c6483e7f53453efaecbf7269d073439da316de6ba8,d2fa3c20a,openproj_ui/src/com/projity/pm/graphic/chart/ChartLegend.java,641779afef0fe46be5cc0937543bced6decff8918d9cd6ba34ea5fef0ca75805,0530be227f4a10c5545cce8d3db20ac5a4d76a66,REVIEW_REQUIRED,ProjectLibre,false,REVIEW_REQUIRED,CPAL-1.0,REVIEW,OpenProj path exists but content differs; perform hunk-level comparison,
modules/projectlibre_ui/src/main/java/com/projectlibre1/pm/graphic/chart/ChartModel.java,projectlibre_ui,java,HEAD,91dc6a700a087dda6167e510d9dbad2c803209e1ffe421299dfbf7ad496d5d46,d2fa3c20a,openproj_ui/src/com/projity/pm/graphic/chart/ChartModel.java,18677980b802249841180e3b2ce400e7aff2b2206379f5c24dc75af098ff3ada,0530be227f4a10c5545cce8d3db20ac5a4d76a66,REVIEW_REQUIRED,ProjectLibre,false,REVIEW_REQUIRED,CPAL-1.0,REVIEW,OpenProj path exists but content differs; perform hunk-level comparison,
modules/projectlibre_ui/src/main/java/com/projectlibre1/pm/graphic/chart/TimeChartPanel.java,projectlibre_ui,java,HEAD,20bd015703530ace8ddb0850333573c974bb58f6030437f3450f02d78ce1b1e7,d2fa3c20a,openproj_ui/src/com/projity/pm/graphic/chart/TimeChartPanel.java,5d09e8379f3d059675985ebe62b23c72ed4fd9ae5f0808935dce95f8b6c2588b,0530be227f4a10c5545cce8d3db20ac5a4d76a66,REVIEW_REQUIRED,ProjectLibre,false,REVIEW_REQUIRED,CPAL-1.0,REVIEW,OpenProj path exists but content differs; perform hunk-level comparison,
modules/projectlibre_ui/src/main/java/com/projectlibre1/pm/graphic/chart/TimeChartPopupMenu.java,projectlibre_ui,java,HEAD,ccbeb45767d5be175c9be53c952dab035979da4f4aad490e43b5f1b67affe7a4,d2fa3c20a,openproj_ui/src/com/projity/pm/graphic/chart/TimeChartPopupMenu.java,f48abc399aba30d990792c634cffb5808c42f65da7936a94974c3c9f1c988ea9,0530be227f4a10c5545cce8d3db20ac5a4d76a66,REVIEW_REQUIRED,ProjectLibre,false,REVIEW_REQUIRED,CPAL-1.0,REVIEW,OpenProj path exists but content differs; perform hunk-level comparison,
modules/projectlibre_ui/src/main/java/com/projectlibre1/pm/graphic/collaboration/CollaborationHelper.java,projectlibre_ui,java,HEAD,5c53db7b2b6d10140b523df994b8b363b769c262f9a037c1a2d9c4eca7ce5b33,d2fa3c20a,,,0530be227f4a10c5545cce8d3db20ac5a4d76a66,REVIEW_REQUIRED,Unknown,false,REVIEW_REQUIRED,REVIEW_REQUIRED,REVIEW,no path match in OpenProj baseline; classify origin manually,
modules/projectlibre_ui/src/main/java/com/projectlibre1/pm/graphic/frames/ApplicationStartupFactory.java,projectlibre_ui,java,HEAD,7df634778fc85726a765ebf48e743f69dc152ebd116c399f0add8e302fa77f45,d2fa3c20a,openproj_ui/src/com/projity/pm/graphic/frames/ApplicationStartupFactory.java,ad62483542b8ab888e6100a3a0f67f4bf9dd4a837b72748a84e6d8a02286efe8,0530be227f4a10c5545cce8d3db20ac5a4d76a66,REVIEW_REQUIRED,ProjectLibre,false,REVIEW_REQUIRED,CPAL-1.0,REVIEW,OpenProj path exists but content differs; perform hunk-level comparison,
modules/projectlibre_ui/src/main/java/com/projectlibre1/pm/graphic/frames/AutoRecoveryManager.java,projectlibre_ui,java,HEAD,6a7c438eefebf04463b1c110aed186542c0bf1bd8080c94ff67642d7b8775b30,d2fa3c20a,,,0530be227f4a10c5545cce8d3db20ac5a4d76a66,REVIEW_REQUIRED,Unknown,false,REVIEW_REQUIRED,REVIEW_REQUIRED,REVIEW,no path match in OpenProj baseline; classify origin manually,
modules/projectlibre_ui/src/main/java/com/projectlibre1/pm/graphic/frames/DocumentFrame.java,projectlibre_ui,java,HEAD,8d4ca493661b6289d7022e062414663515afbf3f4cbc6b56f37a47aacb527c6c,d2fa3c20a,openproj_ui/src/com/projity/pm/graphic/frames/DocumentFrame.java,5dbe2de8d0dbf385d2446f5875e6545b7c53ab3cbb1ddd3c9eeb172b8bb875dd,0530be227f4a10c5545cce8d3db20ac5a4d76a66,REVIEW_REQUIRED,ProjectLibre,false,REVIEW_REQUIRED,CPAL-1.0,REVIEW,OpenProj path exists but content differs; perform hunk-level comparison,
modules/projectlibre_ui/src/main/java/com/projectlibre1/pm/graphic/frames/DocumentSelectedEvent.java,projectlibre_ui,java,HEAD,f41656d76c57602566a6e6c86a0743082fc54454ca850718f67fa09d3f5eb58f,d2fa3c20a,openproj_ui/src/com/projity/pm/graphic/frames/DocumentSelectedEvent.java,8481acf41f0f2708fdd58928f2c64a0a5b4155d92ba161b4a0985a27b04f8fca,0530be227f4a10c5545cce8d3db20ac5a4d76a66,REVIEW_REQUIRED,ProjectLibre,true,REVIEW_REQUIRED,CPAL-1.0,KEEP_OPENPROJ,normalized content matches OpenProj baseline,
modules/projectlibre_ui/src/main/java/com/projectlibre1/pm/graphic/frames/GraphicManager.java,projectlibre_ui,java,HEAD,00b40b2dae4a31be360d24d401018f893c481e465ce9f7d27f79e54484f30500,d2fa3c20a,openproj_ui/src/com/projity/pm/graphic/frames/GraphicManager.java,3a281d7306d580d23a6ff09a66678cf45949271839c3caa5d1caaa61f430714d,0530be227f4a10c5545cce8d3db20ac5a4d76a66,REVIEW_REQUIRED,ProjectLibre,false,REVIEW_REQUIRED,CPAL-1.0,REVIEW,OpenProj path exists but content differs; perform hunk-level comparison,
modules/projectlibre_ui/src/main/java/com/projectlibre1/pm/graphic/frames/MainFrame.java,projectlibre_ui,java,HEAD,582d7e701a380d019451bc4d26a0cd890fd259d436db213575946bdf25caaeb8,d2fa3c20a,openproj_ui/src/com/projity/pm/graphic/frames/MainFrame.java,95096b41edb3b6d5d9255063dfe92404eed75fdbe5acae0b192c473bf72975c9,0530be227f4a10c5545cce8d3db20ac5a4d76a66,REVIEW_REQUIRED,ProjectLibre,true,REVIEW_REQUIRED,CPAL-1.0,KEEP_OPENPROJ,normalized content matches OpenProj baseline,
modules/projectlibre_ui/src/main/java/com/projectlibre1/pm/graphic/frames/MainFrameFactory.java,projectlibre_ui,java,HEAD,389b3b481b667407ae28f7ed24b75bb029dd0254aeb25e02596743c08dc19d71,d2fa3c20a,openproj_ui/src/com/projity/pm/graphic/frames/MainFrameFactory.java,85145e8585da4ff3ee107bbcb418d6f790fc61c0718eaa2e19addd660fca0fd3,0530be227f4a10c5545cce8d3db20ac5a4d76a66,REVIEW_REQUIRED,ProjectLibre,true,REVIEW_REQUIRED,CPAL-1.0,KEEP_OPENPROJ,normalized content matches OpenProj baseline,
modules/projectlibre_ui/src/main/java/com/projectlibre1/pm/graphic/frames/MainRibbonFrame.java,projectlibre_ui,java,HEAD,bc8262adf3d4d1ee350de20d30bd756e6441447ed07f4ce37e0ae94f4ee348d3,d2fa3c20a,openproj_ui/src/com/projity/pm/graphic/frames/MainRibbonFrame.java,1987abbcceb4b542031b81c49d949a17c2d645e38bdbb80c871863a0175f18c0,0530be227f4a10c5545cce8d3db20ac5a4d76a66,REVIEW_REQUIRED,ProjectLibre,false,REVIEW_REQUIRED,CPAL-1.0,REVIEW,OpenProj path exists but content differs; perform hunk-level comparison,
modules/projectlibre_ui/src/main/java/com/projectlibre1/pm/graphic/frames/RecurringTaskCoordinator.java,projectlibre_ui,java,HEAD,219765824894d0bb880efe71c2dfb6b7a1f1f68a05b6e81dbf4ca7b34d9083a7,d2fa3c20a,,,0530be227f4a10c5545cce8d3db20ac5a4d76a66,REVIEW_REQUIRED,Unknown,false,REVIEW_REQUIRED,REVIEW_REQUIRED,REVIEW,no path match in OpenProj baseline; classify origin manually,
modules/projectlibre_ui/src/main/java/com/projectlibre1/pm/graphic/frames/RecurringTaskInsertionService.java,projectlibre_ui,java,HEAD,09a76a51ce747ace3fe8e4427badfc1aa6465f7927cba6de550eee59e2c07a19,d2fa3c20a,,,0530be227f4a10c5545cce8d3db20ac5a4d76a66,REVIEW_REQUIRED,Unknown,false,REVIEW_REQUIRED,REVIEW_REQUIRED,REVIEW,no path match in OpenProj baseline; classify origin manually,
modules/projectlibre_ui/src/main/java/com/projectlibre1/pm/graphic/frames/StartupFactory.java,projectlibre_ui,java,HEAD,946dcae28cef528308a71bd3b9862ba5f80e0d831cf089a0eef958340a9e4023,d2fa3c20a,openproj_ui/src/com/projity/pm/graphic/frames/StartupFactory.java,c1faee4a321a59502c84144b27707183a7f1aca9fdcf2d27d0f347fd8ae283fa,0530be227f4a10c5545cce8d3db20ac5a4d76a66,REVIEW_REQUIRED,ProjectLibre,false,REVIEW_REQUIRED,CPAL-1.0,REVIEW,OpenProj path exists but content differs; perform hunk-level comparison,
modules/projectlibre_ui/src/main/java/com/projectlibre1/pm/graphic/frames/TestFrame.java,projectlibre_ui,java,HEAD,e37054744929323b680c266a7583e24410ed666a078ce6caae4e198483626376,d2fa3c20a,openproj_ui/src/com/projity/pm/graphic/frames/TestFrame.java,cd8061dc935324bdf45e7471a2fc6b6d5ed1284f434a508baffbcea5959c7a23,0530be227f4a10c5545cce8d3db20ac5a4d76a66,REVIEW_REQUIRED,ProjectLibre,false,REVIEW_REQUIRED,CPAL-1.0,REVIEW,OpenProj path exists but content differs; perform hunk-level comparison,
modules/projectlibre_ui/src/main/java/com/projectlibre1/pm/graphic/frames/workspace/DefaultFrameManager.java,projectlibre_ui,java,HEAD,6f413212e36b502d66a6a12e59ce7a5ad6e7a5894c08175e628c0f6c52c776cd,d2fa3c20a,openproj_ui/src/com/projity/pm/graphic/frames/workspace/DefaultFrameManager.java,766b86f00f87335dce1f249898bea15ba1f2a7ca5c3e348eb5d02a07b6c20e63,0530be227f4a10c5545cce8d3db20ac5a4d76a66,REVIEW_REQUIRED,ProjectLibre,false,REVIEW_REQUIRED,CPAL-1.0,REVIEW,OpenProj path exists but content differs; perform hunk-level comparison,
modules/projectlibre_ui/src/main/java/com/projectlibre1/pm/graphic/frames/workspace/FrameHolder.java,projectlibre_ui,java,HEAD,5cc115443856aa5a33a3deace36db1282e9741ebf8f1b8dd4b15551a17f2b440,d2fa3c20a,openproj_ui/src/com/projity/pm/graphic/frames/workspace/FrameHolder.java,589d6cd7ac05777e9550e2a7665ac9e83b1f83293a8634ad92f64185afc9e5a0,0530be227f4a10c5545cce8d3db20ac5a4d76a66,REVIEW_REQUIRED,ProjectLibre,true,REVIEW_REQUIRED,CPAL-1.0,KEEP_OPENPROJ,normalized content matches OpenProj baseline,
modules/projectlibre_ui/src/main/java/com/projectlibre1/pm/graphic/frames/workspace/FrameManager.java,projectlibre_ui,java,HEAD,f492a3ecdcb969a98ce7a8a0cd7d22596f57e685cb1adf9af6b3c4d3fc46462b,d2fa3c20a,openproj_ui/src/com/projity/pm/graphic/frames/workspace/FrameManager.java,86e18a0294b45aa8c166797899628e465e96640f9dbe76c8c47b8a5c168fb2ab,0530be227f4a10c5545cce8d3db20ac5a4d76a66,REVIEW_REQUIRED,ProjectLibre,true,REVIEW_REQUIRED,CPAL-1.0,KEEP_OPENPROJ,normalized content matches OpenProj baseline,
modules/projectlibre_ui/src/main/java/com/projectlibre1/pm/graphic/frames/workspace/NamedFrame.java,projectlibre_ui,java,HEAD,54f48772a7f7688902c1478ea2e46cde55f85e0cd900513654c72f7537d8c014,d2fa3c20a,openproj_ui/src/com/projity/pm/graphic/frames/workspace/NamedFrame.java,f85c4bfb5ec77b2b4777530c11d673c6a31725eda198200470ba3b3fb3b828e8,0530be227f4a10c5545cce8d3db20ac5a4d76a66,REVIEW_REQUIRED,ProjectLibre,true,REVIEW_REQUIRED,CPAL-1.0,KEEP_OPENPROJ,normalized content matches OpenProj baseline,
modules/projectlibre_ui/src/main/java/com/projectlibre1/pm/graphic/frames/workspace/NamedFrameEvent.java,projectlibre_ui,java,HEAD,b9c347641bde59e4e5a85dd9397b4937d2027f073472f7acd7738d85bce91d0d,d2fa3c20a,openproj_ui/src/com/projity/pm/graphic/frames/workspace/NamedFrameEvent.java,371c2dded646513959f783d91945bd792d35c86e25756b6e399d69cc78255eab,0530be227f4a10c5545cce8d3db20ac5a4d76a66,REVIEW_REQUIRED,ProjectLibre,true,REVIEW_REQUIRED,CPAL-1.0,KEEP_OPENPROJ,normalized content matches OpenProj baseline,
modules/projectlibre_ui/src/main/java/com/projectlibre1/pm/graphic/frames/workspace/NamedFrameListener.java,projectlibre_ui,java,HEAD,7b15d1d0ecb54a40b374d58e68e7f7a9a854c0345670cce20889c54f9875ed03,d2fa3c20a,openproj_ui/src/com/projity/pm/graphic/frames/workspace/NamedFrameListener.java,ee869eafaacadc36f6cb5ade0e362b3966a1a8d997ccb611aafdd4526feef018,0530be227f4a10c5545cce8d3db20ac5a4d76a66,REVIEW_REQUIRED,ProjectLibre,true,REVIEW_REQUIRED,CPAL-1.0,KEEP_OPENPROJ,normalized content matches OpenProj baseline,
modules/projectlibre_ui/src/main/java/com/projectlibre1/pm/graphic/frames/workspace/Workspace.java,projectlibre_ui,java,HEAD,c39598b52ab71922509e0b41f40f9018c031a4620b94a5b74a13413b1b442ca8,d2fa3c20a,openproj_ui/src/com/projity/pm/graphic/frames/workspace/Workspace.java,b128707f7750c0f83de2d95a37e372152ebcf710205a1847f183e60d478fe9fa,0530be227f4a10c5545cce8d3db20ac5a4d76a66,REVIEW_REQUIRED,ProjectLibre,true,REVIEW_REQUIRED,CPAL-1.0,KEEP_OPENPROJ,normalized content matches OpenProj baseline,
modules/projectlibre_ui/src/main/java/com/projectlibre1/pm/graphic/gantt/BarColorEditorPanel.java,projectlibre_ui,java,HEAD,461bbd7f8458c1468e8e579559d3858cf5f62206f50460e10a8ad76cf24235de,d2fa3c20a,,,0530be227f4a10c5545cce8d3db20ac5a4d76a66,REVIEW_REQUIRED,Unknown,false,REVIEW_REQUIRED,REVIEW_REQUIRED,REVIEW,no path match in OpenProj baseline; classify origin manually,
modules/projectlibre_ui/src/main/java/com/projectlibre1/pm/graphic/gantt/BarColorField.java,projectlibre_ui,java,HEAD,7d5dd94d850d5efdf124846830bcffa2fba17c8db80463d05155e1ab9ecff330,d2fa3c20a,,,0530be227f4a10c5545cce8d3db20ac5a4d76a66,REVIEW_REQUIRED,Unknown,false,REVIEW_REQUIRED,REVIEW_REQUIRED,REVIEW,no path match in OpenProj baseline; classify origin manually,
modules/projectlibre_ui/src/main/java/com/projectlibre1/pm/graphic/gantt/Gantt.java,projectlibre_ui,java,HEAD,3910aa18a7dca5fa16816bc790fd4242e6c0650e0713321452be001d64affadd,d2fa3c20a,openproj_ui/src/com/projity/pm/graphic/gantt/Gantt.java,0adbd4b44e117f97335cd17b3e8bbefaa0edb953a7518b9072d81d92c71f9cf9,0530be227f4a10c5545cce8d3db20ac5a4d76a66,REVIEW_REQUIRED,ProjectLibre,false,REVIEW_REQUIRED,CPAL-1.0,REVIEW,OpenProj path exists but content differs; perform hunk-level comparison,
modules/projectlibre_ui/src/main/java/com/projectlibre1/pm/graphic/gantt/GanttBarFormatDialog.java,projectlibre_ui,java,HEAD,2de4b5636f84ec6c2dc3e0910e14bfa7f0623bc5da5acf84e0d6c2fceb4f961f,d2fa3c20a,,,0530be227f4a10c5545cce8d3db20ac5a4d76a66,REVIEW_REQUIRED,Unknown,false,REVIEW_REQUIRED,REVIEW_REQUIRED,REVIEW,no path match in OpenProj baseline; classify origin manually,
modules/projectlibre_ui/src/main/java/com/projectlibre1/pm/graphic/gantt/GanttBarIntervalGenerator.java,projectlibre_ui,java,HEAD,f2e3b51b8d8d77a55dc1b665e4fcb65c8237debe7750427c6516a585d062a022,d2fa3c20a,openproj_ui/src/com/projity/pm/graphic/gantt/GanttBarIntervalGenerator.java,867fb5b9e502aa71a8911de01a70cedc02bd361c13d0575a5e0487c220939983,0530be227f4a10c5545cce8d3db20ac5a4d76a66,REVIEW_REQUIRED,ProjectLibre,false,REVIEW_REQUIRED,CPAL-1.0,REVIEW,OpenProj path exists but content differs; perform hunk-level comparison,
modules/projectlibre_ui/src/main/java/com/projectlibre1/pm/graphic/gantt/GanttBarSingleIntervalGenerator.java,projectlibre_ui,java,HEAD,ddde385d3bbfc8954ea256f13f73087a0b808ff133ca38489def2c27d30e7060,d2fa3c20a,openproj_ui/src/com/projity/pm/graphic/gantt/GanttBarSingleIntervalGenerator.java,66953ccaafaf691fe8ceda1ea8dbb1d7b98dcb1dba78526d454df82d55353590,0530be227f4a10c5545cce8d3db20ac5a4d76a66,REVIEW_REQUIRED,ProjectLibre,false,REVIEW_REQUIRED,CPAL-1.0,REVIEW,OpenProj path exists but content differs; perform hunk-level comparison,
modules/projectlibre_ui/src/main/java/com/projectlibre1/pm/graphic/gantt/GanttBarSupport.java,projectlibre_ui,java,HEAD,619430bd88459e033a5e1f662d34dbc20266cef2de999eee2ac41304e6b30026,d2fa3c20a,,,0530be227f4a10c5545cce8d3db20ac5a4d76a66,REVIEW_REQUIRED,Unknown,false,REVIEW_REQUIRED,REVIEW_REQUIRED,REVIEW,no path match in OpenProj baseline; classify origin manually,
modules/projectlibre_ui/src/main/java/com/projectlibre1/pm/graphic/gantt/GanttInteractor.java,projectlibre_ui,java,HEAD,a226fe8c072072bbc9ed247158831bb74c16a647988ca367a070c7bb5e16bb5c,d2fa3c20a,openproj_ui/src/com/projity/pm/graphic/gantt/GanttInteractor.java,479aa5fc868b2e1301849928863788587024285a8d0cd7a989d816bb2c0b46c8,0530be227f4a10c5545cce8d3db20ac5a4d76a66,REVIEW_REQUIRED,ProjectLibre,false,REVIEW_REQUIRED,CPAL-1.0,REVIEW,OpenProj path exists but content differs; perform hunk-level comparison,
modules/projectlibre_ui/src/main/java/com/projectlibre1/pm/graphic/gantt/GanttModel.java,projectlibre_ui,java,HEAD,b40ae8fdaa611a8f73ddf45edcd414f143bd0a599d28967ca84da4c7974a581b,d2fa3c20a,openproj_ui/src/com/projity/pm/graphic/gantt/GanttModel.java,dd2e2841170a31ddf3a682677831e9bd6e201b1d22564f6025174f86d25c3711,0530be227f4a10c5545cce8d3db20ac5a4d76a66,REVIEW_REQUIRED,ProjectLibre,false,REVIEW_REQUIRED,CPAL-1.0,REVIEW,OpenProj path exists but content differs; perform hunk-level comparison,
modules/projectlibre_ui/src/main/java/com/projectlibre1/pm/graphic/gantt/GanttParams.java,projectlibre_ui,java,HEAD,46cdbdd99b18f50dacaa37bd20d1d5b1338f10db234c295f4f1733d6b631745a,d2fa3c20a,openproj_ui/src/com/projity/pm/graphic/gantt/GanttParams.java,5b9387bea30e73459f597e7686744c38d77fa19e99824164611a4af1aad091f5,0530be227f4a10c5545cce8d3db20ac5a4d76a66,REVIEW_REQUIRED,ProjectLibre,false,REVIEW_REQUIRED,CPAL-1.0,REVIEW,OpenProj path exists but content differs; perform hunk-level comparison,
modules/projectlibre_ui/src/main/java/com/projectlibre1/pm/graphic/gantt/GanttParamsImpl.java,projectlibre_ui,java,HEAD,e27af8b2a03622f325f0ca1153a8cdd32c8300e483de414d948cc23fc4e27b1c,d2fa3c20a,openproj_ui/src/com/projity/pm/graphic/gantt/GanttParamsImpl.java,47918cc4d96607cc7db075c5567e6c18a109431fdbe91ccd79f765c7e892b7c2,0530be227f4a10c5545cce8d3db20ac5a4d76a66,REVIEW_REQUIRED,ProjectLibre,false,REVIEW_REQUIRED,CPAL-1.0,REVIEW,OpenProj path exists but content differs; perform hunk-level comparison,
modules/projectlibre_ui/src/main/java/com/projectlibre1/pm/graphic/gantt/GanttPopupMenu.java,projectlibre_ui,java,HEAD,0162842292fecbd65f24673d87fc9bb30f3300aeec88e3842876013f7d1d8beb,d2fa3c20a,openproj_ui/src/com/projity/pm/graphic/gantt/GanttPopupMenu.java,dd9b56991d323e547e054b465c30d5fb27166629d8ade847811f866feef5f049,0530be227f4a10c5545cce8d3db20ac5a4d76a66,REVIEW_REQUIRED,ProjectLibre,false,REVIEW_REQUIRED,CPAL-1.0,REVIEW,OpenProj path exists but content differs; perform hunk-level comparison,
modules/projectlibre_ui/src/main/java/com/projectlibre1/pm/graphic/gantt/GanttRenderer.java,projectlibre_ui,java,HEAD,5914a3c30446a860d075b55570f6c7c825ed65d00040e001372525d860d1d06e,d2fa3c20a,openproj_ui/src/com/projity/pm/graphic/gantt/GanttRenderer.java,d1afcacff97242ce4d7870e8e61a4fb3ea12edc444cded5d58839b13d3ceb359,0530be227f4a10c5545cce8d3db20ac5a4d76a66,REVIEW_REQUIRED,ProjectLibre,false,REVIEW_REQUIRED,CPAL-1.0,REVIEW,OpenProj path exists but content differs; perform hunk-level comparison,
modules/projectlibre_ui/src/main/java/com/projectlibre1/pm/graphic/gantt/GanttRendererSupport.java,projectlibre_ui,java,HEAD,d536b78eef85c57df4af11773366a8f7ecf980f8e062b8bc5e0d51445b15bea9,d2fa3c20a,,,0530be227f4a10c5545cce8d3db20ac5a4d76a66,REVIEW_REQUIRED,Unknown,false,REVIEW_REQUIRED,REVIEW_REQUIRED,REVIEW,no path match in OpenProj baseline; classify origin manually,
modules/projectlibre_ui/src/main/java/com/projectlibre1/pm/graphic/gantt/GanttSelectionGeometrySupport.java,projectlibre_ui,java,HEAD,744cf617773b7a6ad9652e94aebbba59227ef5dd23f190c88305343baf54afa3,d2fa3c20a,,,0530be227f4a10c5545cce8d3db20ac5a4d76a66,REVIEW_REQUIRED,Unknown,false,REVIEW_REQUIRED,REVIEW_REQUIRED,REVIEW,no path match in OpenProj baseline; classify origin manually,
modules/projectlibre_ui/src/main/java/com/projectlibre1/pm/graphic/gantt/GanttUI.java,projectlibre_ui,java,HEAD,4b1986d8c0e388ee70960c355c04ad60118b8ed64dc1635321f510c0e9c12e69,d2fa3c20a,openproj_ui/src/com/projity/pm/graphic/gantt/GanttUI.java,c023989ff45c6162e8e4fbf2c1dc1256bf9b0d2b89ad610d5a2ed66316213e0d,0530be227f4a10c5545cce8d3db20ac5a4d76a66,REVIEW_REQUIRED,ProjectLibre,false,REVIEW_REQUIRED,CPAL-1.0,REVIEW,OpenProj path exists but content differs; perform hunk-level comparison,
modules/projectlibre_ui/src/main/java/com/projectlibre1/pm/graphic/gantt/Main.java,projectlibre_ui,java,HEAD,c6cd7a840739c20fdd581404357929258480ee0d228621a9e98d57c2f8948631,d2fa3c20a,openproj_ui/src/com/projity/pm/graphic/gantt/Main.java,b31fe11e99f42d1be4adf4b25a3d0751378994379777893875d2888bf58af95d,0530be227f4a10c5545cce8d3db20ac5a4d76a66,REVIEW_REQUIRED,ProjectLibre,false,REVIEW_REQUIRED,CPAL-1.0,REVIEW,OpenProj path exists but content differs; perform hunk-level comparison,
modules/projectlibre_ui/src/main/java/com/projectlibre1/pm/graphic/gantt/link_routing/DefaultGanttLinkRouting.java,projectlibre_ui,java,HEAD,4a7951760db6c5432577d34a9fb48d4c354a472d5de627ba8814de7fafcf79ff,d2fa3c20a,openproj_ui/src/com/projity/pm/graphic/gantt/link_routing/DefaultGanttLinkRouting.java,1c9b862868d3930e77a5693728bda56b2c631e8557de16507ba0a74d528aa7f2,0530be227f4a10c5545cce8d3db20ac5a4d76a66,REVIEW_REQUIRED,ProjectLibre,true,REVIEW_REQUIRED,CPAL-1.0,KEEP_OPENPROJ,normalized content matches OpenProj baseline,
modules/projectlibre_ui/src/main/java/com/projectlibre1/pm/graphic/gantt/link_routing/GanttLinkRouting.java,projectlibre_ui,java,HEAD,9a4d3be568282320e1419da16d415134d92047b5d388a92a0421ed04a8adca7d,d2fa3c20a,openproj_ui/src/com/projity/pm/graphic/gantt/link_routing/GanttLinkRouting.java,8989abe5ce24b1b20761f15da8aaeeaacfb72b9e5402e1ec19d2e1781e9cebd5,0530be227f4a10c5545cce8d3db20ac5a4d76a66,REVIEW_REQUIRED,ProjectLibre,true,REVIEW_REQUIRED,CPAL-1.0,KEEP_OPENPROJ,normalized content matches OpenProj baseline,
modules/projectlibre_ui/src/main/java/com/projectlibre1/pm/graphic/gantt/link_routing/QuadraticGanttLinkRouting.java,projectlibre_ui,java,HEAD,846dc8a8531e47d5d9850dd04474b81df171aa9e23b6b5e2cbd6e7dd81c8a9b6,d2fa3c20a,openproj_ui/src/com/projity/pm/graphic/gantt/link_routing/QuadraticGanttLinkRouting.java,0b0dba3c6a38a8ac9812df58326f9154b5b441d40c0a6f052aad039b7bea54c2,0530be227f4a10c5545cce8d3db20ac5a4d76a66,REVIEW_REQUIRED,ProjectLibre,true,REVIEW_REQUIRED,CPAL-1.0,KEEP_OPENPROJ,normalized content matches OpenProj baseline,
modules/projectlibre_ui/src/main/java/com/projectlibre1/pm/graphic/graph/Graph.java,projectlibre_ui,java,HEAD,419edd418431f6ab7e89374418c41b1146e26c1fb066884a2fdc465317481fcc,d2fa3c20a,openproj_ui/src/com/projity/pm/graphic/graph/Graph.java,57ff2e8117600916763b66a79f28a66459cde560afd02eaa181244b22c1e5f2f,0530be227f4a10c5545cce8d3db20ac5a4d76a66,REVIEW_REQUIRED,ProjectLibre,false,REVIEW_REQUIRED,CPAL-1.0,REVIEW,OpenProj path exists but content differs; perform hunk-level comparison,
modules/projectlibre_ui/src/main/java/com/projectlibre1/pm/graphic/graph/GraphInteractor.java,projectlibre_ui,java,HEAD,1de51c0a353777417c577e3985612707645cafb37cb5150f65c71ead1fe483ef,d2fa3c20a,openproj_ui/src/com/projity/pm/graphic/graph/GraphInteractor.java,6346d8c1794bf9d518319a96904e72eacecb7ee3fb7741595c41c6e057b5522a,0530be227f4a10c5545cce8d3db20ac5a4d76a66,REVIEW_REQUIRED,ProjectLibre,false,REVIEW_REQUIRED,CPAL-1.0,REVIEW,OpenProj path exists but content differs; perform hunk-level comparison,
modules/projectlibre_ui/src/main/java/com/projectlibre1/pm/graphic/graph/GraphModel.java,projectlibre_ui,java,HEAD,03ba37f3dac6300a36ebda0490823b1df82bef4814212bfd7acfad64fea1c12e,d2fa3c20a,openproj_ui/src/com/projity/pm/graphic/graph/GraphModel.java,bfb414b33ad1060427bf12168bcfee94100464ce477badd07a8a22c44c57a93c,0530be227f4a10c5545cce8d3db20ac5a4d76a66,REVIEW_REQUIRED,ProjectLibre,false,REVIEW_REQUIRED,CPAL-1.0,REVIEW,OpenProj path exists but content differs; perform hunk-level comparison,
modules/projectlibre_ui/src/main/java/com/projectlibre1/pm/graphic/graph/GraphParams.java,projectlibre_ui,java,HEAD,3de91528ada9b8acdc9aa117c4b6f74f8bfdd21d12f6d56f0b980fe00bd645a0,d2fa3c20a,openproj_ui/src/com/projity/pm/graphic/graph/GraphParams.java,30da76e70fdbd81e7da6d8205612b2aa58a9b94cdcaa487610e7b8b4ebcddde2,0530be227f4a10c5545cce8d3db20ac5a4d76a66,REVIEW_REQUIRED,ProjectLibre,false,REVIEW_REQUIRED,CPAL-1.0,REVIEW,OpenProj path exists but content differs; perform hunk-level comparison,
modules/projectlibre_ui/src/main/java/com/projectlibre1/pm/graphic/graph/GraphPopupMenu.java,projectlibre_ui,java,HEAD,6268db725ab17361adce2ce9afe99be26bd42ed9bf5262dad2cf7e3603be13b1,d2fa3c20a,openproj_ui/src/com/projity/pm/graphic/graph/GraphPopupMenu.java,8e7e9dd25ccb6eac7d64c65ddb4f886ee3dee3f568fab98ba34a1d7da5d7b715,0530be227f4a10c5545cce8d3db20ac5a4d76a66,REVIEW_REQUIRED,ProjectLibre,false,REVIEW_REQUIRED,CPAL-1.0,REVIEW,OpenProj path exists but content differs; perform hunk-level comparison,
modules/projectlibre_ui/src/main/java/com/projectlibre1/pm/graphic/graph/GraphRenderer.java,projectlibre_ui,java,HEAD,d1631f3b3ebbd8e73aeb64e75355ee7bd558f47ca26bb5a04744586c8f6bf368,d2fa3c20a,openproj_ui/src/com/projity/pm/graphic/graph/GraphRenderer.java,885dffc20d2bf6eb3bb27819dd2ba79cb1cf9a51b034033a801b89558bba94a7,0530be227f4a10c5545cce8d3db20ac5a4d76a66,REVIEW_REQUIRED,ProjectLibre,false,REVIEW_REQUIRED,CPAL-1.0,REVIEW,OpenProj path exists but content differs; perform hunk-level comparison,
modules/projectlibre_ui/src/main/java/com/projectlibre1/pm/graphic/graph/GraphUI.java,projectlibre_ui,java,HEAD,93d785fe676475ddd798adfbd953aa51aa6cc30722863b063e57248b537e121f,d2fa3c20a,openproj_ui/src/com/projity/pm/graphic/graph/GraphUI.java,9558df3695a36118d5a139407b3c969e0b3d86522598ace1215e1d958cc07dc5,0530be227f4a10c5545cce8d3db20ac5a4d76a66,REVIEW_REQUIRED,ProjectLibre,false,REVIEW_REQUIRED,CPAL-1.0,REVIEW,OpenProj path exists but content differs; perform hunk-level comparison,
modules/projectlibre_ui/src/main/java/com/projectlibre1/pm/graphic/graph/GraphZone.java,projectlibre_ui,java,HEAD,7b05b1e11114a14a2399344a481618528268d390f2606e56922fb136768a8c00,d2fa3c20a,openproj_ui/src/com/projity/pm/graphic/graph/GraphZone.java,211682b905211fccd5c5e1e37018d32732eb0c00cb47421933c987e8b3abd307,0530be227f4a10c5545cce8d3db20ac5a4d76a66,REVIEW_REQUIRED,ProjectLibre,true,REVIEW_REQUIRED,CPAL-1.0,KEEP_OPENPROJ,normalized content matches OpenProj baseline,
modules/projectlibre_ui/src/main/java/com/projectlibre1/pm/graphic/graph/LinkRouting.java,projectlibre_ui,java,HEAD,c77f533ae706e01180d0a1f943ba0f83585814de008cac5d9eb865b4cbaca856,d2fa3c20a,openproj_ui/src/com/projity/pm/graphic/graph/LinkRouting.java,54a6a7d2a2abd6374aea46e27c409523773a460f997ce3e59cf3c044581d7cfa,0530be227f4a10c5545cce8d3db20ac5a4d76a66,REVIEW_REQUIRED,ProjectLibre,true,REVIEW_REQUIRED,CPAL-1.0,KEEP_OPENPROJ,normalized content matches OpenProj baseline,
modules/projectlibre_ui/src/main/java/com/projectlibre1/pm/graphic/graph/event/GraphEvent.java,projectlibre_ui,java,HEAD,acb96884285a5fe6a62bca78bb99e87c1eed5ee340ed3376ebd7bf5ec5fe18a6,d2fa3c20a,openproj_ui/src/com/projity/pm/graphic/graph/event/GraphEvent.java,943d2f00126d4d3acb14ce9410f36974e844d6ac1a99226713e8d229bf83f285,0530be227f4a10c5545cce8d3db20ac5a4d76a66,REVIEW_REQUIRED,ProjectLibre,true,REVIEW_REQUIRED,CPAL-1.0,KEEP_OPENPROJ,normalized content matches OpenProj baseline,
modules/projectlibre_ui/src/main/java/com/projectlibre1/pm/graphic/graph/event/GraphListener.java,projectlibre_ui,java,HEAD,e89743cb4d68dfe3b4b19ee984823c8a5d73b607ae9f9b69d193df5d530b0529,d2fa3c20a,openproj_ui/src/com/projity/pm/graphic/graph/event/GraphListener.java,39750e1875764d2c821f5bfe6e266eeae752e2014dc99a05caf2e4ef93ce3d38,0530be227f4a10c5545cce8d3db20ac5a4d76a66,REVIEW_REQUIRED,ProjectLibre,true,REVIEW_REQUIRED,CPAL-1.0,KEEP_OPENPROJ,normalized content matches OpenProj baseline,
modules/projectlibre_ui/src/main/java/com/projectlibre1/pm/graphic/laf/LafManager.java,projectlibre_ui,java,HEAD,851bc841a827363288df90016bd549889c88afbe42213df4e5fe7d2add6849ec,d2fa3c20a,openproj_ui/src/com/projity/pm/graphic/laf/LafManager.java,860b846fbce328f48fcdbeb4df447592ec488414d9539dc168f2b5b42b1422f8,0530be227f4a10c5545cce8d3db20ac5a4d76a66,REVIEW_REQUIRED,ProjectLibre,true,REVIEW_REQUIRED,CPAL-1.0,KEEP_OPENPROJ,normalized content matches OpenProj baseline,
modules/projectlibre_ui/src/main/java/com/projectlibre1/pm/graphic/laf/LafManagerImpl.java,projectlibre_ui,java,HEAD,ab0ffaddb8d7806e0cbb07889a81f20cb2a4da1d7d6b357611574922f69ad757,d2fa3c20a,openproj_ui/src/com/projity/pm/graphic/laf/LafManagerImpl.java,61eb21434275bc6e0492209e87db87ed173af14cd4c846805b9756ed820b245e,0530be227f4a10c5545cce8d3db20ac5a4d76a66,REVIEW_REQUIRED,ProjectLibre,false,REVIEW_REQUIRED,CPAL-1.0,REVIEW,OpenProj path exists but content differs; perform hunk-level comparison,
modules/projectlibre_ui/src/main/java/com/projectlibre1/pm/graphic/model/NodeSelectionEvent.java,projectlibre_ui,java,HEAD,d0e9f24383eb2697f81f50546d97909f93f6f8245cf22fcf11fc2d9947584103,d2fa3c20a,openproj_ui/src/com/projity/pm/graphic/model/NodeSelectionEvent.java,fb76aa4b54066e4648dc88e2b8acc53b127f2f094f9a72ec289389821aa6a9df,0530be227f4a10c5545cce8d3db20ac5a4d76a66,REVIEW_REQUIRED,ProjectLibre,true,REVIEW_REQUIRED,CPAL-1.0,KEEP_OPENPROJ,normalized content matches OpenProj baseline,
modules/projectlibre_ui/src/main/java/com/projectlibre1/pm/graphic/model/NodeSelectionListener.java,projectlibre_ui,java,HEAD,6a367d6e648d6fdd45f412701b75857d88f11e6f64c97bc9d6c319e82610d987,d2fa3c20a,openproj_ui/src/com/projity/pm/graphic/model/NodeSelectionListener.java,15eeab500ee1de44fe4d02f8930c80c66b58b6cd02fc4f89a6e120268d2a72a5,0530be227f4a10c5545cce8d3db20ac5a4d76a66,REVIEW_REQUIRED,ProjectLibre,true,REVIEW_REQUIRED,CPAL-1.0,KEEP_OPENPROJ,normalized content matches OpenProj baseline,
modules/projectlibre_ui/src/main/java/com/projectlibre1/pm/graphic/model/cache/CacheInterval.java,projectlibre_ui,java,HEAD,3835c6b3435418034bfccb9d9f0276aac8b921bcd025f2ad745d34a32169863b,d2fa3c20a,openproj_ui/src/com/projity/pm/graphic/model/cache/CacheInterval.java,9afbd6aed5a735a2d70b80a076f52305bc574a74e3f0bd6f57dc80d659ca2520,0530be227f4a10c5545cce8d3db20ac5a4d76a66,REVIEW_REQUIRED,ProjectLibre,true,REVIEW_REQUIRED,CPAL-1.0,KEEP_OPENPROJ,normalized content matches OpenProj baseline,
modules/projectlibre_ui/src/main/java/com/projectlibre1/pm/graphic/model/cache/CellCache.java,projectlibre_ui,java,HEAD,e33fadb6ebe082015c9a0dc01f84a816ca6a9942eb843ade1e6a745ce7d53686,d2fa3c20a,openproj_ui/src/com/projity/pm/graphic/model/cache/CellCache.java,d3053bb5758cd35f94eb00a592ae7d05ec0f8c8bd22c465df9e5c220773b1395,0530be227f4a10c5545cce8d3db20ac5a4d76a66,REVIEW_REQUIRED,ProjectLibre,false,REVIEW_REQUIRED,CPAL-1.0,REVIEW,OpenProj path exists but content differs; perform hunk-level comparison,
modules/projectlibre_ui/src/main/java/com/projectlibre1/pm/graphic/model/cache/DependencyCache.java,projectlibre_ui,java,HEAD,fd4bc963ab7de233275e2751a15af4c62316455f683577cff564a50381ab7868,d2fa3c20a,openproj_ui/src/com/projity/pm/graphic/model/cache/DependencyCache.java,babe976af94654f77088b8505e3e35edaa044c33bf0c9f1e31e9085f0cd09820,0530be227f4a10c5545cce8d3db20ac5a4d76a66,REVIEW_REQUIRED,ProjectLibre,false,REVIEW_REQUIRED,CPAL-1.0,REVIEW,OpenProj path exists but content differs; perform hunk-level comparison,
modules/projectlibre_ui/src/main/java/com/projectlibre1/pm/graphic/model/cache/GeneralFilteredIterator.java,projectlibre_ui,java,HEAD,bf960a00ab4fa04c6d76cd80c71dc791d6b92d9a27c5c3af6a40d49e24f72062,d2fa3c20a,openproj_ui/src/com/projity/pm/graphic/model/cache/GeneralFilteredIterator.java,236c2b4015a982e6c3c23915e766de84b5230919a9088bf22293a8b97023fe25,0530be227f4a10c5545cce8d3db20ac5a4d76a66,REVIEW_REQUIRED,ProjectLibre,true,REVIEW_REQUIRED,CPAL-1.0,KEEP_OPENPROJ,normalized content matches OpenProj baseline,
modules/projectlibre_ui/src/main/java/com/projectlibre1/pm/graphic/model/cache/GraphicDependency.java,projectlibre_ui,java,HEAD,ac99578c0a2d27c3945307fed951df65df768111aca651c18c85c16eaf11cc03,d2fa3c20a,openproj_ui/src/com/projity/pm/graphic/model/cache/GraphicDependency.java,0fcd62ca4d381e90da9fd9eadb253db7676f4f03335d1a1db37cf6aa768bb9c9,0530be227f4a10c5545cce8d3db20ac5a4d76a66,REVIEW_REQUIRED,ProjectLibre,true,REVIEW_REQUIRED,CPAL-1.0,KEEP_OPENPROJ,normalized content matches OpenProj baseline,
modules/projectlibre_ui/src/main/java/com/projectlibre1/pm/graphic/model/cache/GraphicNode.java,projectlibre_ui,java,HEAD,af99c233c9b555f0e87991ff3d88a1b65b462ee5567ed6ff63a67d680d25bf33,d2fa3c20a,openproj_ui/src/com/projity/pm/graphic/model/cache/GraphicNode.java,de5baedfa8e6c9e801587cfd4e576659b5878a7f91e85c915e0f642faf5f3989,0530be227f4a10c5545cce8d3db20ac5a4d76a66,REVIEW_REQUIRED,ProjectLibre,false,REVIEW_REQUIRED,CPAL-1.0,REVIEW,OpenProj path exists but content differs; perform hunk-level comparison,
modules/projectlibre_ui/src/main/java/com/projectlibre1/pm/graphic/model/cache/NodeCache.java,projectlibre_ui,java,HEAD,0ad2e70b812c5227a60fd8c035b2d1aabe41a177eebf7baef9cd59fbc11f0686,d2fa3c20a,openproj_ui/src/com/projity/pm/graphic/model/cache/NodeCache.java,cfeeb6df0024b9fc156d3278659967c7c4ad3b6ec3fbe0583e37363ccc75cc91,0530be227f4a10c5545cce8d3db20ac5a4d76a66,REVIEW_REQUIRED,ProjectLibre,false,REVIEW_REQUIRED,CPAL-1.0,REVIEW,OpenProj path exists but content differs; perform hunk-level comparison,
modules/projectlibre_ui/src/main/java/com/projectlibre1/pm/graphic/model/cache/NodeModelCache.java,projectlibre_ui,java,HEAD,8ec9e405b90ac5d97bc5062cd5ab137c81b0d973265bfc351745f7e923c9a087,d2fa3c20a,openproj_ui/src/com/projity/pm/graphic/model/cache/NodeModelCache.java,e918b44aaf303801648d4f8a508db0812382e8eef69c1856539dc8f41a97eced,0530be227f4a10c5545cce8d3db20ac5a4d76a66,REVIEW_REQUIRED,ProjectLibre,false,REVIEW_REQUIRED,CPAL-1.0,REVIEW,OpenProj path exists but content differs; perform hunk-level comparison,
modules/projectlibre_ui/src/main/java/com/projectlibre1/pm/graphic/model/cache/NodeModelCacheFactory.java,projectlibre_ui,java,HEAD,628c96384957e1a5c2cc5b24aa98a91587a1c5b08cc530142257f1bca88c29e0,d2fa3c20a,openproj_ui/src/com/projity/pm/graphic/model/cache/NodeModelCacheFactory.java,2a4b555374d5b6eadebe219195b3e755bf1a8a2fac13d02933790d180fb2086b,0530be227f4a10c5545cce8d3db20ac5a4d76a66,REVIEW_REQUIRED,ProjectLibre,true,REVIEW_REQUIRED,CPAL-1.0,KEEP_OPENPROJ,normalized content matches OpenProj baseline,
modules/projectlibre_ui/src/main/java/com/projectlibre1/pm/graphic/model/cache/ReferenceNodeModelCache.java,projectlibre_ui,java,HEAD,98fa6d39c032b4d83bd7e144a19e86447a73376dc25ca14cc2d04d13ca09d449,d2fa3c20a,openproj_ui/src/com/projity/pm/graphic/model/cache/ReferenceNodeModelCache.java,b2ddb05254679347fe639db0d5877605b3a9cde1b01bd493aa3f1c2c730b3e0d,0530be227f4a10c5545cce8d3db20ac5a4d76a66,REVIEW_REQUIRED,ProjectLibre,false,REVIEW_REQUIRED,CPAL-1.0,REVIEW,OpenProj path exists but content differs; perform hunk-level comparison,
modules/projectlibre_ui/src/main/java/com/projectlibre1/pm/graphic/model/cache/ViewNodeModelCache.java,projectlibre_ui,java,HEAD,4889fe8ccbb0b44c35f19f8effd29d0bfc4530bd1a56719c0a7b0b72440a984f,d2fa3c20a,openproj_ui/src/com/projity/pm/graphic/model/cache/ViewNodeModelCache.java,b802ca9d004bbe599ca20d2ead107d561f7f2008452da6381972c630d130d3a9,0530be227f4a10c5545cce8d3db20ac5a4d76a66,REVIEW_REQUIRED,ProjectLibre,false,REVIEW_REQUIRED,CPAL-1.0,REVIEW,OpenProj path exists but content differs; perform hunk-level comparison,
modules/projectlibre_ui/src/main/java/com/projectlibre1/pm/graphic/model/cache/VisibleDependencies.java,projectlibre_ui,java,HEAD,a5ab891ce9a6868c381bbb7e012c98d2c9831c94712422e6970e4eac323a8b9e,d2fa3c20a,openproj_ui/src/com/projity/pm/graphic/model/cache/VisibleDependencies.java,db3c7dd26ffdb5df44a8ecccb06cacb3ae6439d1a165ca9ed77f0b4f34a2cb4c,0530be227f4a10c5545cce8d3db20ac5a4d76a66,REVIEW_REQUIRED,ProjectLibre,true,REVIEW_REQUIRED,CPAL-1.0,KEEP_OPENPROJ,normalized content matches OpenProj baseline,
modules/projectlibre_ui/src/main/java/com/projectlibre1/pm/graphic/model/cache/VisibleElements.java,projectlibre_ui,java,HEAD,869794cd7208012c1be7ef93481b552b0576c4337fc523be847688577e2196ed,d2fa3c20a,openproj_ui/src/com/projity/pm/graphic/model/cache/VisibleElements.java,ca71dd492247d06dbcc8aee398cb2a0157cb26323f0ccd8e6e519ac0f3fad3d6,0530be227f4a10c5545cce8d3db20ac5a4d76a66,REVIEW_REQUIRED,ProjectLibre,false,REVIEW_REQUIRED,CPAL-1.0,REVIEW,OpenProj path exists but content differs; perform hunk-level comparison,
modules/projectlibre_ui/src/main/java/com/projectlibre1/pm/graphic/model/cache/VisibleNodes.java,projectlibre_ui,java,HEAD,265097e1b02abcf54c1a34f9b7912d3003306fcf2c8837e55e8f34c47018c570,d2fa3c20a,openproj_ui/src/com/projity/pm/graphic/model/cache/VisibleNodes.java,7465aba03a97c87de230d4cc5a78f9d2fb8e24fceb6c5c6fb4deaf6204773e83,0530be227f4a10c5545cce8d3db20ac5a4d76a66,REVIEW_REQUIRED,ProjectLibre,true,REVIEW_REQUIRED,CPAL-1.0,KEEP_OPENPROJ,normalized content matches OpenProj baseline,
modules/projectlibre_ui/src/main/java/com/projectlibre1/pm/graphic/model/event/CacheEvent.java,projectlibre_ui,java,HEAD,77146ba71b6efce33ea047cb4b712b95c5c3205a2d159f88dda6b7059d83dfb3,d2fa3c20a,openproj_ui/src/com/projity/pm/graphic/model/event/CacheEvent.java,652a2f15fa7f9a2eb9af2c27839764d8a8cea77b3cd9a54e2a493ec5ffbe2cdd,0530be227f4a10c5545cce8d3db20ac5a4d76a66,REVIEW_REQUIRED,ProjectLibre,true,REVIEW_REQUIRED,CPAL-1.0,KEEP_OPENPROJ,normalized content matches OpenProj baseline,
modules/projectlibre_ui/src/main/java/com/projectlibre1/pm/graphic/model/event/CacheListener.java,projectlibre_ui,java,HEAD,980021a041cd8d238645f3f3798ee4c56ac4c545dbb1678d912ef040d79de1dd,d2fa3c20a,openproj_ui/src/com/projity/pm/graphic/model/event/CacheListener.java,48c7322b256a83f24e6f987d530573d01c62ce2b89d874118663da987bb5cf5a,0530be227f4a10c5545cce8d3db20ac5a4d76a66,REVIEW_REQUIRED,ProjectLibre,true,REVIEW_REQUIRED,CPAL-1.0,KEEP_OPENPROJ,normalized content matches OpenProj baseline,
modules/projectlibre_ui/src/main/java/com/projectlibre1/pm/graphic/model/event/CompositeCacheEvent.java,projectlibre_ui,java,HEAD,a90f833cdd1d041e3154b1aadd1ca4f5d68f440875188740d6d5a9b5772c023a,d2fa3c20a,openproj_ui/src/com/projity/pm/graphic/model/event/CompositeCacheEvent.java,721a533b82b98e1a5a12f9e832c0455ed40e38333f4a271aedd71e56bfd43936,0530be227f4a10c5545cce8d3db20ac5a4d76a66,REVIEW_REQUIRED,ProjectLibre,true,REVIEW_REQUIRED,CPAL-1.0,KEEP_OPENPROJ,normalized content matches OpenProj baseline,
modules/projectlibre_ui/src/main/java/com/projectlibre1/pm/graphic/model/transform/CacheTransformer.java,projectlibre_ui,java,HEAD,a973bdc6f6aad9bba0f28bf6f9da90f65be7554d1634d3382d6a02ba7f9a11f8,d2fa3c20a,openproj_ui/src/com/projity/pm/graphic/model/transform/CacheTransformer.java,1f35df239e7621172228c612b1aea3edacd64a10f821cc04c24de09dda5e11fc,0530be227f4a10c5545cce8d3db20ac5a4d76a66,REVIEW_REQUIRED,ProjectLibre,true,REVIEW_REQUIRED,CPAL-1.0,KEEP_OPENPROJ,normalized content matches OpenProj baseline,
modules/projectlibre_ui/src/main/java/com/projectlibre1/pm/graphic/model/transform/DependencyCacheTransformer.java,projectlibre_ui,java,HEAD,8e3cb529443e5d2d9bc081c8f70adcaff22ce5db700481c6c31145ff9bbbeae1,d2fa3c20a,openproj_ui/src/com/projity/pm/graphic/model/transform/DependencyCacheTransformer.java,fe5896b59735ed1869e277dd0dd375fc11423d19a1af18fdd25a1d1bb6d3229a,0530be227f4a10c5545cce8d3db20ac5a4d76a66,REVIEW_REQUIRED,ProjectLibre,true,REVIEW_REQUIRED,CPAL-1.0,KEEP_OPENPROJ,normalized content matches OpenProj baseline,
modules/projectlibre_ui/src/main/java/com/projectlibre1/pm/graphic/model/transform/NodeCacheTransformer.java,projectlibre_ui,java,HEAD,77d79b1acab98af969e098ca50e5811fbfbb88192f8ac7ef03496ccbe8b4ee5c,d2fa3c20a,openproj_ui/src/com/projity/pm/graphic/model/transform/NodeCacheTransformer.java,bf96c22c0702f68a1bb48459191befd26b1459ac881147ce0940dc7b6caebd4e,0530be227f4a10c5545cce8d3db20ac5a4d76a66,REVIEW_REQUIRED,ProjectLibre,false,REVIEW_REQUIRED,CPAL-1.0,REVIEW,OpenProj path exists but content differs; perform hunk-level comparison,
modules/projectlibre_ui/src/main/java/com/projectlibre1/pm/graphic/network/Network.java,projectlibre_ui,java,HEAD,4a57377fda64f3a6c7613bcd3af5caa760f224e56aa37527bd62af398a85ba93,d2fa3c20a,openproj_ui/src/com/projity/pm/graphic/network/Network.java,040dbcd6a1840a29cfe50032af6d26ac6918ff9afd1a2713c6be61c3d9ab0539,0530be227f4a10c5545cce8d3db20ac5a4d76a66,REVIEW_REQUIRED,ProjectLibre,false,REVIEW_REQUIRED,CPAL-1.0,REVIEW,OpenProj path exists but content differs; perform hunk-level comparison,
modules/projectlibre_ui/src/main/java/com/projectlibre1/pm/graphic/network/NetworkInteractor.java,projectlibre_ui,java,HEAD,3873b5958232e21ffe3d87f2a29f21a25a6fae55725cfc90f4faf6f928a7310f,d2fa3c20a,openproj_ui/src/com/projity/pm/graphic/network/NetworkInteractor.java,cab5701c09ae2ee52a2460a964a8918a399fd00cc7300fbf4627835948fc8d59,0530be227f4a10c5545cce8d3db20ac5a4d76a66,REVIEW_REQUIRED,ProjectLibre,false,REVIEW_REQUIRED,CPAL-1.0,REVIEW,OpenProj path exists but content differs; perform hunk-level comparison,
modules/projectlibre_ui/src/main/java/com/projectlibre1/pm/graphic/network/NetworkModel.java,projectlibre_ui,java,HEAD,24ca19027b28a463d909ed475f1947d5ad865b7e644ea8178923d9d91035184d,d2fa3c20a,openproj_ui/src/com/projity/pm/graphic/network/NetworkModel.java,7c1edceb08134d7866fa3a7103bf93835799d8200a406c4b1f26fdac0ed12417,0530be227f4a10c5545cce8d3db20ac5a4d76a66,REVIEW_REQUIRED,ProjectLibre,false,REVIEW_REQUIRED,CPAL-1.0,REVIEW,OpenProj path exists but content differs; perform hunk-level comparison,
modules/projectlibre_ui/src/main/java/com/projectlibre1/pm/graphic/network/NetworkParams.java,projectlibre_ui,java,HEAD,02b1c97db21f0be805955ec9317b01c496577a73e24cec582177ff94d00e7382,d2fa3c20a,openproj_ui/src/com/projity/pm/graphic/network/NetworkParams.java,9a388087d87aab8137e3b030ed4f8b4f2855bcc3f166eb649fade5cbe55d4c52,0530be227f4a10c5545cce8d3db20ac5a4d76a66,REVIEW_REQUIRED,ProjectLibre,true,REVIEW_REQUIRED,CPAL-1.0,KEEP_OPENPROJ,normalized content matches OpenProj baseline,
modules/projectlibre_ui/src/main/java/com/projectlibre1/pm/graphic/network/NetworkParamsImpl.java,projectlibre_ui,java,HEAD,5006d62838b72d980038236c5543a3723614738c9b93ec634bb44d0c91d9adb1,d2fa3c20a,openproj_ui/src/com/projity/pm/graphic/network/NetworkParamsImpl.java,ce234eda0560db4c97ad3c840ed40f7d844a853a747c742fbf7a3f7183ea78fe,0530be227f4a10c5545cce8d3db20ac5a4d76a66,REVIEW_REQUIRED,ProjectLibre,false,REVIEW_REQUIRED,CPAL-1.0,REVIEW,OpenProj path exists but content differs; perform hunk-level comparison,
modules/projectlibre_ui/src/main/java/com/projectlibre1/pm/graphic/network/NetworkPopupMenu.java,projectlibre_ui,java,HEAD,8cd56895984a306e4d9b4f40677ee96a3504f2381c33870d341424319d281f44,d2fa3c20a,openproj_ui/src/com/projity/pm/graphic/network/NetworkPopupMenu.java,c72af60d71c7945a98dc14446208ba0a93e0c1232a456fb421c779cedc8c7267,0530be227f4a10c5545cce8d3db20ac5a4d76a66,REVIEW_REQUIRED,ProjectLibre,false,REVIEW_REQUIRED,CPAL-1.0,REVIEW,OpenProj path exists but content differs; perform hunk-level comparison,
modules/projectlibre_ui/src/main/java/com/projectlibre1/pm/graphic/network/NetworkRenderer.java,projectlibre_ui,java,HEAD,b6afe243c59d25f407b36785ccc5ff76cdeb44cbf27243ffe45e5e7432eda49c,d2fa3c20a,openproj_ui/src/com/projity/pm/graphic/network/NetworkRenderer.java,010e7292524e711f703679f5023866c2396855b7b841a57fce5a68df5440087d,0530be227f4a10c5545cce8d3db20ac5a4d76a66,REVIEW_REQUIRED,ProjectLibre,false,REVIEW_REQUIRED,CPAL-1.0,REVIEW,OpenProj path exists but content differs; perform hunk-level comparison,
modules/projectlibre_ui/src/main/java/com/projectlibre1/pm/graphic/network/NetworkUI.java,projectlibre_ui,java,HEAD,d421d48f58fe30fa348b9ed10ef2254de31823afcc510ebb61e291cb4c668b8e,d2fa3c20a,openproj_ui/src/com/projity/pm/graphic/network/NetworkUI.java,44f6c419e8177a60fd2249be5a9aba9bd733c864b86cee25158014ab7d82350f,0530be227f4a10c5545cce8d3db20ac5a4d76a66,REVIEW_REQUIRED,ProjectLibre,true,REVIEW_REQUIRED,CPAL-1.0,KEEP_OPENPROJ,normalized content matches OpenProj baseline,
modules/projectlibre_ui/src/main/java/com/projectlibre1/pm/graphic/network/layout/AbstractNetworkLayout.java,projectlibre_ui,java,HEAD,d26dbc62be2869918a981015d69c6140ea14fb88bf0c61692f521d015069f6ab,d2fa3c20a,openproj_ui/src/com/projity/pm/graphic/network/layout/AbstractNetworkLayout.java,c9ec1e62e8f70fdbb60e8e116a24e93cf3ac82e40aefaaf6dda7a4500f2e0482,0530be227f4a10c5545cce8d3db20ac5a4d76a66,REVIEW_REQUIRED,ProjectLibre,false,REVIEW_REQUIRED,CPAL-1.0,REVIEW,OpenProj path exists but content differs; perform hunk-level comparison,
modules/projectlibre_ui/src/main/java/com/projectlibre1/pm/graphic/network/layout/NetworkLayout.java,projectlibre_ui,java,HEAD,a79b23ed6cb92af9ccd30962e04bdcd552cd88adcb3da336950107580c2f9c90,d2fa3c20a,openproj_ui/src/com/projity/pm/graphic/network/layout/NetworkLayout.java,df226ae585fa2c3d840171477b5fcac7476be4107932d1a0064bd0543b5df037,0530be227f4a10c5545cce8d3db20ac5a4d76a66,REVIEW_REQUIRED,ProjectLibre,false,REVIEW_REQUIRED,CPAL-1.0,REVIEW,OpenProj path exists but content differs; perform hunk-level comparison,
modules/projectlibre_ui/src/main/java/com/projectlibre1/pm/graphic/network/layout/NetworkLayoutEvent.java,projectlibre_ui,java,HEAD,90a27ec33e99ecf96eef4c09c6d9e93458557e4029778b134a6258fa1238067b,d2fa3c20a,openproj_ui/src/com/projity/pm/graphic/network/layout/NetworkLayoutEvent.java,3712de37c267e684d3740034d8c48369f28b3d43f085ce77737962efa4a7e83e,0530be227f4a10c5545cce8d3db20ac5a4d76a66,REVIEW_REQUIRED,ProjectLibre,false,REVIEW_REQUIRED,CPAL-1.0,REVIEW,OpenProj path exists but content differs; perform hunk-level comparison,
modules/projectlibre_ui/src/main/java/com/projectlibre1/pm/graphic/network/layout/NetworkLayoutListener.java,projectlibre_ui,java,HEAD,f9f0af122bd02dba1b77e0f3e8383cd1e679d3cf5c77617a6121e5ec9dfa704e,d2fa3c20a,openproj_ui/src/com/projity/pm/graphic/network/layout/NetworkLayoutListener.java,99c1f9e8c258f3e027a57965fccccedfd049092cc9a503318830ad3d3161b73f,0530be227f4a10c5545cce8d3db20ac5a4d76a66,REVIEW_REQUIRED,ProjectLibre,true,REVIEW_REQUIRED,CPAL-1.0,KEEP_OPENPROJ,normalized content matches OpenProj baseline,
modules/projectlibre_ui/src/main/java/com/projectlibre1/pm/graphic/network/link_routing/DefaultNetworkLinkRouting.java,projectlibre_ui,java,HEAD,6733998ba44d26033ca85570e5b6b3a134b479677578509c4c34121f10ddc265,d2fa3c20a,openproj_ui/src/com/projity/pm/graphic/network/link_routing/DefaultNetworkLinkRouting.java,c225322a212d998329c2978c8b8aa73d768de1d65ab353ced79673fcf452bfbb,0530be227f4a10c5545cce8d3db20ac5a4d76a66,REVIEW_REQUIRED,ProjectLibre,true,REVIEW_REQUIRED,CPAL-1.0,KEEP_OPENPROJ,normalized content matches OpenProj baseline,
modules/projectlibre_ui/src/main/java/com/projectlibre1/pm/graphic/network/link_routing/NetworkLinkRouting.java,projectlibre_ui,java,HEAD,43841d0036b25b53977363539822095aa4c50a3a40ab58953c72ea07854686e2,d2fa3c20a,openproj_ui/src/com/projity/pm/graphic/network/link_routing/NetworkLinkRouting.java,d1befd2cd51162d5b16ddec7df3a897f65443439a6d5f737c12537106242e264,0530be227f4a10c5545cce8d3db20ac5a4d76a66,REVIEW_REQUIRED,ProjectLibre,true,REVIEW_REQUIRED,CPAL-1.0,KEEP_OPENPROJ,normalized content matches OpenProj baseline,
modules/projectlibre_ui/src/main/java/com/projectlibre1/pm/graphic/network/rendering/FieldChange.java,projectlibre_ui,java,HEAD,49d38040ddc6891666f44d9c9b0f82d391278c91c3da04e88127a48e911c0742,d2fa3c20a,openproj_ui/src/com/projity/pm/graphic/network/rendering/FieldChange.java,6ace09232f6e6175ac92984686a1135562cb3fc1475f42d39e661074df1eae9c,0530be227f4a10c5545cce8d3db20ac5a4d76a66,REVIEW_REQUIRED,ProjectLibre,true,REVIEW_REQUIRED,CPAL-1.0,KEEP_OPENPROJ,normalized content matches OpenProj baseline,
modules/projectlibre_ui/src/main/java/com/projectlibre1/pm/graphic/network/rendering/FormComponent.java,projectlibre_ui,java,HEAD,da6ffb9449258acc0fd41382ee16377e734be9b5686d745297ad6b0cec4d2a40,d2fa3c20a,openproj_ui/src/com/projity/pm/graphic/network/rendering/FormComponent.java,2478a8d43e0adc3c037239cadf2e83948738c2981a138ce5010bc39ac22b626f,0530be227f4a10c5545cce8d3db20ac5a4d76a66,REVIEW_REQUIRED,ProjectLibre,false,REVIEW_REQUIRED,CPAL-1.0,REVIEW,OpenProj path exists but content differs; perform hunk-level comparison,
modules/projectlibre_ui/src/main/java/com/projectlibre1/pm/graphic/network/rendering/FormatSelector.java,projectlibre_ui,java,HEAD,a118a7846af7b01d6220b7358a1f8d9c0a2c356f6ddaa4b5613796621b67ba7e,d2fa3c20a,openproj_ui/src/com/projity/pm/graphic/network/rendering/FormatSelector.java,ca2dc99e9f2b82c3b4440d6c2d2566b7e3cd3568837cd2a2fb4ffde4316e105c,0530be227f4a10c5545cce8d3db20ac5a4d76a66,REVIEW_REQUIRED,ProjectLibre,false,REVIEW_REQUIRED,CPAL-1.0,REVIEW,OpenProj path exists but content differs; perform hunk-level comparison,
modules/projectlibre_ui/src/main/java/com/projectlibre1/pm/graphic/network/rendering/NetworkCellEditor.java,projectlibre_ui,java,HEAD,5cc1f9a98bca9bfee66cab95b871879b61162662e0e594768eaa938a9cb8cb19,d2fa3c20a,openproj_ui/src/com/projity/pm/graphic/network/rendering/NetworkCellEditor.java,fad31966e7d59707429a0be47553e30ec2c9a98e2c6ab06ea01b05f7b622b051,0530be227f4a10c5545cce8d3db20ac5a4d76a66,REVIEW_REQUIRED,ProjectLibre,false,REVIEW_REQUIRED,CPAL-1.0,REVIEW,OpenProj path exists but content differs; perform hunk-level comparison,
modules/projectlibre_ui/src/main/java/com/projectlibre1/pm/graphic/network/rendering/NetworkCellRenderer.java,projectlibre_ui,java,HEAD,4d90246de3c812441bae7d109843b3600aa6a63547b790439d4492793ed3cbed,d2fa3c20a,openproj_ui/src/com/projity/pm/graphic/network/rendering/NetworkCellRenderer.java,03a655a8ad7f12c84388c6a1f73ff99a2a8552e2e0344727c047ad1516327ec1,0530be227f4a10c5545cce8d3db20ac5a4d76a66,REVIEW_REQUIRED,ProjectLibre,false,REVIEW_REQUIRED,CPAL-1.0,REVIEW,OpenProj path exists but content differs; perform hunk-level comparison,
modules/projectlibre_ui/src/main/java/com/projectlibre1/pm/graphic/pert/DependencyGraph.java,projectlibre_ui,java,HEAD,786ce1ec436741ba9ab2decadc01276d240853eb77d0892c53ad3c904af56b76,d2fa3c20a,openproj_ui/src/com/projity/pm/graphic/pert/DependencyGraph.java,3dc1c17e24d62541d518b8edb5128a29974c456133320d6a882586cb538909bc,0530be227f4a10c5545cce8d3db20ac5a4d76a66,REVIEW_REQUIRED,ProjectLibre,false,REVIEW_REQUIRED,CPAL-1.0,REVIEW,OpenProj path exists but content differs; perform hunk-level comparison,
modules/projectlibre_ui/src/main/java/com/projectlibre1/pm/graphic/pert/Pert.java,projectlibre_ui,java,HEAD,f98297024034b5fd830e6babe8e1f433abb348537f49dbcf09683e9887f34b3c,d2fa3c20a,openproj_ui/src/com/projity/pm/graphic/pert/Pert.java,243d601a24be9f7734bb1e4174f686022dc8cab7d701384fb0925e79df823d47,0530be227f4a10c5545cce8d3db20ac5a4d76a66,REVIEW_REQUIRED,ProjectLibre,true,REVIEW_REQUIRED,CPAL-1.0,KEEP_OPENPROJ,normalized content matches OpenProj baseline,
modules/projectlibre_ui/src/main/java/com/projectlibre1/pm/graphic/pert/PertInteractor.java,projectlibre_ui,java,HEAD,08a1997d0d96006380522ad8f0eef57e831f5ace2bdfc43c6b7fa6089042c00b,d2fa3c20a,openproj_ui/src/com/projity/pm/graphic/pert/PertInteractor.java,a514af408ea8dea743ecc6b0e982c6a02b26a6b791a768b06404a24681a3565a,0530be227f4a10c5545cce8d3db20ac5a4d76a66,REVIEW_REQUIRED,ProjectLibre,false,REVIEW_REQUIRED,CPAL-1.0,REVIEW,OpenProj path exists but content differs; perform hunk-level comparison,
modules/projectlibre_ui/src/main/java/com/projectlibre1/pm/graphic/pert/PertLayout.java,projectlibre_ui,java,HEAD,b60c0bba6331e38ae9a035bf7cd082803e26e0528ee3b8f96191561f1453d751,d2fa3c20a,openproj_ui/src/com/projity/pm/graphic/pert/PertLayout.java,8219f987a89e35eb2a6664f7c1ac8f2607d389b1913f396e9a5b38364a719d25,0530be227f4a10c5545cce8d3db20ac5a4d76a66,REVIEW_REQUIRED,ProjectLibre,false,REVIEW_REQUIRED,CPAL-1.0,REVIEW,OpenProj path exists but content differs; perform hunk-level comparison,
modules/projectlibre_ui/src/main/java/com/projectlibre1/pm/graphic/pert/PertRenderer.java,projectlibre_ui,java,HEAD,bf2a54947372031850658fed6d05b73f39814622f9dae13a61759331aa9ed9fc,d2fa3c20a,openproj_ui/src/com/projity/pm/graphic/pert/PertRenderer.java,4e3abbd36f7a00bc3597921d1bc766d843990859cf34edbdedf9251a68f3431e,0530be227f4a10c5545cce8d3db20ac5a4d76a66,REVIEW_REQUIRED,ProjectLibre,true,REVIEW_REQUIRED,CPAL-1.0,KEEP_OPENPROJ,normalized content matches OpenProj baseline,
modules/projectlibre_ui/src/main/java/com/projectlibre1/pm/graphic/pert/PertUI.java,projectlibre_ui,java,HEAD,10bd426ca21c5621ba2332be64b0dd3bf4a17583e1d1c0e2d1ea25aa270f9437,d2fa3c20a,openproj_ui/src/com/projity/pm/graphic/pert/PertUI.java,12249c6f5e7ea8b042c86a3bbd45b4bcd79729d46ea61609375c322366743778,0530be227f4a10c5545cce8d3db20ac5a4d76a66,REVIEW_REQUIRED,ProjectLibre,true,REVIEW_REQUIRED,CPAL-1.0,KEEP_OPENPROJ,normalized content matches OpenProj baseline,
modules/projectlibre_ui/src/main/java/com/projectlibre1/pm/graphic/spreadsheet/SpreadSheet.java,projectlibre_ui,java,HEAD,1661690982a6ebc47d4f7a795c6e95bd168fac49eaa9c960193dbcb90b2ac34b,d2fa3c20a,openproj_ui/src/com/projity/pm/graphic/spreadsheet/SpreadSheet.java,4a91e513525d1e227d2d9a0bcfc2ba44fc835543f8adaf7ffa2e1bcdb6d68632,0530be227f4a10c5545cce8d3db20ac5a4d76a66,REVIEW_REQUIRED,ProjectLibre,false,REVIEW_REQUIRED,CPAL-1.0,REVIEW,OpenProj path exists but content differs; perform hunk-level comparison,
modules/projectlibre_ui/src/main/java/com/projectlibre1/pm/graphic/spreadsheet/SpreadSheetColumnMenu.java,projectlibre_ui,java,HEAD,f50c83e25dfedc9f498e0fe0828ecaffd39f503b64bf18b8ee1a3ef17e46c756,d2fa3c20a,openproj_ui/src/com/projity/pm/graphic/spreadsheet/SpreadSheetColumnMenu.java,18cc2009809edafb1b33aab3d77a877f457661f4dd7c6fc89a54f0faa7cbd2ee,0530be227f4a10c5545cce8d3db20ac5a4d76a66,REVIEW_REQUIRED,ProjectLibre,false,REVIEW_REQUIRED,CPAL-1.0,REVIEW,OpenProj path exists but content differs; perform hunk-level comparison,
modules/projectlibre_ui/src/main/java/com/projectlibre1/pm/graphic/spreadsheet/SpreadSheetColumnModel.java,projectlibre_ui,java,HEAD,376daeba01308bd71c7aee4e5a4aab6344836ca3fcc8489c4a794453681a7736,d2fa3c20a,openproj_ui/src/com/projity/pm/graphic/spreadsheet/SpreadSheetColumnModel.java,6a454d49caed59033f610fd3e105002a207de2abdd1f1225f3414de983d206fd,0530be227f4a10c5545cce8d3db20ac5a4d76a66,REVIEW_REQUIRED,ProjectLibre,false,REVIEW_REQUIRED,CPAL-1.0,REVIEW,OpenProj path exists but content differs; perform hunk-level comparison,
modules/projectlibre_ui/src/main/java/com/projectlibre1/pm/graphic/spreadsheet/SpreadSheetModel.java,projectlibre_ui,java,HEAD,da665f18b4e0cb8d10afd2aa124e4b1fe73e300a47c13ea982641af0ecd2f9f3,d2fa3c20a,openproj_ui/src/com/projity/pm/graphic/spreadsheet/SpreadSheetModel.java,4dcbab5d3fd70ed5644e3f9a9d84d5845ba6ca2017c731f431bf757a21e88bc9,0530be227f4a10c5545cce8d3db20ac5a4d76a66,REVIEW_REQUIRED,ProjectLibre,false,REVIEW_REQUIRED,CPAL-1.0,REVIEW,OpenProj path exists but content differs; perform hunk-level comparison,
modules/projectlibre_ui/src/main/java/com/projectlibre1/pm/graphic/spreadsheet/SpreadSheetParams.java,projectlibre_ui,java,HEAD,00c33ab2319205928ca1b63937d50a6503056abc00a891cd27c9e901879c7b62,d2fa3c20a,openproj_ui/src/com/projity/pm/graphic/spreadsheet/SpreadSheetParams.java,916761a3df6f44caacb9950040d6c91598d155f50d06149c954cc7ae871b54e8,0530be227f4a10c5545cce8d3db20ac5a4d76a66,REVIEW_REQUIRED,ProjectLibre,false,REVIEW_REQUIRED,CPAL-1.0,REVIEW,OpenProj path exists but content differs; perform hunk-level comparison,
modules/projectlibre_ui/src/main/java/com/projectlibre1/pm/graphic/spreadsheet/SpreadSheetParamsImpl.java,projectlibre_ui,java,HEAD,9caddbac6a65251bf01242aaf638f518b31372bf61b2fb4c587b37c5ce6472f2,d2fa3c20a,openproj_ui/src/com/projity/pm/graphic/spreadsheet/SpreadSheetParamsImpl.java,5eb7aeea52457f5a419b900ea3e03a5ca22ab604fa60dd6bb8020f48020acff0,0530be227f4a10c5545cce8d3db20ac5a4d76a66,REVIEW_REQUIRED,ProjectLibre,false,REVIEW_REQUIRED,CPAL-1.0,REVIEW,OpenProj path exists but content differs; perform hunk-level comparison,
modules/projectlibre_ui/src/main/java/com/projectlibre1/pm/graphic/spreadsheet/SpreadSheetPopupMenu.java,projectlibre_ui,java,HEAD,8a154f1dd089076ce9a096689221707e8116bc94581615ff9467f61a83f3f591,d2fa3c20a,openproj_ui/src/com/projity/pm/graphic/spreadsheet/SpreadSheetPopupMenu.java,b53b027110b1762048ee8497543c98faa5d93735243656b7715bd01355276208,0530be227f4a10c5545cce8d3db20ac5a4d76a66,REVIEW_REQUIRED,ProjectLibre,false,REVIEW_REQUIRED,CPAL-1.0,REVIEW,OpenProj path exists but content differs; perform hunk-level comparison,
modules/projectlibre_ui/src/main/java/com/projectlibre1/pm/graphic/spreadsheet/SpreadSheetRenderer.java,projectlibre_ui,java,HEAD,ac2e506971a5aaf28df978f5fb1ee1f619e11d5d5dbf971272ce1cb65da18388,d2fa3c20a,openproj_ui/src/com/projity/pm/graphic/spreadsheet/SpreadSheetRenderer.java,a222b7570916dbadd868ed3bacc75c4d6b33e6078c4e0b2dbd880e31a0b06a07,0530be227f4a10c5545cce8d3db20ac5a4d76a66,REVIEW_REQUIRED,ProjectLibre,false,REVIEW_REQUIRED,CPAL-1.0,REVIEW,OpenProj path exists but content differs; perform hunk-level comparison,
modules/projectlibre_ui/src/main/java/com/projectlibre1/pm/graphic/spreadsheet/SpreadSheetSearchContext.java,projectlibre_ui,java,HEAD,5772c9563dd825173d723a85734f1a63df64e3b0ba4320d8fe6d00856d60138a,d2fa3c20a,openproj_ui/src/com/projity/pm/graphic/spreadsheet/SpreadSheetSearchContext.java,8819347a3053cdd31029321037f0764cf1c45774c63d7e8fe3cc152672f75075,0530be227f4a10c5545cce8d3db20ac5a4d76a66,REVIEW_REQUIRED,ProjectLibre,true,REVIEW_REQUIRED,CPAL-1.0,KEEP_OPENPROJ,normalized content matches OpenProj baseline,
modules/projectlibre_ui/src/main/java/com/projectlibre1/pm/graphic/spreadsheet/SpreadSheetUtils.java,projectlibre_ui,java,HEAD,52bcd6bc60ea25d93f08c5bb5c916fb9d2ca9b15d4a3d30eaf366779f8bd4dac,d2fa3c20a,openproj_ui/src/com/projity/pm/graphic/spreadsheet/SpreadSheetUtils.java,af2e282804ed8e00bd99b7b12b09619962e96a04c38ef8319b9648cf483517aa,0530be227f4a10c5545cce8d3db20ac5a4d76a66,REVIEW_REQUIRED,ProjectLibre,false,REVIEW_REQUIRED,CPAL-1.0,REVIEW,OpenProj path exists but content differs; perform hunk-level comparison,
modules/projectlibre_ui/src/main/java/com/projectlibre1/pm/graphic/spreadsheet/common/CommonSpreadSheet.java,projectlibre_ui,java,HEAD,9f2e293badc826eb88119cf318b8e9cc97e7cf43b72b6ffc305d3222c1f66382,d2fa3c20a,openproj_ui/src/com/projity/pm/graphic/spreadsheet/common/CommonSpreadSheet.java,ade539450432e32345d58ed85fe5091f77b7d8e26552725e72190778d160b2a9,0530be227f4a10c5545cce8d3db20ac5a4d76a66,REVIEW_REQUIRED,ProjectLibre,false,REVIEW_REQUIRED,CPAL-1.0,REVIEW,OpenProj path exists but content differs; perform hunk-level comparison,
modules/projectlibre_ui/src/main/java/com/projectlibre1/pm/graphic/spreadsheet/common/CommonSpreadSheetAction.java,projectlibre_ui,java,HEAD,3814e7ae8d9811efb0806be28fd58622251661d83f84a7f08993f9468962f91c,d2fa3c20a,openproj_ui/src/com/projity/pm/graphic/spreadsheet/common/CommonSpreadSheetAction.java,cac6a8d48fdf3082a9be32953fbd2407ad95bd1eca06510ae98dbab54082986f,0530be227f4a10c5545cce8d3db20ac5a4d76a66,REVIEW_REQUIRED,ProjectLibre,true,REVIEW_REQUIRED,CPAL-1.0,KEEP_OPENPROJ,normalized content matches OpenProj baseline,
modules/projectlibre_ui/src/main/java/com/projectlibre1/pm/graphic/spreadsheet/common/CommonSpreadSheetModel.java,projectlibre_ui,java,HEAD,15da1d6ea80daa70e55a933f6911ddbfd05b3ddc9d90fc45e172f0a02e5e0367,d2fa3c20a,openproj_ui/src/com/projity/pm/graphic/spreadsheet/common/CommonSpreadSheetModel.java,7dcb7d837203eda6e975c027ab235af0366f5d1d3f6a30179a009852e3a79e22,0530be227f4a10c5545cce8d3db20ac5a4d76a66,REVIEW_REQUIRED,ProjectLibre,false,REVIEW_REQUIRED,CPAL-1.0,REVIEW,OpenProj path exists but content differs; perform hunk-level comparison,
modules/projectlibre_ui/src/main/java/com/projectlibre1/pm/graphic/spreadsheet/common/CommonTable.java,projectlibre_ui,java,HEAD,c751a3c859160be05815f49fb29ce39603b342c28ec05495dc3ea9c1e0f25044,d2fa3c20a,openproj_ui/src/com/projity/pm/graphic/spreadsheet/common/CommonTable.java,dc649bd71e00e6d7cbb2ef7b173fb243eb290e251325f6657576ae6e19183ecd,0530be227f4a10c5545cce8d3db20ac5a4d76a66,REVIEW_REQUIRED,ProjectLibre,false,REVIEW_REQUIRED,CPAL-1.0,REVIEW,OpenProj path exists but content differs; perform hunk-level comparison,
modules/projectlibre_ui/src/main/java/com/projectlibre1/pm/graphic/spreadsheet/common/CommonTableHeader.java,projectlibre_ui,java,HEAD,9d37737c83ae6f5645d283010e6118d6d2752b820863c0ab5c617e100422c493,d2fa3c20a,openproj_ui/src/com/projity/pm/graphic/spreadsheet/common/CommonTableHeader.java,0208187e097a82ec9c6d887376523292cde69bc4bc86f8cf3ca022862e4ff589,0530be227f4a10c5545cce8d3db20ac5a4d76a66,REVIEW_REQUIRED,ProjectLibre,false,REVIEW_REQUIRED,CPAL-1.0,REVIEW,OpenProj path exists but content differs; perform hunk-level comparison,
modules/projectlibre_ui/src/main/java/com/projectlibre1/pm/graphic/spreadsheet/common/GradientCorner.java,projectlibre_ui,java,HEAD,d372da3782b80e290366ee237a7e186990f33aebe89034bae4de6bb12b2ce1b0,d2fa3c20a,openproj_ui/src/com/projity/pm/graphic/spreadsheet/common/GradientCorner.java,4bde7a24800292f59f1517a5cbc9145e2e8bc0efd280efeab0a2caebfe1be9bf,0530be227f4a10c5545cce8d3db20ac5a4d76a66,REVIEW_REQUIRED,ProjectLibre,false,REVIEW_REQUIRED,CPAL-1.0,REVIEW,OpenProj path exists but content differs; perform hunk-level comparison,
modules/projectlibre_ui/src/main/java/com/projectlibre1/pm/graphic/spreadsheet/common/SpreadSheetCorner.java,projectlibre_ui,java,HEAD,b9140d1ec7e8532654c86eca5ca435cb46f896029cc528327b5dae040f868490,d2fa3c20a,openproj_ui/src/com/projity/pm/graphic/spreadsheet/common/SpreadSheetCorner.java,45793366e93883ce692f1874982dbdbefd2597c73be65cc733e825186c5dc04f,0530be227f4a10c5545cce8d3db20ac5a4d76a66,REVIEW_REQUIRED,ProjectLibre,false,REVIEW_REQUIRED,CPAL-1.0,REVIEW,OpenProj path exists but content differs; perform hunk-level comparison,
modules/projectlibre_ui/src/main/java/com/projectlibre1/pm/graphic/spreadsheet/common/SpreadSheetRowHeader.java,projectlibre_ui,java,HEAD,c34571494ffb210add4b0b8906e7cdc5b90024d2a2cca836c1f39e62db14c06b,d2fa3c20a,openproj_ui/src/com/projity/pm/graphic/spreadsheet/common/SpreadSheetRowHeader.java,40d49553078016c1c4853ba764431caa354f2e022cc03bf21d0172d1330fcc08,0530be227f4a10c5545cce8d3db20ac5a4d76a66,REVIEW_REQUIRED,ProjectLibre,false,REVIEW_REQUIRED,CPAL-1.0,REVIEW,OpenProj path exists but content differs; perform hunk-level comparison,
modules/projectlibre_ui/src/main/java/com/projectlibre1/pm/graphic/spreadsheet/common/SpreadSheetRowHeaderColumnModel.java,projectlibre_ui,java,HEAD,cd58565b26adc92e9327bd2cadc2f780453e442912a1984d357132a75ba7cea9,d2fa3c20a,openproj_ui/src/com/projity/pm/graphic/spreadsheet/common/SpreadSheetRowHeaderColumnModel.java,e6f47e99b76cd845ab942bcfcb959a4ef1ed3cad0537d1c31fe1e563e318ad3a,0530be227f4a10c5545cce8d3db20ac5a4d76a66,REVIEW_REQUIRED,ProjectLibre,false,REVIEW_REQUIRED,CPAL-1.0,REVIEW,OpenProj path exists but content differs; perform hunk-level comparison,
modules/projectlibre_ui/src/main/java/com/projectlibre1/pm/graphic/spreadsheet/common/SpreadsheetImeSandbox.java,projectlibre_ui,java,HEAD,852e52f56250cc81525dceab271f4409e73b6f70b26bcdd8273f864020e5f690,d2fa3c20a,,,0530be227f4a10c5545cce8d3db20ac5a4d76a66,REVIEW_REQUIRED,Unknown,false,REVIEW_REQUIRED,REVIEW_REQUIRED,REVIEW,no path match in OpenProj baseline; classify origin manually,
modules/projectlibre_ui/src/main/java/com/projectlibre1/pm/graphic/spreadsheet/common/transfer/NodeListTransferHandler.java,projectlibre_ui,java,HEAD,fe0473c778b4f237f3f3a2755ce40f2a68fce15fa75ef1c6857adf6a4ca73547,d2fa3c20a,openproj_ui/src/com/projity/pm/graphic/spreadsheet/common/transfer/NodeListTransferHandler.java,7cd721e8d3cbf93eba5af9a4e71370e9e8a162f77436ce364b0aeea64355562e,0530be227f4a10c5545cce8d3db20ac5a4d76a66,REVIEW_REQUIRED,ProjectLibre,false,REVIEW_REQUIRED,CPAL-1.0,REVIEW,OpenProj path exists but content differs; perform hunk-level comparison,
modules/projectlibre_ui/src/main/java/com/projectlibre1/pm/graphic/spreadsheet/common/transfer/NodeListTransferable.java,projectlibre_ui,java,HEAD,9e541f7c68caf3dbba5b7374dce177fff9ba7670f26029172d66db2ea4b507e0,d2fa3c20a,openproj_ui/src/com/projity/pm/graphic/spreadsheet/common/transfer/NodeListTransferable.java,4cc7c1fd4459879f15da98bcf7f6b7e4723e6e87aa60f5122238218f011a6a7a,0530be227f4a10c5545cce8d3db20ac5a4d76a66,REVIEW_REQUIRED,ProjectLibre,false,REVIEW_REQUIRED,CPAL-1.0,REVIEW,OpenProj path exists but content differs; perform hunk-level comparison,
modules/projectlibre_ui/src/main/java/com/projectlibre1/pm/graphic/spreadsheet/common/transfer/NodeListTransfertAction.java,projectlibre_ui,java,HEAD,62c7ced3ee5598c2b23f66d9e8d665630f5819eb35e20d84a3cb7a75a26c131d,d2fa3c20a,openproj_ui/src/com/projity/pm/graphic/spreadsheet/common/transfer/NodeListTransfertAction.java,be2e7865bc858b55aa34682b6dffc8950cc1f645edfa34fee60f899fd9708efe,0530be227f4a10c5545cce8d3db20ac5a4d76a66,REVIEW_REQUIRED,ProjectLibre,true,REVIEW_REQUIRED,CPAL-1.0,KEEP_OPENPROJ,normalized content matches OpenProj baseline,
modules/projectlibre_ui/src/main/java/com/projectlibre1/pm/graphic/spreadsheet/common/transfer/TransferObject.java,projectlibre_ui,java,HEAD,7fd0ca04a9030d936da398c5238093a318485cdd721770da6ec88f76ac76af6b,d2fa3c20a,openproj_ui/src/com/projity/pm/graphic/spreadsheet/common/transfer/TransferObject.java,91b9a073dace1c7cf2a69d0c9ea5546d19f7e11eb491c5787320a8e2ee8252d8,0530be227f4a10c5545cce8d3db20ac5a4d76a66,REVIEW_REQUIRED,ProjectLibre,false,REVIEW_REQUIRED,CPAL-1.0,REVIEW,OpenProj path exists but content differs; perform hunk-level comparison,
modules/projectlibre_ui/src/main/java/com/projectlibre1/pm/graphic/spreadsheet/editor/DateEditor.java,projectlibre_ui,java,HEAD,965866bbeb993d55f516d5bff12c56b3d054013beca0975d360e1a1f15f1782f,d2fa3c20a,openproj_ui/src/com/projity/pm/graphic/spreadsheet/editor/DateEditor.java,42b3fda39ecfa63c3cbf143fb9a5417731a2a5edb68ed15e6f8d7891c97a8f97,0530be227f4a10c5545cce8d3db20ac5a4d76a66,REVIEW_REQUIRED,ProjectLibre,false,REVIEW_REQUIRED,CPAL-1.0,REVIEW,OpenProj path exists but content differs; perform hunk-level comparison,
modules/projectlibre_ui/src/main/java/com/projectlibre1/pm/graphic/spreadsheet/editor/EditorSelectionSupport.java,projectlibre_ui,java,HEAD,b54a3e1a6b2cb18c33e8389d96773409672a83e821ffc7eaea30065b2da2cfe2,d2fa3c20a,,,0530be227f4a10c5545cce8d3db20ac5a4d76a66,REVIEW_REQUIRED,Unknown,false,REVIEW_REQUIRED,CPAL-1.0,REVIEW,no path match in OpenProj baseline; classify origin manually,
modules/projectlibre_ui/src/main/java/com/projectlibre1/pm/graphic/spreadsheet/editor/KeyboardFocusSpinner.java,projectlibre_ui,java,HEAD,ea41615b2dd12a9bbb310f9dc6105e326d34809ac27013eae80b89f0502b4a25,d2fa3c20a,openproj_ui/src/com/projity/pm/graphic/spreadsheet/editor/KeyboardFocusSpinner.java,2ac3b752f07ce5dc3910c53a17a3cd8c1f6c3410779e93428dd5ee1a0c2b3cca,0530be227f4a10c5545cce8d3db20ac5a4d76a66,REVIEW_REQUIRED,ProjectLibre,false,REVIEW_REQUIRED,CPAL-1.0,REVIEW,OpenProj path exists but content differs; perform hunk-level comparison,
modules/projectlibre_ui/src/main/java/com/projectlibre1/pm/graphic/spreadsheet/editor/KeyboardFocusable.java,projectlibre_ui,java,HEAD,796fbdad5a76b86d701837e180b30063fc215c8bcded7b469bb7ce422ccfcc4b,d2fa3c20a,openproj_ui/src/com/projity/pm/graphic/spreadsheet/editor/KeyboardFocusable.java,8cab30654776db440e7d9de275648519c97b2da93776525b90790ddad2b7eb03,0530be227f4a10c5545cce8d3db20ac5a4d76a66,REVIEW_REQUIRED,ProjectLibre,true,REVIEW_REQUIRED,CPAL-1.0,KEEP_OPENPROJ,normalized content matches OpenProj baseline,
modules/projectlibre_ui/src/main/java/com/projectlibre1/pm/graphic/spreadsheet/editor/MoneyEditor.java,projectlibre_ui,java,HEAD,23a2e75925732970f63bf4ed57c7e6d5b6d0d090b4b402d4eccf8417d75ed41f,d2fa3c20a,openproj_ui/src/com/projity/pm/graphic/spreadsheet/editor/MoneyEditor.java,96b82f7b74a699b7f766f78c106adaf1c549966fe4243186d2eafcb3997ed157,0530be227f4a10c5545cce8d3db20ac5a4d76a66,REVIEW_REQUIRED,ProjectLibre,true,REVIEW_REQUIRED,CPAL-1.0,KEEP_OPENPROJ,normalized content matches OpenProj baseline,
modules/projectlibre_ui/src/main/java/com/projectlibre1/pm/graphic/spreadsheet/editor/PercentEditor.java,projectlibre_ui,java,HEAD,0827e2af947ab988e928b55f48204ba3ee1975d794a5ffdc907b63e2941cbdcf,d2fa3c20a,,,0530be227f4a10c5545cce8d3db20ac5a4d76a66,REVIEW_REQUIRED,ProjectLibre,false,REVIEW_REQUIRED,CPAL-1.0,REVIEW,no path match in OpenProj baseline; classify origin manually,
modules/projectlibre_ui/src/main/java/com/projectlibre1/pm/graphic/spreadsheet/editor/RateEditor.java,projectlibre_ui,java,HEAD,6cba2eea15369a3083f47109ca19f1ec9dbae60e70667c0c7f29c35fb6ca7ab0,d2fa3c20a,openproj_ui/src/com/projity/pm/graphic/spreadsheet/editor/RateEditor.java,f6be82e5fa13cce17a8b7726bef2fd372ef7c4b8e6699298abcf575d94c69c26,0530be227f4a10c5545cce8d3db20ac5a4d76a66,REVIEW_REQUIRED,ProjectLibre,false,REVIEW_REQUIRED,CPAL-1.0,REVIEW,OpenProj path exists but content differs; perform hunk-level comparison,
modules/projectlibre_ui/src/main/java/com/projectlibre1/pm/graphic/spreadsheet/editor/SimpleComboBoxEditor.java,projectlibre_ui,java,HEAD,e4c38201830c306d99da587ffb938174e43385130828be90fa04e80068780298,d2fa3c20a,openproj_ui/src/com/projity/pm/graphic/spreadsheet/editor/SimpleComboBoxEditor.java,571232348d8886addda27ce7f6001151fff95b67eded474494e0f51bd6590f50,0530be227f4a10c5545cce8d3db20ac5a4d76a66,REVIEW_REQUIRED,ProjectLibre,false,REVIEW_REQUIRED,CPAL-1.0,REVIEW,OpenProj path exists but content differs; perform hunk-level comparison,
modules/projectlibre_ui/src/main/java/com/projectlibre1/pm/graphic/spreadsheet/editor/SimpleEditor.java,projectlibre_ui,java,HEAD,7e825895f2a950324e4e1f7ed3135f23e06c5394e764990f9fd68ca0168bb762,d2fa3c20a,openproj_ui/src/com/projity/pm/graphic/spreadsheet/editor/SimpleEditor.java,5c8001ca25e8b0ae56a73e52f6c12a07e6c4f776fea696cb12e96a51e10dc139,0530be227f4a10c5545cce8d3db20ac5a4d76a66,REVIEW_REQUIRED,ProjectLibre,false,REVIEW_REQUIRED,CPAL-1.0,REVIEW,OpenProj path exists but content differs; perform hunk-level comparison,
modules/projectlibre_ui/src/main/java/com/projectlibre1/pm/graphic/spreadsheet/editor/SpinEditor.java,projectlibre_ui,java,HEAD,b815e1bee9a63e8d8157c4362d79dcc9d88bc14297529fe6ced5e28f544e41c4,d2fa3c20a,openproj_ui/src/com/projity/pm/graphic/spreadsheet/editor/SpinEditor.java,3a8c587cb655d223426d2117dc312d2f61fe36475433670cc768925e9b3a461a,0530be227f4a10c5545cce8d3db20ac5a4d76a66,REVIEW_REQUIRED,ProjectLibre,false,REVIEW_REQUIRED,CPAL-1.0,REVIEW,OpenProj path exists but content differs; perform hunk-level comparison,
modules/projectlibre_ui/src/main/java/com/projectlibre1/pm/graphic/spreadsheet/editor/SpreadSheetCellEditorAdapter.java,projectlibre_ui,java,HEAD,7fb917d079e43e7723cba9cc0e698347787b5185c1db85a9a4fbe740ccba9d7e,d2fa3c20a,openproj_ui/src/com/projity/pm/graphic/spreadsheet/editor/SpreadSheetCellEditorAdapter.java,95182cb0c7779436b1ed2b5e0da2cac29844b49eddbf438005db010d41d42fad,0530be227f4a10c5545cce8d3db20ac5a4d76a66,REVIEW_REQUIRED,ProjectLibre,false,REVIEW_REQUIRED,CPAL-1.0,REVIEW,OpenProj path exists but content differs; perform hunk-level comparison,
modules/projectlibre_ui/src/main/java/com/projectlibre1/pm/graphic/spreadsheet/editor/SpreadSheetNameCellEditor.java,projectlibre_ui,java,HEAD,1c14761659991d2d1635faabeadc91ae0515dec1be47e112fe1de497df3c2d23,d2fa3c20a,openproj_ui/src/com/projity/pm/graphic/spreadsheet/editor/SpreadSheetNameCellEditor.java,4a234ec8cc4803e0d4534aa838d0c3af6733ab14c8ccb4bde723257cfccb2c30,0530be227f4a10c5545cce8d3db20ac5a4d76a66,REVIEW_REQUIRED,ProjectLibre,false,REVIEW_REQUIRED,CPAL-1.0,REVIEW,OpenProj path exists but content differs; perform hunk-level comparison,
modules/projectlibre_ui/src/main/java/com/projectlibre1/pm/graphic/spreadsheet/editor/TimeSimpleEditor.java,projectlibre_ui,java,HEAD,1c1ecea7f2b0513c75aaa02eb4f5eed1ff3fc9c806a6da0ca0e9f7b70b976cb1,d2fa3c20a,openproj_ui/src/com/projity/pm/graphic/spreadsheet/editor/TimeSimpleEditor.java,ff6ec11c6e79cb9f31a1e32d13b7cc8d7fd89ced343e0a789960649fa6fa5c22,0530be227f4a10c5545cce8d3db20ac5a4d76a66,REVIEW_REQUIRED,ProjectLibre,false,REVIEW_REQUIRED,CPAL-1.0,REVIEW,OpenProj path exists but content differs; perform hunk-level comparison,
modules/projectlibre_ui/src/main/java/com/projectlibre1/pm/graphic/spreadsheet/renderer/CellUtility.java,projectlibre_ui,java,HEAD,4ec6e113d827396d6b5e92a8270f747ae029fd3bff60dfed1c8c0bc3f60e40db,d2fa3c20a,openproj_ui/src/com/projity/pm/graphic/spreadsheet/renderer/CellUtility.java,4fe433b289a2551283b68848c852b73fa10d47620c33a6111596f9d2e9ef7193,0530be227f4a10c5545cce8d3db20ac5a4d76a66,REVIEW_REQUIRED,ProjectLibre,false,REVIEW_REQUIRED,CPAL-1.0,REVIEW,OpenProj path exists but content differs; perform hunk-level comparison,
modules/projectlibre_ui/src/main/java/com/projectlibre1/pm/graphic/spreadsheet/renderer/DateRenderer.java,projectlibre_ui,java,HEAD,63db74e76a44c255a83240df58c38e1c2e5d312f042dac2ec78b9da156c9da6a,d2fa3c20a,openproj_ui/src/com/projity/pm/graphic/spreadsheet/renderer/DateRenderer.java,9fa8f399c7a9a3334e4e103c46df3f5ee89dd79415607d9bc979b6f8fbe1fce6,0530be227f4a10c5545cce8d3db20ac5a4d76a66,REVIEW_REQUIRED,ProjectLibre,true,REVIEW_REQUIRED,CPAL-1.0,KEEP_OPENPROJ,normalized content matches OpenProj baseline,
modules/projectlibre_ui/src/main/java/com/projectlibre1/pm/graphic/spreadsheet/renderer/FontManager.java,projectlibre_ui,java,HEAD,cd0a1993a8314f4f9f4b6f6826542f00543370141eb7b2a49741e3b2245b383c,d2fa3c20a,openproj_ui/src/com/projity/pm/graphic/spreadsheet/renderer/FontManager.java,929df4e1cac4717a146f9fb64d2d8b3b9302461b1c2b0aba3bc0c604c3638036,0530be227f4a10c5545cce8d3db20ac5a4d76a66,REVIEW_REQUIRED,ProjectLibre,false,REVIEW_REQUIRED,CPAL-1.0,REVIEW,OpenProj path exists but content differs; perform hunk-level comparison,
modules/projectlibre_ui/src/main/java/com/projectlibre1/pm/graphic/spreadsheet/renderer/IndicatorsComponent.java,projectlibre_ui,java,HEAD,511185a68bc326247446e931ee173fce40b6fc01a923f7e13058a842acb2b1f5,d2fa3c20a,openproj_ui/src/com/projity/pm/graphic/spreadsheet/renderer/IndicatorsComponent.java,130ad24657c0f786ee05d8b6b697c215959e87cde9e78d97ded6cc24eb71b0e3,0530be227f4a10c5545cce8d3db20ac5a4d76a66,REVIEW_REQUIRED,ProjectLibre,false,REVIEW_REQUIRED,CPAL-1.0,REVIEW,OpenProj path exists but content differs; perform hunk-level comparison,
modules/projectlibre_ui/src/main/java/com/projectlibre1/pm/graphic/spreadsheet/renderer/IndicatorsRenderer.java,projectlibre_ui,java,HEAD,32826d39a53ddb79cc305bf1b1beb887797b17032f9476cbd31ca95de4596d8c,d2fa3c20a,openproj_ui/src/com/projity/pm/graphic/spreadsheet/renderer/IndicatorsRenderer.java,3ecf777de7ce4e30b56ae128126d35ed462bfd136bce04a901db44f7e9beb883,0530be227f4a10c5545cce8d3db20ac5a4d76a66,REVIEW_REQUIRED,ProjectLibre,false,REVIEW_REQUIRED,CPAL-1.0,REVIEW,OpenProj path exists but content differs; perform hunk-level comparison,
modules/projectlibre_ui/src/main/java/com/projectlibre1/pm/graphic/spreadsheet/renderer/LookupRenderer.java,projectlibre_ui,java,HEAD,76787f1d95fe08babaaba300235c225276eb97593cf06dec714a4f333c33e84c,d2fa3c20a,openproj_ui/src/com/projity/pm/graphic/spreadsheet/renderer/LookupRenderer.java,5367a2abe72fe7c7c5671367244bdff2b6132610ebf5513ee518cea8e6897473,0530be227f4a10c5545cce8d3db20ac5a4d76a66,REVIEW_REQUIRED,ProjectLibre,false,REVIEW_REQUIRED,CPAL-1.0,REVIEW,OpenProj path exists but content differs; perform hunk-level comparison,
modules/projectlibre_ui/src/main/java/com/projectlibre1/pm/graphic/spreadsheet/renderer/NameCellComponent.java,projectlibre_ui,java,HEAD,f7695a5c61377736707db3bdd839353b3579b380abe354f5ff22926af2860b33,d2fa3c20a,openproj_ui/src/com/projity/pm/graphic/spreadsheet/renderer/NameCellComponent.java,7c92ab21be9264928d6aaa7f9161d71357bb9b1d1d47a358f28dbd523587494e,0530be227f4a10c5545cce8d3db20ac5a4d76a66,REVIEW_REQUIRED,ProjectLibre,false,REVIEW_REQUIRED,CPAL-1.0,REVIEW,OpenProj path exists but content differs; perform hunk-level comparison,
modules/projectlibre_ui/src/main/java/com/projectlibre1/pm/graphic/spreadsheet/renderer/OfflineCapableBooleanRenderer.java,projectlibre_ui,java,HEAD,012ed7f91ddcd2aa0160b1f888392c3b1bee918fdaf1dc3380ff08f980b2611e,d2fa3c20a,openproj_ui/src/com/projity/pm/graphic/spreadsheet/renderer/OfflineCapableBooleanRenderer.java,bb390d4b0a9f3570bfb75b76eb5228feb1264dd02d6bf35fd7253bc763e98d07,0530be227f4a10c5545cce8d3db20ac5a4d76a66,REVIEW_REQUIRED,ProjectLibre,false,REVIEW_REQUIRED,CPAL-1.0,REVIEW,OpenProj path exists but content differs; perform hunk-level comparison,
modules/projectlibre_ui/src/main/java/com/projectlibre1/pm/graphic/spreadsheet/renderer/OfflineRenderer.java,projectlibre_ui,java,HEAD,c52e9c3e1f91ed1afc15bc1f58aae4bf435c4c3b668489cef564a7737a050278,d2fa3c20a,openproj_ui/src/com/projity/pm/graphic/spreadsheet/renderer/OfflineRenderer.java,e526eda5795519c2350daff8b187982d7bf731fe0dbb67b2ee0f28f503a04b0b,0530be227f4a10c5545cce8d3db20ac5a4d76a66,REVIEW_REQUIRED,ProjectLibre,false,REVIEW_REQUIRED,CPAL-1.0,REVIEW,OpenProj path exists but content differs; perform hunk-level comparison,
modules/projectlibre_ui/src/main/java/com/projectlibre1/pm/graphic/spreadsheet/renderer/PercentRenderer.java,projectlibre_ui,java,HEAD,3003a427683d61e8baa4c997e2604776ca9fdcdb56fe1ca4c3395240bb47cc63,d2fa3c20a,openproj_ui/src/com/projity/pm/graphic/spreadsheet/renderer/PercentRenderer.java,e404bbb0aaca462432a4368eb9d7c86ddf04e2b4d8ff5f991f932b1920efb29b,0530be227f4a10c5545cce8d3db20ac5a4d76a66,REVIEW_REQUIRED,ProjectLibre,false,REVIEW_REQUIRED,CPAL-1.0,REVIEW,OpenProj path exists but content differs; perform hunk-level comparison,
modules/projectlibre_ui/src/main/java/com/projectlibre1/pm/graphic/spreadsheet/renderer/RateRenderer.java,projectlibre_ui,java,HEAD,1cde78a7e0572d5bf46d92b5847f6812143993dc222b387195e8f3d1c3ac5778,d2fa3c20a,openproj_ui/src/com/projity/pm/graphic/spreadsheet/renderer/RateRenderer.java,2e8b8338db5e36243f22d66b5729de747168de37f1fe49e457a3ba2c724bda85,0530be227f4a10c5545cce8d3db20ac5a4d76a66,REVIEW_REQUIRED,ProjectLibre,false,REVIEW_REQUIRED,CPAL-1.0,REVIEW,OpenProj path exists but content differs; perform hunk-level comparison,
modules/projectlibre_ui/src/main/java/com/projectlibre1/pm/graphic/spreadsheet/renderer/ResourceIndicatorsComponent.java,projectlibre_ui,java,HEAD,1f848bbca481699d5614e3287b9f4e2fca7da254743210fe0b2d65451ea0d486,d2fa3c20a,openproj_ui/src/com/projity/pm/graphic/spreadsheet/renderer/ResourceIndicatorsComponent.java,761642112abbc12e4e6e2696e80e5720380f7d68641e8e8a9365a16c41047ebd,0530be227f4a10c5545cce8d3db20ac5a4d76a66,REVIEW_REQUIRED,ProjectLibre,false,REVIEW_REQUIRED,CPAL-1.0,REVIEW,OpenProj path exists but content differs; perform hunk-level comparison,
modules/projectlibre_ui/src/main/java/com/projectlibre1/pm/graphic/spreadsheet/renderer/SimpleRenderer.java,projectlibre_ui,java,HEAD,2ab42355e24ab34869c25cc11b7c334e4fd5987972a63f4bfccfdaabad98fe2e,d2fa3c20a,openproj_ui/src/com/projity/pm/graphic/spreadsheet/renderer/SimpleRenderer.java,7b4cc9cb5ad13e12ace24c38817263b419a19c892768b7c56f6df99e1984c1cd,0530be227f4a10c5545cce8d3db20ac5a4d76a66,REVIEW_REQUIRED,ProjectLibre,false,REVIEW_REQUIRED,CPAL-1.0,REVIEW,OpenProj path exists but content differs; perform hunk-level comparison,
modules/projectlibre_ui/src/main/java/com/projectlibre1/pm/graphic/spreadsheet/renderer/SpreadSheetCellRendererAdapter.java,projectlibre_ui,java,HEAD,b9fdd6303409ed7159da7127780ab10a1c1ab26b28385b44eecd000cbe5fa861,d2fa3c20a,openproj_ui/src/com/projity/pm/graphic/spreadsheet/renderer/SpreadSheetCellRendererAdapter.java,adb0ed82d5e643a255798b44e971c47f65c1b2ff09251eca5f56f87af415090c,0530be227f4a10c5545cce8d3db20ac5a4d76a66,REVIEW_REQUIRED,ProjectLibre,false,REVIEW_REQUIRED,CPAL-1.0,REVIEW,OpenProj path exists but content differs; perform hunk-level comparison,
modules/projectlibre_ui/src/main/java/com/projectlibre1/pm/graphic/spreadsheet/renderer/SpreadSheetColumnHeaderRenderer.java,projectlibre_ui,java,HEAD,0e69c194ef19b5210c099110f35567bc04ab14175fb492613cdf277c99d56cc3,d2fa3c20a,openproj_ui/src/com/projity/pm/graphic/spreadsheet/renderer/SpreadSheetColumnHeaderRenderer.java,6b34922980a0e5a8c736ddb92c0f5a99f82d7964a3c807db716501ee72050fe6,0530be227f4a10c5545cce8d3db20ac5a4d76a66,REVIEW_REQUIRED,ProjectLibre,false,REVIEW_REQUIRED,CPAL-1.0,REVIEW,OpenProj path exists but content differs; perform hunk-level comparison,
modules/projectlibre_ui/src/main/java/com/projectlibre1/pm/graphic/spreadsheet/renderer/SpreadSheetNameCellRenderer.java,projectlibre_ui,java,HEAD,0a08fd6291d9ed245f8721828798c5e18109e6bae09f8e395d9fac26717917dc,d2fa3c20a,openproj_ui/src/com/projity/pm/graphic/spreadsheet/renderer/SpreadSheetNameCellRenderer.java,50c1e4e838002453cda5f5284f2c03c7967f799f4d19813fe2cd9641c24e55bd,0530be227f4a10c5545cce8d3db20ac5a4d76a66,REVIEW_REQUIRED,ProjectLibre,false,REVIEW_REQUIRED,CPAL-1.0,REVIEW,OpenProj path exists but content differs; perform hunk-level comparison,
modules/projectlibre_ui/src/main/java/com/projectlibre1/pm/graphic/spreadsheet/renderer/SpreadSheetRowHeaderRenderer.java,projectlibre_ui,java,HEAD,0c90294288415b15ad8f30f09583f6fa5beada5140927897f8ae7dc2d6be8fb7,d2fa3c20a,openproj_ui/src/com/projity/pm/graphic/spreadsheet/renderer/SpreadSheetRowHeaderRenderer.java,9626599c276bf2d97ed0b39ca000e2952e8a0d262e13ad889565ba50cb7dd47c,0530be227f4a10c5545cce8d3db20ac5a4d76a66,REVIEW_REQUIRED,ProjectLibre,false,REVIEW_REQUIRED,CPAL-1.0,REVIEW,OpenProj path exists but content differs; perform hunk-level comparison,
modules/projectlibre_ui/src/main/java/com/projectlibre1/pm/graphic/spreadsheet/renderer/SpreadsheetAppearanceSupport.java,projectlibre_ui,java,HEAD,317d0c4aed7c907ee744d5811fc256055db79536e0ab96ed3b2b5563f9f9c7b5,d2fa3c20a,,,0530be227f4a10c5545cce8d3db20ac5a4d76a66,REVIEW_REQUIRED,Unknown,false,REVIEW_REQUIRED,REVIEW_REQUIRED,REVIEW,no path match in OpenProj baseline; classify origin manually,
modules/projectlibre_ui/src/main/java/com/projectlibre1/pm/graphic/spreadsheet/renderer/TaskIndicatorsComponent.java,projectlibre_ui,java,HEAD,b8a29c16dcdd8be61a30261dd4d7ac82bbc5ece27c789c32164e0723834ba7dd,d2fa3c20a,openproj_ui/src/com/projity/pm/graphic/spreadsheet/renderer/TaskIndicatorsComponent.java,97e5213f3500dfbd58fe1d5c22a2653c2f0015264e1560f32fe1b63f55e3b0de,0530be227f4a10c5545cce8d3db20ac5a4d76a66,REVIEW_REQUIRED,ProjectLibre,false,REVIEW_REQUIRED,CPAL-1.0,REVIEW,OpenProj path exists but content differs; perform hunk-level comparison,
modules/projectlibre_ui/src/main/java/com/projectlibre1/pm/graphic/spreadsheet/renderer/TimeSimpleRenderer.java,projectlibre_ui,java,HEAD,d042d573f76d6e268fd4014b56e0f00cd94ff635ec584e5e824b76c6f0515d49,d2fa3c20a,openproj_ui/src/com/projity/pm/graphic/spreadsheet/renderer/TimeSimpleRenderer.java,db80019c64efa6529f72759052d9121aaaa3a80d3d8421556fbb849784fd1a1e,0530be227f4a10c5545cce8d3db20ac5a4d76a66,REVIEW_REQUIRED,ProjectLibre,false,REVIEW_REQUIRED,CPAL-1.0,REVIEW,OpenProj path exists but content differs; perform hunk-level comparison,
modules/projectlibre_ui/src/main/java/com/projectlibre1/pm/graphic/spreadsheet/renderer/TimeSpreadSheetRowHeaderRenderer.java,projectlibre_ui,java,HEAD,7a65141e798ac6d36b0ecbf357fb2448818a0a7f5f12b55f17268831fc2efe83,d2fa3c20a,openproj_ui/src/com/projity/pm/graphic/spreadsheet/renderer/TimeSpreadSheetRowHeaderRenderer.java,9927ee48e9f65b44976097e9027fa26b7a2119eb560e1c7d5d07e3faeee30205,0530be227f4a10c5545cce8d3db20ac5a4d76a66,REVIEW_REQUIRED,ProjectLibre,false,REVIEW_REQUIRED,CPAL-1.0,REVIEW,OpenProj path exists but content differs; perform hunk-level comparison,
modules/projectlibre_ui/src/main/java/com/projectlibre1/pm/graphic/spreadsheet/selection/SpreadSheetColumnsPopupMenu.java,projectlibre_ui,java,HEAD,0a2f136ad4db1928c3ada875017d370455cd53e7192cfdaa246a3404428b8779,d2fa3c20a,openproj_ui/src/com/projity/pm/graphic/spreadsheet/selection/SpreadSheetColumnsPopupMenu.java,276f0ef087cc61d127e45a5e4c48b5797bd78f6b2c10f75f0fd7cc1591855163,0530be227f4a10c5545cce8d3db20ac5a4d76a66,REVIEW_REQUIRED,ProjectLibre,false,REVIEW_REQUIRED,CPAL-1.0,REVIEW,OpenProj path exists but content differs; perform hunk-level comparison,
modules/projectlibre_ui/src/main/java/com/projectlibre1/pm/graphic/spreadsheet/selection/SpreadSheetListSelectionModel.java,projectlibre_ui,java,HEAD,9ff02533b31a6a191c9caabf2f299932797c1eb76427b6011dc41f230ded5d52,d2fa3c20a,openproj_ui/src/com/projity/pm/graphic/spreadsheet/selection/SpreadSheetListSelectionModel.java,3466ed162b0cd752c918c54f50e475fcfab2c9cafb2a2e819ff5c0915c9da2ff,0530be227f4a10c5545cce8d3db20ac5a4d76a66,REVIEW_REQUIRED,ProjectLibre,true,REVIEW_REQUIRED,CPAL-1.0,KEEP_OPENPROJ,normalized content matches OpenProj baseline,
modules/projectlibre_ui/src/main/java/com/projectlibre1/pm/graphic/spreadsheet/selection/SpreadSheetSelectionModel.java,projectlibre_ui,java,HEAD,a1f1696fb5ad49cca362f1fa1cbab14869b8d3fd69ee8a52d4d4e22ad4c33b72,d2fa3c20a,openproj_ui/src/com/projity/pm/graphic/spreadsheet/selection/SpreadSheetSelectionModel.java,9146b203c6a4faa9cb14d8edc7ce1c773022f415183dd04e5657b75caa786fec,0530be227f4a10c5545cce8d3db20ac5a4d76a66,REVIEW_REQUIRED,ProjectLibre,true,REVIEW_REQUIRED,CPAL-1.0,KEEP_OPENPROJ,normalized content matches OpenProj baseline,
modules/projectlibre_ui/src/main/java/com/projectlibre1/pm/graphic/spreadsheet/selection/TimeSpreadSheetColumnsPopupMenu.java,projectlibre_ui,java,HEAD,c7651951ab0bc24235443e849e8ea9d1bc3769be17bf3dcf8628ba6a38c71d5a,d2fa3c20a,openproj_ui/src/com/projity/pm/graphic/spreadsheet/selection/TimeSpreadSheetColumnsPopupMenu.java,5c711332ac249f4e59e465e10d1ab78b2f39412ed5a71b7690320c84d76d360f,0530be227f4a10c5545cce8d3db20ac5a4d76a66,REVIEW_REQUIRED,ProjectLibre,false,REVIEW_REQUIRED,CPAL-1.0,REVIEW,OpenProj path exists but content differs; perform hunk-level comparison,
modules/projectlibre_ui/src/main/java/com/projectlibre1/pm/graphic/spreadsheet/selection/event/HeaderMouseListener.java,projectlibre_ui,java,HEAD,54cdadbbcdb41bfb5bb8d54cdeb1f894d2cc8809c6278f19b9dd236a10abc413,d2fa3c20a,openproj_ui/src/com/projity/pm/graphic/spreadsheet/selection/event/HeaderMouseListener.java,df820e4b6a233ae58646357583b631d6d1b0e46a9585a0b8a64cc6c1b31cc946,0530be227f4a10c5545cce8d3db20ac5a4d76a66,REVIEW_REQUIRED,ProjectLibre,false,REVIEW_REQUIRED,CPAL-1.0,REVIEW,OpenProj path exists but content differs; perform hunk-level comparison,
modules/projectlibre_ui/src/main/java/com/projectlibre1/pm/graphic/spreadsheet/selection/event/SelectionNodeEvent.java,projectlibre_ui,java,HEAD,b4ee22b8594510795421d91e4c67f3d570e1824d56a673381c89c7c6d9611768,d2fa3c20a,openproj_ui/src/com/projity/pm/graphic/spreadsheet/selection/event/SelectionNodeEvent.java,2f277e535a4a7cf2945bb15fc0abe8269e789d2a19a6836ecd61375137d7b38e,0530be227f4a10c5545cce8d3db20ac5a4d76a66,REVIEW_REQUIRED,ProjectLibre,false,REVIEW_REQUIRED,CPAL-1.0,REVIEW,OpenProj path exists but content differs; perform hunk-level comparison,
modules/projectlibre_ui/src/main/java/com/projectlibre1/pm/graphic/spreadsheet/selection/event/SelectionNodeListener.java,projectlibre_ui,java,HEAD,48a002e912053e080ca82cebe78a74604f7f229add56104f0ebcf5fa8e109a94,d2fa3c20a,openproj_ui/src/com/projity/pm/graphic/spreadsheet/selection/event/SelectionNodeListener.java,1f6b61e41a0dcac423b9bc88eddb62129e1900b3c700ab08f4434b965ccd5c23,0530be227f4a10c5545cce8d3db20ac5a4d76a66,REVIEW_REQUIRED,ProjectLibre,true,REVIEW_REQUIRED,CPAL-1.0,KEEP_OPENPROJ,normalized content matches OpenProj baseline,
modules/projectlibre_ui/src/main/java/com/projectlibre1/pm/graphic/spreadsheet/selection/event/SpreadSheetNodeSelectionListener.java,projectlibre_ui,java,HEAD,2e9c38e97b7720e665d05ecf9612b8e6bb292afeb2ebbde75b178bc152676a0d,d2fa3c20a,openproj_ui/src/com/projity/pm/graphic/spreadsheet/selection/event/SpreadSheetNodeSelectionListener.java,8927f142c1b2bd26ffb048f522b628e5de72e996e686b88ad3ab3258dc1cbb43,0530be227f4a10c5545cce8d3db20ac5a4d76a66,REVIEW_REQUIRED,ProjectLibre,false,REVIEW_REQUIRED,CPAL-1.0,REVIEW,OpenProj path exists but content differs; perform hunk-level comparison,
modules/projectlibre_ui/src/main/java/com/projectlibre1/pm/graphic/spreadsheet/time/FieldArrayEvent.java,projectlibre_ui,java,HEAD,794f15a77264c22ffc2dced06635a8781b63440bc94e593bc1da2c0aaf91dff4,d2fa3c20a,openproj_ui/src/com/projity/pm/graphic/spreadsheet/time/FieldArrayEvent.java,84407b8b5042cd8cbe064873312ae5452aa9b2424fa05daf13b43a201f9fe11f,0530be227f4a10c5545cce8d3db20ac5a4d76a66,REVIEW_REQUIRED,ProjectLibre,true,REVIEW_REQUIRED,CPAL-1.0,KEEP_OPENPROJ,normalized content matches OpenProj baseline,
modules/projectlibre_ui/src/main/java/com/projectlibre1/pm/graphic/spreadsheet/time/FieldArrayListener.java,projectlibre_ui,java,HEAD,b393c6ab286e10706b8c230d4875e346e0c12a8a58229bdd4d6a690066bf54b2,d2fa3c20a,openproj_ui/src/com/projity/pm/graphic/spreadsheet/time/FieldArrayListener.java,01f4a370d9278a024408acb48dd4e9e1e2cad81d36577e5c1c75686a21e64284,0530be227f4a10c5545cce8d3db20ac5a4d76a66,REVIEW_REQUIRED,ProjectLibre,true,REVIEW_REQUIRED,CPAL-1.0,KEEP_OPENPROJ,normalized content matches OpenProj baseline,
modules/projectlibre_ui/src/main/java/com/projectlibre1/pm/graphic/spreadsheet/time/TimeSpreadSheet.java,projectlibre_ui,java,HEAD,b994c793d11787aa2aef33e7792098ff46b98ea9921d2726fc304f1bbc13bf41,d2fa3c20a,openproj_ui/src/com/projity/pm/graphic/spreadsheet/time/TimeSpreadSheet.java,fddad06cec064140cdaed6d0a4a14d441d1f027d3a1aba0efebadf79af555796,0530be227f4a10c5545cce8d3db20ac5a4d76a66,REVIEW_REQUIRED,ProjectLibre,false,REVIEW_REQUIRED,CPAL-1.0,REVIEW,OpenProj path exists but content differs; perform hunk-level comparison,
modules/projectlibre_ui/src/main/java/com/projectlibre1/pm/graphic/spreadsheet/time/TimeSpreadSheetColumnModel.java,projectlibre_ui,java,HEAD,c0ddc097c6eb60082dec59afea7bd2576e185356908db4850a9dac3316d05b09,d2fa3c20a,openproj_ui/src/com/projity/pm/graphic/spreadsheet/time/TimeSpreadSheetColumnModel.java,1b83a2e15447b3d6a2feab17d0d31be35c0ad038c940f0a541fa5b69138e7cf4,0530be227f4a10c5545cce8d3db20ac5a4d76a66,REVIEW_REQUIRED,ProjectLibre,true,REVIEW_REQUIRED,CPAL-1.0,KEEP_OPENPROJ,normalized content matches OpenProj baseline,
modules/projectlibre_ui/src/main/java/com/projectlibre1/pm/graphic/spreadsheet/time/TimeSpreadSheetModel.java,projectlibre_ui,java,HEAD,83ad65ed4a37303565792b8d0aecd1f0d6536c1ce35e6c0fdcb5f891d27a2ad1,d2fa3c20a,openproj_ui/src/com/projity/pm/graphic/spreadsheet/time/TimeSpreadSheetModel.java,a7f2005e8c051c71eb6ab4a01e57abfdbb2f1d69e4516f18144c7632be6ee6d5,0530be227f4a10c5545cce8d3db20ac5a4d76a66,REVIEW_REQUIRED,ProjectLibre,false,REVIEW_REQUIRED,CPAL-1.0,REVIEW,OpenProj path exists but content differs; perform hunk-level comparison,
modules/projectlibre_ui/src/main/java/com/projectlibre1/pm/graphic/spreadsheet/time/TimeSpreadSheetRowHeaderColumnModel.java,projectlibre_ui,java,HEAD,7784e1cef192bf9997e5b2cb341de5319d47f0000e50ca3e298fc73fcfd9486c,d2fa3c20a,openproj_ui/src/com/projity/pm/graphic/spreadsheet/time/TimeSpreadSheetRowHeaderColumnModel.java,f0147ba22aedf092dc1cb0f897f1d969575f9c2277df59cf9ea627c1ed7e9338,0530be227f4a10c5545cce8d3db20ac5a4d76a66,REVIEW_REQUIRED,ProjectLibre,true,REVIEW_REQUIRED,CPAL-1.0,KEEP_OPENPROJ,normalized content matches OpenProj baseline,
modules/projectlibre_ui/src/main/java/com/projectlibre1/pm/graphic/swing/Util.java,projectlibre_ui,java,HEAD,5bea8f1e3dcce6347d25f22470020d38ff5341137fb5025334a267d5616f5132,d2fa3c20a,openproj_ui/src/com/projity/pm/graphic/swing/Util.java,55afba56e72e6e96a6f53c42a471924c09376a48f983e16c59c83cc6b0a052f3,0530be227f4a10c5545cce8d3db20ac5a4d76a66,REVIEW_REQUIRED,ProjectLibre,true,REVIEW_REQUIRED,CPAL-1.0,KEEP_OPENPROJ,normalized content matches OpenProj baseline,
modules/projectlibre_ui/src/main/java/com/projectlibre1/pm/graphic/timescale/CoordinatesConverter.java,projectlibre_ui,java,HEAD,0350a954ead8b79c15d7fbe4851add3dfcec20144c128d55b7bee471ac337d95,d2fa3c20a,openproj_ui/src/com/projity/pm/graphic/timescale/CoordinatesConverter.java,777107742f04c2e940c8d417ff08c183728de0de955012b30f156f073de98de2,0530be227f4a10c5545cce8d3db20ac5a4d76a66,REVIEW_REQUIRED,ProjectLibre,false,REVIEW_REQUIRED,CPAL-1.0,REVIEW,OpenProj path exists but content differs; perform hunk-level comparison,
modules/projectlibre_ui/src/main/java/com/projectlibre1/pm/graphic/timescale/ScaledComponent.java,projectlibre_ui,java,HEAD,760efa54640144f36dbc5e70c832c49f73dd3bbd53538d7f603fb1228da36833,d2fa3c20a,openproj_ui/src/com/projity/pm/graphic/timescale/ScaledComponent.java,c68f8bbfaf687f5451865a5785ed92dd0067020d8362390f03891650160c24be,0530be227f4a10c5545cce8d3db20ac5a4d76a66,REVIEW_REQUIRED,ProjectLibre,true,REVIEW_REQUIRED,CPAL-1.0,KEEP_OPENPROJ,normalized content matches OpenProj baseline,
modules/projectlibre_ui/src/main/java/com/projectlibre1/pm/graphic/timescale/ScaledScrollPane.java,projectlibre_ui,java,HEAD,47bcbdf9c08e56b5d38bc05ff06f19dc44f8f18fc64f36f9e46769e18cb80010,d2fa3c20a,openproj_ui/src/com/projity/pm/graphic/timescale/ScaledScrollPane.java,77a7e98409ac3ede4c8bb926198caa3a0a90307f820bb34ceb74ee29658666fc,0530be227f4a10c5545cce8d3db20ac5a4d76a66,REVIEW_REQUIRED,ProjectLibre,false,REVIEW_REQUIRED,CPAL-1.0,REVIEW,OpenProj path exists but content differs; perform hunk-level comparison,
modules/projectlibre_ui/src/main/java/com/projectlibre1/pm/graphic/timescale/TimeScaleComponent.java,projectlibre_ui,java,HEAD,0582b39f96a6d9b91b48f4517f110adec4e0b7dbf0ea0ae502b36c11e0636b05,d2fa3c20a,openproj_ui/src/com/projity/pm/graphic/timescale/TimeScaleComponent.java,315f05c9b744dab664459bb67ac7f29c113dd2bf1d075e1e6f6c0b2c6d56a592,0530be227f4a10c5545cce8d3db20ac5a4d76a66,REVIEW_REQUIRED,ProjectLibre,false,REVIEW_REQUIRED,CPAL-1.0,REVIEW,OpenProj path exists but content differs; perform hunk-level comparison,
modules/projectlibre_ui/src/main/java/com/projectlibre1/pm/graphic/views/BaseView.java,projectlibre_ui,java,HEAD,237aa96d439ab74317ba3f857203fa9f9ad7e8918da06b0aa8b9f167ccd5106d,d2fa3c20a,openproj_ui/src/com/projity/pm/graphic/views/BaseView.java,f3a9e60515cb3993b58039817a5ab9413824bec805e5bc15da62d86d87b33be0,0530be227f4a10c5545cce8d3db20ac5a4d76a66,REVIEW_REQUIRED,ProjectLibre,false,REVIEW_REQUIRED,CPAL-1.0,REVIEW,OpenProj path exists but content differs; perform hunk-level comparison,
modules/projectlibre_ui/src/main/java/com/projectlibre1/pm/graphic/views/ChartView.java,projectlibre_ui,java,HEAD,ff31c2bff21a540fa5a1dd54641ab914e02b3b3e0fb084ae3194e47cf97fa073,d2fa3c20a,openproj_ui/src/com/projity/pm/graphic/views/ChartView.java,e8113e6dc60bc415e5cf55e105447367682c7edbd6f991ef91f9524ff63d741e,0530be227f4a10c5545cce8d3db20ac5a4d76a66,REVIEW_REQUIRED,ProjectLibre,false,REVIEW_REQUIRED,CPAL-1.0,REVIEW,OpenProj path exists but content differs; perform hunk-level comparison,
modules/projectlibre_ui/src/main/java/com/projectlibre1/pm/graphic/views/GanttView.java,projectlibre_ui,java,HEAD,f4e3f8dd23866694e4ed1e6ff813dd863ce9bbe552b8e3977c05f9132101377e,d2fa3c20a,openproj_ui/src/com/projity/pm/graphic/views/GanttView.java,1c3f379a9599afe19a3eeb3127cfbcf7ead4121b8894de8b1824f165cb82efcc,0530be227f4a10c5545cce8d3db20ac5a4d76a66,REVIEW_REQUIRED,ProjectLibre,false,REVIEW_REQUIRED,CPAL-1.0,REVIEW,OpenProj path exists but content differs; perform hunk-level comparison,
modules/projectlibre_ui/src/main/java/com/projectlibre1/pm/graphic/views/MainView.java,projectlibre_ui,java,HEAD,784bef0b23826a3ff5e050c0492104c861d6ff6265f228565a99ea71c9b41dfd,d2fa3c20a,openproj_ui/src/com/projity/pm/graphic/views/MainView.java,4bc713e532da7dcd6e4327e69899db633a15f90394baed8baa62740708647bc0,0530be227f4a10c5545cce8d3db20ac5a4d76a66,REVIEW_REQUIRED,ProjectLibre,true,REVIEW_REQUIRED,CPAL-1.0,KEEP_OPENPROJ,normalized content matches OpenProj baseline,
modules/projectlibre_ui/src/main/java/com/projectlibre1/pm/graphic/views/PertView.java,projectlibre_ui,java,HEAD,121983553dd873c31dd2231c0720a8309b0215ccfa63a2f75064eb323e4123f7,d2fa3c20a,openproj_ui/src/com/projity/pm/graphic/views/PertView.java,40d9d599f1f45887f6c14566b229ccd62d6832ace8cb58da3a496633668b9ab5,0530be227f4a10c5545cce8d3db20ac5a4d76a66,REVIEW_REQUIRED,ProjectLibre,false,REVIEW_REQUIRED,CPAL-1.0,REVIEW,OpenProj path exists but content differs; perform hunk-level comparison,
modules/projectlibre_ui/src/main/java/com/projectlibre1/pm/graphic/views/ProjectView.java,projectlibre_ui,java,HEAD,8434f373d06584d86ea1622f4a57f1aa69edeed0370e183c246784279439f989,d2fa3c20a,openproj_ui/src/com/projity/pm/graphic/views/ProjectView.java,067707e7d13ef02315bf3cb50a1577f59e9add9920e639965e50b4b2ba2cb9fd,0530be227f4a10c5545cce8d3db20ac5a4d76a66,REVIEW_REQUIRED,ProjectLibre,false,REVIEW_REQUIRED,CPAL-1.0,REVIEW,OpenProj path exists but content differs; perform hunk-level comparison,
modules/projectlibre_ui/src/main/java/com/projectlibre1/pm/graphic/views/ProjectsDialog.java,projectlibre_ui,java,HEAD,ff25b6a9ad8e352927b0675f0282c4bb029e9d56e66cff77d6d8639f9f966418,d2fa3c20a,openproj_ui/src/com/projity/pm/graphic/views/ProjectsDialog.java,b3714841f69316087ac31d8b981ff8f3e979168b359a00702580e119c7c5f32d,0530be227f4a10c5545cce8d3db20ac5a4d76a66,REVIEW_REQUIRED,ProjectLibre,true,REVIEW_REQUIRED,CPAL-1.0,KEEP_OPENPROJ,normalized content matches OpenProj baseline,
modules/projectlibre_ui/src/main/java/com/projectlibre1/pm/graphic/views/ResourceView.java,projectlibre_ui,java,HEAD,60a433f0ffe69e0d6382c707a71b7528d69bb296f73fea1c6e4c23e9a80b1b15,d2fa3c20a,openproj_ui/src/com/projity/pm/graphic/views/ResourceView.java,96d7c2df86ef8da84bf1a72ad413f117e2a68851a695e658426f1bdd9be19d0f,0530be227f4a10c5545cce8d3db20ac5a4d76a66,REVIEW_REQUIRED,ProjectLibre,false,REVIEW_REQUIRED,CPAL-1.0,REVIEW,OpenProj path exists but content differs; perform hunk-level comparison,
modules/projectlibre_ui/src/main/java/com/projectlibre1/pm/graphic/views/SearchContext.java,projectlibre_ui,java,HEAD,64d23a8045a8cb4f2c424b91a9d9640cb3468f3d2278068826d90d5ad85ed63b,d2fa3c20a,openproj_ui/src/com/projity/pm/graphic/views/SearchContext.java,9da249bd36e0c18755a3b1c49999964d8ff32c4222e476e5248f1f927dc605c4,0530be227f4a10c5545cce8d3db20ac5a4d76a66,REVIEW_REQUIRED,ProjectLibre,true,REVIEW_REQUIRED,CPAL-1.0,KEEP_OPENPROJ,normalized content matches OpenProj baseline,
modules/projectlibre_ui/src/main/java/com/projectlibre1/pm/graphic/views/Searchable.java,projectlibre_ui,java,HEAD,8afb27f73894b2f6b07d3333f1f861613a71c1825eaa3252fb04644578d4377f,d2fa3c20a,openproj_ui/src/com/projity/pm/graphic/views/Searchable.java,f2f7eb166ae8445e0192f2b56ce50932f5ab998b139944c1c5cab3188ef25d4f,0530be227f4a10c5545cce8d3db20ac5a4d76a66,REVIEW_REQUIRED,ProjectLibre,true,REVIEW_REQUIRED,CPAL-1.0,KEEP_OPENPROJ,normalized content matches OpenProj baseline,
modules/projectlibre_ui/src/main/java/com/projectlibre1/pm/graphic/views/SplittedView.java,projectlibre_ui,java,HEAD,dfb67cb3b88b8bcdf68093eb822bd0bd0bfb742e8f168d9d39ebc1a260bad96c,d2fa3c20a,openproj_ui/src/com/projity/pm/graphic/views/SplittedView.java,2fe07e8f3e6507ff404e949bb5292d52dbb27b7167fcc334dd77ac1776130654,0530be227f4a10c5545cce8d3db20ac5a4d76a66,REVIEW_REQUIRED,ProjectLibre,false,REVIEW_REQUIRED,CPAL-1.0,REVIEW,OpenProj path exists but content differs; perform hunk-level comparison,
modules/projectlibre_ui/src/main/java/com/projectlibre1/pm/graphic/views/SpreadsheetViewSupport.java,projectlibre_ui,java,HEAD,f920d45cdf724f4c8bc243b0b0fd9dcaf71b17a8bfa2e4b64bd1800c43b668ca,d2fa3c20a,,,0530be227f4a10c5545cce8d3db20ac5a4d76a66,REVIEW_REQUIRED,Unknown,false,REVIEW_REQUIRED,REVIEW_REQUIRED,REVIEW,no path match in OpenProj baseline; classify origin manually,
modules/projectlibre_ui/src/main/java/com/projectlibre1/pm/graphic/views/TaskGanttSyncSupport.java,projectlibre_ui,java,HEAD,f23d3e7995207f4ed5f4a15638ee9af3e17bc076ac5e3055c75471eec1ef8f26,d2fa3c20a,,,0530be227f4a10c5545cce8d3db20ac5a4d76a66,REVIEW_REQUIRED,Unknown,false,REVIEW_REQUIRED,REVIEW_REQUIRED,REVIEW,no path match in OpenProj baseline; classify origin manually,
modules/projectlibre_ui/src/main/java/com/projectlibre1/pm/graphic/views/TreeView.java,projectlibre_ui,java,HEAD,ef01975d6f50dd7ec79573984447b29ff8dbc590775ae5e9d8a64e2bde1b6568,d2fa3c20a,openproj_ui/src/com/projity/pm/graphic/views/TreeView.java,18f3e19fced24b836de164ebf807cf4a55762d11d5800f69f702d1062c5030fd,0530be227f4a10c5545cce8d3db20ac5a4d76a66,REVIEW_REQUIRED,ProjectLibre,false,REVIEW_REQUIRED,CPAL-1.0,REVIEW,OpenProj path exists but content differs; perform hunk-level comparison,
modules/projectlibre_ui/src/main/java/com/projectlibre1/pm/graphic/views/UsageDetailView.java,projectlibre_ui,java,HEAD,795bea85f8217c3cd623d33754dd41c17d2a884b2823308ba2bb20c210c071d6,d2fa3c20a,openproj_ui/src/com/projity/pm/graphic/views/UsageDetailView.java,64b962883320fbb8e6391f76977186c07de6810585cd55dc114bc5afef9ee0af,0530be227f4a10c5545cce8d3db20ac5a4d76a66,REVIEW_REQUIRED,ProjectLibre,false,REVIEW_REQUIRED,CPAL-1.0,REVIEW,OpenProj path exists but content differs; perform hunk-level comparison,
modules/projectlibre_ui/src/main/java/com/projectlibre1/pm/graphic/views/synchro/ScrollPaneSynchronizer.java,projectlibre_ui,java,HEAD,7cb04ab70388f60165e52edaca59001ea1c0be542ac3693d9001b0f824cbda9a,d2fa3c20a,openproj_ui/src/com/projity/pm/graphic/views/synchro/ScrollPaneSynchronizer.java,750149a6ba133464464749e1f3aab1aee6cf137de3c51d073904d7d0a8abd6ab,0530be227f4a10c5545cce8d3db20ac5a4d76a66,REVIEW_REQUIRED,ProjectLibre,false,REVIEW_REQUIRED,CPAL-1.0,REVIEW,OpenProj path exists but content differs; perform hunk-level comparison,
modules/projectlibre_ui/src/main/java/com/projectlibre1/pm/graphic/views/synchro/Synchronizer.java,projectlibre_ui,java,HEAD,35579ec0e78d790aac37ac0f5f31ce40cad3b547b3cb1a4ff4f4436dcbcdae0f,d2fa3c20a,openproj_ui/src/com/projity/pm/graphic/views/synchro/Synchronizer.java,0f24cf2095d2ea1ab7746cdebceb18477c3c70d8588367d749607ca3887f4766,0530be227f4a10c5545cce8d3db20ac5a4d76a66,REVIEW_REQUIRED,ProjectLibre,false,REVIEW_REQUIRED,CPAL-1.0,REVIEW,OpenProj path exists but content differs; perform hunk-level comparison,
modules/projectlibre_ui/src/main/java/com/projectlibre1/pm/graphic/xbs/Xbs.java,projectlibre_ui,java,HEAD,17e0299e219f92b0c9f349eabce2bd69fed5883f4363ea3561c1f47ee82cd249,d2fa3c20a,openproj_ui/src/com/projity/pm/graphic/xbs/Xbs.java,67ae8c52e0eef220e33ca5da12a8349cea66b22b856ffc2c1eaa7b59f6b91631,0530be227f4a10c5545cce8d3db20ac5a4d76a66,REVIEW_REQUIRED,ProjectLibre,true,REVIEW_REQUIRED,CPAL-1.0,KEEP_OPENPROJ,normalized content matches OpenProj baseline,
modules/projectlibre_ui/src/main/java/com/projectlibre1/pm/graphic/xbs/XbsInteractor.java,projectlibre_ui,java,HEAD,9c91c063e518ee06e643daff23b5857e7baa65e9b9d076f601a5066f059d8f33,d2fa3c20a,openproj_ui/src/com/projity/pm/graphic/xbs/XbsInteractor.java,56e4bfd5e76d473918621189185cbf57dbf404468e2a658f1724bb6fcd234bd6,0530be227f4a10c5545cce8d3db20ac5a4d76a66,REVIEW_REQUIRED,ProjectLibre,false,REVIEW_REQUIRED,CPAL-1.0,REVIEW,OpenProj path exists but content differs; perform hunk-level comparison,
modules/projectlibre_ui/src/main/java/com/projectlibre1/pm/graphic/xbs/XbsLayout.java,projectlibre_ui,java,HEAD,75972f952bbe5de6df653b2aa2ad6e99abd3d9fa7677413982c88c27da370ba8,d2fa3c20a,openproj_ui/src/com/projity/pm/graphic/xbs/XbsLayout.java,c4fe9d91f6d8c0eccda81236b7ceeec8e403363899100868803632fbe84943be,0530be227f4a10c5545cce8d3db20ac5a4d76a66,REVIEW_REQUIRED,ProjectLibre,false,REVIEW_REQUIRED,CPAL-1.0,REVIEW,OpenProj path exists but content differs; perform hunk-level comparison,
modules/projectlibre_ui/src/main/java/com/projectlibre1/pm/graphic/xbs/XbsRenderer.java,projectlibre_ui,java,HEAD,619a9922112d1de68fd30b3d0a81185e807bcd6b255b851b2a9fbf048f808a16,d2fa3c20a,openproj_ui/src/com/projity/pm/graphic/xbs/XbsRenderer.java,edfa587bae8f485e92c226da0e6cc2dc8db20efb0d708f82b7045480888799ee,0530be227f4a10c5545cce8d3db20ac5a4d76a66,REVIEW_REQUIRED,ProjectLibre,false,REVIEW_REQUIRED,CPAL-1.0,REVIEW,OpenProj path exists but content differs; perform hunk-level comparison,
modules/projectlibre_ui/src/main/java/com/projectlibre1/pm/graphic/xbs/XbsUI.java,projectlibre_ui,java,HEAD,60f4cfef23eb831db7ebb77ad504d34fb52fc22636c0bea390cadf20f806a31e,d2fa3c20a,openproj_ui/src/com/projity/pm/graphic/xbs/XbsUI.java,819ebcdae6caf7a6f8b5e5cf68ed3df5c6cf06801b3aa1a48bc6625655dfc419,0530be227f4a10c5545cce8d3db20ac5a4d76a66,REVIEW_REQUIRED,ProjectLibre,true,REVIEW_REQUIRED,CPAL-1.0,KEEP_OPENPROJ,normalized content matches OpenProj baseline,
modules/projectlibre_ui/src/main/java/com/projectlibre1/print/DocumentPrintable.java,projectlibre_ui,java,HEAD,e0163d958941fb499666f3b0c8afff8d88c95ef98e2873aca8b176b2e6550294,d2fa3c20a,openproj_ui/src/com/projity/print/DocumentPrintable.java,1370b58be9eda3f7f87b4c29338a41c00609a3db4bf483ccee9afa5e5f605a23,0530be227f4a10c5545cce8d3db20ac5a4d76a66,REVIEW_REQUIRED,ProjectLibre,false,REVIEW_REQUIRED,CPAL-1.0,REVIEW,OpenProj path exists but content differs; perform hunk-level comparison,
modules/projectlibre_ui/src/main/java/com/projectlibre1/print/ExtendedPrintService.java,projectlibre_ui,java,HEAD,d54f76ec8ff955a93705ba0d673858d505dc8e388c19a1b2f4bfe1c28810d827,d2fa3c20a,openproj_ui/src/com/projity/print/ExtendedPrintService.java,fa03c6880b00e3763046be14a88e823db253e87153c56c2f27093b988b5b5db1,0530be227f4a10c5545cce8d3db20ac5a4d76a66,REVIEW_REQUIRED,ProjectLibre,true,REVIEW_REQUIRED,CPAL-1.0,KEEP_OPENPROJ,normalized content matches OpenProj baseline,
modules/projectlibre_ui/src/main/java/com/projectlibre1/print/ExtendedPrintServiceFactory.java,projectlibre_ui,java,HEAD,0d23109bd72ba9650fa1ac2e71674b3b3140c63a5b925121b7e871e6ccb3a103,d2fa3c20a,openproj_ui/src/com/projity/print/ExtendedPrintServiceFactory.java,e291f6607c81fe2ac978a3e478102446d7029ec88e9b5fbac3fd9cd7480ea2bc,0530be227f4a10c5545cce8d3db20ac5a4d76a66,REVIEW_REQUIRED,ProjectLibre,false,REVIEW_REQUIRED,CPAL-1.0,REVIEW,OpenProj path exists but content differs; perform hunk-level comparison,
modules/projectlibre_ui/src/main/java/com/projectlibre1/print/FooterRenderer.java,projectlibre_ui,java,HEAD,9ab81af99d68f314adeb1c77b38cf3c5e06cc611e950eacd35713dfc600d0016,d2fa3c20a,openproj_ui/src/com/projity/print/FooterRenderer.java,d105925c6349e0082a9320923bfb674e1578977899ce330f6e656f4646e97b15,0530be227f4a10c5545cce8d3db20ac5a4d76a66,REVIEW_REQUIRED,ProjectLibre,false,REVIEW_REQUIRED,CPAL-1.0,REVIEW,OpenProj path exists but content differs; perform hunk-level comparison,
modules/projectlibre_ui/src/main/java/com/projectlibre1/print/GraphPageable.java,projectlibre_ui,java,HEAD,6e5b95355f1192dddfb905ab1e7e7de4155bbbdcf6007edacab2b00d093ff1c8,d2fa3c20a,openproj_ui/src/com/projity/print/GraphPageable.java,b37e8b2d250177282605b282c0a142fd9a85ba9dd5d432dc2352e2a70b131168,0530be227f4a10c5545cce8d3db20ac5a4d76a66,REVIEW_REQUIRED,ProjectLibre,false,REVIEW_REQUIRED,CPAL-1.0,REVIEW,OpenProj path exists but content differs; perform hunk-level comparison,
modules/projectlibre_ui/src/main/java/com/projectlibre1/print/PageSetup.java,projectlibre_ui,java,HEAD,43cc808e82264e0c0d108d51e5cee46ea5a3f661a53452d58a489c8675645a9d,d2fa3c20a,openproj_ui/src/com/projity/print/PageSetup.java,ddd85014fa66eca9ec389c30da02f8622112d0e4e73ca91917b06eb31a2c1588,0530be227f4a10c5545cce8d3db20ac5a4d76a66,REVIEW_REQUIRED,ProjectLibre,false,REVIEW_REQUIRED,CPAL-1.0,REVIEW,OpenProj path exists but content differs; perform hunk-level comparison,
modules/projectlibre_ui/src/main/java/com/projectlibre1/print/PageSizes.java,projectlibre_ui,java,HEAD,5152dda5cf7984fca0f8e3c540db4cac14a6705f11d0acc24a95d24662a6ab98,d2fa3c20a,openproj_ui/src/com/projity/print/PageSizes.java,b836cbed2d67cd594809271dcbd9ad5057734c2cba7298feffcdf13a36c16e03,0530be227f4a10c5545cce8d3db20ac5a4d76a66,REVIEW_REQUIRED,ProjectLibre,false,REVIEW_REQUIRED,CPAL-1.0,REVIEW,OpenProj path exists but content differs; perform hunk-level comparison,
modules/projectlibre_ui/src/main/java/com/projectlibre1/print/PrintDocument.java,projectlibre_ui,java,HEAD,da805e8378c9ecbaca7520cea1d9d22e6b45a60ac5880f5d2209f96e5d3907f3,d2fa3c20a,openproj_ui/src/com/projity/print/PrintDocument.java,0791356c778d6e030ce8f6640fdeef07b649af3a1f9280f8cc68f3527f802a95,0530be227f4a10c5545cce8d3db20ac5a4d76a66,REVIEW_REQUIRED,ProjectLibre,false,REVIEW_REQUIRED,CPAL-1.0,REVIEW,OpenProj path exists but content differs; perform hunk-level comparison,
modules/projectlibre_ui/src/main/java/com/projectlibre1/print/PrintDocumentFactory.java,projectlibre_ui,java,HEAD,aca9389191a2b4849bf4648a7da01692f9ee4890334fae164ab4fe643f638b68,d2fa3c20a,openproj_ui/src/com/projity/print/PrintDocumentFactory.java,00681383e423dadedff4d360d0c78cb9668d67fc14860d1674cedf5d0fe0a33a,0530be227f4a10c5545cce8d3db20ac5a4d76a66,REVIEW_REQUIRED,ProjectLibre,false,REVIEW_REQUIRED,CPAL-1.0,REVIEW,OpenProj path exists but content differs; perform hunk-level comparison,
modules/projectlibre_ui/src/main/java/com/projectlibre1/print/PrintPreviewFrame.java,projectlibre_ui,java,HEAD,d0ab1821df181e9402d122a45bf9b276c59484cbc4896805665cc1eebd3ee669,d2fa3c20a,openproj_ui/src/com/projity/print/PrintPreviewFrame.java,5920b5e3fb3c1c57f07d367723705b48625ce585ef05e340dd60bebce26e70e5,0530be227f4a10c5545cce8d3db20ac5a4d76a66,REVIEW_REQUIRED,ProjectLibre,false,REVIEW_REQUIRED,CPAL-1.0,REVIEW,OpenProj path exists but content differs; perform hunk-level comparison,
modules/projectlibre_ui/src/main/java/com/projectlibre1/print/ViewPrintable.java,projectlibre_ui,java,HEAD,894d6c50824b5f0e345651bdd3c1610584a69731c7e53ea6bdd4115b6f2f0f2d,d2fa3c20a,openproj_ui/src/com/projity/print/ViewPrintable.java,c1d0d202702d2329f75c882bf4e5f4d8aace476bc7da7fde3c570daff4e51084,0530be227f4a10c5545cce8d3db20ac5a4d76a66,REVIEW_REQUIRED,ProjectLibre,false,REVIEW_REQUIRED,CPAL-1.0,REVIEW,OpenProj path exists but content differs; perform hunk-level comparison,
modules/projectlibre_ui/src/main/java/com/projectlibre1/print/ViewPrintableParams.java,projectlibre_ui,java,HEAD,ec77689bcee0c617be645c7ebcb94dd37affbcfbefed583d594194e9ac98fcd3,d2fa3c20a,openproj_ui/src/com/projity/print/ViewPrintableParams.java,c416c597100863795e434a540a46f9f1e832d5dcc5acb3a9e4f69a6664c50576,0530be227f4a10c5545cce8d3db20ac5a4d76a66,REVIEW_REQUIRED,ProjectLibre,false,REVIEW_REQUIRED,CPAL-1.0,REVIEW,OpenProj path exists but content differs; perform hunk-level comparison,
modules/projectlibre_ui/src/main/java/com/projectlibre1/print/ViewPrintableParamsImpl.java,projectlibre_ui,java,HEAD,7e229ed3aab12cd02d98c637a50818444394162f0c61c40902e336fdbddff478,d2fa3c20a,openproj_ui/src/com/projity/print/ViewPrintableParamsImpl.java,d1a67c1c7dae152e26a72225f0624b543e48c461ee43a764f2ec80913e206b44,0530be227f4a10c5545cce8d3db20ac5a4d76a66,REVIEW_REQUIRED,ProjectLibre,true,REVIEW_REQUIRED,CPAL-1.0,KEEP_OPENPROJ,normalized content matches OpenProj baseline,
modules/projectlibre_ui/src/main/java/com/projectlibre1/reports/view/ReportView.java,projectlibre_ui,java,HEAD,b63620002abed2a8a30a419a87393ac9bc316e355f634bbfebcf98bb6763aeb4,d2fa3c20a,openproj_ui/src/com/projity/reports/view/ReportView.java,4870afaf0787cf802241885adb03c90a19c46a5904f98074bd106f6a89816ef3,0530be227f4a10c5545cce8d3db20ac5a4d76a66,REVIEW_REQUIRED,ProjectLibre,false,REVIEW_REQUIRED,CPAL-1.0,REVIEW,OpenProj path exists but content differs; perform hunk-level comparison,
modules/projectlibre_ui/src/main/java/com/projectlibre1/toolbar/FilterToolBarManager.java,projectlibre_ui,java,HEAD,dadc5b728f4de2b99eb6ad810925521eea1a90fb7cabb0ea29c12b2442b710a6,d2fa3c20a,openproj_ui/src/com/projity/toolbar/FilterToolBarManager.java,61aac50b6e139097b1b9c7f23e260e2037a4c7bfba418e50a852e85ae113fe69,0530be227f4a10c5545cce8d3db20ac5a4d76a66,REVIEW_REQUIRED,ProjectLibre,false,REVIEW_REQUIRED,CPAL-1.0,REVIEW,OpenProj path exists but content differs; perform hunk-level comparison,
modules/projectlibre_ui/src/main/java/com/projectlibre1/toolbar/TransformComboBox.java,projectlibre_ui,java,HEAD,f71dcd3ebc2791f960d971ae749ca1148302bbb9f0e285e055cc447cb0263b53,d2fa3c20a,openproj_ui/src/com/projity/toolbar/TransformComboBox.java,eb432cf1878ced80e5cb6f6e1075146f45b0288c4f65c425cc0f65ddb1aaa801,0530be227f4a10c5545cce8d3db20ac5a4d76a66,REVIEW_REQUIRED,ProjectLibre,false,REVIEW_REQUIRED,CPAL-1.0,REVIEW,OpenProj path exists but content differs; perform hunk-level comparison,
modules/projectlibre_ui/src/main/java/com/projectlibre1/toolbar/TransformComboBoxModel.java,projectlibre_ui,java,HEAD,4e72c103b18e2508664afe1beba1238fddfb742dccd2dd87b529eb746aebd2ef,d2fa3c20a,openproj_ui/src/com/projity/toolbar/TransformComboBoxModel.java,92ac50bd059932003dd466b5851de18819e961223b19080b802310bf70d923ee,0530be227f4a10c5545cce8d3db20ac5a4d76a66,REVIEW_REQUIRED,ProjectLibre,false,REVIEW_REQUIRED,CPAL-1.0,REVIEW,OpenProj path exists but content differs; perform hunk-level comparison,
modules/projectlibre_ui/src/main/java/com/projectlibre1/util/ClassicMSProjectPalette.java,projectlibre_ui,java,HEAD,0e65681b79757bc683c9b7f95cb6e455c3ec86efe5e7bf6751c74c481bc47451,d2fa3c20a,,,0530be227f4a10c5545cce8d3db20ac5a4d76a66,REVIEW_REQUIRED,ProjectLibre,false,REVIEW_REQUIRED,CPAL-1.0,REVIEW,no path match in OpenProj baseline; classify origin manually,
modules/projectlibre_ui/src/main/java/com/projectlibre1/util/DateFieldSupport.java,projectlibre_ui,java,HEAD,94be4465dfb7ec7431a6f5822414028dfde4bb5fc64eacdd33331ad3c884dbfe,d2fa3c20a,,,0530be227f4a10c5545cce8d3db20ac5a4d76a66,REVIEW_REQUIRED,Unknown,false,REVIEW_REQUIRED,REVIEW_REQUIRED,REVIEW,no path match in OpenProj baseline; classify origin manually,
modules/projectlibre_ui/src/main/java/com/projectlibre1/util/FlatLafSupport.java,projectlibre_ui,java,HEAD,ac84e2dce79fc339c5cd486c61259639ec7909fd70f2a87885397609b80ff591,d2fa3c20a,,,0530be227f4a10c5545cce8d3db20ac5a4d76a66,REVIEW_REQUIRED,Unknown,false,REVIEW_REQUIRED,REVIEW_REQUIRED,REVIEW,no path match in OpenProj baseline; classify origin manually,
modules/projectlibre_ui/src/main/java/com/projectlibre1/util/FlatUiSupport.java,projectlibre_ui,java,HEAD,f5b182851c71b10f13994d149a134a7c98d908f54c78a6b18834c63a545d3763,d2fa3c20a,,,0530be227f4a10c5545cce8d3db20ac5a4d76a66,REVIEW_REQUIRED,Unknown,false,REVIEW_REQUIRED,REVIEW_REQUIRED,REVIEW,no path match in OpenProj baseline; classify origin manually,
modules/projectlibre_ui/src/main/java/com/projectlibre1/util/FlatUiTheme.java,projectlibre_ui,java,HEAD,63b2b8c047ca27822394687cf05b4646df49275f51e319754d5f62c4007488ad,d2fa3c20a,,,0530be227f4a10c5545cce8d3db20ac5a4d76a66,REVIEW_REQUIRED,Unknown,false,REVIEW_REQUIRED,REVIEW_REQUIRED,REVIEW,no path match in OpenProj baseline; classify origin manually,
modules/projectlibre_ui/src/main/java/com/projectlibre1/util/GanttColorPalette.java,projectlibre_ui,java,HEAD,8987bf9bdc68a814e4aaabc32f2219c8548f4798da7c5be675a7ae89e01ef1f5,d2fa3c20a,,,0530be227f4a10c5545cce8d3db20ac5a4d76a66,REVIEW_REQUIRED,ProjectLibre,false,REVIEW_REQUIRED,CPAL-1.0,REVIEW,no path match in OpenProj baseline; classify origin manually,
modules/projectlibre_ui/src/main/java/com/projectlibre1/util/GanttProgress.java,projectlibre_ui,java,HEAD,ee79ed7f9ee930a97e641384cc4cf1b390fd4559732362ba58e391e597061990,d2fa3c20a,,,0530be227f4a10c5545cce8d3db20ac5a4d76a66,REVIEW_REQUIRED,Unknown,false,REVIEW_REQUIRED,REVIEW_REQUIRED,REVIEW,no path match in OpenProj baseline; classify origin manually,
modules/projectlibre_ui/src/main/java/com/projectlibre1/util/MondayComPalette.java,projectlibre_ui,java,HEAD,5e59983ed3b82aa1bacd6f35befd230940a9cb1f49b967e1629797b24a0f6dba,d2fa3c20a,,,0530be227f4a10c5545cce8d3db20ac5a4d76a66,REVIEW_REQUIRED,ProjectLibre,false,REVIEW_REQUIRED,CPAL-1.0,REVIEW,no path match in OpenProj baseline; classify origin manually,
modules/projectlibre_ui/src/main/java/com/projectlibre1/util/MondayGanttTheme.java,projectlibre_ui,java,HEAD,14fe48d98101dd1a6f915db06b5cf4f780997a3f142d28446347512e229591bf,d2fa3c20a,,,0530be227f4a10c5545cce8d3db20ac5a4d76a66,REVIEW_REQUIRED,Unknown,false,REVIEW_REQUIRED,REVIEW_REQUIRED,REVIEW,no path match in OpenProj baseline; classify origin manually,
modules/projectlibre_ui/src/main/java/com/projectlibre1/util/SwingFileChooserProvider.java,projectlibre_ui,java,HEAD,cb3bdc78a9f6e80d5095b3efec21abb6f867911c288614aaa3cafa9292363f31,d2fa3c20a,,,0530be227f4a10c5545cce8d3db20ac5a4d76a66,REVIEW_REQUIRED,ProjectLibre,false,REVIEW_REQUIRED,CPAL-1.0,REVIEW,no path match in OpenProj baseline; classify origin manually,
modules/projectlibre_ui/src/main/java/com/projectlibre1/util/UiLinkTargets.java,projectlibre_ui,java,HEAD,4b02bb1d83629a3093cd0aab5f40cfbec3278259f786091aedbd56fdbad587fe,d2fa3c20a,,,0530be227f4a10c5545cce8d3db20ac5a4d76a66,REVIEW_REQUIRED,Unknown,false,REVIEW_REQUIRED,REVIEW_REQUIRED,REVIEW,no path match in OpenProj baseline; classify origin manually,
modules/projectlibre_ui/src/main/java/org/projectlibre/export/ImageExport.java,projectlibre_ui,java,HEAD,b8e2dee92b9bf430a1608da5aeccdd31aac07eedf9b04a973b0e95fb4054d0fb,d2fa3c20a,,,0530be227f4a10c5545cce8d3db20ac5a4d76a66,REVIEW_REQUIRED,ProjectLibre,false,REVIEW_REQUIRED,CPAL-1.0,REVIEW,no path match in OpenProj baseline; classify origin manually,
modules/projectlibre_ui/src/main/java/org/projectlibre/export/PDFExport.java,projectlibre_ui,java,HEAD,c4632f58a22ec711477aa5dd46714e74c8c800b1aee49eb82cc999b7e7c25b57,d2fa3c20a,openproj_ui/src/org/projectlibre/export/PDFExport.java,827fde17e05191b1fd712a5430ad53742d0e4eafccc6a816c564a000a88ce992,0530be227f4a10c5545cce8d3db20ac5a4d76a66,REVIEW_REQUIRED,ProjectLibre,false,REVIEW_REQUIRED,CPAL-1.0,REVIEW,OpenProj path exists but content differs; perform hunk-level comparison,
modules/projectlibre_ui/src/main/java/org/projectlibre/print/ProjectLibrePrintServiceImpl.java,projectlibre_ui,java,HEAD,4463d844be523f0b145cf7e599242512117efcbf5c559bedd46986c3c28ebda8,d2fa3c20a,,,0530be227f4a10c5545cce8d3db20ac5a4d76a66,REVIEW_REQUIRED,ProjectLibre,false,REVIEW_REQUIRED,CPAL-1.0,REVIEW,no path match in OpenProj baseline; classify origin manually,
modules/projectlibre_ui/src/main/resources/com/projectlibre1/dialog/usability.properties,projectlibre_ui,resource,HEAD,bf98b8d3f03bdf8f8c769b167afc712e952b87d1e279a47b436d07e0257e94f6,d2fa3c20a,,,0530be227f4a10c5545cce8d3db20ac5a4d76a66,REVIEW_REQUIRED,Unknown,false,REVIEW_REQUIRED,REVIEW_REQUIRED,REVIEW,no path match in OpenProj baseline; classify origin manually,
modules/projectlibre_ui/src/main/resources/com/projectlibre1/dialog/usability_ja.properties,projectlibre_ui,resource,HEAD,cb756be3e1cb4dc962f28bd2520e15e82ba6bbf03221efdda06fa5c31fdccbca,d2fa3c20a,,,0530be227f4a10c5545cce8d3db20ac5a4d76a66,REVIEW_REQUIRED,Unknown,false,REVIEW_REQUIRED,REVIEW_REQUIRED,REVIEW,no path match in OpenProj baseline; classify origin manually,
modules/projectlibre_ui/src/main/resources/com/projectlibre1/menu/menu.properties,projectlibre_ui,resource,HEAD,eb63b1c35aacb8ce243e70223c51c5da48156c5e828c9fe44659633e5ccbadeb,d2fa3c20a,openproj_ui/src/com/projity/menu/menu.properties,e1ed9eef8524d72824e4f6fbfab44eae9849d2160e515760faee1716d5a7367b,0530be227f4a10c5545cce8d3db20ac5a4d76a66,REVIEW_REQUIRED,ProjectLibre,false,REVIEW_REQUIRED,CPAL-1.0,REVIEW,OpenProj path exists but content differs; perform hunk-level comparison,
modules/projectlibre_ui/src/main/resources/com/projectlibre1/menu/menuInternal.properties,projectlibre_ui,resource,HEAD,a0a1799f0b9193703bb1114600b7773154dac5c1e9c33df08d2749c5463c406b,d2fa3c20a,,,0530be227f4a10c5545cce8d3db20ac5a4d76a66,REVIEW_REQUIRED,ProjectLibre,false,REVIEW_REQUIRED,CPAL-1.0,REVIEW,no path match in OpenProj baseline; classify origin manually,
modules/projectlibre_ui/src/main/resources/com/projectlibre1/menu/menu_ar.properties,projectlibre_ui,resource,HEAD,e5ffb7ca91f526130ef8355cacad65b9213bd4480f035e5ae9c209e31cee8ca4,d2fa3c20a,,,0530be227f4a10c5545cce8d3db20ac5a4d76a66,REVIEW_REQUIRED,ProjectLibre,false,REVIEW_REQUIRED,CPAL-1.0,REVIEW,no path match in OpenProj baseline; classify origin manually,
modules/projectlibre_ui/src/main/resources/com/projectlibre1/menu/menu_da.properties,projectlibre_ui,resource,HEAD,31e6f4a075e9b2726239d6e2600cc25bf214b417caad442fd19b79aae13d8969,d2fa3c20a,,,0530be227f4a10c5545cce8d3db20ac5a4d76a66,REVIEW_REQUIRED,ProjectLibre,false,REVIEW_REQUIRED,CPAL-1.0,REVIEW,no path match in OpenProj baseline; classify origin manually,
modules/projectlibre_ui/src/main/resources/com/projectlibre1/menu/menu_de.properties,projectlibre_ui,resource,HEAD,22880cc3b573cc2997b6fd9034440b1d71ec30d15e29ae67f5fc7e775172f92f,d2fa3c20a,openproj_ui/src/com/projity/menu/menu_de.properties,a1af40fc7306da33d0b1b10b730edf5083f62b1af9ab745e5d514b874258bdf6,0530be227f4a10c5545cce8d3db20ac5a4d76a66,REVIEW_REQUIRED,ProjectLibre,false,REVIEW_REQUIRED,CPAL-1.0,REVIEW,OpenProj path exists but content differs; perform hunk-level comparison,
modules/projectlibre_ui/src/main/resources/com/projectlibre1/menu/menu_el.properties,projectlibre_ui,resource,HEAD,2b8ab1450d42e4e4500f999c3b55f5f1caf12f2a03ad362bef2dde97f4bca99e,d2fa3c20a,,,0530be227f4a10c5545cce8d3db20ac5a4d76a66,REVIEW_REQUIRED,ProjectLibre,false,REVIEW_REQUIRED,CPAL-1.0,REVIEW,no path match in OpenProj baseline; classify origin manually,
modules/projectlibre_ui/src/main/resources/com/projectlibre1/menu/menu_es.properties,projectlibre_ui,resource,HEAD,5e4b0ca56f9f5bda667b60180700ca85316f27b841f9b83c5e3e0012f2293996,d2fa3c20a,openproj_ui/src/com/projity/menu/menu_es.properties,1270bdcb04cacbb98247caec6ff92b684219890c9488c13865a32250798d7ccc,0530be227f4a10c5545cce8d3db20ac5a4d76a66,REVIEW_REQUIRED,ProjectLibre,false,REVIEW_REQUIRED,CPAL-1.0,REVIEW,OpenProj path exists but content differs; perform hunk-level comparison,
modules/projectlibre_ui/src/main/resources/com/projectlibre1/menu/menu_es2.properties,projectlibre_ui,resource,HEAD,9401ca1bff9cdbf6035d32998f7ccb00735645f480f51d9bac38a29d26a2c1e1,d2fa3c20a,,,0530be227f4a10c5545cce8d3db20ac5a4d76a66,REVIEW_REQUIRED,ProjectLibre,false,REVIEW_REQUIRED,CPAL-1.0,REVIEW,no path match in OpenProj baseline; classify origin manually,
modules/projectlibre_ui/src/main/resources/com/projectlibre1/menu/menu_fr.properties,projectlibre_ui,resource,HEAD,ef49555f573d64e685927341454c1e26767f29a3dd375b2eaf15442bba58311a,d2fa3c20a,openproj_ui/src/com/projity/menu/menu_fr.properties,ddffc21324e41759f8a53aeb38bd039c4604c2461a6cbf45bd342152f4c080e7,0530be227f4a10c5545cce8d3db20ac5a4d76a66,REVIEW_REQUIRED,ProjectLibre,false,REVIEW_REQUIRED,CPAL-1.0,REVIEW,OpenProj path exists but content differs; perform hunk-level comparison,
modules/projectlibre_ui/src/main/resources/com/projectlibre1/menu/menu_hi.properties,projectlibre_ui,resource,HEAD,17a78a8b72ae1e56f9955f68ba53f6d761a83e9b12bc0566ebd683f18ef922d5,d2fa3c20a,,,0530be227f4a10c5545cce8d3db20ac5a4d76a66,REVIEW_REQUIRED,ProjectLibre,false,REVIEW_REQUIRED,CPAL-1.0,REVIEW,no path match in OpenProj baseline; classify origin manually,
modules/projectlibre_ui/src/main/resources/com/projectlibre1/menu/menu_it.properties,projectlibre_ui,resource,HEAD,11d9c1b16857710215af36cbc609ca78f5ed963a7cda6a3d362ea381164fc699,d2fa3c20a,openproj_ui/src/com/projity/menu/menu_it.properties,6a6b600dd4596e20ee72bdfe78c687c97c0a37cb53123a8ec8884bdf32c89465,0530be227f4a10c5545cce8d3db20ac5a4d76a66,REVIEW_REQUIRED,ProjectLibre,false,REVIEW_REQUIRED,CPAL-1.0,REVIEW,OpenProj path exists but content differs; perform hunk-level comparison,
modules/projectlibre_ui/src/main/resources/com/projectlibre1/menu/menu_it2.properties,projectlibre_ui,resource,HEAD,a9ed42685771b0b20a2eb3a686475739839e9095605a52b0d0ee5cf16d38f45b,d2fa3c20a,,,0530be227f4a10c5545cce8d3db20ac5a4d76a66,REVIEW_REQUIRED,ProjectLibre,false,REVIEW_REQUIRED,CPAL-1.0,REVIEW,no path match in OpenProj baseline; classify origin manually,
modules/projectlibre_ui/src/main/resources/com/projectlibre1/menu/menu_ja.properties,projectlibre_ui,resource,HEAD,e7f305f6bd40880b1d969312bcd4565631f8aec12e832eacc3a0b822267ecbd8,d2fa3c20a,openproj_ui/src/com/projity/menu/menu_ja.properties,9bcf6e8c6c2ddf38f6e463ce88f1f926c4873fbd226b062d8e44af9e16e30d78,0530be227f4a10c5545cce8d3db20ac5a4d76a66,REVIEW_REQUIRED,ProjectLibre,false,REVIEW_REQUIRED,CPAL-1.0,REVIEW,OpenProj path exists but content differs; perform hunk-level comparison,
modules/projectlibre_ui/src/main/resources/com/projectlibre1/menu/menu_kh.properties,projectlibre_ui,resource,HEAD,c21e3f840f33e2835e6cfa3caf966e74526f31e17e99862fd34988109e075863,d2fa3c20a,,,0530be227f4a10c5545cce8d3db20ac5a4d76a66,REVIEW_REQUIRED,ProjectLibre,false,REVIEW_REQUIRED,CPAL-1.0,REVIEW,no path match in OpenProj baseline; classify origin manually,
modules/projectlibre_ui/src/main/resources/com/projectlibre1/menu/menu_km.properties,projectlibre_ui,resource,HEAD,0abbfd2a6ad0e52ec8ab5623c699129929cb3fd7f6dd4b7649ea566b6caef684,d2fa3c20a,,,0530be227f4a10c5545cce8d3db20ac5a4d76a66,REVIEW_REQUIRED,ProjectLibre,false,REVIEW_REQUIRED,CPAL-1.0,REVIEW,no path match in OpenProj baseline; classify origin manually,
modules/projectlibre_ui/src/main/resources/com/projectlibre1/menu/menu_ko.properties,projectlibre_ui,resource,HEAD,b50a42081306f1bfde0672fe5d5b72ca170ff42212b8595cfed5f518a0667eba,d2fa3c20a,openproj_ui/src/com/projity/menu/menu_ko.properties,e4aa933bac936134ae4eff4b9ec8981541a177b87c302f1eb13401c97d5dc28c,0530be227f4a10c5545cce8d3db20ac5a4d76a66,REVIEW_REQUIRED,ProjectLibre,false,REVIEW_REQUIRED,CPAL-1.0,REVIEW,OpenProj path exists but content differs; perform hunk-level comparison,
modules/projectlibre_ui/src/main/resources/com/projectlibre1/menu/menu_nl.properties,projectlibre_ui,resource,HEAD,8a278952ce6cd8687dab20ad10238b379573ebda812f198fbf003561d49d9c97,d2fa3c20a,openproj_ui/src/com/projity/menu/menu_nl.properties,738ae0199c8b7729c60dce474f93c85b3fd2be9deeb3cf4e846adfa5783f0743,0530be227f4a10c5545cce8d3db20ac5a4d76a66,REVIEW_REQUIRED,ProjectLibre,false,REVIEW_REQUIRED,CPAL-1.0,REVIEW,OpenProj path exists but content differs; perform hunk-level comparison,
modules/projectlibre_ui/src/main/resources/com/projectlibre1/menu/menu_pt.properties,projectlibre_ui,resource,HEAD,b22d5398187d111df9859ff5ff21d71453f63cfe9e93e5787551fd3fbe1edea0,d2fa3c20a,openproj_ui/src/com/projity/menu/menu_pt.properties,f24f3bb13f18cf78156b02991d194dd41ec2120781bfe350705289a2f22c4825,0530be227f4a10c5545cce8d3db20ac5a4d76a66,REVIEW_REQUIRED,ProjectLibre,false,REVIEW_REQUIRED,CPAL-1.0,REVIEW,OpenProj path exists but content differs; perform hunk-level comparison,
modules/projectlibre_ui/src/main/resources/com/projectlibre1/menu/menu_ru.properties,projectlibre_ui,resource,HEAD,51775c5035ad44c909c816d8792b8e5d8be3dbda99efd829b9b450e81a81accc,d2fa3c20a,openproj_ui/src/com/projity/menu/menu_ru.properties,4bd33504e68f99af20a371430dc2ec8b6cd2402c121bbdda086e9d8497fde959,0530be227f4a10c5545cce8d3db20ac5a4d76a66,REVIEW_REQUIRED,ProjectLibre,false,REVIEW_REQUIRED,CPAL-1.0,REVIEW,OpenProj path exists but content differs; perform hunk-level comparison,
modules/projectlibre_ui/src/main/resources/com/projectlibre1/menu/menu_sv.properties,projectlibre_ui,resource,HEAD,1750bb49d519b18e9148e69b202a819a3936e812069f1c07be06e7b078adc673,d2fa3c20a,openproj_ui/src/com/projity/menu/menu_sv.properties,b9287d3118f35945b30a76e2ac34149ccf8289fa108079ed7ee6dc7ae8a00be0,0530be227f4a10c5545cce8d3db20ac5a4d76a66,REVIEW_REQUIRED,ProjectLibre,false,REVIEW_REQUIRED,CPAL-1.0,REVIEW,OpenProj path exists but content differs; perform hunk-level comparison,
modules/projectlibre_ui/src/main/resources/com/projectlibre1/menu/menu_ta.properties,projectlibre_ui,resource,HEAD,3f82a6e3daf9414a909c886dcaf4c6973071e3873f168b2650e34368dd43166e,d2fa3c20a,,,0530be227f4a10c5545cce8d3db20ac5a4d76a66,REVIEW_REQUIRED,ProjectLibre,false,REVIEW_REQUIRED,CPAL-1.0,REVIEW,no path match in OpenProj baseline; classify origin manually,
modules/projectlibre_ui/src/main/resources/com/projectlibre1/menu/menu_th.properties,projectlibre_ui,resource,HEAD,3fd29989b76222f7986b271e5de87c376a88f8428574331e66758bd84e995a46,d2fa3c20a,,,0530be227f4a10c5545cce8d3db20ac5a4d76a66,REVIEW_REQUIRED,ProjectLibre,false,REVIEW_REQUIRED,CPAL-1.0,REVIEW,no path match in OpenProj baseline; classify origin manually,
modules/projectlibre_ui/src/main/resources/com/projectlibre1/menu/menu_tr.properties,projectlibre_ui,resource,HEAD,cefba78fcb8868121a9ba5956da8d2b461658f0977e5acb4b28a2b9d706ed086,d2fa3c20a,,,0530be227f4a10c5545cce8d3db20ac5a4d76a66,REVIEW_REQUIRED,ProjectLibre,false,REVIEW_REQUIRED,CPAL-1.0,REVIEW,no path match in OpenProj baseline; classify origin manually,
modules/projectlibre_ui/src/main/resources/com/projectlibre1/menu/menu_ur.properties,projectlibre_ui,resource,HEAD,5df7a9d8fcc7e0da48ec53d6e740acca11b9479b6d60cb83cac6de7d85e6d333,d2fa3c20a,,,0530be227f4a10c5545cce8d3db20ac5a4d76a66,REVIEW_REQUIRED,ProjectLibre,false,REVIEW_REQUIRED,CPAL-1.0,REVIEW,no path match in OpenProj baseline; classify origin manually,
modules/projectlibre_ui/src/main/resources/com/projectlibre1/menu/menu_vi.properties,projectlibre_ui,resource,HEAD,b31ce55b4a08f5f34e28eb6c13484dc95cc4b3698fb0a4f0ee5ff65055eeb7b8,d2fa3c20a,,,0530be227f4a10c5545cce8d3db20ac5a4d76a66,REVIEW_REQUIRED,OpenProj,false,REVIEW_REQUIRED,CPAL-1.0,REVIEW,no path match in OpenProj baseline; classify origin manually,
modules/projectlibre_ui/src/main/resources/com/projectlibre1/menu/menu_zh.properties,projectlibre_ui,resource,HEAD,039f939e1cb4f376b15acaf870c864e337120579d76caa20dc13257193677a42,d2fa3c20a,,,0530be227f4a10c5545cce8d3db20ac5a4d76a66,REVIEW_REQUIRED,ProjectLibre,false,REVIEW_REQUIRED,CPAL-1.0,REVIEW,no path match in OpenProj baseline; classify origin manually,
modules/projectlibre_ui/src/main/resources/com/projectlibre1/menu/menu_zh_CN.properties,projectlibre_ui,resource,HEAD,c541601b61c64811e986e41adff6ede3bec89ab53bc3c9d5f86bbd47512ee5a3,d2fa3c20a,openproj_ui/src/com/projity/menu/menu_zh_CN.properties,54001059214a651d116f9a803565b75ae61d7a10d1c02ecc2d778b9f98691783,0530be227f4a10c5545cce8d3db20ac5a4d76a66,REVIEW_REQUIRED,ProjectLibre,false,REVIEW_REQUIRED,CPAL-1.0,REVIEW,OpenProj path exists but content differs; perform hunk-level comparison,
modules/projectlibre_ui/src/main/resources/com/projectlibre1/menu/menu_zh_CN1.properties,projectlibre_ui,resource,HEAD,b2e28be527f90f93a9a2249ff258036a995ca1a16ff4ea4df8f7584e140c86e5,d2fa3c20a,,,0530be227f4a10c5545cce8d3db20ac5a4d76a66,REVIEW_REQUIRED,ProjectLibre,false,REVIEW_REQUIRED,CPAL-1.0,REVIEW,no path match in OpenProj baseline; classify origin manually,
modules/projectlibre_ui/src/main/resources/com/projectlibre1/menu/menu_zh_CN3.properties,projectlibre_ui,resource,HEAD,9ff9f97e829fb2fcb829047879e5023692983e69cff12534c033a845cae2d584,d2fa3c20a,,,0530be227f4a10c5545cce8d3db20ac5a4d76a66,REVIEW_REQUIRED,ProjectLibre,false,REVIEW_REQUIRED,CPAL-1.0,REVIEW,no path match in OpenProj baseline; classify origin manually,
modules/projectlibre_ui/src/main/resources/com/projectlibre1/menu/menu_zh_TW.properties,projectlibre_ui,resource,HEAD,039f939e1cb4f376b15acaf870c864e337120579d76caa20dc13257193677a42,d2fa3c20a,,,0530be227f4a10c5545cce8d3db20ac5a4d76a66,REVIEW_REQUIRED,ProjectLibre,false,REVIEW_REQUIRED,CPAL-1.0,REVIEW,no path match in OpenProj baseline; classify origin manually,
modules/projectlibre_ui/src/main/resources/com/projectlibre1/menu/nativeCodePage/menu_jp.properties,projectlibre_ui,resource,HEAD,0128acbf2561a906997a6dae61fd9eeafe4e845bdbf7b0e35e8272fba4fc75a0,d2fa3c20a,,,0530be227f4a10c5545cce8d3db20ac5a4d76a66,REVIEW_REQUIRED,ProjectLibre,false,REVIEW_REQUIRED,CPAL-1.0,REVIEW,no path match in OpenProj baseline; classify origin manually,
modules/projectlibre_ui/src/main/resources/com/projectlibre1/menu/nativeCodePage/menu_ru.properties.1251,projectlibre_ui,resource,HEAD,7a49dc8f7feae2a3c7301865723a84e01a31a76690b17c4ea59e9ec54a99c33f,d2fa3c20a,openproj_ui/src/com/projity/menu/nativeCodePage/menu_ru.properties.1251,258d127133d35cb5dd4771a112bc4106ec91baab79fc419b1ef69af9c93d4407,0530be227f4a10c5545cce8d3db20ac5a4d76a66,REVIEW_REQUIRED,ProjectLibre,false,REVIEW_REQUIRED,CPAL-1.0,REVIEW,OpenProj path exists but content differs; perform hunk-level comparison,
modules/projectlibre_ui/src/main/resources/com/projectlibre1/menu/nativeCodePage/menu_zh_CN.properties,projectlibre_ui,resource,HEAD,8bf371e65682e666c32909f7eab13916caf7459ca9b2a925cabe635a40f70c1d,d2fa3c20a,openproj_ui/src/com/projity/menu/nativeCodePage/menu_zh_CN.properties,fbb03e1f228b4fd20760c2bda9ec9b8d888d2a0389dc542ee1dbe206793ea216,0530be227f4a10c5545cce8d3db20ac5a4d76a66,REVIEW_REQUIRED,ProjectLibre,false,REVIEW_REQUIRED,CPAL-1.0,REVIEW,OpenProj path exists but content differs; perform hunk-level comparison,
modules/projectlibre_ui/src/main/resources/com/projectlibre1/pm/graphic/images.properties,projectlibre_ui,resource,HEAD,1eda82b032e4c1b45217d0509e2fed983748b060d1e150b389b003c6bf8744f1,d2fa3c20a,openproj_ui/src/com/projity/pm/graphic/images.properties,bacf7454591a5490b720aca02f249a917f3dba320c8652560907571b6019a4a7,0530be227f4a10c5545cce8d3db20ac5a4d76a66,REVIEW_REQUIRED,ProjectLibre,false,REVIEW_REQUIRED,CPAL-1.0,REVIEW,OpenProj path exists but content differs; perform hunk-level comparison,
modules/projectlibre_ui/src/main/resources/com/projectlibre1/pm/graphic/images/GrayCircle.gif,projectlibre_ui,resource,HEAD,17c4737175e499bf76918e0a72dc3e05626d9d4e957b776a2a1d5026a33ce237,d2fa3c20a,openproj_ui/src/com/projity/pm/graphic/images/GrayCircle.gif,17c4737175e499bf76918e0a72dc3e05626d9d4e957b776a2a1d5026a33ce237,0530be227f4a10c5545cce8d3db20ac5a4d76a66,REVIEW_REQUIRED,Unknown,true,REVIEW_REQUIRED,REVIEW_REQUIRED,KEEP_OPENPROJ,normalized content matches OpenProj baseline,
modules/projectlibre_ui/src/main/resources/com/projectlibre1/pm/graphic/images/GreenCircle.gif,projectlibre_ui,resource,HEAD,40c74ebf9dae73de4bf216929fc7986f49f0e18a17f63d51775992f083d502f1,d2fa3c20a,openproj_ui/src/com/projity/pm/graphic/images/GreenCircle.gif,40c74ebf9dae73de4bf216929fc7986f49f0e18a17f63d51775992f083d502f1,0530be227f4a10c5545cce8d3db20ac5a4d76a66,REVIEW_REQUIRED,Unknown,true,REVIEW_REQUIRED,REVIEW_REQUIRED,KEEP_OPENPROJ,normalized content matches OpenProj baseline,
modules/projectlibre_ui/src/main/resources/com/projectlibre1/pm/graphic/images/OpenProj_big.jpg,projectlibre_ui,resource,HEAD,64abb5a174bee351fa4ca63b074c7fb97c2c9f067231aba122428db849c87594,d2fa3c20a,openproj_ui/src/com/projity/pm/graphic/images/OpenProj_big.jpg,64abb5a174bee351fa4ca63b074c7fb97c2c9f067231aba122428db849c87594,0530be227f4a10c5545cce8d3db20ac5a4d76a66,REVIEW_REQUIRED,Unknown,true,REVIEW_REQUIRED,REVIEW_REQUIRED,KEEP_OPENPROJ,normalized content matches OpenProj baseline,
modules/projectlibre_ui/src/main/resources/com/projectlibre1/pm/graphic/images/RBS-16.svg,projectlibre_ui,resource,HEAD,0345e3f9cd9370c8d89dcf8ed4d3ea9093fcb5cee6e0b813746956c797e85807,d2fa3c20a,,,0530be227f4a10c5545cce8d3db20ac5a4d76a66,REVIEW_REQUIRED,Unknown,false,REVIEW_REQUIRED,REVIEW_REQUIRED,REVIEW,no path match in OpenProj baseline; classify origin manually,
modules/projectlibre_ui/src/main/resources/com/projectlibre1/pm/graphic/images/RBS-20.svg,projectlibre_ui,resource,HEAD,d441681b92d707001a489d026713ac611d81d2d5d153629da2ab887ed1388277,d2fa3c20a,,,0530be227f4a10c5545cce8d3db20ac5a4d76a66,REVIEW_REQUIRED,Unknown,false,REVIEW_REQUIRED,REVIEW_REQUIRED,REVIEW,no path match in OpenProj baseline; classify origin manually,
modules/projectlibre_ui/src/main/resources/com/projectlibre1/pm/graphic/images/RBS-32.svg,projectlibre_ui,resource,HEAD,8cc9b41ad261f545e0c234d76b4ef82bcfe12665968ef8b05575ee5a2240ddb9,d2fa3c20a,,,0530be227f4a10c5545cce8d3db20ac5a4d76a66,REVIEW_REQUIRED,Unknown,false,REVIEW_REQUIRED,REVIEW_REQUIRED,REVIEW,no path match in OpenProj baseline; classify origin manually,
modules/projectlibre_ui/src/main/resources/com/projectlibre1/pm/graphic/images/RBS.gif,projectlibre_ui,resource,HEAD,e29cdaef313baf28b14c7598702a7fb525b8a8b3201d3d2fd502cef87f249a71,d2fa3c20a,openproj_ui/src/com/projity/pm/graphic/images/RBS.gif,e29cdaef313baf28b14c7598702a7fb525b8a8b3201d3d2fd502cef87f249a71,0530be227f4a10c5545cce8d3db20ac5a4d76a66,REVIEW_REQUIRED,Unknown,true,REVIEW_REQUIRED,REVIEW_REQUIRED,KEEP_OPENPROJ,normalized content matches OpenProj baseline,
modules/projectlibre_ui/src/main/resources/com/projectlibre1/pm/graphic/images/RBS.svg,projectlibre_ui,resource,HEAD,d3332fdadc82c36f77bdc6fd266f673a1da9b1f56d833bab48ce92206eb87507,d2fa3c20a,,,0530be227f4a10c5545cce8d3db20ac5a4d76a66,REVIEW_REQUIRED,Unknown,false,REVIEW_REQUIRED,REVIEW_REQUIRED,REVIEW,no path match in OpenProj baseline; classify origin manually,
modules/projectlibre_ui/src/main/resources/com/projectlibre1/pm/graphic/images/RedCircle.gif,projectlibre_ui,resource,HEAD,09de253de349ef79812240bdc3c0c0b965723a63a4d86b6c34a2054da42dba2a,d2fa3c20a,openproj_ui/src/com/projity/pm/graphic/images/RedCircle.gif,09de253de349ef79812240bdc3c0c0b965723a63a4d86b6c34a2054da42dba2a,0530be227f4a10c5545cce8d3db20ac5a4d76a66,REVIEW_REQUIRED,Unknown,true,REVIEW_REQUIRED,REVIEW_REQUIRED,KEEP_OPENPROJ,normalized content matches OpenProj baseline,
modules/projectlibre_ui/src/main/resources/com/projectlibre1/pm/graphic/images/WBS-16.svg,projectlibre_ui,resource,HEAD,a57d1648d60565acb319577451292002b4f7cf44b3cca262be2ba8312f2c1875,d2fa3c20a,,,0530be227f4a10c5545cce8d3db20ac5a4d76a66,REVIEW_REQUIRED,Unknown,false,REVIEW_REQUIRED,REVIEW_REQUIRED,REVIEW,no path match in OpenProj baseline; classify origin manually,
modules/projectlibre_ui/src/main/resources/com/projectlibre1/pm/graphic/images/WBS-20.svg,projectlibre_ui,resource,HEAD,919b6da28ae8608d034b525a13a872734d22434211bccb10b9d43f225f275f76,d2fa3c20a,,,0530be227f4a10c5545cce8d3db20ac5a4d76a66,REVIEW_REQUIRED,Unknown,false,REVIEW_REQUIRED,REVIEW_REQUIRED,REVIEW,no path match in OpenProj baseline; classify origin manually,
modules/projectlibre_ui/src/main/resources/com/projectlibre1/pm/graphic/images/WBS-32.svg,projectlibre_ui,resource,HEAD,bf06be369ce245c78ca2ada1654a488edfc5c963923479f6acbda56be60fdc13,d2fa3c20a,,,0530be227f4a10c5545cce8d3db20ac5a4d76a66,REVIEW_REQUIRED,Unknown,false,REVIEW_REQUIRED,REVIEW_REQUIRED,REVIEW,no path match in OpenProj baseline; classify origin manually,
modules/projectlibre_ui/src/main/resources/com/projectlibre1/pm/graphic/images/WBS.gif,projectlibre_ui,resource,HEAD,549ca25788dc82cf04f4d4a0fbfa48454a1756e85f80da17db55538d4ad82f63,d2fa3c20a,openproj_ui/src/com/projity/pm/graphic/images/WBS.gif,549ca25788dc82cf04f4d4a0fbfa48454a1756e85f80da17db55538d4ad82f63,0530be227f4a10c5545cce8d3db20ac5a4d76a66,REVIEW_REQUIRED,Unknown,true,REVIEW_REQUIRED,REVIEW_REQUIRED,KEEP_OPENPROJ,normalized content matches OpenProj baseline,
modules/projectlibre_ui/src/main/resources/com/projectlibre1/pm/graphic/images/WBS.svg,projectlibre_ui,resource,HEAD,85e63b34c151350816105be45dff0f71d29f28ff963b6b7ee70819f4621d63b7,d2fa3c20a,,,0530be227f4a10c5545cce8d3db20ac5a4d76a66,REVIEW_REQUIRED,Unknown,false,REVIEW_REQUIRED,REVIEW_REQUIRED,REVIEW,no path match in OpenProj baseline; classify origin manually,
modules/projectlibre_ui/src/main/resources/com/projectlibre1/pm/graphic/images/YellowCircle.gif,projectlibre_ui,resource,HEAD,682161311d40e77c52e5cb1f648c20941ec2169f62d6ccbb7ea2b70915eaa16f,d2fa3c20a,openproj_ui/src/com/projity/pm/graphic/images/YellowCircle.gif,682161311d40e77c52e5cb1f648c20941ec2169f62d6ccbb7ea2b70915eaa16f,0530be227f4a10c5545cce8d3db20ac5a4d76a66,REVIEW_REQUIRED,Unknown,true,REVIEW_REQUIRED,REVIEW_REQUIRED,KEEP_OPENPROJ,normalized content matches OpenProj baseline,
modules/projectlibre_ui/src/main/resources/com/projectlibre1/pm/graphic/images/application.gif,projectlibre_ui,resource,HEAD,eeb4f33e51a0d83f49a7b756af2a9afe54dedb738d6ef48f025e8c1df1d39f00,d2fa3c20a,openproj_ui/src/com/projity/pm/graphic/images/application.gif,eeb4f33e51a0d83f49a7b756af2a9afe54dedb738d6ef48f025e8c1df1d39f00,0530be227f4a10c5545cce8d3db20ac5a4d76a66,REVIEW_REQUIRED,Unknown,true,REVIEW_REQUIRED,REVIEW_REQUIRED,KEEP_OPENPROJ,normalized content matches OpenProj baseline,
modules/projectlibre_ui/src/main/resources/com/projectlibre1/pm/graphic/images/assign24.gif,projectlibre_ui,resource,HEAD,70b7cdb1cc31fc8dcef10eb3b01204f60c65de7bdd0b75b0f32c50efc618f99a,d2fa3c20a,openproj_ui/src/com/projity/pm/graphic/images/assign24.gif,70b7cdb1cc31fc8dcef10eb3b01204f60c65de7bdd0b75b0f32c50efc618f99a,0530be227f4a10c5545cce8d3db20ac5a4d76a66,REVIEW_REQUIRED,Unknown,true,REVIEW_REQUIRED,REVIEW_REQUIRED,KEEP_OPENPROJ,normalized content matches OpenProj baseline,
modules/projectlibre_ui/src/main/resources/com/projectlibre1/pm/graphic/images/big/assign-document.gif,projectlibre_ui,resource,HEAD,38485ba347a83045ff8b0d87d8dd92c6a1fd392e0c06a068e2e0e8716f188f59,d2fa3c20a,openproj_ui/src/com/projity/pm/graphic/images/big/assign-document.gif,38485ba347a83045ff8b0d87d8dd92c6a1fd392e0c06a068e2e0e8716f188f59,0530be227f4a10c5545cce8d3db20ac5a4d76a66,REVIEW_REQUIRED,Unknown,true,REVIEW_REQUIRED,REVIEW_REQUIRED,KEEP_OPENPROJ,normalized content matches OpenProj baseline,
modules/projectlibre_ui/src/main/resources/com/projectlibre1/pm/graphic/images/big/assign-document.svg,projectlibre_ui,resource,HEAD,8c1ee176b0570a6a3dd474da062ca01b18846b64f33b9adbad231e5aefd010a6,d2fa3c20a,,,0530be227f4a10c5545cce8d3db20ac5a4d76a66,REVIEW_REQUIRED,Unknown,false,REVIEW_REQUIRED,REVIEW_REQUIRED,REVIEW,no path match in OpenProj baseline; classify origin manually,
modules/projectlibre_ui/src/main/resources/com/projectlibre1/pm/graphic/images/big/calendar24.png,projectlibre_ui,resource,HEAD,6bb3871239039f587da23dfa9dff499fc5b87c2b9290083cfec7ff8d3d19622e,d2fa3c20a,openproj_ui/src/com/projity/pm/graphic/images/big/calendar24.png,6bb3871239039f587da23dfa9dff499fc5b87c2b9290083cfec7ff8d3d19622e,0530be227f4a10c5545cce8d3db20ac5a4d76a66,REVIEW_REQUIRED,Unknown,true,REVIEW_REQUIRED,REVIEW_REQUIRED,KEEP_OPENPROJ,normalized content matches OpenProj baseline,
modules/projectlibre_ui/src/main/resources/com/projectlibre1/pm/graphic/images/big/close-project.png,projectlibre_ui,resource,HEAD,aa4c1b705dd4a3993257115d08a9b4a729e9db978d04c9751e8523e5e11d1e60,d2fa3c20a,openproj_ui/src/com/projity/pm/graphic/images/big/close-project.png,aa4c1b705dd4a3993257115d08a9b4a729e9db978d04c9751e8523e5e11d1e60,0530be227f4a10c5545cce8d3db20ac5a4d76a66,REVIEW_REQUIRED,Unknown,true,REVIEW_REQUIRED,REVIEW_REQUIRED,KEEP_OPENPROJ,normalized content matches OpenProj baseline,
modules/projectlibre_ui/src/main/resources/com/projectlibre1/pm/graphic/images/big/delegatedTool.gif,projectlibre_ui,resource,HEAD,3d17c73b1d5e435a41079abe254d451a36231677c29b0b6fd60ebf8ee5867bb0,d2fa3c20a,openproj_ui/src/com/projity/pm/graphic/images/big/delegatedTool.gif,3d17c73b1d5e435a41079abe254d451a36231677c29b0b6fd60ebf8ee5867bb0,0530be227f4a10c5545cce8d3db20ac5a4d76a66,REVIEW_REQUIRED,Unknown,true,REVIEW_REQUIRED,REVIEW_REQUIRED,KEEP_OPENPROJ,normalized content matches OpenProj baseline,
modules/projectlibre_ui/src/main/resources/com/projectlibre1/pm/graphic/images/big/disk.png,projectlibre_ui,resource,HEAD,14588f298fe29ca0c5b7cb61832220008db0bec439a75d3d95b1c62e5e6a00a7,d2fa3c20a,openproj_ui/src/com/projity/pm/graphic/images/big/disk.png,14588f298fe29ca0c5b7cb61832220008db0bec439a75d3d95b1c62e5e6a00a7,0530be227f4a10c5545cce8d3db20ac5a4d76a66,REVIEW_REQUIRED,Unknown,true,REVIEW_REQUIRED,REVIEW_REQUIRED,KEEP_OPENPROJ,normalized content matches OpenProj baseline,
modules/projectlibre_ui/src/main/resources/com/projectlibre1/pm/graphic/images/big/document-new.png,projectlibre_ui,resource,HEAD,ed6b5aeb8f31b2c2d9b41dd010022b1474c83d4a62d1b7a01251144fe3aeaa28,d2fa3c20a,openproj_ui/src/com/projity/pm/graphic/images/big/document-new.png,ed6b5aeb8f31b2c2d9b41dd010022b1474c83d4a62d1b7a01251144fe3aeaa28,0530be227f4a10c5545cce8d3db20ac5a4d76a66,REVIEW_REQUIRED,Unknown,true,REVIEW_REQUIRED,REVIEW_REQUIRED,KEEP_OPENPROJ,normalized content matches OpenProj baseline,
modules/projectlibre_ui/src/main/resources/com/projectlibre1/pm/graphic/images/big/document-open.png,projectlibre_ui,resource,HEAD,cb5c76bfe00a81ba7684ec545cae3fdddf695a1d65b86c14cbaee47e8a583ff5,d2fa3c20a,openproj_ui/src/com/projity/pm/graphic/images/big/document-open.png,cb5c76bfe00a81ba7684ec545cae3fdddf695a1d65b86c14cbaee47e8a583ff5,0530be227f4a10c5545cce8d3db20ac5a4d76a66,REVIEW_REQUIRED,Unknown,true,REVIEW_REQUIRED,REVIEW_REQUIRED,KEEP_OPENPROJ,normalized content matches OpenProj baseline,
modules/projectlibre_ui/src/main/resources/com/projectlibre1/pm/graphic/images/big/document-print-preview.png,projectlibre_ui,resource,HEAD,4b32a10092c048583f050d43f8a9440fb7778fd2c49a065365935af2b5657fc0,d2fa3c20a,openproj_ui/src/com/projity/pm/graphic/images/big/document-print-preview.png,4b32a10092c048583f050d43f8a9440fb7778fd2c49a065365935af2b5657fc0,0530be227f4a10c5545cce8d3db20ac5a4d76a66,REVIEW_REQUIRED,Unknown,true,REVIEW_REQUIRED,REVIEW_REQUIRED,KEEP_OPENPROJ,normalized content matches OpenProj baseline,
modules/projectlibre_ui/src/main/resources/com/projectlibre1/pm/graphic/images/big/document-print.png,projectlibre_ui,resource,HEAD,228d0df60e15a87f5c12ef3dac84e3d8dba24cd88bca7edfc054e69d43106505,d2fa3c20a,openproj_ui/src/com/projity/pm/graphic/images/big/document-print.png,228d0df60e15a87f5c12ef3dac84e3d8dba24cd88bca7edfc054e69d43106505,0530be227f4a10c5545cce8d3db20ac5a4d76a66,REVIEW_REQUIRED,Unknown,true,REVIEW_REQUIRED,REVIEW_REQUIRED,KEEP_OPENPROJ,normalized content matches OpenProj baseline,
modules/projectlibre_ui/src/main/resources/com/projectlibre1/pm/graphic/images/big/document-save-as.png,projectlibre_ui,resource,HEAD,0f8d5d5c937c053f1f331a9091f932ba62d4f68ca2d67e06797b567e4333c0eb,d2fa3c20a,openproj_ui/src/com/projity/pm/graphic/images/big/document-save-as.png,0f8d5d5c937c053f1f331a9091f932ba62d4f68ca2d67e06797b567e4333c0eb,0530be227f4a10c5545cce8d3db20ac5a4d76a66,REVIEW_REQUIRED,Unknown,true,REVIEW_REQUIRED,REVIEW_REQUIRED,KEEP_OPENPROJ,normalized content matches OpenProj baseline,
modules/projectlibre_ui/src/main/resources/com/projectlibre1/pm/graphic/images/big/document-save.png,projectlibre_ui,resource,HEAD,7493168992d3908d57506bb55937fe9473b2586e728905756841a58f1d6362e8,d2fa3c20a,openproj_ui/src/com/projity/pm/graphic/images/big/document-save.png,7493168992d3908d57506bb55937fe9473b2586e728905756841a58f1d6362e8,0530be227f4a10c5545cce8d3db20ac5a4d76a66,REVIEW_REQUIRED,Unknown,true,REVIEW_REQUIRED,REVIEW_REQUIRED,KEEP_OPENPROJ,normalized content matches OpenProj baseline,
modules/projectlibre_ui/src/main/resources/com/projectlibre1/pm/graphic/images/big/edit-clear.png,projectlibre_ui,resource,HEAD,169181623c7a5b96390502f4b2986c156022e7cedf8f839d372c9082d1046ae5,d2fa3c20a,openproj_ui/src/com/projity/pm/graphic/images/big/edit-clear.png,169181623c7a5b96390502f4b2986c156022e7cedf8f839d372c9082d1046ae5,0530be227f4a10c5545cce8d3db20ac5a4d76a66,REVIEW_REQUIRED,Unknown,true,REVIEW_REQUIRED,REVIEW_REQUIRED,KEEP_OPENPROJ,normalized content matches OpenProj baseline,
modules/projectlibre_ui/src/main/resources/com/projectlibre1/pm/graphic/images/big/edit-copy.png,projectlibre_ui,resource,HEAD,ce7a43dad8f57291ece2cd33b05bd4ed17aca42bafc1469c7859f17280b17747,d2fa3c20a,openproj_ui/src/com/projity/pm/graphic/images/big/edit-copy.png,ce7a43dad8f57291ece2cd33b05bd4ed17aca42bafc1469c7859f17280b17747,0530be227f4a10c5545cce8d3db20ac5a4d76a66,REVIEW_REQUIRED,Unknown,true,REVIEW_REQUIRED,REVIEW_REQUIRED,KEEP_OPENPROJ,normalized content matches OpenProj baseline,
modules/projectlibre_ui/src/main/resources/com/projectlibre1/pm/graphic/images/big/edit-cut.png,projectlibre_ui,resource,HEAD,70f51d725d76b769390b2e9c847f223db4834da9682965ae4c71887d5ecd595c,d2fa3c20a,openproj_ui/src/com/projity/pm/graphic/images/big/edit-cut.png,70f51d725d76b769390b2e9c847f223db4834da9682965ae4c71887d5ecd595c,0530be227f4a10c5545cce8d3db20ac5a4d76a66,REVIEW_REQUIRED,Unknown,true,REVIEW_REQUIRED,REVIEW_REQUIRED,KEEP_OPENPROJ,normalized content matches OpenProj baseline,
modules/projectlibre_ui/src/main/resources/com/projectlibre1/pm/graphic/images/big/edit-delete.png,projectlibre_ui,resource,HEAD,ab357833a435f4a2f586e16760af49320813fb8e5a2361dd043d63448b122dd8,d2fa3c20a,openproj_ui/src/com/projity/pm/graphic/images/big/edit-delete.png,ab357833a435f4a2f586e16760af49320813fb8e5a2361dd043d63448b122dd8,0530be227f4a10c5545cce8d3db20ac5a4d76a66,REVIEW_REQUIRED,Unknown,true,REVIEW_REQUIRED,REVIEW_REQUIRED,KEEP_OPENPROJ,normalized content matches OpenProj baseline,
modules/projectlibre_ui/src/main/resources/com/projectlibre1/pm/graphic/images/big/edit-paste.png,projectlibre_ui,resource,HEAD,db6f0f2644bd155e6f0cbe8519082aa6e3d6a0bbcea7b2485e38e9071f4b19bc,d2fa3c20a,openproj_ui/src/com/projity/pm/graphic/images/big/edit-paste.png,db6f0f2644bd155e6f0cbe8519082aa6e3d6a0bbcea7b2485e38e9071f4b19bc,0530be227f4a10c5545cce8d3db20ac5a4d76a66,REVIEW_REQUIRED,Unknown,true,REVIEW_REQUIRED,REVIEW_REQUIRED,KEEP_OPENPROJ,normalized content matches OpenProj baseline,
modules/projectlibre_ui/src/main/resources/com/projectlibre1/pm/graphic/images/big/edit-redo.png,projectlibre_ui,resource,HEAD,c4bf79c2a22cd8a6d2aed1f37f0ece06228d949d0755e3af20400f7648d77d29,d2fa3c20a,openproj_ui/src/com/projity/pm/graphic/images/big/edit-redo.png,c4bf79c2a22cd8a6d2aed1f37f0ece06228d949d0755e3af20400f7648d77d29,0530be227f4a10c5545cce8d3db20ac5a4d76a66,REVIEW_REQUIRED,Unknown,true,REVIEW_REQUIRED,REVIEW_REQUIRED,KEEP_OPENPROJ,normalized content matches OpenProj baseline,
modules/projectlibre_ui/src/main/resources/com/projectlibre1/pm/graphic/images/big/edit-redo.svg,projectlibre_ui,resource,HEAD,52cf5c6deae35e141575d93215d8c6df28e1c34a91b1db25358b1156186d1fe6,d2fa3c20a,,,0530be227f4a10c5545cce8d3db20ac5a4d76a66,REVIEW_REQUIRED,Unknown,false,REVIEW_REQUIRED,REVIEW_REQUIRED,REVIEW,no path match in OpenProj baseline; classify origin manually,
modules/projectlibre_ui/src/main/resources/com/projectlibre1/pm/graphic/images/big/edit-undo.png,projectlibre_ui,resource,HEAD,8fccb74471cd0e97547c906af8cca2b0e2922802586f4bdbf5d2b0796dfa51c9,d2fa3c20a,openproj_ui/src/com/projity/pm/graphic/images/big/edit-undo.png,8fccb74471cd0e97547c906af8cca2b0e2922802586f4bdbf5d2b0796dfa51c9,0530be227f4a10c5545cce8d3db20ac5a4d76a66,REVIEW_REQUIRED,Unknown,true,REVIEW_REQUIRED,REVIEW_REQUIRED,KEEP_OPENPROJ,normalized content matches OpenProj baseline,
modules/projectlibre_ui/src/main/resources/com/projectlibre1/pm/graphic/images/big/edit-undo.svg,projectlibre_ui,resource,HEAD,f506d791aee9dc1e351ec51f6ba1d69c833a08bfd9e8d53e53a624266c4d8e5f,d2fa3c20a,,,0530be227f4a10c5545cce8d3db20ac5a4d76a66,REVIEW_REQUIRED,Unknown,false,REVIEW_REQUIRED,REVIEW_REQUIRED,REVIEW,no path match in OpenProj baseline; classify origin manually,
modules/projectlibre_ui/src/main/resources/com/projectlibre1/pm/graphic/images/big/exit.png,projectlibre_ui,resource,HEAD,10534a258c7543995e716dbdcbe4452ed0a984868c0a05df955f8bc7464cc02e,d2fa3c20a,openproj_ui/src/com/projity/pm/graphic/images/big/exit.png,10534a258c7543995e716dbdcbe4452ed0a984868c0a05df955f8bc7464cc02e,0530be227f4a10c5545cce8d3db20ac5a4d76a66,REVIEW_REQUIRED,Unknown,true,REVIEW_REQUIRED,REVIEW_REQUIRED,KEEP_OPENPROJ,normalized content matches OpenProj baseline,
modules/projectlibre_ui/src/main/resources/com/projectlibre1/pm/graphic/images/big/export-project.png,projectlibre_ui,resource,HEAD,f7dc32da2e27381154abf2d244fe3de5d5692aff0a6f385eef4982f1db06f7e3,d2fa3c20a,openproj_ui/src/com/projity/pm/graphic/images/big/export-project.png,f7dc32da2e27381154abf2d244fe3de5d5692aff0a6f385eef4982f1db06f7e3,0530be227f4a10c5545cce8d3db20ac5a4d76a66,REVIEW_REQUIRED,Unknown,true,REVIEW_REQUIRED,REVIEW_REQUIRED,KEEP_OPENPROJ,normalized content matches OpenProj baseline,
modules/projectlibre_ui/src/main/resources/com/projectlibre1/pm/graphic/images/big/full-screen.png,projectlibre_ui,resource,HEAD,37006d15eeb69136f32da54d035323437dce89bdf7474fd755ebf40bcd976d04,d2fa3c20a,openproj_ui/src/com/projity/pm/graphic/images/big/full-screen.png,37006d15eeb69136f32da54d035323437dce89bdf7474fd755ebf40bcd976d04,0530be227f4a10c5545cce8d3db20ac5a4d76a66,REVIEW_REQUIRED,Unknown,true,REVIEW_REQUIRED,REVIEW_REQUIRED,KEEP_OPENPROJ,normalized content matches OpenProj baseline,
modules/projectlibre_ui/src/main/resources/com/projectlibre1/pm/graphic/images/big/gear.png,projectlibre_ui,resource,HEAD,57ef612adda9b6e2c504a3b8c288508f23f006962edb0843e0b66bb31c008e93,d2fa3c20a,openproj_ui/src/com/projity/pm/graphic/images/big/gear.png,57ef612adda9b6e2c504a3b8c288508f23f006962edb0843e0b66bb31c008e93,0530be227f4a10c5545cce8d3db20ac5a4d76a66,REVIEW_REQUIRED,Unknown,true,REVIEW_REQUIRED,REVIEW_REQUIRED,KEEP_OPENPROJ,normalized content matches OpenProj baseline,
modules/projectlibre_ui/src/main/resources/com/projectlibre1/pm/graphic/images/big/globe16.png,projectlibre_ui,resource,HEAD,44cd99063bcc0b5976b1cdf07de946b1068e907d9bdf41b09ec1dcd90c692f76,d2fa3c20a,,,0530be227f4a10c5545cce8d3db20ac5a4d76a66,REVIEW_REQUIRED,Unknown,false,REVIEW_REQUIRED,REVIEW_REQUIRED,REVIEW,no path match in OpenProj baseline; classify origin manually,
modules/projectlibre_ui/src/main/resources/com/projectlibre1/pm/graphic/images/big/globe24.png,projectlibre_ui,resource,HEAD,94ce46c10f8e61628134f00a05083e4493071eef92995ceac997114cdb1df5bf,d2fa3c20a,,,0530be227f4a10c5545cce8d3db20ac5a4d76a66,REVIEW_REQUIRED,Unknown,false,REVIEW_REQUIRED,REVIEW_REQUIRED,REVIEW,no path match in OpenProj baseline; classify origin manually,
modules/projectlibre_ui/src/main/resources/com/projectlibre1/pm/graphic/images/big/globe24.svg,projectlibre_ui,resource,HEAD,f5c7377fc8bae9a75ea1f92f25e60589f4465e5b54f4d7670a0dd57c6e975433,d2fa3c20a,,,0530be227f4a10c5545cce8d3db20ac5a4d76a66,REVIEW_REQUIRED,Unknown,false,REVIEW_REQUIRED,REVIEW_REQUIRED,REVIEW,no path match in OpenProj baseline; classify origin manually,
modules/projectlibre_ui/src/main/resources/com/projectlibre1/pm/graphic/images/big/import-project.png,projectlibre_ui,resource,HEAD,b498cc2ee4a9db9df7aba4353a3ad6ef7a33933856c848e6de46d7f5c8413ae2,d2fa3c20a,openproj_ui/src/com/projity/pm/graphic/images/big/import-project.png,b498cc2ee4a9db9df7aba4353a3ad6ef7a33933856c848e6de46d7f5c8413ae2,0530be227f4a10c5545cce8d3db20ac5a4d76a66,REVIEW_REQUIRED,Unknown,true,REVIEW_REQUIRED,REVIEW_REQUIRED,KEEP_OPENPROJ,normalized content matches OpenProj baseline,
modules/projectlibre_ui/src/main/resources/com/projectlibre1/pm/graphic/images/big/indent.gif,projectlibre_ui,resource,HEAD,5e0dc7d3bccda9af8855e927907c8920676246834c2ba00230258fa4882ae94d,d2fa3c20a,openproj_ui/src/com/projity/pm/graphic/images/big/indent.gif,5e0dc7d3bccda9af8855e927907c8920676246834c2ba00230258fa4882ae94d,0530be227f4a10c5545cce8d3db20ac5a4d76a66,REVIEW_REQUIRED,Unknown,true,REVIEW_REQUIRED,REVIEW_REQUIRED,KEEP_OPENPROJ,normalized content matches OpenProj baseline,
modules/projectlibre_ui/src/main/resources/com/projectlibre1/pm/graphic/images/big/insert-project.png,projectlibre_ui,resource,HEAD,c4e1cc3593f015cb257623595366509ccf36f8283a74b19e7be352bfe45001eb,d2fa3c20a,openproj_ui/src/com/projity/pm/graphic/images/big/insert-project.png,c4e1cc3593f015cb257623595366509ccf36f8283a74b19e7be352bfe45001eb,0530be227f4a10c5545cce8d3db20ac5a4d76a66,REVIEW_REQUIRED,Unknown,true,REVIEW_REQUIRED,REVIEW_REQUIRED,KEEP_OPENPROJ,normalized content matches OpenProj baseline,
modules/projectlibre_ui/src/main/resources/com/projectlibre1/pm/graphic/images/big/insert-resource.png,projectlibre_ui,resource,HEAD,e8058ba076bf55729da814465360e1533f9002d9b820ba662edbb9055d5a6b6f,d2fa3c20a,openproj_ui/src/com/projity/pm/graphic/images/big/insert-resource.png,e8058ba076bf55729da814465360e1533f9002d9b820ba662edbb9055d5a6b6f,0530be227f4a10c5545cce8d3db20ac5a4d76a66,REVIEW_REQUIRED,Unknown,true,REVIEW_REQUIRED,REVIEW_REQUIRED,KEEP_OPENPROJ,normalized content matches OpenProj baseline,
modules/projectlibre_ui/src/main/resources/com/projectlibre1/pm/graphic/images/big/insert-task.png,projectlibre_ui,resource,HEAD,b1406a4c5518f7f256d38ce6ecc4d8a30190659c9729c1483fb8e412af41107c,d2fa3c20a,openproj_ui/src/com/projity/pm/graphic/images/big/insert-task.png,b1406a4c5518f7f256d38ce6ecc4d8a30190659c9729c1483fb8e412af41107c,0530be227f4a10c5545cce8d3db20ac5a4d76a66,REVIEW_REQUIRED,Unknown,true,REVIEW_REQUIRED,REVIEW_REQUIRED,KEEP_OPENPROJ,normalized content matches OpenProj baseline,
modules/projectlibre_ui/src/main/resources/com/projectlibre1/pm/graphic/images/big/notepad.png,projectlibre_ui,resource,HEAD,c31c28ae7423d8fc61a6970147019452b7ac0a7bf45af22ca37b15d7ebd0fb86,d2fa3c20a,openproj_ui/src/com/projity/pm/graphic/images/big/notepad.png,c31c28ae7423d8fc61a6970147019452b7ac0a7bf45af22ca37b15d7ebd0fb86,0530be227f4a10c5545cce8d3db20ac5a4d76a66,REVIEW_REQUIRED,Unknown,true,REVIEW_REQUIRED,REVIEW_REQUIRED,KEEP_OPENPROJ,normalized content matches OpenProj baseline,
modules/projectlibre_ui/src/main/resources/com/projectlibre1/pm/graphic/images/big/outdent.gif,projectlibre_ui,resource,HEAD,8aa6b48eed99e7868dffa6186a64db2d8df3e9dbe796a8fa3cabefb6d9b50c36,d2fa3c20a,openproj_ui/src/com/projity/pm/graphic/images/big/outdent.gif,8aa6b48eed99e7868dffa6186a64db2d8df3e9dbe796a8fa3cabefb6d9b50c36,0530be227f4a10c5545cce8d3db20ac5a4d76a66,REVIEW_REQUIRED,Unknown,true,REVIEW_REQUIRED,REVIEW_REQUIRED,KEEP_OPENPROJ,normalized content matches OpenProj baseline,
modules/projectlibre_ui/src/main/resources/com/projectlibre1/pm/graphic/images/big/package_system.png,projectlibre_ui,resource,HEAD,14398809ce6a89bd1fa590bd49a2b3b4aa8df00e3048a16c263c463280ddf50f,d2fa3c20a,openproj_ui/src/com/projity/pm/graphic/images/big/package_system.png,14398809ce6a89bd1fa590bd49a2b3b4aa8df00e3048a16c263c463280ddf50f,0530be227f4a10c5545cce8d3db20ac5a4d76a66,REVIEW_REQUIRED,Unknown,true,REVIEW_REQUIRED,REVIEW_REQUIRED,KEEP_OPENPROJ,normalized content matches OpenProj baseline,
modules/projectlibre_ui/src/main/resources/com/projectlibre1/pm/graphic/images/big/palette.png,projectlibre_ui,resource,HEAD,3ab0d50eda4b3e665b981210d0ad40e570073ebfc8cd682b4fe18a70e52def24,d2fa3c20a,openproj_ui/src/com/projity/pm/graphic/images/big/palette.png,3ab0d50eda4b3e665b981210d0ad40e570073ebfc8cd682b4fe18a70e52def24,0530be227f4a10c5545cce8d3db20ac5a4d76a66,REVIEW_REQUIRED,Unknown,true,REVIEW_REQUIRED,REVIEW_REQUIRED,KEEP_OPENPROJ,normalized content matches OpenProj baseline,
modules/projectlibre_ui/src/main/resources/com/projectlibre1/pm/graphic/images/big/pdf.png,projectlibre_ui,resource,HEAD,3b5b49f331b20e3c20b218973df6638d3fbb61c2a49e3f547ddcf68d1ea0fbaa,d2fa3c20a,openproj_ui/src/com/projity/pm/graphic/images/big/pdf.png,3b5b49f331b20e3c20b218973df6638d3fbb61c2a49e3f547ddcf68d1ea0fbaa,0530be227f4a10c5545cce8d3db20ac5a4d76a66,REVIEW_REQUIRED,Unknown,true,REVIEW_REQUIRED,REVIEW_REQUIRED,KEEP_OPENPROJ,normalized content matches OpenProj baseline,
modules/projectlibre_ui/src/main/resources/com/projectlibre1/pm/graphic/images/big/project-details.png,projectlibre_ui,resource,HEAD,5c03002f6b7591293d41ba2d761be3bdca6e2d5c1b8680f4547a529b720b50f4,d2fa3c20a,openproj_ui/src/com/projity/pm/graphic/images/big/project-details.png,5c03002f6b7591293d41ba2d761be3bdca6e2d5c1b8680f4547a529b720b50f4,0530be227f4a10c5545cce8d3db20ac5a4d76a66,REVIEW_REQUIRED,Unknown,true,REVIEW_REQUIRED,REVIEW_REQUIRED,KEEP_OPENPROJ,normalized content matches OpenProj baseline,
modules/projectlibre_ui/src/main/resources/com/projectlibre1/pm/graphic/images/big/projects24.png,projectlibre_ui,resource,HEAD,9c8203f34bd3e837abd034ac3140243f175ab91dc927c601351069b225e028bd,d2fa3c20a,openproj_ui/src/com/projity/pm/graphic/images/big/projects24.png,9c8203f34bd3e837abd034ac3140243f175ab91dc927c601351069b225e028bd,0530be227f4a10c5545cce8d3db20ac5a4d76a66,REVIEW_REQUIRED,Unknown,true,REVIEW_REQUIRED,REVIEW_REQUIRED,KEEP_OPENPROJ,normalized content matches OpenProj baseline,
modules/projectlibre_ui/src/main/resources/com/projectlibre1/pm/graphic/images/big/projects24.svg,projectlibre_ui,resource,HEAD,038bd854c4ca7749a125f6e1cf84ec8f33defe091fd738dfc5d3af76648eb1c5,d2fa3c20a,,,0530be227f4a10c5545cce8d3db20ac5a4d76a66,REVIEW_REQUIRED,Unknown,false,REVIEW_REQUIRED,REVIEW_REQUIRED,REVIEW,no path match in OpenProj baseline; classify origin manually,
modules/projectlibre_ui/src/main/resources/com/projectlibre1/pm/graphic/images/big/question.png,projectlibre_ui,resource,HEAD,2f07f45c9f03e2083e2bf921778b675ead235af794324868a032e85eec260f80,d2fa3c20a,openproj_ui/src/com/projity/pm/graphic/images/big/question.png,2f07f45c9f03e2083e2bf921778b675ead235af794324868a032e85eec260f80,0530be227f4a10c5545cce8d3db20ac5a4d76a66,REVIEW_REQUIRED,Unknown,true,REVIEW_REQUIRED,REVIEW_REQUIRED,KEEP_OPENPROJ,normalized content matches OpenProj baseline,
modules/projectlibre_ui/src/main/resources/com/projectlibre1/pm/graphic/images/big/reload.png,projectlibre_ui,resource,HEAD,a3fee93403a55d22fb1127328413c85ae93ce78d882112e61b9d7439cb2c43d7,d2fa3c20a,openproj_ui/src/com/projity/pm/graphic/images/big/reload.png,a3fee93403a55d22fb1127328413c85ae93ce78d882112e61b9d7439cb2c43d7,0530be227f4a10c5545cce8d3db20ac5a4d76a66,REVIEW_REQUIRED,Unknown,true,REVIEW_REQUIRED,REVIEW_REQUIRED,KEEP_OPENPROJ,normalized content matches OpenProj baseline,
modules/projectlibre_ui/src/main/resources/com/projectlibre1/pm/graphic/images/big/resource-details.png,projectlibre_ui,resource,HEAD,ac40453253e485b071ac4519b271d6b9f40cf8d0d35b39430db607d62fcb065a,d2fa3c20a,openproj_ui/src/com/projity/pm/graphic/images/big/resource-details.png,ac40453253e485b071ac4519b271d6b9f40cf8d0d35b39430db607d62fcb065a,0530be227f4a10c5545cce8d3db20ac5a4d76a66,REVIEW_REQUIRED,Unknown,true,REVIEW_REQUIRED,REVIEW_REQUIRED,KEEP_OPENPROJ,normalized content matches OpenProj baseline,
modules/projectlibre_ui/src/main/resources/com/projectlibre1/pm/graphic/images/big/scrollToTask.gif,projectlibre_ui,resource,HEAD,8df0eae39301ec18cfb917af156a289cdd697b67c0afb69c0b196a310976d3ab,d2fa3c20a,openproj_ui/src/com/projity/pm/graphic/images/big/scrollToTask.gif,8df0eae39301ec18cfb917af156a289cdd697b67c0afb69c0b196a310976d3ab,0530be227f4a10c5545cce8d3db20ac5a4d76a66,REVIEW_REQUIRED,Unknown,true,REVIEW_REQUIRED,REVIEW_REQUIRED,KEEP_OPENPROJ,normalized content matches OpenProj baseline,
modules/projectlibre_ui/src/main/resources/com/projectlibre1/pm/graphic/images/big/scrollToTask.svg,projectlibre_ui,resource,HEAD,21cfe2c3f9a58fa31558ea76c58a1623b7feddc570ee14f885260bed6b21fb6c,d2fa3c20a,,,0530be227f4a10c5545cce8d3db20ac5a4d76a66,REVIEW_REQUIRED,Unknown,false,REVIEW_REQUIRED,REVIEW_REQUIRED,REVIEW,no path match in OpenProj baseline; classify origin manually,
modules/projectlibre_ui/src/main/resources/com/projectlibre1/pm/graphic/images/big/show-all-resources.gif,projectlibre_ui,resource,HEAD,709f3efa8706b8bbbad22d6cd6399f3749d1fe91a789a04306ab0ca5c29b324e,d2fa3c20a,openproj_ui/src/com/projity/pm/graphic/images/big/show-all-resources.gif,709f3efa8706b8bbbad22d6cd6399f3749d1fe91a789a04306ab0ca5c29b324e,0530be227f4a10c5545cce8d3db20ac5a4d76a66,REVIEW_REQUIRED,Unknown,true,REVIEW_REQUIRED,REVIEW_REQUIRED,KEEP_OPENPROJ,normalized content matches OpenProj baseline,
modules/projectlibre_ui/src/main/resources/com/projectlibre1/pm/graphic/images/big/show-team-resources.gif,projectlibre_ui,resource,HEAD,ee532b029a360db9cab3d4d4d38b01bee39f9778afb1ee169eba930b8dff8e77,d2fa3c20a,openproj_ui/src/com/projity/pm/graphic/images/big/show-team-resources.gif,ee532b029a360db9cab3d4d4d38b01bee39f9778afb1ee169eba930b8dff8e77,0530be227f4a10c5545cce8d3db20ac5a4d76a66,REVIEW_REQUIRED,Unknown,true,REVIEW_REQUIRED,REVIEW_REQUIRED,KEEP_OPENPROJ,normalized content matches OpenProj baseline,
modules/projectlibre_ui/src/main/resources/com/projectlibre1/pm/graphic/images/big/task-details.png,projectlibre_ui,resource,HEAD,4ce740bf69efa61c91d5a6926f6151c9a2a6d9abddf59fa052326f1f9cf38c6f,d2fa3c20a,openproj_ui/src/com/projity/pm/graphic/images/big/task-details.png,4ce740bf69efa61c91d5a6926f6151c9a2a6d9abddf59fa052326f1f9cf38c6f,0530be227f4a10c5545cce8d3db20ac5a4d76a66,REVIEW_REQUIRED,Unknown,true,REVIEW_REQUIRED,REVIEW_REQUIRED,KEEP_OPENPROJ,normalized content matches OpenProj baseline,
modules/projectlibre_ui/src/main/resources/com/projectlibre1/pm/graphic/images/big/zoom-in.png,projectlibre_ui,resource,HEAD,71e501515d9403afd75cff897374641f4312601c93949e448e7490cb7e2c708d,d2fa3c20a,openproj_ui/src/com/projity/pm/graphic/images/big/zoom-in.png,71e501515d9403afd75cff897374641f4312601c93949e448e7490cb7e2c708d,0530be227f4a10c5545cce8d3db20ac5a4d76a66,REVIEW_REQUIRED,Unknown,true,REVIEW_REQUIRED,REVIEW_REQUIRED,KEEP_OPENPROJ,normalized content matches OpenProj baseline,
modules/projectlibre_ui/src/main/resources/com/projectlibre1/pm/graphic/images/big/zoom-out.png,projectlibre_ui,resource,HEAD,eed7e340c6ac36c7c50a58c38b467d0dc8ba3bbd53c0b7df1f13730fb28c8739,d2fa3c20a,openproj_ui/src/com/projity/pm/graphic/images/big/zoom-out.png,eed7e340c6ac36c7c50a58c38b467d0dc8ba3bbd53c0b7df1f13730fb28c8739,0530be227f4a10c5545cce8d3db20ac5a4d76a66,REVIEW_REQUIRED,Unknown,true,REVIEW_REQUIRED,REVIEW_REQUIRED,KEEP_OPENPROJ,normalized content matches OpenProj baseline,
modules/projectlibre_ui/src/main/resources/com/projectlibre1/pm/graphic/images/calendar.png,projectlibre_ui,resource,HEAD,e474cf7e09d1d027eead7af4651a810f90da768f1279a43b7664e43e05e49e34,d2fa3c20a,openproj_ui/src/com/projity/pm/graphic/images/calendar.png,e474cf7e09d1d027eead7af4651a810f90da768f1279a43b7664e43e05e49e34,0530be227f4a10c5545cce8d3db20ac5a4d76a66,REVIEW_REQUIRED,Unknown,true,REVIEW_REQUIRED,REVIEW_REQUIRED,KEEP_OPENPROJ,normalized content matches OpenProj baseline,
modules/projectlibre_ui/src/main/resources/com/projectlibre1/pm/graphic/images/cancel.png,projectlibre_ui,resource,HEAD,c1667e9a940a56b738ac7a842ac3e712f5b36f7cf00b70c44b07f6d2c5596472,d2fa3c20a,openproj_ui/src/com/projity/pm/graphic/images/cancel.png,c1667e9a940a56b738ac7a842ac3e712f5b36f7cf00b70c44b07f6d2c5596472,0530be227f4a10c5545cce8d3db20ac5a4d76a66,REVIEW_REQUIRED,Unknown,true,REVIEW_REQUIRED,REVIEW_REQUIRED,KEEP_OPENPROJ,normalized content matches OpenProj baseline,
modules/projectlibre_ui/src/main/resources/com/projectlibre1/pm/graphic/images/carre.png,projectlibre_ui,resource,HEAD,8ac545ccbbec0b474e6ae1b8ed065487af131daa773174e48a9c069208178c79,d2fa3c20a,openproj_ui/src/com/projity/pm/graphic/images/carre.png,8ac545ccbbec0b474e6ae1b8ed065487af131daa773174e48a9c069208178c79,0530be227f4a10c5545cce8d3db20ac5a4d76a66,REVIEW_REQUIRED,Unknown,true,REVIEW_REQUIRED,REVIEW_REQUIRED,KEEP_OPENPROJ,normalized content matches OpenProj baseline,
modules/projectlibre_ui/src/main/resources/com/projectlibre1/pm/graphic/images/chart-16.svg,projectlibre_ui,resource,HEAD,1dfc6b8878e171fc9907b745c0140033734e032086e4a9fb4fccb1cfdad394f3,d2fa3c20a,,,0530be227f4a10c5545cce8d3db20ac5a4d76a66,REVIEW_REQUIRED,Unknown,false,REVIEW_REQUIRED,REVIEW_REQUIRED,REVIEW,no path match in OpenProj baseline; classify origin manually,
modules/projectlibre_ui/src/main/resources/com/projectlibre1/pm/graphic/images/chart-20.svg,projectlibre_ui,resource,HEAD,e814ae40d5f937e28d9486cedd57728279750564fb2db25938534e22d40a39c4,d2fa3c20a,,,0530be227f4a10c5545cce8d3db20ac5a4d76a66,REVIEW_REQUIRED,Unknown,false,REVIEW_REQUIRED,REVIEW_REQUIRED,REVIEW,no path match in OpenProj baseline; classify origin manually,
modules/projectlibre_ui/src/main/resources/com/projectlibre1/pm/graphic/images/chart-32.svg,projectlibre_ui,resource,HEAD,0f550fc1106e0ce095e9896e35c418e1ea3751cebcea3ee0ab0b63dbb4c66dfd,d2fa3c20a,,,0530be227f4a10c5545cce8d3db20ac5a4d76a66,REVIEW_REQUIRED,Unknown,false,REVIEW_REQUIRED,REVIEW_REQUIRED,REVIEW,no path match in OpenProj baseline; classify origin manually,
modules/projectlibre_ui/src/main/resources/com/projectlibre1/pm/graphic/images/chart.png,projectlibre_ui,resource,HEAD,b6de5eb4b428e81dc919b953bbbd7cb446d4e4bc520672ea34ffc473e8d6f263,d2fa3c20a,openproj_ui/src/com/projity/pm/graphic/images/chart.png,b6de5eb4b428e81dc919b953bbbd7cb446d4e4bc520672ea34ffc473e8d6f263,0530be227f4a10c5545cce8d3db20ac5a4d76a66,REVIEW_REQUIRED,Unknown,true,REVIEW_REQUIRED,REVIEW_REQUIRED,KEEP_OPENPROJ,normalized content matches OpenProj baseline,
modules/projectlibre_ui/src/main/resources/com/projectlibre1/pm/graphic/images/chart.svg,projectlibre_ui,resource,HEAD,0f4604b9767f0ec60fd98ff365b3d477f9de108e8214a0453b2c19d5d391d2a5,d2fa3c20a,,,0530be227f4a10c5545cce8d3db20ac5a4d76a66,REVIEW_REQUIRED,Unknown,false,REVIEW_REQUIRED,REVIEW_REQUIRED,REVIEW,no path match in OpenProj baseline; classify origin manually,
modules/projectlibre_ui/src/main/resources/com/projectlibre1/pm/graphic/images/constraint.gif,projectlibre_ui,resource,HEAD,b0eea84cbc2b9dbb627a12a24db0471c881173169b32d4e41da89177da35ae35,d2fa3c20a,openproj_ui/src/com/projity/pm/graphic/images/constraint.gif,b0eea84cbc2b9dbb627a12a24db0471c881173169b32d4e41da89177da35ae35,0530be227f4a10c5545cce8d3db20ac5a4d76a66,REVIEW_REQUIRED,Unknown,true,REVIEW_REQUIRED,REVIEW_REQUIRED,KEEP_OPENPROJ,normalized content matches OpenProj baseline,
modules/projectlibre_ui/src/main/resources/com/projectlibre1/pm/graphic/images/custom-fields-16.svg,projectlibre_ui,resource,HEAD,2e919a9af5f866fd5d4eb0ed464fce64e32c31cfa8b3433cecff4321e238f5bb,d2fa3c20a,,,0530be227f4a10c5545cce8d3db20ac5a4d76a66,REVIEW_REQUIRED,Unknown,false,REVIEW_REQUIRED,REVIEW_REQUIRED,REVIEW,no path match in OpenProj baseline; classify origin manually,
modules/projectlibre_ui/src/main/resources/com/projectlibre1/pm/graphic/images/custom-fields-20.svg,projectlibre_ui,resource,HEAD,1bba0df1a3eb70e41c9ab5aa7759486747db728344b4c04b3a0a674736217d78,d2fa3c20a,,,0530be227f4a10c5545cce8d3db20ac5a4d76a66,REVIEW_REQUIRED,Unknown,false,REVIEW_REQUIRED,REVIEW_REQUIRED,REVIEW,no path match in OpenProj baseline; classify origin manually,
modules/projectlibre_ui/src/main/resources/com/projectlibre1/pm/graphic/images/custom-fields-32.svg,projectlibre_ui,resource,HEAD,6efd9f4ef3d779fa1fa1a9e6b34d9634948b36a45e6c0b480adb90bd256221ec,d2fa3c20a,,,0530be227f4a10c5545cce8d3db20ac5a4d76a66,REVIEW_REQUIRED,Unknown,false,REVIEW_REQUIRED,REVIEW_REQUIRED,REVIEW,no path match in OpenProj baseline; classify origin manually,
modules/projectlibre_ui/src/main/resources/com/projectlibre1/pm/graphic/images/custom-fields.svg,projectlibre_ui,resource,HEAD,7a3fe811644ac37e28b38606f7e24094d7ad207544d83833f327ba37892fd188,d2fa3c20a,,,0530be227f4a10c5545cce8d3db20ac5a4d76a66,REVIEW_REQUIRED,Unknown,false,REVIEW_REQUIRED,REVIEW_REQUIRED,REVIEW,no path match in OpenProj baseline; classify origin manually,
modules/projectlibre_ui/src/main/resources/com/projectlibre1/pm/graphic/images/custom-report-16.svg,projectlibre_ui,resource,HEAD,1df7adde4e64b1bf1c1b30335234d58aa3bb1fc5ebecd9892b023c66540c30e9,d2fa3c20a,,,0530be227f4a10c5545cce8d3db20ac5a4d76a66,REVIEW_REQUIRED,Unknown,false,REVIEW_REQUIRED,REVIEW_REQUIRED,REVIEW,no path match in OpenProj baseline; classify origin manually,
modules/projectlibre_ui/src/main/resources/com/projectlibre1/pm/graphic/images/custom-report-20.svg,projectlibre_ui,resource,HEAD,a8983e19c19b7f5e9e3844ce3d6af02bc5403e91aba64d3b4719a65e9edb5323,d2fa3c20a,,,0530be227f4a10c5545cce8d3db20ac5a4d76a66,REVIEW_REQUIRED,Unknown,false,REVIEW_REQUIRED,REVIEW_REQUIRED,REVIEW,no path match in OpenProj baseline; classify origin manually,
modules/projectlibre_ui/src/main/resources/com/projectlibre1/pm/graphic/images/custom-report-32.svg,projectlibre_ui,resource,HEAD,3f581ea618cbe0787462075c4a023709a24d426f1a0247c6960ba5756e7e53e3,d2fa3c20a,,,0530be227f4a10c5545cce8d3db20ac5a4d76a66,REVIEW_REQUIRED,Unknown,false,REVIEW_REQUIRED,REVIEW_REQUIRED,REVIEW,no path match in OpenProj baseline; classify origin manually,
modules/projectlibre_ui/src/main/resources/com/projectlibre1/pm/graphic/images/custom-report.svg,projectlibre_ui,resource,HEAD,cc7c9226b740a7fea9fb89985e26d1c481a1866fac012499f0f5bbafff35def1,d2fa3c20a,,,0530be227f4a10c5545cce8d3db20ac5a4d76a66,REVIEW_REQUIRED,Unknown,false,REVIEW_REQUIRED,REVIEW_REQUIRED,REVIEW,no path match in OpenProj baseline; classify origin manually,
modules/projectlibre_ui/src/main/resources/com/projectlibre1/pm/graphic/images/delegated.gif,projectlibre_ui,resource,HEAD,ce0cb11ef61ef8036f1da68e125c448a21922cc7f51066afcb5904dc5ce94a4f,d2fa3c20a,openproj_ui/src/com/projity/pm/graphic/images/delegated.gif,ce0cb11ef61ef8036f1da68e125c448a21922cc7f51066afcb5904dc5ce94a4f,0530be227f4a10c5545cce8d3db20ac5a4d76a66,REVIEW_REQUIRED,Unknown,true,REVIEW_REQUIRED,REVIEW_REQUIRED,KEEP_OPENPROJ,normalized content matches OpenProj baseline,
modules/projectlibre_ui/src/main/resources/com/projectlibre1/pm/graphic/images/delegatedMe.gif,projectlibre_ui,resource,HEAD,2b0947eb9c84d4793cb0fabc565e7788a91958abbc5b05b7f322ed844816c6d2,d2fa3c20a,openproj_ui/src/com/projity/pm/graphic/images/delegatedMe.gif,2b0947eb9c84d4793cb0fabc565e7788a91958abbc5b05b7f322ed844816c6d2,0530be227f4a10c5545cce8d3db20ac5a4d76a66,REVIEW_REQUIRED,Unknown,true,REVIEW_REQUIRED,REVIEW_REQUIRED,KEEP_OPENPROJ,normalized content matches OpenProj baseline,
modules/projectlibre_ui/src/main/resources/com/projectlibre1/pm/graphic/images/down.gif,projectlibre_ui,resource,HEAD,3e30e0f8c50bdf67c0a82d21b496fff0cb4d235ba1a5c2f345c07e9bf619467d,d2fa3c20a,openproj_ui/src/com/projity/pm/graphic/images/down.gif,3e30e0f8c50bdf67c0a82d21b496fff0cb4d235ba1a5c2f345c07e9bf619467d,0530be227f4a10c5545cce8d3db20ac5a4d76a66,REVIEW_REQUIRED,Unknown,true,REVIEW_REQUIRED,REVIEW_REQUIRED,KEEP_OPENPROJ,normalized content matches OpenProj baseline,
modules/projectlibre_ui/src/main/resources/com/projectlibre1/pm/graphic/images/empty.png,projectlibre_ui,resource,HEAD,8ac545ccbbec0b474e6ae1b8ed065487af131daa773174e48a9c069208178c79,d2fa3c20a,openproj_ui/src/com/projity/pm/graphic/images/empty.png,8ac545ccbbec0b474e6ae1b8ed065487af131daa773174e48a9c069208178c79,0530be227f4a10c5545cce8d3db20ac5a4d76a66,REVIEW_REQUIRED,Unknown,true,REVIEW_REQUIRED,REVIEW_REQUIRED,KEEP_OPENPROJ,normalized content matches OpenProj baseline,
modules/projectlibre_ui/src/main/resources/com/projectlibre1/pm/graphic/images/errorstate.gif,projectlibre_ui,resource,HEAD,3a438a626da6ff99aa576ea6940e3d8960bf53332b97b2b1c59a0e6839110d49,d2fa3c20a,openproj_ui/src/com/projity/pm/graphic/images/errorstate.gif,3a438a626da6ff99aa576ea6940e3d8960bf53332b97b2b1c59a0e6839110d49,0530be227f4a10c5545cce8d3db20ac5a4d76a66,REVIEW_REQUIRED,Unknown,true,REVIEW_REQUIRED,REVIEW_REQUIRED,KEEP_OPENPROJ,normalized content matches OpenProj baseline,
modules/projectlibre_ui/src/main/resources/com/projectlibre1/pm/graphic/images/fetchedLazyCollapsed.png,projectlibre_ui,resource,HEAD,175a14dcb15eec053d0f6981a469bc22e5bbe270344c42671e40ea33d29979ad,d2fa3c20a,openproj_ui/src/com/projity/pm/graphic/images/fetchedLazyCollapsed.png,175a14dcb15eec053d0f6981a469bc22e5bbe270344c42671e40ea33d29979ad,0530be227f4a10c5545cce8d3db20ac5a4d76a66,REVIEW_REQUIRED,Unknown,true,REVIEW_REQUIRED,REVIEW_REQUIRED,KEEP_OPENPROJ,normalized content matches OpenProj baseline,
modules/projectlibre_ui/src/main/resources/com/projectlibre1/pm/graphic/images/fetchedLazyExpanded.png,projectlibre_ui,resource,HEAD,2c9440cc86cb75add908a91ecf3e5867105415a65d45e6c159e90230f73dd4db,d2fa3c20a,openproj_ui/src/com/projity/pm/graphic/images/fetchedLazyExpanded.png,2c9440cc86cb75add908a91ecf3e5867105415a65d45e6c159e90230f73dd4db,0530be227f4a10c5545cce8d3db20ac5a4d76a66,REVIEW_REQUIRED,Unknown,true,REVIEW_REQUIRED,REVIEW_REQUIRED,KEEP_OPENPROJ,normalized content matches OpenProj baseline,
modules/projectlibre_ui/src/main/resources/com/projectlibre1/pm/graphic/images/gantt-16.svg,projectlibre_ui,resource,HEAD,394ca6c8c5e1db744a469ce7b584f3ce80724433ab155d88a5aebb7e356b7552,d2fa3c20a,,,0530be227f4a10c5545cce8d3db20ac5a4d76a66,REVIEW_REQUIRED,Unknown,false,REVIEW_REQUIRED,REVIEW_REQUIRED,REVIEW,no path match in OpenProj baseline; classify origin manually,
modules/projectlibre_ui/src/main/resources/com/projectlibre1/pm/graphic/images/gantt-20.svg,projectlibre_ui,resource,HEAD,8869bc92c8a95dade2c08123305c7e358c523db9e840eb2960e6b240ec2ce798,d2fa3c20a,,,0530be227f4a10c5545cce8d3db20ac5a4d76a66,REVIEW_REQUIRED,Unknown,false,REVIEW_REQUIRED,REVIEW_REQUIRED,REVIEW,no path match in OpenProj baseline; classify origin manually,
modules/projectlibre_ui/src/main/resources/com/projectlibre1/pm/graphic/images/gantt-32.svg,projectlibre_ui,resource,HEAD,a5565e3cc5dda8d8e470546e49bbc1228f8de9bb4fcf0be52fed9b6d969b5e5d,d2fa3c20a,,,0530be227f4a10c5545cce8d3db20ac5a4d76a66,REVIEW_REQUIRED,Unknown,false,REVIEW_REQUIRED,REVIEW_REQUIRED,REVIEW,no path match in OpenProj baseline; classify origin manually,
modules/projectlibre_ui/src/main/resources/com/projectlibre1/pm/graphic/images/gantt.png,projectlibre_ui,resource,HEAD,464b7fde5c1b0aafb2a35bbd735819c02798ce521282e1a5ebb867b2532bb1ec,d2fa3c20a,openproj_ui/src/com/projity/pm/graphic/images/gantt.png,464b7fde5c1b0aafb2a35bbd735819c02798ce521282e1a5ebb867b2532bb1ec,0530be227f4a10c5545cce8d3db20ac5a4d76a66,REVIEW_REQUIRED,Unknown,true,REVIEW_REQUIRED,REVIEW_REQUIRED,KEEP_OPENPROJ,normalized content matches OpenProj baseline,
modules/projectlibre_ui/src/main/resources/com/projectlibre1/pm/graphic/images/gantt.svg,projectlibre_ui,resource,HEAD,5e1d11f60759ca53188f7a43005aae2ae6e2e0cf01627d8cdd0c655ffdbce172,d2fa3c20a,,,0530be227f4a10c5545cce8d3db20ac5a4d76a66,REVIEW_REQUIRED,Unknown,false,REVIEW_REQUIRED,REVIEW_REQUIRED,REVIEW,no path match in OpenProj baseline; classify origin manually,
modules/projectlibre_ui/src/main/resources/com/projectlibre1/pm/graphic/images/gear.png,projectlibre_ui,resource,HEAD,21c73089f8ef4b04cad0c9308f51dca0a24831b477c68861c15e67c44713e70b,d2fa3c20a,openproj_ui/src/com/projity/pm/graphic/images/gear.png,21c73089f8ef4b04cad0c9308f51dca0a24831b477c68861c15e67c44713e70b,0530be227f4a10c5545cce8d3db20ac5a4d76a66,REVIEW_REQUIRED,Unknown,true,REVIEW_REQUIRED,REVIEW_REQUIRED,KEEP_OPENPROJ,normalized content matches OpenProj baseline,
modules/projectlibre_ui/src/main/resources/com/projectlibre1/pm/graphic/images/histogram-16.svg,projectlibre_ui,resource,HEAD,a7afbedca3229ca6bad2fd1171db84b8a83533678e298d09ecdb99d68f8c8547,d2fa3c20a,,,0530be227f4a10c5545cce8d3db20ac5a4d76a66,REVIEW_REQUIRED,Unknown,false,REVIEW_REQUIRED,REVIEW_REQUIRED,REVIEW,no path match in OpenProj baseline; classify origin manually,
modules/projectlibre_ui/src/main/resources/com/projectlibre1/pm/graphic/images/histogram-20.svg,projectlibre_ui,resource,HEAD,7864897c1187c91d38101b18a8de70683fe693a910e545085bbbcfec5c228c59,d2fa3c20a,,,0530be227f4a10c5545cce8d3db20ac5a4d76a66,REVIEW_REQUIRED,Unknown,false,REVIEW_REQUIRED,REVIEW_REQUIRED,REVIEW,no path match in OpenProj baseline; classify origin manually,
modules/projectlibre_ui/src/main/resources/com/projectlibre1/pm/graphic/images/histogram-32.svg,projectlibre_ui,resource,HEAD,a6b26f5bd0f69efa0da2e83d4179ae688b28b094dc84495626cd3a90529bce1b,d2fa3c20a,,,0530be227f4a10c5545cce8d3db20ac5a4d76a66,REVIEW_REQUIRED,Unknown,false,REVIEW_REQUIRED,REVIEW_REQUIRED,REVIEW,no path match in OpenProj baseline; classify origin manually,
modules/projectlibre_ui/src/main/resources/com/projectlibre1/pm/graphic/images/histogram.png,projectlibre_ui,resource,HEAD,70f153dac9c2f252703e14fde691bddc2f3f9082496a63f70fbe793e7bc48a14,d2fa3c20a,openproj_ui/src/com/projity/pm/graphic/images/histogram.png,70f153dac9c2f252703e14fde691bddc2f3f9082496a63f70fbe793e7bc48a14,0530be227f4a10c5545cce8d3db20ac5a4d76a66,REVIEW_REQUIRED,Unknown,true,REVIEW_REQUIRED,REVIEW_REQUIRED,KEEP_OPENPROJ,normalized content matches OpenProj baseline,
modules/projectlibre_ui/src/main/resources/com/projectlibre1/pm/graphic/images/histogram.svg,projectlibre_ui,resource,HEAD,3538c023233a862d5bad317cc039ca36d2ca42177fda4bafb3ed3a5486b81637,d2fa3c20a,,,0530be227f4a10c5545cce8d3db20ac5a4d76a66,REVIEW_REQUIRED,Unknown,false,REVIEW_REQUIRED,REVIEW_REQUIRED,REVIEW,no path match in OpenProj baseline; classify origin manually,
modules/projectlibre_ui/src/main/resources/com/projectlibre1/pm/graphic/images/indicator-assignment-modern.png,projectlibre_ui,resource,HEAD,5b3214f4d5ad3d0037fe629622c0b968a10c40bcddb386efd75e1c73bac69383,d2fa3c20a,,,0530be227f4a10c5545cce8d3db20ac5a4d76a66,REVIEW_REQUIRED,Unknown,false,REVIEW_REQUIRED,REVIEW_REQUIRED,REVIEW,no path match in OpenProj baseline; classify origin manually,
modules/projectlibre_ui/src/main/resources/com/projectlibre1/pm/graphic/images/indicator-calendar-modern.png,projectlibre_ui,resource,HEAD,b28e2cff661f1bfc52ab8a1b54dd036b49eb6ae2c08a2f1a4f8fbeb999615ae3,d2fa3c20a,,,0530be227f4a10c5545cce8d3db20ac5a4d76a66,REVIEW_REQUIRED,Unknown,false,REVIEW_REQUIRED,REVIEW_REQUIRED,REVIEW,no path match in OpenProj baseline; classify origin manually,
modules/projectlibre_ui/src/main/resources/com/projectlibre1/pm/graphic/images/indicator-completed-modern.png,projectlibre_ui,resource,HEAD,52577caee61c7cacbeccd18be7fa760c3b26d3b28cfbe3778402a93975513bfe,d2fa3c20a,,,0530be227f4a10c5545cce8d3db20ac5a4d76a66,REVIEW_REQUIRED,Unknown,false,REVIEW_REQUIRED,REVIEW_REQUIRED,REVIEW,no path match in OpenProj baseline; classify origin manually,
modules/projectlibre_ui/src/main/resources/com/projectlibre1/pm/graphic/images/indicator-constraint-modern.png,projectlibre_ui,resource,HEAD,9226f4445b77621b088f47e1f43084e4bbab58c8c643d31782a16c1637d2b6ae,d2fa3c20a,,,0530be227f4a10c5545cce8d3db20ac5a4d76a66,REVIEW_REQUIRED,Unknown,false,REVIEW_REQUIRED,REVIEW_REQUIRED,REVIEW,no path match in OpenProj baseline; classify origin manually,
modules/projectlibre_ui/src/main/resources/com/projectlibre1/pm/graphic/images/indicator-delegated-me-modern.png,projectlibre_ui,resource,HEAD,f708b9aa5fe16ffa295e9bf609ab82d98aa6f53c77003fc3afa47e4c81461f93,d2fa3c20a,,,0530be227f4a10c5545cce8d3db20ac5a4d76a66,REVIEW_REQUIRED,Unknown,false,REVIEW_REQUIRED,REVIEW_REQUIRED,REVIEW,no path match in OpenProj baseline; classify origin manually,
modules/projectlibre_ui/src/main/resources/com/projectlibre1/pm/graphic/images/indicator-delegated-modern.png,projectlibre_ui,resource,HEAD,ce91ea1285602dbec7640a8565f7d140519b100ae4874290f88297bf09a1c89f,d2fa3c20a,,,0530be227f4a10c5545cce8d3db20ac5a4d76a66,REVIEW_REQUIRED,Unknown,false,REVIEW_REQUIRED,REVIEW_REQUIRED,REVIEW,no path match in OpenProj baseline; classify origin manually,
modules/projectlibre_ui/src/main/resources/com/projectlibre1/pm/graphic/images/indicator-info-modern.png,projectlibre_ui,resource,HEAD,001d8f38ed58f05d76c882d010a828313ca03e869f32c2e228d98fe5b1b82afa,d2fa3c20a,,,0530be227f4a10c5545cce8d3db20ac5a4d76a66,REVIEW_REQUIRED,Unknown,false,REVIEW_REQUIRED,REVIEW_REQUIRED,REVIEW,no path match in OpenProj baseline; classify origin manually,
modules/projectlibre_ui/src/main/resources/com/projectlibre1/pm/graphic/images/indicator-note-modern.png,projectlibre_ui,resource,HEAD,822cd8e4ab61102bdf3bf549afefde068f85d82a8f02b4504cc841a8942f5102,d2fa3c20a,,,0530be227f4a10c5545cce8d3db20ac5a4d76a66,REVIEW_REQUIRED,Unknown,false,REVIEW_REQUIRED,REVIEW_REQUIRED,REVIEW,no path match in OpenProj baseline; classify origin manually,
modules/projectlibre_ui/src/main/resources/com/projectlibre1/pm/graphic/images/indicator-project-modern.png,projectlibre_ui,resource,HEAD,9e9968e86dc5570c7bfebe926cd50f79f7e3d133f3fc8d36f617eae48848d389,d2fa3c20a,,,0530be227f4a10c5545cce8d3db20ac5a4d76a66,REVIEW_REQUIRED,Unknown,false,REVIEW_REQUIRED,REVIEW_REQUIRED,REVIEW,no path match in OpenProj baseline; classify origin manually,
modules/projectlibre_ui/src/main/resources/com/projectlibre1/pm/graphic/images/indicator-warning-modern.png,projectlibre_ui,resource,HEAD,627ff25fbaa103a2a23efb69d9e4bba13e5a6bbc2d24a1a7a6cb5b669a75373f,d2fa3c20a,,,0530be227f4a10c5545cce8d3db20ac5a4d76a66,REVIEW_REQUIRED,Unknown,false,REVIEW_REQUIRED,REVIEW_REQUIRED,REVIEW,no path match in OpenProj baseline; classify origin manually,
modules/projectlibre_ui/src/main/resources/com/projectlibre1/pm/graphic/images/information.gif,projectlibre_ui,resource,HEAD,dcc833a3c66a2d5a50695d3ff32286d563fc12f3af0a89d368c412971de16071,d2fa3c20a,openproj_ui/src/com/projity/pm/graphic/images/information.gif,dcc833a3c66a2d5a50695d3ff32286d563fc12f3af0a89d368c412971de16071,0530be227f4a10c5545cce8d3db20ac5a4d76a66,REVIEW_REQUIRED,Unknown,true,REVIEW_REQUIRED,REVIEW_REQUIRED,KEEP_OPENPROJ,normalized content matches OpenProj baseline,
modules/projectlibre_ui/src/main/resources/com/projectlibre1/pm/graphic/images/invalidCalendar.gif,projectlibre_ui,resource,HEAD,782007cce744aafdf2840f53d126fabdbb14ba5a9645584937c20e0e31146653,d2fa3c20a,openproj_ui/src/com/projity/pm/graphic/images/invalidCalendar.gif,782007cce744aafdf2840f53d126fabdbb14ba5a9645584937c20e0e31146653,0530be227f4a10c5545cce8d3db20ac5a4d76a66,REVIEW_REQUIRED,Unknown,true,REVIEW_REQUIRED,REVIEW_REQUIRED,KEEP_OPENPROJ,normalized content matches OpenProj baseline,
modules/projectlibre_ui/src/main/resources/com/projectlibre1/pm/graphic/images/invalidProject.gif,projectlibre_ui,resource,HEAD,75bdaebfe026ed64f01921fe16a209e95ed6d6994335cdb0d463a7eb6b4083b8,d2fa3c20a,openproj_ui/src/com/projity/pm/graphic/images/invalidProject.gif,75bdaebfe026ed64f01921fe16a209e95ed6d6994335cdb0d463a7eb6b4083b8,0530be227f4a10c5545cce8d3db20ac5a4d76a66,REVIEW_REQUIRED,Unknown,true,REVIEW_REQUIRED,REVIEW_REQUIRED,KEEP_OPENPROJ,normalized content matches OpenProj baseline,
modules/projectlibre_ui/src/main/resources/com/projectlibre1/pm/graphic/images/leaf.png,projectlibre_ui,resource,HEAD,9258d3d568cb8eac7d2593860957d4faa588ec12b0134f1731142e6cc27cec80,d2fa3c20a,openproj_ui/src/com/projity/pm/graphic/images/leaf.png,9258d3d568cb8eac7d2593860957d4faa588ec12b0134f1731142e6cc27cec80,0530be227f4a10c5545cce8d3db20ac5a4d76a66,REVIEW_REQUIRED,Unknown,true,REVIEW_REQUIRED,REVIEW_REQUIRED,KEEP_OPENPROJ,normalized content matches OpenProj baseline,
modules/projectlibre_ui/src/main/resources/com/projectlibre1/pm/graphic/images/leftArrow.png,projectlibre_ui,resource,HEAD,ef7f39a45410e31f3a9ead8ab02252e9dac2757850ac2a67ba50562380010e6b,d2fa3c20a,openproj_ui/src/com/projity/pm/graphic/images/leftArrow.png,ef7f39a45410e31f3a9ead8ab02252e9dac2757850ac2a67ba50562380010e6b,0530be227f4a10c5545cce8d3db20ac5a4d76a66,REVIEW_REQUIRED,Unknown,true,REVIEW_REQUIRED,REVIEW_REQUIRED,KEEP_OPENPROJ,normalized content matches OpenProj baseline,
modules/projectlibre_ui/src/main/resources/com/projectlibre1/pm/graphic/images/leftView16.gif,projectlibre_ui,resource,HEAD,52be172db9831d5dd68fff88b7adfc79a35f90bb0b4b995af478f8f269c6ca06,d2fa3c20a,openproj_ui/src/com/projity/pm/graphic/images/leftView16.gif,52be172db9831d5dd68fff88b7adfc79a35f90bb0b4b995af478f8f269c6ca06,0530be227f4a10c5545cce8d3db20ac5a4d76a66,REVIEW_REQUIRED,Unknown,true,REVIEW_REQUIRED,REVIEW_REQUIRED,KEEP_OPENPROJ,normalized content matches OpenProj baseline,
modules/projectlibre_ui/src/main/resources/com/projectlibre1/pm/graphic/images/leftViewHidden16.gif,projectlibre_ui,resource,HEAD,2243a06b62f3f6f0aa7ab5902d34480df97ed6e70f22cf9da36c332bbb1927cc,d2fa3c20a,openproj_ui/src/com/projity/pm/graphic/images/leftViewHidden16.gif,2243a06b62f3f6f0aa7ab5902d34480df97ed6e70f22cf9da36c332bbb1927cc,0530be227f4a10c5545cce8d3db20ac5a4d76a66,REVIEW_REQUIRED,Unknown,true,REVIEW_REQUIRED,REVIEW_REQUIRED,KEEP_OPENPROJ,normalized content matches OpenProj baseline,
modules/projectlibre_ui/src/main/resources/com/projectlibre1/pm/graphic/images/link.gif,projectlibre_ui,resource,HEAD,79aab741e1c44db1eb816d43a9405842d41ef7339b5e952e366a069a1433c038,d2fa3c20a,openproj_ui/src/com/projity/pm/graphic/images/link.gif,79aab741e1c44db1eb816d43a9405842d41ef7339b5e952e366a069a1433c038,0530be227f4a10c5545cce8d3db20ac5a4d76a66,REVIEW_REQUIRED,Unknown,true,REVIEW_REQUIRED,REVIEW_REQUIRED,KEEP_OPENPROJ,normalized content matches OpenProj baseline,
modules/projectlibre_ui/src/main/resources/com/projectlibre1/pm/graphic/images/linkArea.gif,projectlibre_ui,resource,HEAD,70b774a39f4d5c3b3f7add9f8f0fc9f6ec3727526ff66e38a98460085b5271ab,d2fa3c20a,openproj_ui/src/com/projity/pm/graphic/images/linkArea.gif,70b774a39f4d5c3b3f7add9f8f0fc9f6ec3727526ff66e38a98460085b5271ab,0530be227f4a10c5545cce8d3db20ac5a4d76a66,REVIEW_REQUIRED,Unknown,true,REVIEW_REQUIRED,REVIEW_REQUIRED,KEEP_OPENPROJ,normalized content matches OpenProj baseline,
modules/projectlibre_ui/src/main/resources/com/projectlibre1/pm/graphic/images/linkTool.gif,projectlibre_ui,resource,HEAD,d90c20f224ed026f4ce19fcd63f1beac14cabc3aa3f9eed925f97bcee73bf0e5,d2fa3c20a,openproj_ui/src/com/projity/pm/graphic/images/linkTool.gif,d90c20f224ed026f4ce19fcd63f1beac14cabc3aa3f9eed925f97bcee73bf0e5,0530be227f4a10c5545cce8d3db20ac5a4d76a66,REVIEW_REQUIRED,Unknown,true,REVIEW_REQUIRED,REVIEW_REQUIRED,KEEP_OPENPROJ,normalized content matches OpenProj baseline,
modules/projectlibre_ui/src/main/resources/com/projectlibre1/pm/graphic/images/linkTool24.gif,projectlibre_ui,resource,HEAD,9416dc8f3d8876a846c17e5c486cd750a783cb3ad0a33c81f7a867142a0be82c,d2fa3c20a,openproj_ui/src/com/projity/pm/graphic/images/linkTool24.gif,9416dc8f3d8876a846c17e5c486cd750a783cb3ad0a33c81f7a867142a0be82c,0530be227f4a10c5545cce8d3db20ac5a4d76a66,REVIEW_REQUIRED,Unknown,true,REVIEW_REQUIRED,REVIEW_REQUIRED,KEEP_OPENPROJ,normalized content matches OpenProj baseline,
modules/projectlibre_ui/src/main/resources/com/projectlibre1/pm/graphic/images/man.gif,projectlibre_ui,resource,HEAD,f94408541c2fba2be03b3283d0b2da5f0419e07581a4e14e708afe6f264483a1,d2fa3c20a,openproj_ui/src/com/projity/pm/graphic/images/man.gif,f94408541c2fba2be03b3283d0b2da5f0419e07581a4e14e708afe6f264483a1,0530be227f4a10c5545cce8d3db20ac5a4d76a66,REVIEW_REQUIRED,Unknown,true,REVIEW_REQUIRED,REVIEW_REQUIRED,KEEP_OPENPROJ,normalized content matches OpenProj baseline,
modules/projectlibre_ui/src/main/resources/com/projectlibre1/pm/graphic/images/microproject-application-16.png,projectlibre_ui,resource,HEAD,f3785463e26256af1b7092587c643981136a5b9c3995c6b3303abe2177ed68ab,d2fa3c20a,,,0530be227f4a10c5545cce8d3db20ac5a4d76a66,REVIEW_REQUIRED,Unknown,false,REVIEW_REQUIRED,REVIEW_REQUIRED,REVIEW,no path match in OpenProj baseline; classify origin manually,
modules/projectlibre_ui/src/main/resources/com/projectlibre1/pm/graphic/images/microproject-application.png,projectlibre_ui,resource,HEAD,0be0d6fea6073278bcf455db79857a96d7fd78862cfc7a2cae3b4acd3739a954,d2fa3c20a,,,0530be227f4a10c5545cce8d3db20ac5a4d76a66,REVIEW_REQUIRED,Unknown,false,REVIEW_REQUIRED,REVIEW_REQUIRED,REVIEW,no path match in OpenProj baseline; classify origin manually,
modules/projectlibre_ui/src/main/resources/com/projectlibre1/pm/graphic/images/microproject-icon-master.png,projectlibre_ui,resource,HEAD,d5c443810f0c92e64c1433cfc89540b93511be1b0cbe825ad85e8cb947e1f0e1,d2fa3c20a,,,0530be227f4a10c5545cce8d3db20ac5a4d76a66,REVIEW_REQUIRED,Unknown,false,REVIEW_REQUIRED,REVIEW_REQUIRED,REVIEW,no path match in OpenProj baseline; classify origin manually,
modules/projectlibre_ui/src/main/resources/com/projectlibre1/pm/graphic/images/microproject-logo.png,projectlibre_ui,resource,HEAD,0efebb1ce35acc013ebe80863d960d6a588dbd321ea56ba89be3e7fb52269a51,d2fa3c20a,,,0530be227f4a10c5545cce8d3db20ac5a4d76a66,REVIEW_REQUIRED,Unknown,false,REVIEW_REQUIRED,REVIEW_REQUIRED,REVIEW,no path match in OpenProj baseline; classify origin manually,
modules/projectlibre_ui/src/main/resources/com/projectlibre1/pm/graphic/images/moins.png,projectlibre_ui,resource,HEAD,9f210d9b22858a50d9b121682f6832e0a26f63767c35619d4d67ac1f36f788a3,d2fa3c20a,openproj_ui/src/com/projity/pm/graphic/images/moins.png,9f210d9b22858a50d9b121682f6832e0a26f63767c35619d4d67ac1f36f788a3,0530be227f4a10c5545cce8d3db20ac5a4d76a66,REVIEW_REQUIRED,Unknown,true,REVIEW_REQUIRED,REVIEW_REQUIRED,KEEP_OPENPROJ,normalized content matches OpenProj baseline,
modules/projectlibre_ui/src/main/resources/com/projectlibre1/pm/graphic/images/network-16.svg,projectlibre_ui,resource,HEAD,83871db7cd1f507fd43bbd3ded3dccb55e653db5fe7b092b434d7bc1bda57d67,d2fa3c20a,,,0530be227f4a10c5545cce8d3db20ac5a4d76a66,REVIEW_REQUIRED,Unknown,false,REVIEW_REQUIRED,REVIEW_REQUIRED,REVIEW,no path match in OpenProj baseline; classify origin manually,
modules/projectlibre_ui/src/main/resources/com/projectlibre1/pm/graphic/images/network-20.svg,projectlibre_ui,resource,HEAD,a1e4d026420a2d218f2960ffbfe033f7434d4d1087cb306ac95581487d369f35,d2fa3c20a,,,0530be227f4a10c5545cce8d3db20ac5a4d76a66,REVIEW_REQUIRED,Unknown,false,REVIEW_REQUIRED,REVIEW_REQUIRED,REVIEW,no path match in OpenProj baseline; classify origin manually,
modules/projectlibre_ui/src/main/resources/com/projectlibre1/pm/graphic/images/network-32.svg,projectlibre_ui,resource,HEAD,2b0fe969e20efabb703b12b5e1016918d531e21be27a6a4a83d7cb5fdc5c2972,d2fa3c20a,,,0530be227f4a10c5545cce8d3db20ac5a4d76a66,REVIEW_REQUIRED,Unknown,false,REVIEW_REQUIRED,REVIEW_REQUIRED,REVIEW,no path match in OpenProj baseline; classify origin manually,
modules/projectlibre_ui/src/main/resources/com/projectlibre1/pm/graphic/images/network.png,projectlibre_ui,resource,HEAD,eb64e57a98d2e0944e20eb9087a641e903fa4529eb662e85cc3b37320fe3b7fe,d2fa3c20a,openproj_ui/src/com/projity/pm/graphic/images/network.png,eb64e57a98d2e0944e20eb9087a641e903fa4529eb662e85cc3b37320fe3b7fe,0530be227f4a10c5545cce8d3db20ac5a4d76a66,REVIEW_REQUIRED,Unknown,true,REVIEW_REQUIRED,REVIEW_REQUIRED,KEEP_OPENPROJ,normalized content matches OpenProj baseline,
modules/projectlibre_ui/src/main/resources/com/projectlibre1/pm/graphic/images/network.svg,projectlibre_ui,resource,HEAD,97cb83e7009d1ae0e5b38df16c4821aedb473700210c9aa00f4f8ee8966bc316,d2fa3c20a,,,0530be227f4a10c5545cce8d3db20ac5a4d76a66,REVIEW_REQUIRED,Unknown,false,REVIEW_REQUIRED,REVIEW_REQUIRED,REVIEW,no path match in OpenProj baseline; classify origin manually,
modules/projectlibre_ui/src/main/resources/com/projectlibre1/pm/graphic/images/noSubWindow-16.svg,projectlibre_ui,resource,HEAD,c2b4963016a606893270126310136273552849bbd290efeba76c87939ac7b725,d2fa3c20a,,,0530be227f4a10c5545cce8d3db20ac5a4d76a66,REVIEW_REQUIRED,Unknown,false,REVIEW_REQUIRED,REVIEW_REQUIRED,REVIEW,no path match in OpenProj baseline; classify origin manually,
modules/projectlibre_ui/src/main/resources/com/projectlibre1/pm/graphic/images/noSubWindow-20.svg,projectlibre_ui,resource,HEAD,5a04b3a5930b58ed2bfffe0ff4734498c4d46d2109d4cd27bf70058042b9e4cb,d2fa3c20a,,,0530be227f4a10c5545cce8d3db20ac5a4d76a66,REVIEW_REQUIRED,Unknown,false,REVIEW_REQUIRED,REVIEW_REQUIRED,REVIEW,no path match in OpenProj baseline; classify origin manually,
modules/projectlibre_ui/src/main/resources/com/projectlibre1/pm/graphic/images/noSubWindow-32.svg,projectlibre_ui,resource,HEAD,a2547802993a4cc0e6b990b8cc9308838e5dcb8fd20e3c56b2a9e957c8a3df05,d2fa3c20a,,,0530be227f4a10c5545cce8d3db20ac5a4d76a66,REVIEW_REQUIRED,Unknown,false,REVIEW_REQUIRED,REVIEW_REQUIRED,REVIEW,no path match in OpenProj baseline; classify origin manually,
modules/projectlibre_ui/src/main/resources/com/projectlibre1/pm/graphic/images/noSubWindow.png,projectlibre_ui,resource,HEAD,0754c8f24069370e0737d98662a5bfc648396ce4cb934f243b2cb335e853de9b,d2fa3c20a,openproj_ui/src/com/projity/pm/graphic/images/noSubWindow.png,0754c8f24069370e0737d98662a5bfc648396ce4cb934f243b2cb335e853de9b,0530be227f4a10c5545cce8d3db20ac5a4d76a66,REVIEW_REQUIRED,Unknown,true,REVIEW_REQUIRED,REVIEW_REQUIRED,KEEP_OPENPROJ,normalized content matches OpenProj baseline,
modules/projectlibre_ui/src/main/resources/com/projectlibre1/pm/graphic/images/noSubWindow.svg,projectlibre_ui,resource,HEAD,38806a42b745e68f131229c83bc9a042026913830e524c467438315936591979,d2fa3c20a,,,0530be227f4a10c5545cce8d3db20ac5a4d76a66,REVIEW_REQUIRED,Unknown,false,REVIEW_REQUIRED,REVIEW_REQUIRED,REVIEW,no path match in OpenProj baseline; classify origin manually,
modules/projectlibre_ui/src/main/resources/com/projectlibre1/pm/graphic/images/note.gif,projectlibre_ui,resource,HEAD,e7ea932cf5980fe34741f7781023cb0b5e704cc0b319f27e5b4931ffddde69fb,d2fa3c20a,openproj_ui/src/com/projity/pm/graphic/images/note.gif,e7ea932cf5980fe34741f7781023cb0b5e704cc0b319f27e5b4931ffddde69fb,0530be227f4a10c5545cce8d3db20ac5a4d76a66,REVIEW_REQUIRED,Unknown,true,REVIEW_REQUIRED,REVIEW_REQUIRED,KEEP_OPENPROJ,normalized content matches OpenProj baseline,
modules/projectlibre_ui/src/main/resources/com/projectlibre1/pm/graphic/images/ok.png,projectlibre_ui,resource,HEAD,b080ad3ed4263366ddb4a5b9b6c9fc5dc608e427882488a4aeae41e6bc278640,d2fa3c20a,openproj_ui/src/com/projity/pm/graphic/images/ok.png,b080ad3ed4263366ddb4a5b9b6c9fc5dc608e427882488a4aeae41e6bc278640,0530be227f4a10c5545cce8d3db20ac5a4d76a66,REVIEW_REQUIRED,Unknown,true,REVIEW_REQUIRED,REVIEW_REQUIRED,KEEP_OPENPROJ,normalized content matches OpenProj baseline,
modules/projectlibre_ui/src/main/resources/com/projectlibre1/pm/graphic/images/openproj-new.png,projectlibre_ui,resource,HEAD,f359bbd1f85f82c05edbe21168e454b84096dbac331049113eee27dcdcbec6c3,d2fa3c20a,openproj_ui/src/com/projity/pm/graphic/images/openproj-new.png,f359bbd1f85f82c05edbe21168e454b84096dbac331049113eee27dcdcbec6c3,0530be227f4a10c5545cce8d3db20ac5a4d76a66,REVIEW_REQUIRED,Unknown,true,REVIEW_REQUIRED,REVIEW_REQUIRED,KEEP_OPENPROJ,normalized content matches OpenProj baseline,
modules/projectlibre_ui/src/main/resources/com/projectlibre1/pm/graphic/images/openproj.gif,projectlibre_ui,resource,HEAD,16580072b1863c528bf593b2d1a11ef968d2c8f50ad07b984485740f978505af,d2fa3c20a,openproj_ui/src/com/projity/pm/graphic/images/openproj.gif,16580072b1863c528bf593b2d1a11ef968d2c8f50ad07b984485740f978505af,0530be227f4a10c5545cce8d3db20ac5a4d76a66,REVIEW_REQUIRED,Unknown,true,REVIEW_REQUIRED,REVIEW_REQUIRED,KEEP_OPENPROJ,normalized content matches OpenProj baseline,
modules/projectlibre_ui/src/main/resources/com/projectlibre1/pm/graphic/images/otherFormat.gif,projectlibre_ui,resource,HEAD,34a33cfa7055627f189a55400747b69fe3e6754d0ac3de35e6f2f6f8f59c996a,d2fa3c20a,openproj_ui/src/com/projity/pm/graphic/images/otherFormat.gif,34a33cfa7055627f189a55400747b69fe3e6754d0ac3de35e6f2f6f8f59c996a,0530be227f4a10c5545cce8d3db20ac5a4d76a66,REVIEW_REQUIRED,Unknown,true,REVIEW_REQUIRED,REVIEW_REQUIRED,KEEP_OPENPROJ,normalized content matches OpenProj baseline,
modules/projectlibre_ui/src/main/resources/com/projectlibre1/pm/graphic/images/parentAssignment.gif,projectlibre_ui,resource,HEAD,269c930a89634ad9fc362d4fd3cf8cee146610f415abf225691bd4a4f04185b8,d2fa3c20a,openproj_ui/src/com/projity/pm/graphic/images/parentAssignment.gif,269c930a89634ad9fc362d4fd3cf8cee146610f415abf225691bd4a4f04185b8,0530be227f4a10c5545cce8d3db20ac5a4d76a66,REVIEW_REQUIRED,Unknown,true,REVIEW_REQUIRED,REVIEW_REQUIRED,KEEP_OPENPROJ,normalized content matches OpenProj baseline,
modules/projectlibre_ui/src/main/resources/com/projectlibre1/pm/graphic/images/payPalDonate.gif,projectlibre_ui,resource,HEAD,e0a11925789fd525d8032a96e1100c0d26648339009ba2e2a4d2781a38f2f5d5,d2fa3c20a,openproj_ui/src/com/projity/pm/graphic/images/payPalDonate.gif,e0a11925789fd525d8032a96e1100c0d26648339009ba2e2a4d2781a38f2f5d5,0530be227f4a10c5545cce8d3db20ac5a4d76a66,REVIEW_REQUIRED,Unknown,true,REVIEW_REQUIRED,REVIEW_REQUIRED,KEEP_OPENPROJ,normalized content matches OpenProj baseline,
modules/projectlibre_ui/src/main/resources/com/projectlibre1/pm/graphic/images/pdf16.png,projectlibre_ui,resource,HEAD,d7c91aacd9793c7c79ff2b2dd177f4f243fa31369d3b49950510be7746d3dd22,d2fa3c20a,openproj_ui/src/com/projity/pm/graphic/images/pdf16.png,d7c91aacd9793c7c79ff2b2dd177f4f243fa31369d3b49950510be7746d3dd22,0530be227f4a10c5545cce8d3db20ac5a4d76a66,REVIEW_REQUIRED,Unknown,true,REVIEW_REQUIRED,REVIEW_REQUIRED,KEEP_OPENPROJ,normalized content matches OpenProj baseline,
modules/projectlibre_ui/src/main/resources/com/projectlibre1/pm/graphic/images/plus.png,projectlibre_ui,resource,HEAD,da3f30d64b67efdf043c2232c6ea71b3ec3c37be02b6a8d8b4937c51b461c73a,d2fa3c20a,openproj_ui/src/com/projity/pm/graphic/images/plus.png,da3f30d64b67efdf043c2232c6ea71b3ec3c37be02b6a8d8b4937c51b461c73a,0530be227f4a10c5545cce8d3db20ac5a4d76a66,REVIEW_REQUIRED,Unknown,true,REVIEW_REQUIRED,REVIEW_REQUIRED,KEEP_OPENPROJ,normalized content matches OpenProj baseline,
modules/projectlibre_ui/src/main/resources/com/projectlibre1/pm/graphic/images/progressCursor.gif,projectlibre_ui,resource,HEAD,54e13010ecf4e5cccaa38f1370606ba42339d989869e023f30bc73d25d668a67,d2fa3c20a,openproj_ui/src/com/projity/pm/graphic/images/progressCursor.gif,54e13010ecf4e5cccaa38f1370606ba42339d989869e023f30bc73d25d668a67,0530be227f4a10c5545cce8d3db20ac5a4d76a66,REVIEW_REQUIRED,Unknown,true,REVIEW_REQUIRED,REVIEW_REQUIRED,KEEP_OPENPROJ,normalized content matches OpenProj baseline,
modules/projectlibre_ui/src/main/resources/com/projectlibre1/pm/graphic/images/projectlibre-application.png,projectlibre_ui,resource,HEAD,a466a61385aa61b00ab38dfcf030eb223931247b90c543d17f973ba270c7477b,d2fa3c20a,,,0530be227f4a10c5545cce8d3db20ac5a4d76a66,REVIEW_REQUIRED,Unknown,false,REVIEW_REQUIRED,REVIEW_REQUIRED,REVIEW,no path match in OpenProj baseline; classify origin manually,
modules/projectlibre_ui/src/main/resources/com/projectlibre1/pm/graphic/images/projectlibre-logo-whitebg.png,projectlibre_ui,resource,HEAD,e55bb6f3f9dfd3c70cec8e5177296037c3aa12c9a9bd7dad9afc043afae1867f,d2fa3c20a,,,0530be227f4a10c5545cce8d3db20ac5a4d76a66,REVIEW_REQUIRED,Unknown,false,REVIEW_REQUIRED,REVIEW_REQUIRED,REVIEW,no path match in OpenProj baseline; classify origin manually,
modules/projectlibre_ui/src/main/resources/com/projectlibre1/pm/graphic/images/projectlibre-logo.png,projectlibre_ui,resource,HEAD,209ca086ab2a164f688a54b0401561eb8617dd9f1615b2e96e9c44ab707b903d,d2fa3c20a,openproj_ui/src/com/projity/pm/graphic/images/projectlibre-logo.png,cc2c4ca326eacacea48d2fceadc1071c2e53d7c9bcc062b1755d9bce9972bd9f,0530be227f4a10c5545cce8d3db20ac5a4d76a66,REVIEW_REQUIRED,Unknown,false,REVIEW_REQUIRED,REVIEW_REQUIRED,REVIEW,OpenProj path exists but content differs; perform hunk-level comparison,
modules/projectlibre_ui/src/main/resources/com/projectlibre1/pm/graphic/images/projects-16.svg,projectlibre_ui,resource,HEAD,f68ba10faf38ffbbf9de3137337359e9d9c9f1de74954709e2f10c895a30568d,d2fa3c20a,,,0530be227f4a10c5545cce8d3db20ac5a4d76a66,REVIEW_REQUIRED,Unknown,false,REVIEW_REQUIRED,REVIEW_REQUIRED,REVIEW,no path match in OpenProj baseline; classify origin manually,
modules/projectlibre_ui/src/main/resources/com/projectlibre1/pm/graphic/images/projects-20.svg,projectlibre_ui,resource,HEAD,f1828271622894e4086520455d2129865545332117feeb0d2f0af25ebb170e43,d2fa3c20a,,,0530be227f4a10c5545cce8d3db20ac5a4d76a66,REVIEW_REQUIRED,Unknown,false,REVIEW_REQUIRED,REVIEW_REQUIRED,REVIEW,no path match in OpenProj baseline; classify origin manually,
modules/projectlibre_ui/src/main/resources/com/projectlibre1/pm/graphic/images/projects-32.svg,projectlibre_ui,resource,HEAD,4d7d7d6bbc47b03085f7eec7267edec8460a4d679cdf431fadd7738017ed9fab,d2fa3c20a,,,0530be227f4a10c5545cce8d3db20ac5a4d76a66,REVIEW_REQUIRED,Unknown,false,REVIEW_REQUIRED,REVIEW_REQUIRED,REVIEW,no path match in OpenProj baseline; classify origin manually,
modules/projectlibre_ui/src/main/resources/com/projectlibre1/pm/graphic/images/projects.png,projectlibre_ui,resource,HEAD,ef8cc6564f51896fdc7f94269ff28ea73fc11a1edcdbf2a52fdb269dbe8c4f6f,d2fa3c20a,openproj_ui/src/com/projity/pm/graphic/images/projects.png,ef8cc6564f51896fdc7f94269ff28ea73fc11a1edcdbf2a52fdb269dbe8c4f6f,0530be227f4a10c5545cce8d3db20ac5a4d76a66,REVIEW_REQUIRED,Unknown,true,REVIEW_REQUIRED,REVIEW_REQUIRED,KEEP_OPENPROJ,normalized content matches OpenProj baseline,
modules/projectlibre_ui/src/main/resources/com/projectlibre1/pm/graphic/images/projects.svg,projectlibre_ui,resource,HEAD,34ef6f923b409c45f97c28e706761cef81020b92fd5644eb53965578d0c5cc41,d2fa3c20a,,,0530be227f4a10c5545cce8d3db20ac5a4d76a66,REVIEW_REQUIRED,Unknown,false,REVIEW_REQUIRED,REVIEW_REQUIRED,REVIEW,no path match in OpenProj baseline; classify origin manually,
modules/projectlibre_ui/src/main/resources/com/projectlibre1/pm/graphic/images/projityFormat.gif,projectlibre_ui,resource,HEAD,eeb4f33e51a0d83f49a7b756af2a9afe54dedb738d6ef48f025e8c1df1d39f00,d2fa3c20a,openproj_ui/src/com/projity/pm/graphic/images/projityFormat.gif,eeb4f33e51a0d83f49a7b756af2a9afe54dedb738d6ef48f025e8c1df1d39f00,0530be227f4a10c5545cce8d3db20ac5a4d76a66,REVIEW_REQUIRED,Unknown,true,REVIEW_REQUIRED,REVIEW_REQUIRED,KEEP_OPENPROJ,normalized content matches OpenProj baseline,
modules/projectlibre_ui/src/main/resources/com/projectlibre1/pm/graphic/images/report-16.svg,projectlibre_ui,resource,HEAD,ad2b03a2174c8f94d1f211aab4dce3a6695861e1e4c8e80a9570e89595ec4d03,d2fa3c20a,,,0530be227f4a10c5545cce8d3db20ac5a4d76a66,REVIEW_REQUIRED,Unknown,false,REVIEW_REQUIRED,REVIEW_REQUIRED,REVIEW,no path match in OpenProj baseline; classify origin manually,
modules/projectlibre_ui/src/main/resources/com/projectlibre1/pm/graphic/images/report-20.svg,projectlibre_ui,resource,HEAD,c7298cad0683c89f0e739f69f0b5bc095467bff8267e9d813b4d637ca46bf1c3,d2fa3c20a,,,0530be227f4a10c5545cce8d3db20ac5a4d76a66,REVIEW_REQUIRED,Unknown,false,REVIEW_REQUIRED,REVIEW_REQUIRED,REVIEW,no path match in OpenProj baseline; classify origin manually,
modules/projectlibre_ui/src/main/resources/com/projectlibre1/pm/graphic/images/report-32.svg,projectlibre_ui,resource,HEAD,f63ce50b430816750955f234e57fbe566baeed3e00e95f91fbe283ba9540ffe6,d2fa3c20a,,,0530be227f4a10c5545cce8d3db20ac5a4d76a66,REVIEW_REQUIRED,Unknown,false,REVIEW_REQUIRED,REVIEW_REQUIRED,REVIEW,no path match in OpenProj baseline; classify origin manually,
modules/projectlibre_ui/src/main/resources/com/projectlibre1/pm/graphic/images/report.png,projectlibre_ui,resource,HEAD,64b3a1759e4ad6d090309094decc1619a16a653cb0de2c7e82cde1887c48f949,d2fa3c20a,openproj_ui/src/com/projity/pm/graphic/images/report.png,64b3a1759e4ad6d090309094decc1619a16a653cb0de2c7e82cde1887c48f949,0530be227f4a10c5545cce8d3db20ac5a4d76a66,REVIEW_REQUIRED,Unknown,true,REVIEW_REQUIRED,REVIEW_REQUIRED,KEEP_OPENPROJ,normalized content matches OpenProj baseline,
modules/projectlibre_ui/src/main/resources/com/projectlibre1/pm/graphic/images/report.svg,projectlibre_ui,resource,HEAD,02e5f374d0d77933a4757097b99d98943974b34e7e33131ab72e2fcb234e3329,d2fa3c20a,,,0530be227f4a10c5545cce8d3db20ac5a4d76a66,REVIEW_REQUIRED,Unknown,false,REVIEW_REQUIRED,REVIEW_REQUIRED,REVIEW,no path match in OpenProj baseline; classify origin manually,
modules/projectlibre_ui/src/main/resources/com/projectlibre1/pm/graphic/images/resourceUsage-16.svg,projectlibre_ui,resource,HEAD,115f67413390d96c2d6f95e7acf056b11de84e9e616dad3238f3f77b889d58e0,d2fa3c20a,,,0530be227f4a10c5545cce8d3db20ac5a4d76a66,REVIEW_REQUIRED,Unknown,false,REVIEW_REQUIRED,REVIEW_REQUIRED,REVIEW,no path match in OpenProj baseline; classify origin manually,
modules/projectlibre_ui/src/main/resources/com/projectlibre1/pm/graphic/images/resourceUsage-20.svg,projectlibre_ui,resource,HEAD,115f67413390d96c2d6f95e7acf056b11de84e9e616dad3238f3f77b889d58e0,d2fa3c20a,,,0530be227f4a10c5545cce8d3db20ac5a4d76a66,REVIEW_REQUIRED,Unknown,false,REVIEW_REQUIRED,REVIEW_REQUIRED,REVIEW,no path match in OpenProj baseline; classify origin manually,
modules/projectlibre_ui/src/main/resources/com/projectlibre1/pm/graphic/images/resourceUsage-32.svg,projectlibre_ui,resource,HEAD,115f67413390d96c2d6f95e7acf056b11de84e9e616dad3238f3f77b889d58e0,d2fa3c20a,,,0530be227f4a10c5545cce8d3db20ac5a4d76a66,REVIEW_REQUIRED,Unknown,false,REVIEW_REQUIRED,REVIEW_REQUIRED,REVIEW,no path match in OpenProj baseline; classify origin manually,
modules/projectlibre_ui/src/main/resources/com/projectlibre1/pm/graphic/images/resourceUsage.png,projectlibre_ui,resource,HEAD,e96bc64fbd79054c470c912cf458051a92be1372442702106ff53c09d907bcf6,d2fa3c20a,openproj_ui/src/com/projity/pm/graphic/images/resourceUsage.png,e96bc64fbd79054c470c912cf458051a92be1372442702106ff53c09d907bcf6,0530be227f4a10c5545cce8d3db20ac5a4d76a66,REVIEW_REQUIRED,Unknown,true,REVIEW_REQUIRED,REVIEW_REQUIRED,KEEP_OPENPROJ,normalized content matches OpenProj baseline,
modules/projectlibre_ui/src/main/resources/com/projectlibre1/pm/graphic/images/resourceUsage.svg,projectlibre_ui,resource,HEAD,7f192e93b85e8d09511202f5f0c7668d976eb11cd1335609660f814c5b2bf5a2,d2fa3c20a,,,0530be227f4a10c5545cce8d3db20ac5a4d76a66,REVIEW_REQUIRED,Unknown,false,REVIEW_REQUIRED,REVIEW_REQUIRED,REVIEW,no path match in OpenProj baseline; classify origin manually,
modules/projectlibre_ui/src/main/resources/com/projectlibre1/pm/graphic/images/resources-16.svg,projectlibre_ui,resource,HEAD,42f468d94a627cec54ba0ff40e5b8fdc0560233e0e1794a4b4e171de7d15de04,d2fa3c20a,,,0530be227f4a10c5545cce8d3db20ac5a4d76a66,REVIEW_REQUIRED,Unknown,false,REVIEW_REQUIRED,REVIEW_REQUIRED,REVIEW,no path match in OpenProj baseline; classify origin manually,
modules/projectlibre_ui/src/main/resources/com/projectlibre1/pm/graphic/images/resources-20.svg,projectlibre_ui,resource,HEAD,6f3dad8ea2db8541d19e1ce27ec8947b4f35fc0972da64c172dc51a277cceeac,d2fa3c20a,,,0530be227f4a10c5545cce8d3db20ac5a4d76a66,REVIEW_REQUIRED,Unknown,false,REVIEW_REQUIRED,REVIEW_REQUIRED,REVIEW,no path match in OpenProj baseline; classify origin manually,
modules/projectlibre_ui/src/main/resources/com/projectlibre1/pm/graphic/images/resources-32.svg,projectlibre_ui,resource,HEAD,9dee3e9b94cceb9efdbcd711d9a3dc7ed85e0b0eb54d8da123d5262a2cc41885,d2fa3c20a,,,0530be227f4a10c5545cce8d3db20ac5a4d76a66,REVIEW_REQUIRED,Unknown,false,REVIEW_REQUIRED,REVIEW_REQUIRED,REVIEW,no path match in OpenProj baseline; classify origin manually,
modules/projectlibre_ui/src/main/resources/com/projectlibre1/pm/graphic/images/resources.png,projectlibre_ui,resource,HEAD,ec735d57aae6e588204ea2400b3d5f6b52a7d8ddad3f09b7d2c440d50c0ae74c,d2fa3c20a,openproj_ui/src/com/projity/pm/graphic/images/resources.png,ec735d57aae6e588204ea2400b3d5f6b52a7d8ddad3f09b7d2c440d50c0ae74c,0530be227f4a10c5545cce8d3db20ac5a4d76a66,REVIEW_REQUIRED,Unknown,true,REVIEW_REQUIRED,REVIEW_REQUIRED,KEEP_OPENPROJ,normalized content matches OpenProj baseline,
modules/projectlibre_ui/src/main/resources/com/projectlibre1/pm/graphic/images/resources.svg,projectlibre_ui,resource,HEAD,cb4f8b23e9adeec90549161a293c021d2b27dce278ac7989756babc28fd066f8,d2fa3c20a,,,0530be227f4a10c5545cce8d3db20ac5a4d76a66,REVIEW_REQUIRED,Unknown,false,REVIEW_REQUIRED,REVIEW_REQUIRED,REVIEW,no path match in OpenProj baseline; classify origin manually,
modules/projectlibre_ui/src/main/resources/com/projectlibre1/pm/graphic/images/ribbon/application-pdf-16.svg,projectlibre_ui,resource,HEAD,57b65ddbdf6c5e8220b8e7e7906dce8914ebedfa4bf4a0d3852dcbf5889ce22d,d2fa3c20a,,,0530be227f4a10c5545cce8d3db20ac5a4d76a66,REVIEW_REQUIRED,Unknown,false,REVIEW_REQUIRED,REVIEW_REQUIRED,REVIEW,no path match in OpenProj baseline; classify origin manually,
modules/projectlibre_ui/src/main/resources/com/projectlibre1/pm/graphic/images/ribbon/application-pdf-20.svg,projectlibre_ui,resource,HEAD,8183cc0f6e027cca4a564a95b0e9df53670059103469b71ebba9cf6a22db7648,d2fa3c20a,,,0530be227f4a10c5545cce8d3db20ac5a4d76a66,REVIEW_REQUIRED,Unknown,false,REVIEW_REQUIRED,REVIEW_REQUIRED,REVIEW,no path match in OpenProj baseline; classify origin manually,
modules/projectlibre_ui/src/main/resources/com/projectlibre1/pm/graphic/images/ribbon/application-pdf-32.svg,projectlibre_ui,resource,HEAD,94cbde7488b08a2c7cc962f8be1d172ab20bc0634f3a80014e3a3c68c6e0c307,d2fa3c20a,,,0530be227f4a10c5545cce8d3db20ac5a4d76a66,REVIEW_REQUIRED,Unknown,false,REVIEW_REQUIRED,REVIEW_REQUIRED,REVIEW,no path match in OpenProj baseline; classify origin manually,
modules/projectlibre_ui/src/main/resources/com/projectlibre1/pm/graphic/images/ribbon/application-pdf.png,projectlibre_ui,resource,HEAD,bc106ccffcafc121166a7e77e1e684bf7702285b7f2e7eb00b183a3e65eedbc4,d2fa3c20a,,,0530be227f4a10c5545cce8d3db20ac5a4d76a66,REVIEW_REQUIRED,ThirdParty:JasperReports,false,REVIEW_REQUIRED,REVIEW_REQUIRED,KEEP_THIRD_PARTY,third-party notice detected; verify upstream license,
modules/projectlibre_ui/src/main/resources/com/projectlibre1/pm/graphic/images/ribbon/application-pdf.svg,projectlibre_ui,resource,HEAD,1789f34ccc936b44f182266e8f210fa4be026a00d258760fd90c4767014e4d21,d2fa3c20a,,,0530be227f4a10c5545cce8d3db20ac5a4d76a66,REVIEW_REQUIRED,Unknown,false,REVIEW_REQUIRED,REVIEW_REQUIRED,REVIEW,no path match in OpenProj baseline; classify origin manually,
modules/projectlibre_ui/src/main/resources/com/projectlibre1/pm/graphic/images/ribbon/assign-resources-ribbon-16.svg,projectlibre_ui,resource,HEAD,ba2ea672ccd746ac91d11490956d015669c49300315cf3dd1c7f1082c6f6bfe1,d2fa3c20a,,,0530be227f4a10c5545cce8d3db20ac5a4d76a66,REVIEW_REQUIRED,Unknown,false,REVIEW_REQUIRED,REVIEW_REQUIRED,REVIEW,no path match in OpenProj baseline; classify origin manually,
modules/projectlibre_ui/src/main/resources/com/projectlibre1/pm/graphic/images/ribbon/assign-resources-ribbon-20.svg,projectlibre_ui,resource,HEAD,6ac0155cbe2d5391a51308219d2d1369e7f3894fdeb87c6b52d7d1395d5e71c8,d2fa3c20a,,,0530be227f4a10c5545cce8d3db20ac5a4d76a66,REVIEW_REQUIRED,Unknown,false,REVIEW_REQUIRED,REVIEW_REQUIRED,REVIEW,no path match in OpenProj baseline; classify origin manually,
modules/projectlibre_ui/src/main/resources/com/projectlibre1/pm/graphic/images/ribbon/assign-resources-ribbon-32.svg,projectlibre_ui,resource,HEAD,2a5fdeb09985907f10f30ef694005439d2621b952752de76033dfa2670d5dcb2,d2fa3c20a,,,0530be227f4a10c5545cce8d3db20ac5a4d76a66,REVIEW_REQUIRED,Unknown,false,REVIEW_REQUIRED,REVIEW_REQUIRED,REVIEW,no path match in OpenProj baseline; classify origin manually,
modules/projectlibre_ui/src/main/resources/com/projectlibre1/pm/graphic/images/ribbon/assign-resources-ribbon.svg,projectlibre_ui,resource,HEAD,92539c689c230b54051dec4238928c766407c5f45335b92bb1b4fb5ce8b2b1f5,d2fa3c20a,,,0530be227f4a10c5545cce8d3db20ac5a4d76a66,REVIEW_REQUIRED,Unknown,false,REVIEW_REQUIRED,REVIEW_REQUIRED,REVIEW,no path match in OpenProj baseline; classify origin manually,
modules/projectlibre_ui/src/main/resources/com/projectlibre1/pm/graphic/images/ribbon/bar-styles-16.svg,projectlibre_ui,resource,HEAD,5b2374902582fd354a797499f59d7404bcacc9f76f6f480199cb3dde541e7599,d2fa3c20a,,,0530be227f4a10c5545cce8d3db20ac5a4d76a66,REVIEW_REQUIRED,Unknown,false,REVIEW_REQUIRED,REVIEW_REQUIRED,REVIEW,no path match in OpenProj baseline; classify origin manually,
modules/projectlibre_ui/src/main/resources/com/projectlibre1/pm/graphic/images/ribbon/bar-styles-20.svg,projectlibre_ui,resource,HEAD,836513bd3a985ccefd184649c54a808a57b7b7a716472bd1c443782de7c470af,d2fa3c20a,,,0530be227f4a10c5545cce8d3db20ac5a4d76a66,REVIEW_REQUIRED,Unknown,false,REVIEW_REQUIRED,REVIEW_REQUIRED,REVIEW,no path match in OpenProj baseline; classify origin manually,
modules/projectlibre_ui/src/main/resources/com/projectlibre1/pm/graphic/images/ribbon/bar-styles-32.svg,projectlibre_ui,resource,HEAD,639cf95f8a39d1483bce73883b6feae1c0b5a16931403ac5f755f4b767d7c661,d2fa3c20a,,,0530be227f4a10c5545cce8d3db20ac5a4d76a66,REVIEW_REQUIRED,Unknown,false,REVIEW_REQUIRED,REVIEW_REQUIRED,REVIEW,no path match in OpenProj baseline; classify origin manually,
modules/projectlibre_ui/src/main/resources/com/projectlibre1/pm/graphic/images/ribbon/bar-styles.svg,projectlibre_ui,resource,HEAD,1849d66ce8f1f1bc596b11885f644819a38b0bf861a0bac8c4288ca28bc36636,d2fa3c20a,,,0530be227f4a10c5545cce8d3db20ac5a4d76a66,REVIEW_REQUIRED,Unknown,false,REVIEW_REQUIRED,REVIEW_REQUIRED,REVIEW,no path match in OpenProj baseline; classify origin manually,
modules/projectlibre_ui/src/main/resources/com/projectlibre1/pm/graphic/images/ribbon/baseline-clear-16.svg,projectlibre_ui,resource,HEAD,ae6730cb056dced6c766d8b2ff609979958bf8f3ccacdcd80404426dd9c91511,d2fa3c20a,,,0530be227f4a10c5545cce8d3db20ac5a4d76a66,REVIEW_REQUIRED,Unknown,false,REVIEW_REQUIRED,REVIEW_REQUIRED,REVIEW,no path match in OpenProj baseline; classify origin manually,
modules/projectlibre_ui/src/main/resources/com/projectlibre1/pm/graphic/images/ribbon/baseline-clear-20.svg,projectlibre_ui,resource,HEAD,9e9212ef859ef365265b68168b90392e466737f239a805dc092a6f47bc1fee5c,d2fa3c20a,,,0530be227f4a10c5545cce8d3db20ac5a4d76a66,REVIEW_REQUIRED,Unknown,false,REVIEW_REQUIRED,REVIEW_REQUIRED,REVIEW,no path match in OpenProj baseline; classify origin manually,
modules/projectlibre_ui/src/main/resources/com/projectlibre1/pm/graphic/images/ribbon/baseline-clear-32.svg,projectlibre_ui,resource,HEAD,080f824c808466e809fec15a5fb85e8bfb4f5c40870350d0cda7fcd824b1e92d,d2fa3c20a,,,0530be227f4a10c5545cce8d3db20ac5a4d76a66,REVIEW_REQUIRED,Unknown,false,REVIEW_REQUIRED,REVIEW_REQUIRED,REVIEW,no path match in OpenProj baseline; classify origin manually,
modules/projectlibre_ui/src/main/resources/com/projectlibre1/pm/graphic/images/ribbon/baseline-clear.svg,projectlibre_ui,resource,HEAD,48eb0bf5c9d7bb1013567a7d89dd5312c5fd60b07f60e5ca309d8f96bc03cf11,d2fa3c20a,,,0530be227f4a10c5545cce8d3db20ac5a4d76a66,REVIEW_REQUIRED,Unknown,false,REVIEW_REQUIRED,REVIEW_REQUIRED,REVIEW,no path match in OpenProj baseline; classify origin manually,
modules/projectlibre_ui/src/main/resources/com/projectlibre1/pm/graphic/images/ribbon/calendar-repeat-16.svg,projectlibre_ui,resource,HEAD,36d4b08f4690c59df4d8f0e77bcd6f7790c503edf0c2615b56d521a653fe0fd5,d2fa3c20a,,,0530be227f4a10c5545cce8d3db20ac5a4d76a66,REVIEW_REQUIRED,Unknown,false,REVIEW_REQUIRED,REVIEW_REQUIRED,REVIEW,no path match in OpenProj baseline; classify origin manually,
modules/projectlibre_ui/src/main/resources/com/projectlibre1/pm/graphic/images/ribbon/calendar-repeat-20.svg,projectlibre_ui,resource,HEAD,8d2372f05db1dd0e93e364a2a68579702c4a08dda157b54de7f4d29cd8d79e03,d2fa3c20a,,,0530be227f4a10c5545cce8d3db20ac5a4d76a66,REVIEW_REQUIRED,Unknown,false,REVIEW_REQUIRED,REVIEW_REQUIRED,REVIEW,no path match in OpenProj baseline; classify origin manually,
modules/projectlibre_ui/src/main/resources/com/projectlibre1/pm/graphic/images/ribbon/calendar-repeat-32.svg,projectlibre_ui,resource,HEAD,42edfc34d0fd4f2416bf62cfff3d1eb852d87d2b37dbbe6f68f6d1d822a847ea,d2fa3c20a,,,0530be227f4a10c5545cce8d3db20ac5a4d76a66,REVIEW_REQUIRED,Unknown,false,REVIEW_REQUIRED,REVIEW_REQUIRED,REVIEW,no path match in OpenProj baseline; classify origin manually,
modules/projectlibre_ui/src/main/resources/com/projectlibre1/pm/graphic/images/ribbon/calendar-repeat.svg,projectlibre_ui,resource,HEAD,026aabbd26746d23dee9581a3f81d105db8066f095465fd097079a094a3bfea0,d2fa3c20a,,,0530be227f4a10c5545cce8d3db20ac5a4d76a66,REVIEW_REQUIRED,Unknown,false,REVIEW_REQUIRED,REVIEW_REQUIRED,REVIEW,no path match in OpenProj baseline; classify origin manually,
modules/projectlibre_ui/src/main/resources/com/projectlibre1/pm/graphic/images/ribbon/calendar-settings-16.svg,projectlibre_ui,resource,HEAD,d4a0bce9ce05ea66a39579f5c9947c7cb3ad04778a4a4fc00dc863f98746b2ac,d2fa3c20a,,,0530be227f4a10c5545cce8d3db20ac5a4d76a66,REVIEW_REQUIRED,Unknown,false,REVIEW_REQUIRED,REVIEW_REQUIRED,REVIEW,no path match in OpenProj baseline; classify origin manually,
modules/projectlibre_ui/src/main/resources/com/projectlibre1/pm/graphic/images/ribbon/calendar-settings-20.svg,projectlibre_ui,resource,HEAD,5a6705f58a831bae963da1842d8425e3371025c07f331abf0df16f1a6fd41183,d2fa3c20a,,,0530be227f4a10c5545cce8d3db20ac5a4d76a66,REVIEW_REQUIRED,Unknown,false,REVIEW_REQUIRED,REVIEW_REQUIRED,REVIEW,no path match in OpenProj baseline; classify origin manually,
modules/projectlibre_ui/src/main/resources/com/projectlibre1/pm/graphic/images/ribbon/calendar-settings-32.svg,projectlibre_ui,resource,HEAD,5aef76b2fa55a26b86693d43d45efbb8d1768168a09fff50f00da7b84f35416a,d2fa3c20a,,,0530be227f4a10c5545cce8d3db20ac5a4d76a66,REVIEW_REQUIRED,Unknown,false,REVIEW_REQUIRED,REVIEW_REQUIRED,REVIEW,no path match in OpenProj baseline; classify origin manually,
modules/projectlibre_ui/src/main/resources/com/projectlibre1/pm/graphic/images/ribbon/calendar-settings.svg,projectlibre_ui,resource,HEAD,e86cc50b972b8cd00b2b5ccedc4c68a4c34cb8453cc609125729c9d7f0ac118c,d2fa3c20a,,,0530be227f4a10c5545cce8d3db20ac5a4d76a66,REVIEW_REQUIRED,Unknown,false,REVIEW_REQUIRED,REVIEW_REQUIRED,REVIEW,no path match in OpenProj baseline; classify origin manually,
modules/projectlibre_ui/src/main/resources/com/projectlibre1/pm/graphic/images/ribbon/collapse-tasks-ribbon-16.svg,projectlibre_ui,resource,HEAD,9c19ba774b8e26423a2eba9d897d426d326f0fa7e728d43293c1aa1d5426201d,d2fa3c20a,,,0530be227f4a10c5545cce8d3db20ac5a4d76a66,REVIEW_REQUIRED,Unknown,false,REVIEW_REQUIRED,REVIEW_REQUIRED,REVIEW,no path match in OpenProj baseline; classify origin manually,
modules/projectlibre_ui/src/main/resources/com/projectlibre1/pm/graphic/images/ribbon/collapse-tasks-ribbon-20.svg,projectlibre_ui,resource,HEAD,5115252fe609c0e9c56a39dfc410b5815dd4b491f7043344139fefd943cce790,d2fa3c20a,,,0530be227f4a10c5545cce8d3db20ac5a4d76a66,REVIEW_REQUIRED,Unknown,false,REVIEW_REQUIRED,REVIEW_REQUIRED,REVIEW,no path match in OpenProj baseline; classify origin manually,
modules/projectlibre_ui/src/main/resources/com/projectlibre1/pm/graphic/images/ribbon/collapse-tasks-ribbon-32.svg,projectlibre_ui,resource,HEAD,cf1ec04a474f9c2a6d6e5b6525d6ac3658909491e550613b1c685d96a2453b17,d2fa3c20a,,,0530be227f4a10c5545cce8d3db20ac5a4d76a66,REVIEW_REQUIRED,Unknown,false,REVIEW_REQUIRED,REVIEW_REQUIRED,REVIEW,no path match in OpenProj baseline; classify origin manually,
modules/projectlibre_ui/src/main/resources/com/projectlibre1/pm/graphic/images/ribbon/collapse-tasks-ribbon.svg,projectlibre_ui,resource,HEAD,41b573e44e41d7078ce66b9b06b19f8f6d58d7f0b4bcb78208582a9eea924015,d2fa3c20a,,,0530be227f4a10c5545cce8d3db20ac5a4d76a66,REVIEW_REQUIRED,Unknown,false,REVIEW_REQUIRED,REVIEW_REQUIRED,REVIEW,no path match in OpenProj baseline; classify origin manually,
modules/projectlibre_ui/src/main/resources/com/projectlibre1/pm/graphic/images/ribbon/delegate-tasks-16.svg,projectlibre_ui,resource,HEAD,f58fab8f1fae1c61a44aa68f836e7039412bb6dfd5dc058c72916acd331f00e5,d2fa3c20a,,,0530be227f4a10c5545cce8d3db20ac5a4d76a66,REVIEW_REQUIRED,Unknown,false,REVIEW_REQUIRED,REVIEW_REQUIRED,REVIEW,no path match in OpenProj baseline; classify origin manually,
modules/projectlibre_ui/src/main/resources/com/projectlibre1/pm/graphic/images/ribbon/delegate-tasks-20.svg,projectlibre_ui,resource,HEAD,f58fab8f1fae1c61a44aa68f836e7039412bb6dfd5dc058c72916acd331f00e5,d2fa3c20a,,,0530be227f4a10c5545cce8d3db20ac5a4d76a66,REVIEW_REQUIRED,Unknown,false,REVIEW_REQUIRED,REVIEW_REQUIRED,REVIEW,no path match in OpenProj baseline; classify origin manually,
modules/projectlibre_ui/src/main/resources/com/projectlibre1/pm/graphic/images/ribbon/delegate-tasks-32.svg,projectlibre_ui,resource,HEAD,f58fab8f1fae1c61a44aa68f836e7039412bb6dfd5dc058c72916acd331f00e5,d2fa3c20a,,,0530be227f4a10c5545cce8d3db20ac5a4d76a66,REVIEW_REQUIRED,Unknown,false,REVIEW_REQUIRED,REVIEW_REQUIRED,REVIEW,no path match in OpenProj baseline; classify origin manually,
modules/projectlibre_ui/src/main/resources/com/projectlibre1/pm/graphic/images/ribbon/delegate-tasks.svg,projectlibre_ui,resource,HEAD,afb55ef079e4bdc0719b2e4eb5953d9172d8e9c0d9a4feb61d85a43280f858ed,d2fa3c20a,,,0530be227f4a10c5545cce8d3db20ac5a4d76a66,REVIEW_REQUIRED,Unknown,false,REVIEW_REQUIRED,REVIEW_REQUIRED,REVIEW,no path match in OpenProj baseline; classify origin manually,
modules/projectlibre_ui/src/main/resources/com/projectlibre1/pm/graphic/images/ribbon/delete-link-16.svg,projectlibre_ui,resource,HEAD,2253bddde7f316daf66c7e548f43f52c9aa11a33e64db66a2e4ebfc98146eb99,d2fa3c20a,,,0530be227f4a10c5545cce8d3db20ac5a4d76a66,REVIEW_REQUIRED,Unknown,false,REVIEW_REQUIRED,REVIEW_REQUIRED,REVIEW,no path match in OpenProj baseline; classify origin manually,
modules/projectlibre_ui/src/main/resources/com/projectlibre1/pm/graphic/images/ribbon/delete-link-20.svg,projectlibre_ui,resource,HEAD,65981846db82544ab63b627afcadfff4e2b94597f22b376ec0ffce8fdca4e0b3,d2fa3c20a,,,0530be227f4a10c5545cce8d3db20ac5a4d76a66,REVIEW_REQUIRED,Unknown,false,REVIEW_REQUIRED,REVIEW_REQUIRED,REVIEW,no path match in OpenProj baseline; classify origin manually,
modules/projectlibre_ui/src/main/resources/com/projectlibre1/pm/graphic/images/ribbon/delete-link-32.svg,projectlibre_ui,resource,HEAD,fce800920e08db51ab7f0f588f4678e0500df7702f089f37b52e75f8c36ad393,d2fa3c20a,,,0530be227f4a10c5545cce8d3db20ac5a4d76a66,REVIEW_REQUIRED,Unknown,false,REVIEW_REQUIRED,REVIEW_REQUIRED,REVIEW,no path match in OpenProj baseline; classify origin manually,
modules/projectlibre_ui/src/main/resources/com/projectlibre1/pm/graphic/images/ribbon/delete-link.png,projectlibre_ui,resource,HEAD,db14f81acaa89bf869a3700a11614d7e202f612aacc65a3c231facb4571b52c3,d2fa3c20a,,,0530be227f4a10c5545cce8d3db20ac5a4d76a66,REVIEW_REQUIRED,Unknown,false,REVIEW_REQUIRED,REVIEW_REQUIRED,REVIEW,no path match in OpenProj baseline; classify origin manually,
modules/projectlibre_ui/src/main/resources/com/projectlibre1/pm/graphic/images/ribbon/delete-link.svg,projectlibre_ui,resource,HEAD,8e5302167cd81d59fb75c286f285668ce2c112e3dae6e2e23b32453b3a64be03,d2fa3c20a,,,0530be227f4a10c5545cce8d3db20ac5a4d76a66,REVIEW_REQUIRED,Unknown,false,REVIEW_REQUIRED,REVIEW_REQUIRED,REVIEW,no path match in OpenProj baseline; classify origin manually,
modules/projectlibre_ui/src/main/resources/com/projectlibre1/pm/graphic/images/ribbon/document-close-4-16.svg,projectlibre_ui,resource,HEAD,e5c5e993daa89718f566ed4c493c5e6c92dcd968243da9e13d7de9337fe40dfc,d2fa3c20a,,,0530be227f4a10c5545cce8d3db20ac5a4d76a66,REVIEW_REQUIRED,Unknown,false,REVIEW_REQUIRED,REVIEW_REQUIRED,REVIEW,no path match in OpenProj baseline; classify origin manually,
modules/projectlibre_ui/src/main/resources/com/projectlibre1/pm/graphic/images/ribbon/document-close-4-20.svg,projectlibre_ui,resource,HEAD,7b0256b7ae761eef58ba5a45facc1276428878ae95076d1dcf5a842c26b1b9e3,d2fa3c20a,,,0530be227f4a10c5545cce8d3db20ac5a4d76a66,REVIEW_REQUIRED,Unknown,false,REVIEW_REQUIRED,REVIEW_REQUIRED,REVIEW,no path match in OpenProj baseline; classify origin manually,
modules/projectlibre_ui/src/main/resources/com/projectlibre1/pm/graphic/images/ribbon/document-close-4-32.svg,projectlibre_ui,resource,HEAD,7b84722518b20f185ae1a57843a860b8b0941ce30456f7ce9aeea7f94da65c24,d2fa3c20a,,,0530be227f4a10c5545cce8d3db20ac5a4d76a66,REVIEW_REQUIRED,Unknown,false,REVIEW_REQUIRED,REVIEW_REQUIRED,REVIEW,no path match in OpenProj baseline; classify origin manually,
modules/projectlibre_ui/src/main/resources/com/projectlibre1/pm/graphic/images/ribbon/document-close-4.png,projectlibre_ui,resource,HEAD,f0a2e81259dc553690523ff62785b4c23fb3b474e656349251cecd1a4b9e02c3,d2fa3c20a,,,0530be227f4a10c5545cce8d3db20ac5a4d76a66,REVIEW_REQUIRED,ThirdParty:JasperReports,false,REVIEW_REQUIRED,REVIEW_REQUIRED,KEEP_THIRD_PARTY,third-party notice detected; verify upstream license,
modules/projectlibre_ui/src/main/resources/com/projectlibre1/pm/graphic/images/ribbon/document-close-4.svg,projectlibre_ui,resource,HEAD,c69a601ffec99131e9e93c13c09464dffb9b6ac7481163f2d20e8af6d72f53f7,d2fa3c20a,,,0530be227f4a10c5545cce8d3db20ac5a4d76a66,REVIEW_REQUIRED,Unknown,false,REVIEW_REQUIRED,REVIEW_REQUIRED,REVIEW,no path match in OpenProj baseline; classify origin manually,
modules/projectlibre_ui/src/main/resources/com/projectlibre1/pm/graphic/images/ribbon/document-export-16.svg,projectlibre_ui,resource,HEAD,a112e49b019d5be18379f302f41058a99a6d2b1679fd210a0056d3ca2fbc204d,d2fa3c20a,,,0530be227f4a10c5545cce8d3db20ac5a4d76a66,REVIEW_REQUIRED,Unknown,false,REVIEW_REQUIRED,REVIEW_REQUIRED,REVIEW,no path match in OpenProj baseline; classify origin manually,
modules/projectlibre_ui/src/main/resources/com/projectlibre1/pm/graphic/images/ribbon/document-export-20.svg,projectlibre_ui,resource,HEAD,a112e49b019d5be18379f302f41058a99a6d2b1679fd210a0056d3ca2fbc204d,d2fa3c20a,,,0530be227f4a10c5545cce8d3db20ac5a4d76a66,REVIEW_REQUIRED,Unknown,false,REVIEW_REQUIRED,REVIEW_REQUIRED,REVIEW,no path match in OpenProj baseline; classify origin manually,
modules/projectlibre_ui/src/main/resources/com/projectlibre1/pm/graphic/images/ribbon/document-export-32.svg,projectlibre_ui,resource,HEAD,a112e49b019d5be18379f302f41058a99a6d2b1679fd210a0056d3ca2fbc204d,d2fa3c20a,,,0530be227f4a10c5545cce8d3db20ac5a4d76a66,REVIEW_REQUIRED,Unknown,false,REVIEW_REQUIRED,REVIEW_REQUIRED,REVIEW,no path match in OpenProj baseline; classify origin manually,
modules/projectlibre_ui/src/main/resources/com/projectlibre1/pm/graphic/images/ribbon/document-export.svg,projectlibre_ui,resource,HEAD,f1543e137b74956cad8bc604b6e5dedc80c79d04fd5141460a35bebf14ffb5a8,d2fa3c20a,,,0530be227f4a10c5545cce8d3db20ac5a4d76a66,REVIEW_REQUIRED,Unknown,false,REVIEW_REQUIRED,REVIEW_REQUIRED,REVIEW,no path match in OpenProj baseline; classify origin manually,
modules/projectlibre_ui/src/main/resources/com/projectlibre1/pm/graphic/images/ribbon/document-import-16.svg,projectlibre_ui,resource,HEAD,779f40929d0df5b725ff71bf7dd40329b7a6813893e3a6f694f62c2a2e932e47,d2fa3c20a,,,0530be227f4a10c5545cce8d3db20ac5a4d76a66,REVIEW_REQUIRED,Unknown,false,REVIEW_REQUIRED,REVIEW_REQUIRED,REVIEW,no path match in OpenProj baseline; classify origin manually,
modules/projectlibre_ui/src/main/resources/com/projectlibre1/pm/graphic/images/ribbon/document-import-20.svg,projectlibre_ui,resource,HEAD,67278a07e6a54989509b9890079a567459ef44e3eca3cc2b7f23487bfa3d722e,d2fa3c20a,,,0530be227f4a10c5545cce8d3db20ac5a4d76a66,REVIEW_REQUIRED,Unknown,false,REVIEW_REQUIRED,REVIEW_REQUIRED,REVIEW,no path match in OpenProj baseline; classify origin manually,
modules/projectlibre_ui/src/main/resources/com/projectlibre1/pm/graphic/images/ribbon/document-import-32.svg,projectlibre_ui,resource,HEAD,172cc85b7d0fca05f17069342c33c97a196caa92ebd17ca0cb7d4cfb50d39bd2,d2fa3c20a,,,0530be227f4a10c5545cce8d3db20ac5a4d76a66,REVIEW_REQUIRED,Unknown,false,REVIEW_REQUIRED,REVIEW_REQUIRED,REVIEW,no path match in OpenProj baseline; classify origin manually,
modules/projectlibre_ui/src/main/resources/com/projectlibre1/pm/graphic/images/ribbon/document-import.svg,projectlibre_ui,resource,HEAD,2f66ad11327d5e81e5c254b3fdb642cb3045ff5f309eb8b74b92d8120a4b99da,d2fa3c20a,,,0530be227f4a10c5545cce8d3db20ac5a4d76a66,REVIEW_REQUIRED,Unknown,false,REVIEW_REQUIRED,REVIEW_REQUIRED,REVIEW,no path match in OpenProj baseline; classify origin manually,
modules/projectlibre_ui/src/main/resources/com/projectlibre1/pm/graphic/images/ribbon/document-multiple-16.svg,projectlibre_ui,resource,HEAD,65fee42d71df53bd46594bb60acdf88d48f6b7706204f16fabd2bb24146bfdad,d2fa3c20a,,,0530be227f4a10c5545cce8d3db20ac5a4d76a66,REVIEW_REQUIRED,Unknown,false,REVIEW_REQUIRED,REVIEW_REQUIRED,REVIEW,no path match in OpenProj baseline; classify origin manually,
modules/projectlibre_ui/src/main/resources/com/projectlibre1/pm/graphic/images/ribbon/document-multiple-20.svg,projectlibre_ui,resource,HEAD,efe1c4876d6988ebb74cd957a6e7efa43fd2113d329602c2709d1648bc794d45,d2fa3c20a,,,0530be227f4a10c5545cce8d3db20ac5a4d76a66,REVIEW_REQUIRED,Unknown,false,REVIEW_REQUIRED,REVIEW_REQUIRED,REVIEW,no path match in OpenProj baseline; classify origin manually,
modules/projectlibre_ui/src/main/resources/com/projectlibre1/pm/graphic/images/ribbon/document-multiple-32.svg,projectlibre_ui,resource,HEAD,0aa3d023c7f9281ad1544d7ff42fc2b24168c53e5b4c00ed6739c50e44acad6d,d2fa3c20a,,,0530be227f4a10c5545cce8d3db20ac5a4d76a66,REVIEW_REQUIRED,Unknown,false,REVIEW_REQUIRED,REVIEW_REQUIRED,REVIEW,no path match in OpenProj baseline; classify origin manually,
modules/projectlibre_ui/src/main/resources/com/projectlibre1/pm/graphic/images/ribbon/document-multiple.png,projectlibre_ui,resource,HEAD,47755ffb7d829add2baeb952a823e7007d1a72f818c8668aa9499c3c51431058,d2fa3c20a,,,0530be227f4a10c5545cce8d3db20ac5a4d76a66,REVIEW_REQUIRED,ThirdParty:JasperReports,false,REVIEW_REQUIRED,REVIEW_REQUIRED,KEEP_THIRD_PARTY,third-party notice detected; verify upstream license,
modules/projectlibre_ui/src/main/resources/com/projectlibre1/pm/graphic/images/ribbon/document-multiple.svg,projectlibre_ui,resource,HEAD,5d0b8ab2edd4909d3b34b22baeaeee6de90a06bb0dfd06b67fbf8fd7e750eac3,d2fa3c20a,,,0530be227f4a10c5545cce8d3db20ac5a4d76a66,REVIEW_REQUIRED,Unknown,false,REVIEW_REQUIRED,REVIEW_REQUIRED,REVIEW,no path match in OpenProj baseline; classify origin manually,
modules/projectlibre_ui/src/main/resources/com/projectlibre1/pm/graphic/images/ribbon/document-new-6-16.svg,projectlibre_ui,resource,HEAD,2aa07b62c4175988a737b0f06f723763e6f5e295a3b0c556f251ca8e24ff5f12,d2fa3c20a,,,0530be227f4a10c5545cce8d3db20ac5a4d76a66,REVIEW_REQUIRED,Unknown,false,REVIEW_REQUIRED,REVIEW_REQUIRED,REVIEW,no path match in OpenProj baseline; classify origin manually,
modules/projectlibre_ui/src/main/resources/com/projectlibre1/pm/graphic/images/ribbon/document-new-6-20.svg,projectlibre_ui,resource,HEAD,ff1986f3c07d484fff1640de7ab1b500baa5e1783f0e02c5763461ac51a9d95c,d2fa3c20a,,,0530be227f4a10c5545cce8d3db20ac5a4d76a66,REVIEW_REQUIRED,Unknown,false,REVIEW_REQUIRED,REVIEW_REQUIRED,REVIEW,no path match in OpenProj baseline; classify origin manually,
modules/projectlibre_ui/src/main/resources/com/projectlibre1/pm/graphic/images/ribbon/document-new-6-32.svg,projectlibre_ui,resource,HEAD,4fe95dbb0635da46bb1fd5b180791768a9ad80acff34dc5d2c579888f327fba4,d2fa3c20a,,,0530be227f4a10c5545cce8d3db20ac5a4d76a66,REVIEW_REQUIRED,Unknown,false,REVIEW_REQUIRED,REVIEW_REQUIRED,REVIEW,no path match in OpenProj baseline; classify origin manually,
modules/projectlibre_ui/src/main/resources/com/projectlibre1/pm/graphic/images/ribbon/document-new-6.png,projectlibre_ui,resource,HEAD,2297068414ed7e0ad464b45fc0215756326c452f2383f152fd3723d45c064d8c,d2fa3c20a,,,0530be227f4a10c5545cce8d3db20ac5a4d76a66,REVIEW_REQUIRED,ThirdParty:JasperReports,false,REVIEW_REQUIRED,REVIEW_REQUIRED,KEEP_THIRD_PARTY,third-party notice detected; verify upstream license,
modules/projectlibre_ui/src/main/resources/com/projectlibre1/pm/graphic/images/ribbon/document-new-6.svg,projectlibre_ui,resource,HEAD,23ee85fadd14bb1022f41ba8a711ed825135ca184ca590dc2d703cdda16a96c9,d2fa3c20a,,,0530be227f4a10c5545cce8d3db20ac5a4d76a66,REVIEW_REQUIRED,Unknown,false,REVIEW_REQUIRED,REVIEW_REQUIRED,REVIEW,no path match in OpenProj baseline; classify origin manually,
modules/projectlibre_ui/src/main/resources/com/projectlibre1/pm/graphic/images/ribbon/document-open-7-16.svg,projectlibre_ui,resource,HEAD,71aec93d5665637430e29fa0c95b3364ba6ca5ad940ba820def459e8845a55ed,d2fa3c20a,,,0530be227f4a10c5545cce8d3db20ac5a4d76a66,REVIEW_REQUIRED,Unknown,false,REVIEW_REQUIRED,REVIEW_REQUIRED,REVIEW,no path match in OpenProj baseline; classify origin manually,
modules/projectlibre_ui/src/main/resources/com/projectlibre1/pm/graphic/images/ribbon/document-open-7-20.svg,projectlibre_ui,resource,HEAD,5aab793b1492aaa232c1396e70a4889ef5d436054ede89fe531c412a6615f5e7,d2fa3c20a,,,0530be227f4a10c5545cce8d3db20ac5a4d76a66,REVIEW_REQUIRED,Unknown,false,REVIEW_REQUIRED,REVIEW_REQUIRED,REVIEW,no path match in OpenProj baseline; classify origin manually,
modules/projectlibre_ui/src/main/resources/com/projectlibre1/pm/graphic/images/ribbon/document-open-7-32.svg,projectlibre_ui,resource,HEAD,642ec2ee662a697acd1b88b4e7c144a721b3db3f8c0ed7a2de6be179d0102d2b,d2fa3c20a,,,0530be227f4a10c5545cce8d3db20ac5a4d76a66,REVIEW_REQUIRED,Unknown,false,REVIEW_REQUIRED,REVIEW_REQUIRED,REVIEW,no path match in OpenProj baseline; classify origin manually,
modules/projectlibre_ui/src/main/resources/com/projectlibre1/pm/graphic/images/ribbon/document-open-7.png,projectlibre_ui,resource,HEAD,5ceb3ee913b5a7d8dec77cda5ed1effa59bc51818e784ed2522213086dc061d3,d2fa3c20a,,,0530be227f4a10c5545cce8d3db20ac5a4d76a66,REVIEW_REQUIRED,ThirdParty:JasperReports,false,REVIEW_REQUIRED,REVIEW_REQUIRED,KEEP_THIRD_PARTY,third-party notice detected; verify upstream license,
modules/projectlibre_ui/src/main/resources/com/projectlibre1/pm/graphic/images/ribbon/document-open-7.svg,projectlibre_ui,resource,HEAD,88914491666c801ac358bdcba46b8db6eb18b95e7f9256c948f15519768681cc,d2fa3c20a,,,0530be227f4a10c5545cce8d3db20ac5a4d76a66,REVIEW_REQUIRED,Unknown,false,REVIEW_REQUIRED,REVIEW_REQUIRED,REVIEW,no path match in OpenProj baseline; classify origin manually,
modules/projectlibre_ui/src/main/resources/com/projectlibre1/pm/graphic/images/ribbon/document-preview-16.svg,projectlibre_ui,resource,HEAD,8a9c8c32a67e0cd693c48b9e507af51e84377c2c8d0f0a8f552c9a947e2d40f3,d2fa3c20a,,,0530be227f4a10c5545cce8d3db20ac5a4d76a66,REVIEW_REQUIRED,Unknown,false,REVIEW_REQUIRED,REVIEW_REQUIRED,REVIEW,no path match in OpenProj baseline; classify origin manually,
modules/projectlibre_ui/src/main/resources/com/projectlibre1/pm/graphic/images/ribbon/document-preview-20.svg,projectlibre_ui,resource,HEAD,09177c6c5d14502c4733b997991d9ac350a01d564a6f777bbf41f0d9c3810d0e,d2fa3c20a,,,0530be227f4a10c5545cce8d3db20ac5a4d76a66,REVIEW_REQUIRED,Unknown,false,REVIEW_REQUIRED,REVIEW_REQUIRED,REVIEW,no path match in OpenProj baseline; classify origin manually,
modules/projectlibre_ui/src/main/resources/com/projectlibre1/pm/graphic/images/ribbon/document-preview-32.svg,projectlibre_ui,resource,HEAD,cac4ce5997af8ce91d5f1c0deeccea35a1ae79a9d0656cde1452487e8b1d4a90,d2fa3c20a,,,0530be227f4a10c5545cce8d3db20ac5a4d76a66,REVIEW_REQUIRED,Unknown,false,REVIEW_REQUIRED,REVIEW_REQUIRED,REVIEW,no path match in OpenProj baseline; classify origin manually,
modules/projectlibre_ui/src/main/resources/com/projectlibre1/pm/graphic/images/ribbon/document-preview.png,projectlibre_ui,resource,HEAD,1462480926b61bf55e8962545d8ca1f1afb0770bb744e898db5f9ed0719e4aff,d2fa3c20a,,,0530be227f4a10c5545cce8d3db20ac5a4d76a66,REVIEW_REQUIRED,ThirdParty:JasperReports,false,REVIEW_REQUIRED,REVIEW_REQUIRED,KEEP_THIRD_PARTY,third-party notice detected; verify upstream license,
modules/projectlibre_ui/src/main/resources/com/projectlibre1/pm/graphic/images/ribbon/document-preview.svg,projectlibre_ui,resource,HEAD,9373e9182edf13fe8a833943ed4ca90e0c6888400bea7c54b35c1b5c1fc2cfac,d2fa3c20a,,,0530be227f4a10c5545cce8d3db20ac5a4d76a66,REVIEW_REQUIRED,Unknown,false,REVIEW_REQUIRED,REVIEW_REQUIRED,REVIEW,no path match in OpenProj baseline; classify origin manually,
modules/projectlibre_ui/src/main/resources/com/projectlibre1/pm/graphic/images/ribbon/document-print-5-16.svg,projectlibre_ui,resource,HEAD,66cd162f620d22db09ea42e182e7512bb53ce9a873659feccd2cde1657aff36b,d2fa3c20a,,,0530be227f4a10c5545cce8d3db20ac5a4d76a66,REVIEW_REQUIRED,Unknown,false,REVIEW_REQUIRED,REVIEW_REQUIRED,REVIEW,no path match in OpenProj baseline; classify origin manually,
modules/projectlibre_ui/src/main/resources/com/projectlibre1/pm/graphic/images/ribbon/document-print-5-20.svg,projectlibre_ui,resource,HEAD,333fc17b8dbb9d5b351502dfae11336c0d3d4957c3609b951b1f6a1d3d44bcf0,d2fa3c20a,,,0530be227f4a10c5545cce8d3db20ac5a4d76a66,REVIEW_REQUIRED,Unknown,false,REVIEW_REQUIRED,REVIEW_REQUIRED,REVIEW,no path match in OpenProj baseline; classify origin manually,
modules/projectlibre_ui/src/main/resources/com/projectlibre1/pm/graphic/images/ribbon/document-print-5-32.svg,projectlibre_ui,resource,HEAD,eca3622b0466d44e01645bd383429b5eac9151104ae70b85ad1a6029d230a67e,d2fa3c20a,,,0530be227f4a10c5545cce8d3db20ac5a4d76a66,REVIEW_REQUIRED,Unknown,false,REVIEW_REQUIRED,REVIEW_REQUIRED,REVIEW,no path match in OpenProj baseline; classify origin manually,
modules/projectlibre_ui/src/main/resources/com/projectlibre1/pm/graphic/images/ribbon/document-print-5.png,projectlibre_ui,resource,HEAD,6f098113afb4d605e49e01c7fbcd7c3fbcef4fb8f0109860536bd33298386f41,d2fa3c20a,,,0530be227f4a10c5545cce8d3db20ac5a4d76a66,REVIEW_REQUIRED,ThirdParty:JasperReports,false,REVIEW_REQUIRED,REVIEW_REQUIRED,KEEP_THIRD_PARTY,third-party notice detected; verify upstream license,
modules/projectlibre_ui/src/main/resources/com/projectlibre1/pm/graphic/images/ribbon/document-print-5.svg,projectlibre_ui,resource,HEAD,40eb7b78c1ee66273869d0e40fab3e67cef683baa9d5393d2942d8c23bbf4c33,d2fa3c20a,,,0530be227f4a10c5545cce8d3db20ac5a4d76a66,REVIEW_REQUIRED,Unknown,false,REVIEW_REQUIRED,REVIEW_REQUIRED,REVIEW,no path match in OpenProj baseline; classify origin manually,
modules/projectlibre_ui/src/main/resources/com/projectlibre1/pm/graphic/images/ribbon/document-save-5-16.svg,projectlibre_ui,resource,HEAD,05a251ffa5c290a57c469f5e0aef95a5d207b2763b540dad8b59a06ecc2eb967,d2fa3c20a,,,0530be227f4a10c5545cce8d3db20ac5a4d76a66,REVIEW_REQUIRED,Unknown,false,REVIEW_REQUIRED,REVIEW_REQUIRED,REVIEW,no path match in OpenProj baseline; classify origin manually,
modules/projectlibre_ui/src/main/resources/com/projectlibre1/pm/graphic/images/ribbon/document-save-5-20.svg,projectlibre_ui,resource,HEAD,8cd839f726ea8ba83801845f048ad2d4212278637a354f176c50729fa25da930,d2fa3c20a,,,0530be227f4a10c5545cce8d3db20ac5a4d76a66,REVIEW_REQUIRED,Unknown,false,REVIEW_REQUIRED,REVIEW_REQUIRED,REVIEW,no path match in OpenProj baseline; classify origin manually,
modules/projectlibre_ui/src/main/resources/com/projectlibre1/pm/graphic/images/ribbon/document-save-5-32.svg,projectlibre_ui,resource,HEAD,380ad0a9adf393cc78f82fb7ef463a3d973c4d4507bced674ca069ba39cefccf,d2fa3c20a,,,0530be227f4a10c5545cce8d3db20ac5a4d76a66,REVIEW_REQUIRED,Unknown,false,REVIEW_REQUIRED,REVIEW_REQUIRED,REVIEW,no path match in OpenProj baseline; classify origin manually,
modules/projectlibre_ui/src/main/resources/com/projectlibre1/pm/graphic/images/ribbon/document-save-5.png,projectlibre_ui,resource,HEAD,78eba582d4c165065bdc2bd30220a1e2aa901d73420c5018d8f6d68ad4931a9f,d2fa3c20a,,,0530be227f4a10c5545cce8d3db20ac5a4d76a66,REVIEW_REQUIRED,ThirdParty:JasperReports,false,REVIEW_REQUIRED,REVIEW_REQUIRED,KEEP_THIRD_PARTY,third-party notice detected; verify upstream license,
modules/projectlibre_ui/src/main/resources/com/projectlibre1/pm/graphic/images/ribbon/document-save-5.svg,projectlibre_ui,resource,HEAD,ca797a7cd179a91e3a55f4b59c16529e704b60cfe8a427f202dd7d67c1a8f2b5,d2fa3c20a,,,0530be227f4a10c5545cce8d3db20ac5a4d76a66,REVIEW_REQUIRED,Unknown,false,REVIEW_REQUIRED,REVIEW_REQUIRED,REVIEW,no path match in OpenProj baseline; classify origin manually,
modules/projectlibre_ui/src/main/resources/com/projectlibre1/pm/graphic/images/ribbon/document-save-all.png,projectlibre_ui,resource,HEAD,8e99de3ece246dbefc45156f90263f338165d3c0c711c40c189c25e00aa9076c,d2fa3c20a,,,0530be227f4a10c5545cce8d3db20ac5a4d76a66,REVIEW_REQUIRED,ThirdParty:JasperReports,false,REVIEW_REQUIRED,REVIEW_REQUIRED,KEEP_THIRD_PARTY,third-party notice detected; verify upstream license,
modules/projectlibre_ui/src/main/resources/com/projectlibre1/pm/graphic/images/ribbon/document-save-as-5-16.svg,projectlibre_ui,resource,HEAD,26a1180d48e895c7dff877bdba70c5f7c84f71734a2dd6e638960d391c48e34e,d2fa3c20a,,,0530be227f4a10c5545cce8d3db20ac5a4d76a66,REVIEW_REQUIRED,Unknown,false,REVIEW_REQUIRED,REVIEW_REQUIRED,REVIEW,no path match in OpenProj baseline; classify origin manually,
modules/projectlibre_ui/src/main/resources/com/projectlibre1/pm/graphic/images/ribbon/document-save-as-5-20.svg,projectlibre_ui,resource,HEAD,df38ca073f1cb1c29e48d72ded7d0474837da0545274b6dcec650b6e1fd8616d,d2fa3c20a,,,0530be227f4a10c5545cce8d3db20ac5a4d76a66,REVIEW_REQUIRED,Unknown,false,REVIEW_REQUIRED,REVIEW_REQUIRED,REVIEW,no path match in OpenProj baseline; classify origin manually,
modules/projectlibre_ui/src/main/resources/com/projectlibre1/pm/graphic/images/ribbon/document-save-as-5-32.svg,projectlibre_ui,resource,HEAD,88107719c7b17b7f5484a489e6bda162a918b49444386440b97926bd636eea8e,d2fa3c20a,,,0530be227f4a10c5545cce8d3db20ac5a4d76a66,REVIEW_REQUIRED,Unknown,false,REVIEW_REQUIRED,REVIEW_REQUIRED,REVIEW,no path match in OpenProj baseline; classify origin manually,
modules/projectlibre_ui/src/main/resources/com/projectlibre1/pm/graphic/images/ribbon/document-save-as-5.png,projectlibre_ui,resource,HEAD,c426b16b87aa8fd75d0cbfbc53e8c5c0eb96ddba3415bd69efe9f4d8137c32ca,d2fa3c20a,,,0530be227f4a10c5545cce8d3db20ac5a4d76a66,REVIEW_REQUIRED,ThirdParty:JasperReports,false,REVIEW_REQUIRED,REVIEW_REQUIRED,KEEP_THIRD_PARTY,third-party notice detected; verify upstream license,
modules/projectlibre_ui/src/main/resources/com/projectlibre1/pm/graphic/images/ribbon/document-save-as-5.svg,projectlibre_ui,resource,HEAD,2263f535d350db8e3db59255fde7e32f99dd0adb88293b2e99544f3be05b12d0,d2fa3c20a,,,0530be227f4a10c5545cce8d3db20ac5a4d76a66,REVIEW_REQUIRED,Unknown,false,REVIEW_REQUIRED,REVIEW_REQUIRED,REVIEW,no path match in OpenProj baseline; classify origin manually,
modules/projectlibre_ui/src/main/resources/com/projectlibre1/pm/graphic/images/ribbon/edit-copy-6-16.svg,projectlibre_ui,resource,HEAD,309f4a39dab7664fbb078d20021abf9c1931bca71b7578fd2bfff0459c58eef8,d2fa3c20a,,,0530be227f4a10c5545cce8d3db20ac5a4d76a66,REVIEW_REQUIRED,Unknown,false,REVIEW_REQUIRED,REVIEW_REQUIRED,REVIEW,no path match in OpenProj baseline; classify origin manually,
modules/projectlibre_ui/src/main/resources/com/projectlibre1/pm/graphic/images/ribbon/edit-copy-6-20.svg,projectlibre_ui,resource,HEAD,bca3fa943cdb76d46f236ce59699d74937d231f723c6f4b27643286d15712e77,d2fa3c20a,,,0530be227f4a10c5545cce8d3db20ac5a4d76a66,REVIEW_REQUIRED,Unknown,false,REVIEW_REQUIRED,REVIEW_REQUIRED,REVIEW,no path match in OpenProj baseline; classify origin manually,
modules/projectlibre_ui/src/main/resources/com/projectlibre1/pm/graphic/images/ribbon/edit-copy-6-32.svg,projectlibre_ui,resource,HEAD,75b12dac1addbf4a760e660143dd41815981418ac0aee115df49f1705e2932ec,d2fa3c20a,,,0530be227f4a10c5545cce8d3db20ac5a4d76a66,REVIEW_REQUIRED,Unknown,false,REVIEW_REQUIRED,REVIEW_REQUIRED,REVIEW,no path match in OpenProj baseline; classify origin manually,
modules/projectlibre_ui/src/main/resources/com/projectlibre1/pm/graphic/images/ribbon/edit-copy-6.png,projectlibre_ui,resource,HEAD,b60bb2f773a9066fe1928a9b184b93974d4f76829fa94f3dde02aee20332bf91,d2fa3c20a,,,0530be227f4a10c5545cce8d3db20ac5a4d76a66,REVIEW_REQUIRED,ThirdParty:JasperReports,false,REVIEW_REQUIRED,REVIEW_REQUIRED,KEEP_THIRD_PARTY,third-party notice detected; verify upstream license,
modules/projectlibre_ui/src/main/resources/com/projectlibre1/pm/graphic/images/ribbon/edit-copy-6.svg,projectlibre_ui,resource,HEAD,3cfe2ee3dc24fe8a1c15e7529c0293ffef95a6b411ac0837087e324f98abf182,d2fa3c20a,,,0530be227f4a10c5545cce8d3db20ac5a4d76a66,REVIEW_REQUIRED,Unknown,false,REVIEW_REQUIRED,REVIEW_REQUIRED,REVIEW,no path match in OpenProj baseline; classify origin manually,
modules/projectlibre_ui/src/main/resources/com/projectlibre1/pm/graphic/images/ribbon/edit-cut-6-16.svg,projectlibre_ui,resource,HEAD,9a2e216f5c9f67c0e39960d12c8e33f77524cfa4b60991e5ea37cec53ea49d29,d2fa3c20a,,,0530be227f4a10c5545cce8d3db20ac5a4d76a66,REVIEW_REQUIRED,Unknown,false,REVIEW_REQUIRED,REVIEW_REQUIRED,REVIEW,no path match in OpenProj baseline; classify origin manually,
modules/projectlibre_ui/src/main/resources/com/projectlibre1/pm/graphic/images/ribbon/edit-cut-6-20.svg,projectlibre_ui,resource,HEAD,a3390cb1613559b7eb5364d3531a427ffa6d59033ccf4f4e27957a01970e31dc,d2fa3c20a,,,0530be227f4a10c5545cce8d3db20ac5a4d76a66,REVIEW_REQUIRED,Unknown,false,REVIEW_REQUIRED,REVIEW_REQUIRED,REVIEW,no path match in OpenProj baseline; classify origin manually,
modules/projectlibre_ui/src/main/resources/com/projectlibre1/pm/graphic/images/ribbon/edit-cut-6-32.svg,projectlibre_ui,resource,HEAD,728b3ce1d556186531104e5d09ffda110e0ab783d10f8b5eb639c9a09c3ef40b,d2fa3c20a,,,0530be227f4a10c5545cce8d3db20ac5a4d76a66,REVIEW_REQUIRED,Unknown,false,REVIEW_REQUIRED,REVIEW_REQUIRED,REVIEW,no path match in OpenProj baseline; classify origin manually,
modules/projectlibre_ui/src/main/resources/com/projectlibre1/pm/graphic/images/ribbon/edit-cut-6.png,projectlibre_ui,resource,HEAD,0f1738b2e447b7e941c8a9c135bbe8fdb1b5d19a2c5a09f958aa60ade90bf8cd,d2fa3c20a,,,0530be227f4a10c5545cce8d3db20ac5a4d76a66,REVIEW_REQUIRED,ThirdParty:JasperReports,false,REVIEW_REQUIRED,REVIEW_REQUIRED,KEEP_THIRD_PARTY,third-party notice detected; verify upstream license,
modules/projectlibre_ui/src/main/resources/com/projectlibre1/pm/graphic/images/ribbon/edit-cut-6.svg,projectlibre_ui,resource,HEAD,deaaecdc675e1cbefa054690e73200018987f5546d2aba69614749d6e17cd13b,d2fa3c20a,,,0530be227f4a10c5545cce8d3db20ac5a4d76a66,REVIEW_REQUIRED,Unknown,false,REVIEW_REQUIRED,REVIEW_REQUIRED,REVIEW,no path match in OpenProj baseline; classify origin manually,
modules/projectlibre_ui/src/main/resources/com/projectlibre1/pm/graphic/images/ribbon/edit-delete-shred.png,projectlibre_ui,resource,HEAD,ef487e3c2881d295ef8a7caaf2ec59a65728c3b2e78b90cfa62a8b8e639cf1f6,d2fa3c20a,,,0530be227f4a10c5545cce8d3db20ac5a4d76a66,REVIEW_REQUIRED,ThirdParty:JasperReports,false,REVIEW_REQUIRED,REVIEW_REQUIRED,KEEP_THIRD_PARTY,third-party notice detected; verify upstream license,
modules/projectlibre_ui/src/main/resources/com/projectlibre1/pm/graphic/images/ribbon/edit-find-7-16.svg,projectlibre_ui,resource,HEAD,fb53b5804a7ed7ae55196db9e086c60ec3adfe818713da6d5e388f869a31ed49,d2fa3c20a,,,0530be227f4a10c5545cce8d3db20ac5a4d76a66,REVIEW_REQUIRED,Unknown,false,REVIEW_REQUIRED,REVIEW_REQUIRED,REVIEW,no path match in OpenProj baseline; classify origin manually,
modules/projectlibre_ui/src/main/resources/com/projectlibre1/pm/graphic/images/ribbon/edit-find-7-20.svg,projectlibre_ui,resource,HEAD,b69f42d182a23251b1e12e629b0d67977b3c1549507be8f88dcbbb3bc9549af1,d2fa3c20a,,,0530be227f4a10c5545cce8d3db20ac5a4d76a66,REVIEW_REQUIRED,Unknown,false,REVIEW_REQUIRED,REVIEW_REQUIRED,REVIEW,no path match in OpenProj baseline; classify origin manually,
modules/projectlibre_ui/src/main/resources/com/projectlibre1/pm/graphic/images/ribbon/edit-find-7-32.svg,projectlibre_ui,resource,HEAD,177c11039cf0240c92275c8f2f7ab4012649100d26713cca6804dfa58d911fbb,d2fa3c20a,,,0530be227f4a10c5545cce8d3db20ac5a4d76a66,REVIEW_REQUIRED,Unknown,false,REVIEW_REQUIRED,REVIEW_REQUIRED,REVIEW,no path match in OpenProj baseline; classify origin manually,
modules/projectlibre_ui/src/main/resources/com/projectlibre1/pm/graphic/images/ribbon/edit-find-7.png,projectlibre_ui,resource,HEAD,8cf8b91553a92888128d90138506af15aee641b158f98e5493136fc081b3cae8,d2fa3c20a,,,0530be227f4a10c5545cce8d3db20ac5a4d76a66,REVIEW_REQUIRED,ThirdParty:JasperReports,false,REVIEW_REQUIRED,REVIEW_REQUIRED,KEEP_THIRD_PARTY,third-party notice detected; verify upstream license,
modules/projectlibre_ui/src/main/resources/com/projectlibre1/pm/graphic/images/ribbon/edit-find-7.svg,projectlibre_ui,resource,HEAD,d173ba4fa6bccf17e1c786d0627300d8686c59e3857d619b1956a1eebae8a3dc,d2fa3c20a,,,0530be227f4a10c5545cce8d3db20ac5a4d76a66,REVIEW_REQUIRED,Unknown,false,REVIEW_REQUIRED,REVIEW_REQUIRED,REVIEW,no path match in OpenProj baseline; classify origin manually,
modules/projectlibre_ui/src/main/resources/com/projectlibre1/pm/graphic/images/ribbon/edit-paste-6-16.svg,projectlibre_ui,resource,HEAD,60635dde1ed08fd2f34b1e817a929dbce4566c391d22061bb8fcad41c23cb835,d2fa3c20a,,,0530be227f4a10c5545cce8d3db20ac5a4d76a66,REVIEW_REQUIRED,Unknown,false,REVIEW_REQUIRED,REVIEW_REQUIRED,REVIEW,no path match in OpenProj baseline; classify origin manually,
modules/projectlibre_ui/src/main/resources/com/projectlibre1/pm/graphic/images/ribbon/edit-paste-6-20.svg,projectlibre_ui,resource,HEAD,e282334a7b8c5c1f2b476ad2030a49a62a221c6cef3f849935d537ba6795c58d,d2fa3c20a,,,0530be227f4a10c5545cce8d3db20ac5a4d76a66,REVIEW_REQUIRED,Unknown,false,REVIEW_REQUIRED,REVIEW_REQUIRED,REVIEW,no path match in OpenProj baseline; classify origin manually,
modules/projectlibre_ui/src/main/resources/com/projectlibre1/pm/graphic/images/ribbon/edit-paste-6-32.svg,projectlibre_ui,resource,HEAD,6ed31af26c37693c7d99ab014a69f48481a553b907859825f8d5499a5a38aca6,d2fa3c20a,,,0530be227f4a10c5545cce8d3db20ac5a4d76a66,REVIEW_REQUIRED,Unknown,false,REVIEW_REQUIRED,REVIEW_REQUIRED,REVIEW,no path match in OpenProj baseline; classify origin manually,
modules/projectlibre_ui/src/main/resources/com/projectlibre1/pm/graphic/images/ribbon/edit-paste-6.png,projectlibre_ui,resource,HEAD,9857861e59dc4f21b3f7849fe9857abf705222cbcca03ab4abe97e49d6106ce4,d2fa3c20a,,,0530be227f4a10c5545cce8d3db20ac5a4d76a66,REVIEW_REQUIRED,ThirdParty:JasperReports,false,REVIEW_REQUIRED,REVIEW_REQUIRED,KEEP_THIRD_PARTY,third-party notice detected; verify upstream license,
modules/projectlibre_ui/src/main/resources/com/projectlibre1/pm/graphic/images/ribbon/edit-paste-6.svg,projectlibre_ui,resource,HEAD,57d90d00cf5daed09159c9c39d5767736af589193a0a6654b5c4b11473986964,d2fa3c20a,,,0530be227f4a10c5545cce8d3db20ac5a4d76a66,REVIEW_REQUIRED,Unknown,false,REVIEW_REQUIRED,REVIEW_REQUIRED,REVIEW,no path match in OpenProj baseline; classify origin manually,
modules/projectlibre_ui/src/main/resources/com/projectlibre1/pm/graphic/images/ribbon/edit-redo-ribbon-16.svg,projectlibre_ui,resource,HEAD,f1a765150882a048fa4842547b17d8826d887983097000f5fd7fffd97e914bbc,d2fa3c20a,,,0530be227f4a10c5545cce8d3db20ac5a4d76a66,REVIEW_REQUIRED,Unknown,false,REVIEW_REQUIRED,REVIEW_REQUIRED,REVIEW,no path match in OpenProj baseline; classify origin manually,
modules/projectlibre_ui/src/main/resources/com/projectlibre1/pm/graphic/images/ribbon/edit-redo-ribbon-20.svg,projectlibre_ui,resource,HEAD,6f0fede9d42ede39c342fc6886b0b896fc8c128987f9310ca34f18b473ec6dd3,d2fa3c20a,,,0530be227f4a10c5545cce8d3db20ac5a4d76a66,REVIEW_REQUIRED,Unknown,false,REVIEW_REQUIRED,REVIEW_REQUIRED,REVIEW,no path match in OpenProj baseline; classify origin manually,
modules/projectlibre_ui/src/main/resources/com/projectlibre1/pm/graphic/images/ribbon/edit-redo-ribbon-32.svg,projectlibre_ui,resource,HEAD,0ca2c3923af86fb192b4587e8b8c79bcb9150162b8f116cd38ac76da1178e186,d2fa3c20a,,,0530be227f4a10c5545cce8d3db20ac5a4d76a66,REVIEW_REQUIRED,Unknown,false,REVIEW_REQUIRED,REVIEW_REQUIRED,REVIEW,no path match in OpenProj baseline; classify origin manually,
modules/projectlibre_ui/src/main/resources/com/projectlibre1/pm/graphic/images/ribbon/edit-redo-ribbon.svg,projectlibre_ui,resource,HEAD,0acf94a9f6a48698111fee5920c003f22b9a4fd05b3c1c7fe3a6e79f71a99319,d2fa3c20a,,,0530be227f4a10c5545cce8d3db20ac5a4d76a66,REVIEW_REQUIRED,Unknown,false,REVIEW_REQUIRED,REVIEW_REQUIRED,REVIEW,no path match in OpenProj baseline; classify origin manually,
modules/projectlibre_ui/src/main/resources/com/projectlibre1/pm/graphic/images/ribbon/edit-undo-ribbon-16.svg,projectlibre_ui,resource,HEAD,aeac6d6bb0ccb3a6234b9442edad2f00285ce2ceee26ff22390404e919c69f62,d2fa3c20a,,,0530be227f4a10c5545cce8d3db20ac5a4d76a66,REVIEW_REQUIRED,Unknown,false,REVIEW_REQUIRED,REVIEW_REQUIRED,REVIEW,no path match in OpenProj baseline; classify origin manually,
modules/projectlibre_ui/src/main/resources/com/projectlibre1/pm/graphic/images/ribbon/edit-undo-ribbon-20.svg,projectlibre_ui,resource,HEAD,db016f95cc774a6d01358decf03baa609a9e410db2f6cea15b29f1b698caf912,d2fa3c20a,,,0530be227f4a10c5545cce8d3db20ac5a4d76a66,REVIEW_REQUIRED,Unknown,false,REVIEW_REQUIRED,REVIEW_REQUIRED,REVIEW,no path match in OpenProj baseline; classify origin manually,
modules/projectlibre_ui/src/main/resources/com/projectlibre1/pm/graphic/images/ribbon/edit-undo-ribbon-32.svg,projectlibre_ui,resource,HEAD,47ec673bfae0a0ee6eb4e4caff0fc0639778bd60b3136e4b99dc50c0f8b0598e,d2fa3c20a,,,0530be227f4a10c5545cce8d3db20ac5a4d76a66,REVIEW_REQUIRED,Unknown,false,REVIEW_REQUIRED,REVIEW_REQUIRED,REVIEW,no path match in OpenProj baseline; classify origin manually,
modules/projectlibre_ui/src/main/resources/com/projectlibre1/pm/graphic/images/ribbon/edit-undo-ribbon.svg,projectlibre_ui,resource,HEAD,1def1baab3a6423e60e6896bad41e73db8cf5696d8e2c37e076483e4aec3c0e8,d2fa3c20a,,,0530be227f4a10c5545cce8d3db20ac5a4d76a66,REVIEW_REQUIRED,Unknown,false,REVIEW_REQUIRED,REVIEW_REQUIRED,REVIEW,no path match in OpenProj baseline; classify origin manually,
modules/projectlibre_ui/src/main/resources/com/projectlibre1/pm/graphic/images/ribbon/expand-tasks-ribbon-16.svg,projectlibre_ui,resource,HEAD,a3e9b92477507648ce825c71fa65720ea35b27a8ac5c73bdebbff8c53302ca74,d2fa3c20a,,,0530be227f4a10c5545cce8d3db20ac5a4d76a66,REVIEW_REQUIRED,Unknown,false,REVIEW_REQUIRED,REVIEW_REQUIRED,REVIEW,no path match in OpenProj baseline; classify origin manually,
modules/projectlibre_ui/src/main/resources/com/projectlibre1/pm/graphic/images/ribbon/expand-tasks-ribbon-20.svg,projectlibre_ui,resource,HEAD,beab799a22016a71f503c5046f5af306f10b4b4fb576eef4d31748f6139d6e4e,d2fa3c20a,,,0530be227f4a10c5545cce8d3db20ac5a4d76a66,REVIEW_REQUIRED,Unknown,false,REVIEW_REQUIRED,REVIEW_REQUIRED,REVIEW,no path match in OpenProj baseline; classify origin manually,
modules/projectlibre_ui/src/main/resources/com/projectlibre1/pm/graphic/images/ribbon/expand-tasks-ribbon-32.svg,projectlibre_ui,resource,HEAD,4088d65e6543d93d3198aff7e5012d891d8c4c4f13646bab67ef54618383c5dd,d2fa3c20a,,,0530be227f4a10c5545cce8d3db20ac5a4d76a66,REVIEW_REQUIRED,Unknown,false,REVIEW_REQUIRED,REVIEW_REQUIRED,REVIEW,no path match in OpenProj baseline; classify origin manually,
modules/projectlibre_ui/src/main/resources/com/projectlibre1/pm/graphic/images/ribbon/expand-tasks-ribbon.svg,projectlibre_ui,resource,HEAD,8b50a3e52a1ec4ea00504a5d3dac2363c83dbc16f18e5a4573ff4c1d51c6c493,d2fa3c20a,,,0530be227f4a10c5545cce8d3db20ac5a4d76a66,REVIEW_REQUIRED,Unknown,false,REVIEW_REQUIRED,REVIEW_REQUIRED,REVIEW,no path match in OpenProj baseline; classify origin manually,
modules/projectlibre_ui/src/main/resources/com/projectlibre1/pm/graphic/images/ribbon/filter-funnel-16.svg,projectlibre_ui,resource,HEAD,d36b7b6f523246c596bad68b3858f8ee333c716b805c4d77e9ade64cb46a7ba3,d2fa3c20a,,,0530be227f4a10c5545cce8d3db20ac5a4d76a66,REVIEW_REQUIRED,Unknown,false,REVIEW_REQUIRED,REVIEW_REQUIRED,REVIEW,no path match in OpenProj baseline; classify origin manually,
modules/projectlibre_ui/src/main/resources/com/projectlibre1/pm/graphic/images/ribbon/filter-funnel-20.svg,projectlibre_ui,resource,HEAD,b6e9364c7790e67038cc9d1da028fe649446836981320ac23b7df0b39027986b,d2fa3c20a,,,0530be227f4a10c5545cce8d3db20ac5a4d76a66,REVIEW_REQUIRED,Unknown,false,REVIEW_REQUIRED,REVIEW_REQUIRED,REVIEW,no path match in OpenProj baseline; classify origin manually,
modules/projectlibre_ui/src/main/resources/com/projectlibre1/pm/graphic/images/ribbon/filter-funnel-32.svg,projectlibre_ui,resource,HEAD,232313ca4b2953665f70fa47052081d2e55f0d6909f8c767155d1655e80f546d,d2fa3c20a,,,0530be227f4a10c5545cce8d3db20ac5a4d76a66,REVIEW_REQUIRED,Unknown,false,REVIEW_REQUIRED,REVIEW_REQUIRED,REVIEW,no path match in OpenProj baseline; classify origin manually,
modules/projectlibre_ui/src/main/resources/com/projectlibre1/pm/graphic/images/ribbon/filter-funnel.svg,projectlibre_ui,resource,HEAD,7fe472db1ecbafa8e11fe305f65772c51f9e0273c7ef5da9a7184b4a25f3f256,d2fa3c20a,,,0530be227f4a10c5545cce8d3db20ac5a4d76a66,REVIEW_REQUIRED,Unknown,false,REVIEW_REQUIRED,REVIEW_REQUIRED,REVIEW,no path match in OpenProj baseline; classify origin manually,
modules/projectlibre_ui/src/main/resources/com/projectlibre1/pm/graphic/images/ribbon/format-indent-less-5-16.svg,projectlibre_ui,resource,HEAD,43755f3f9e85f0c68c4f1f257051977cd2f91b8758f0811ef6c4d592fdbfde8b,d2fa3c20a,,,0530be227f4a10c5545cce8d3db20ac5a4d76a66,REVIEW_REQUIRED,Unknown,false,REVIEW_REQUIRED,REVIEW_REQUIRED,REVIEW,no path match in OpenProj baseline; classify origin manually,
modules/projectlibre_ui/src/main/resources/com/projectlibre1/pm/graphic/images/ribbon/format-indent-less-5-20.svg,projectlibre_ui,resource,HEAD,733fe9cde920cb6cd589f0c829becde80aeca0143103aad7c9a252203a8b54e9,d2fa3c20a,,,0530be227f4a10c5545cce8d3db20ac5a4d76a66,REVIEW_REQUIRED,Unknown,false,REVIEW_REQUIRED,REVIEW_REQUIRED,REVIEW,no path match in OpenProj baseline; classify origin manually,
modules/projectlibre_ui/src/main/resources/com/projectlibre1/pm/graphic/images/ribbon/format-indent-less-5-32.svg,projectlibre_ui,resource,HEAD,b2cf4dfcacb1523f2b99772b03784e2e7bbb902b3ac85a21dcf3e3f5b6ea70a1,d2fa3c20a,,,0530be227f4a10c5545cce8d3db20ac5a4d76a66,REVIEW_REQUIRED,Unknown,false,REVIEW_REQUIRED,REVIEW_REQUIRED,REVIEW,no path match in OpenProj baseline; classify origin manually,
modules/projectlibre_ui/src/main/resources/com/projectlibre1/pm/graphic/images/ribbon/format-indent-less-5.png,projectlibre_ui,resource,HEAD,c5fd89f7f4a5284d6a55118ac9135b39fe44bf194f5e176d0e7a016d7b2b30d1,d2fa3c20a,,,0530be227f4a10c5545cce8d3db20ac5a4d76a66,REVIEW_REQUIRED,ThirdParty:JasperReports,false,REVIEW_REQUIRED,REVIEW_REQUIRED,KEEP_THIRD_PARTY,third-party notice detected; verify upstream license,
modules/projectlibre_ui/src/main/resources/com/projectlibre1/pm/graphic/images/ribbon/format-indent-less-5.svg,projectlibre_ui,resource,HEAD,fa8cfe99b932f3144aac28f5e0b1e954ffe2f88b5fa72e5eac66ba24b076e334,d2fa3c20a,,,0530be227f4a10c5545cce8d3db20ac5a4d76a66,REVIEW_REQUIRED,Unknown,false,REVIEW_REQUIRED,REVIEW_REQUIRED,REVIEW,no path match in OpenProj baseline; classify origin manually,
modules/projectlibre_ui/src/main/resources/com/projectlibre1/pm/graphic/images/ribbon/format-indent-more-5-16.svg,projectlibre_ui,resource,HEAD,58accdaa59faed112d19bb59c0c7e2dc03b94c948f913ab164fc8bf78700e2b2,d2fa3c20a,,,0530be227f4a10c5545cce8d3db20ac5a4d76a66,REVIEW_REQUIRED,Unknown,false,REVIEW_REQUIRED,REVIEW_REQUIRED,REVIEW,no path match in OpenProj baseline; classify origin manually,
modules/projectlibre_ui/src/main/resources/com/projectlibre1/pm/graphic/images/ribbon/format-indent-more-5-20.svg,projectlibre_ui,resource,HEAD,deb1ce8cae8a2e627b85527757ea7378872f3ab88c4a68d1a65306f91cfda6ba,d2fa3c20a,,,0530be227f4a10c5545cce8d3db20ac5a4d76a66,REVIEW_REQUIRED,Unknown,false,REVIEW_REQUIRED,REVIEW_REQUIRED,REVIEW,no path match in OpenProj baseline; classify origin manually,
modules/projectlibre_ui/src/main/resources/com/projectlibre1/pm/graphic/images/ribbon/format-indent-more-5-32.svg,projectlibre_ui,resource,HEAD,f2509459430da21d304c35e7f79c63727ae5eeafb7d5966a95393586d2a32046,d2fa3c20a,,,0530be227f4a10c5545cce8d3db20ac5a4d76a66,REVIEW_REQUIRED,Unknown,false,REVIEW_REQUIRED,REVIEW_REQUIRED,REVIEW,no path match in OpenProj baseline; classify origin manually,
modules/projectlibre_ui/src/main/resources/com/projectlibre1/pm/graphic/images/ribbon/format-indent-more-5.png,projectlibre_ui,resource,HEAD,eb0608dc581175abfcdd5ed77f37113708f79cf4f9196a3cdd599bc3ab181d72,d2fa3c20a,,,0530be227f4a10c5545cce8d3db20ac5a4d76a66,REVIEW_REQUIRED,ThirdParty:JasperReports,false,REVIEW_REQUIRED,REVIEW_REQUIRED,KEEP_THIRD_PARTY,third-party notice detected; verify upstream license,
modules/projectlibre_ui/src/main/resources/com/projectlibre1/pm/graphic/images/ribbon/format-indent-more-5.svg,projectlibre_ui,resource,HEAD,7989a39b8066a3786c16a06ceb64119823af210ee6f99a85aafea0b6d74d00e8,d2fa3c20a,,,0530be227f4a10c5545cce8d3db20ac5a4d76a66,REVIEW_REQUIRED,Unknown,false,REVIEW_REQUIRED,REVIEW_REQUIRED,REVIEW,no path match in OpenProj baseline; classify origin manually,
modules/projectlibre_ui/src/main/resources/com/projectlibre1/pm/graphic/images/ribbon/gantt-bars-16.svg,projectlibre_ui,resource,HEAD,394ca6c8c5e1db744a469ce7b584f3ce80724433ab155d88a5aebb7e356b7552,d2fa3c20a,,,0530be227f4a10c5545cce8d3db20ac5a4d76a66,REVIEW_REQUIRED,Unknown,false,REVIEW_REQUIRED,REVIEW_REQUIRED,REVIEW,no path match in OpenProj baseline; classify origin manually,
modules/projectlibre_ui/src/main/resources/com/projectlibre1/pm/graphic/images/ribbon/gantt-bars-20.svg,projectlibre_ui,resource,HEAD,8869bc92c8a95dade2c08123305c7e358c523db9e840eb2960e6b240ec2ce798,d2fa3c20a,,,0530be227f4a10c5545cce8d3db20ac5a4d76a66,REVIEW_REQUIRED,Unknown,false,REVIEW_REQUIRED,REVIEW_REQUIRED,REVIEW,no path match in OpenProj baseline; classify origin manually,
modules/projectlibre_ui/src/main/resources/com/projectlibre1/pm/graphic/images/ribbon/gantt-bars-32.svg,projectlibre_ui,resource,HEAD,a5565e3cc5dda8d8e470546e49bbc1228f8de9bb4fcf0be52fed9b6d969b5e5d,d2fa3c20a,,,0530be227f4a10c5545cce8d3db20ac5a4d76a66,REVIEW_REQUIRED,Unknown,false,REVIEW_REQUIRED,REVIEW_REQUIRED,REVIEW,no path match in OpenProj baseline; classify origin manually,
modules/projectlibre_ui/src/main/resources/com/projectlibre1/pm/graphic/images/ribbon/gantt-bars.svg,projectlibre_ui,resource,HEAD,5e1d11f60759ca53188f7a43005aae2ae6e2e0cf01627d8cdd0c655ffdbce172,d2fa3c20a,,,0530be227f4a10c5545cce8d3db20ac5a4d76a66,REVIEW_REQUIRED,Unknown,false,REVIEW_REQUIRED,REVIEW_REQUIRED,REVIEW,no path match in OpenProj baseline; classify origin manually,
modules/projectlibre_ui/src/main/resources/com/projectlibre1/pm/graphic/images/ribbon/gridlines-16.svg,projectlibre_ui,resource,HEAD,20fbe43caa8307b3e1248325a11277eb3e97f2f53f6bdc57c0b168a55ac093e4,d2fa3c20a,,,0530be227f4a10c5545cce8d3db20ac5a4d76a66,REVIEW_REQUIRED,Unknown,false,REVIEW_REQUIRED,REVIEW_REQUIRED,REVIEW,no path match in OpenProj baseline; classify origin manually,
modules/projectlibre_ui/src/main/resources/com/projectlibre1/pm/graphic/images/ribbon/gridlines-20.svg,projectlibre_ui,resource,HEAD,0ffd8c1c980a254a63f62d333fb8330e77b28496d9258f9b6f4b5d34727bd9e5,d2fa3c20a,,,0530be227f4a10c5545cce8d3db20ac5a4d76a66,REVIEW_REQUIRED,Unknown,false,REVIEW_REQUIRED,REVIEW_REQUIRED,REVIEW,no path match in OpenProj baseline; classify origin manually,
modules/projectlibre_ui/src/main/resources/com/projectlibre1/pm/graphic/images/ribbon/gridlines-32.svg,projectlibre_ui,resource,HEAD,1edbc1101b3284c13d1e04943bd2b2f84e7a5f2bf25480cc993e45e299f11565,d2fa3c20a,,,0530be227f4a10c5545cce8d3db20ac5a4d76a66,REVIEW_REQUIRED,Unknown,false,REVIEW_REQUIRED,REVIEW_REQUIRED,REVIEW,no path match in OpenProj baseline; classify origin manually,
modules/projectlibre_ui/src/main/resources/com/projectlibre1/pm/graphic/images/ribbon/gridlines.svg,projectlibre_ui,resource,HEAD,26db93525402480eb080e30811074e1fd13d137bff6a5c9e3f6eb4babbdf0a2f,d2fa3c20a,,,0530be227f4a10c5545cce8d3db20ac5a4d76a66,REVIEW_REQUIRED,Unknown,false,REVIEW_REQUIRED,REVIEW_REQUIRED,REVIEW,no path match in OpenProj baseline; classify origin manually,
modules/projectlibre_ui/src/main/resources/com/projectlibre1/pm/graphic/images/ribbon/group-stack-16.svg,projectlibre_ui,resource,HEAD,f00413862191ede92d7e52282b18abf4afe7bd4cd1a2a0d2e70a862a4c890210,d2fa3c20a,,,0530be227f4a10c5545cce8d3db20ac5a4d76a66,REVIEW_REQUIRED,Unknown,false,REVIEW_REQUIRED,REVIEW_REQUIRED,REVIEW,no path match in OpenProj baseline; classify origin manually,
modules/projectlibre_ui/src/main/resources/com/projectlibre1/pm/graphic/images/ribbon/group-stack-20.svg,projectlibre_ui,resource,HEAD,0cc3937eac57b70582677d174143e8d60ed3da204f40f73e40b513f6c9235cae,d2fa3c20a,,,0530be227f4a10c5545cce8d3db20ac5a4d76a66,REVIEW_REQUIRED,Unknown,false,REVIEW_REQUIRED,REVIEW_REQUIRED,REVIEW,no path match in OpenProj baseline; classify origin manually,
modules/projectlibre_ui/src/main/resources/com/projectlibre1/pm/graphic/images/ribbon/group-stack-32.svg,projectlibre_ui,resource,HEAD,8c9d827d04cabc2b811a99e6dfa8427dc7b112fe0eaab5d3523214f0af541f74,d2fa3c20a,,,0530be227f4a10c5545cce8d3db20ac5a4d76a66,REVIEW_REQUIRED,Unknown,false,REVIEW_REQUIRED,REVIEW_REQUIRED,REVIEW,no path match in OpenProj baseline; classify origin manually,
modules/projectlibre_ui/src/main/resources/com/projectlibre1/pm/graphic/images/ribbon/group-stack.svg,projectlibre_ui,resource,HEAD,672eb47f936d009ebcbeaf71d0ff588e38f5f27a99c6a34cfccd00b9883a83cc,d2fa3c20a,,,0530be227f4a10c5545cce8d3db20ac5a4d76a66,REVIEW_REQUIRED,Unknown,false,REVIEW_REQUIRED,REVIEW_REQUIRED,REVIEW,no path match in OpenProj baseline; classify origin manually,
modules/projectlibre_ui/src/main/resources/com/projectlibre1/pm/graphic/images/ribbon/help-hint-16.svg,projectlibre_ui,resource,HEAD,124a9c5bb1d3581eddc6a5e22b96709f9f693427e2b60d4d38f0c8abbf1562cb,d2fa3c20a,,,0530be227f4a10c5545cce8d3db20ac5a4d76a66,REVIEW_REQUIRED,Unknown,false,REVIEW_REQUIRED,REVIEW_REQUIRED,REVIEW,no path match in OpenProj baseline; classify origin manually,
modules/projectlibre_ui/src/main/resources/com/projectlibre1/pm/graphic/images/ribbon/help-hint-20.svg,projectlibre_ui,resource,HEAD,ac39f8d9b441877481fcfdefa78642d6e355b544bed55eeaf2585a4ba6e86ad4,d2fa3c20a,,,0530be227f4a10c5545cce8d3db20ac5a4d76a66,REVIEW_REQUIRED,Unknown,false,REVIEW_REQUIRED,REVIEW_REQUIRED,REVIEW,no path match in OpenProj baseline; classify origin manually,
modules/projectlibre_ui/src/main/resources/com/projectlibre1/pm/graphic/images/ribbon/help-hint-32.svg,projectlibre_ui,resource,HEAD,bbc912b5ffa7cade95757ce146c6afd52ce6d86b5d9220724186eaf7521bbce2,d2fa3c20a,,,0530be227f4a10c5545cce8d3db20ac5a4d76a66,REVIEW_REQUIRED,Unknown,false,REVIEW_REQUIRED,REVIEW_REQUIRED,REVIEW,no path match in OpenProj baseline; classify origin manually,
modules/projectlibre_ui/src/main/resources/com/projectlibre1/pm/graphic/images/ribbon/help-hint.png,projectlibre_ui,resource,HEAD,0df13202726941dfd62dddbeef3a8fc9c658378c5f354415ff638cdf23e70263,d2fa3c20a,,,0530be227f4a10c5545cce8d3db20ac5a4d76a66,REVIEW_REQUIRED,ThirdParty:JasperReports,false,REVIEW_REQUIRED,REVIEW_REQUIRED,KEEP_THIRD_PARTY,third-party notice detected; verify upstream license,
modules/projectlibre_ui/src/main/resources/com/projectlibre1/pm/graphic/images/ribbon/help-hint.svg,projectlibre_ui,resource,HEAD,30132e726e3939b0405b695fcd355b041f279628be623635d6ed991cf61e0333,d2fa3c20a,,,0530be227f4a10c5545cce8d3db20ac5a4d76a66,REVIEW_REQUIRED,Unknown,false,REVIEW_REQUIRED,REVIEW_REQUIRED,REVIEW,no path match in OpenProj baseline; classify origin manually,
modules/projectlibre_ui/src/main/resources/com/projectlibre1/pm/graphic/images/ribbon/insert-link-2-16.svg,projectlibre_ui,resource,HEAD,ac2458ec48751d44005aebb30ec83e548b4cc091bf3e90324a650cb59d529850,d2fa3c20a,,,0530be227f4a10c5545cce8d3db20ac5a4d76a66,REVIEW_REQUIRED,Unknown,false,REVIEW_REQUIRED,REVIEW_REQUIRED,REVIEW,no path match in OpenProj baseline; classify origin manually,
modules/projectlibre_ui/src/main/resources/com/projectlibre1/pm/graphic/images/ribbon/insert-link-2-20.svg,projectlibre_ui,resource,HEAD,7e9d8aa17f39ebbba92213f8403f0995de7877b87a6551f13fafafc80bc1b8a9,d2fa3c20a,,,0530be227f4a10c5545cce8d3db20ac5a4d76a66,REVIEW_REQUIRED,Unknown,false,REVIEW_REQUIRED,REVIEW_REQUIRED,REVIEW,no path match in OpenProj baseline; classify origin manually,
modules/projectlibre_ui/src/main/resources/com/projectlibre1/pm/graphic/images/ribbon/insert-link-2-32.svg,projectlibre_ui,resource,HEAD,00d90e1f26cce47fa2f093758c298909019b84fc09f1a1152c593f6df3feef2a,d2fa3c20a,,,0530be227f4a10c5545cce8d3db20ac5a4d76a66,REVIEW_REQUIRED,Unknown,false,REVIEW_REQUIRED,REVIEW_REQUIRED,REVIEW,no path match in OpenProj baseline; classify origin manually,
modules/projectlibre_ui/src/main/resources/com/projectlibre1/pm/graphic/images/ribbon/insert-link-2.png,projectlibre_ui,resource,HEAD,30461e1a232ff1a113a77de1c38f262acc53953411c9caffcbf3c0a985c9c6bb,d2fa3c20a,,,0530be227f4a10c5545cce8d3db20ac5a4d76a66,REVIEW_REQUIRED,ThirdParty:JasperReports,false,REVIEW_REQUIRED,REVIEW_REQUIRED,KEEP_THIRD_PARTY,third-party notice detected; verify upstream license,
modules/projectlibre_ui/src/main/resources/com/projectlibre1/pm/graphic/images/ribbon/insert-link-2.svg,projectlibre_ui,resource,HEAD,618be4182d698ea428436d99c86def8785b9a224ccba12563ac155c4647c5a5b,d2fa3c20a,,,0530be227f4a10c5545cce8d3db20ac5a4d76a66,REVIEW_REQUIRED,Unknown,false,REVIEW_REQUIRED,REVIEW_REQUIRED,REVIEW,no path match in OpenProj baseline; classify origin manually,
modules/projectlibre_ui/src/main/resources/com/projectlibre1/pm/graphic/images/ribbon/layout-ribbon-16.svg,projectlibre_ui,resource,HEAD,0d05393c6e67c442f46fc111478fbea27abb345d52418c0bab17fcc87f88f54d,d2fa3c20a,,,0530be227f4a10c5545cce8d3db20ac5a4d76a66,REVIEW_REQUIRED,Unknown,false,REVIEW_REQUIRED,REVIEW_REQUIRED,REVIEW,no path match in OpenProj baseline; classify origin manually,
modules/projectlibre_ui/src/main/resources/com/projectlibre1/pm/graphic/images/ribbon/layout-ribbon-20.svg,projectlibre_ui,resource,HEAD,37d72df89ed5dac647ae55e4cb8913c8eba57daf9354de6561eb7195243150d1,d2fa3c20a,,,0530be227f4a10c5545cce8d3db20ac5a4d76a66,REVIEW_REQUIRED,Unknown,false,REVIEW_REQUIRED,REVIEW_REQUIRED,REVIEW,no path match in OpenProj baseline; classify origin manually,
modules/projectlibre_ui/src/main/resources/com/projectlibre1/pm/graphic/images/ribbon/layout-ribbon-32.svg,projectlibre_ui,resource,HEAD,4c02591094b438c16d79134dec1b6630ef3ddd81945100239b637c2597ce9b52,d2fa3c20a,,,0530be227f4a10c5545cce8d3db20ac5a4d76a66,REVIEW_REQUIRED,Unknown,false,REVIEW_REQUIRED,REVIEW_REQUIRED,REVIEW,no path match in OpenProj baseline; classify origin manually,
modules/projectlibre_ui/src/main/resources/com/projectlibre1/pm/graphic/images/ribbon/layout-ribbon.svg,projectlibre_ui,resource,HEAD,f937a6a51f6c8a9392f28a2b854025daafd182b9562f4c97acb1fb5297663b8c,d2fa3c20a,,,0530be227f4a10c5545cce8d3db20ac5a4d76a66,REVIEW_REQUIRED,Unknown,false,REVIEW_REQUIRED,REVIEW_REQUIRED,REVIEW,no path match in OpenProj baseline; classify origin manually,
modules/projectlibre_ui/src/main/resources/com/projectlibre1/pm/graphic/images/ribbon/list-add-5-16.svg,projectlibre_ui,resource,HEAD,2ef31afce46593c88a34462d99bdbda2c7c60da18874e59a6114b3eb72792c7d,d2fa3c20a,,,0530be227f4a10c5545cce8d3db20ac5a4d76a66,REVIEW_REQUIRED,Unknown,false,REVIEW_REQUIRED,REVIEW_REQUIRED,REVIEW,no path match in OpenProj baseline; classify origin manually,
modules/projectlibre_ui/src/main/resources/com/projectlibre1/pm/graphic/images/ribbon/list-add-5-20.svg,projectlibre_ui,resource,HEAD,6c1e5b4f8cbeefd832d8291c9d10912d13a9b3c227a6b6f26e03962fb331c282,d2fa3c20a,,,0530be227f4a10c5545cce8d3db20ac5a4d76a66,REVIEW_REQUIRED,Unknown,false,REVIEW_REQUIRED,REVIEW_REQUIRED,REVIEW,no path match in OpenProj baseline; classify origin manually,
modules/projectlibre_ui/src/main/resources/com/projectlibre1/pm/graphic/images/ribbon/list-add-5-32.svg,projectlibre_ui,resource,HEAD,5b3372d4fbcaf8bc41007ff02546503ca2a855ce4c9d029d4d7eb2ecad3085ba,d2fa3c20a,,,0530be227f4a10c5545cce8d3db20ac5a4d76a66,REVIEW_REQUIRED,Unknown,false,REVIEW_REQUIRED,REVIEW_REQUIRED,REVIEW,no path match in OpenProj baseline; classify origin manually,
modules/projectlibre_ui/src/main/resources/com/projectlibre1/pm/graphic/images/ribbon/list-add-5.png,projectlibre_ui,resource,HEAD,e970964540078fa50b0d143ea1c6c20a5985f0eb57c00ab2bc082628404b3180,d2fa3c20a,,,0530be227f4a10c5545cce8d3db20ac5a4d76a66,REVIEW_REQUIRED,ThirdParty:JasperReports,false,REVIEW_REQUIRED,REVIEW_REQUIRED,KEEP_THIRD_PARTY,third-party notice detected; verify upstream license,
modules/projectlibre_ui/src/main/resources/com/projectlibre1/pm/graphic/images/ribbon/list-add-5.svg,projectlibre_ui,resource,HEAD,db533cac6fd6641ad26a0b47d7c9d6d5f6505ca12f87f6fddbd71dd5adf3165f,d2fa3c20a,,,0530be227f4a10c5545cce8d3db20ac5a4d76a66,REVIEW_REQUIRED,Unknown,false,REVIEW_REQUIRED,REVIEW_REQUIRED,REVIEW,no path match in OpenProj baseline; classify origin manually,
modules/projectlibre_ui/src/main/resources/com/projectlibre1/pm/graphic/images/ribbon/list-remove-5-16.svg,projectlibre_ui,resource,HEAD,dffeb79277b0a8d63e552ba260d5e6317d377389259610277fd5dbec3fb6e7a0,d2fa3c20a,,,0530be227f4a10c5545cce8d3db20ac5a4d76a66,REVIEW_REQUIRED,Unknown,false,REVIEW_REQUIRED,REVIEW_REQUIRED,REVIEW,no path match in OpenProj baseline; classify origin manually,
modules/projectlibre_ui/src/main/resources/com/projectlibre1/pm/graphic/images/ribbon/list-remove-5-20.svg,projectlibre_ui,resource,HEAD,4ef544a95cd59cca878b72cdc922a5b9e084ca2f133a51ef223efe613c5410b5,d2fa3c20a,,,0530be227f4a10c5545cce8d3db20ac5a4d76a66,REVIEW_REQUIRED,Unknown,false,REVIEW_REQUIRED,REVIEW_REQUIRED,REVIEW,no path match in OpenProj baseline; classify origin manually,
modules/projectlibre_ui/src/main/resources/com/projectlibre1/pm/graphic/images/ribbon/list-remove-5-32.svg,projectlibre_ui,resource,HEAD,6894d07b9244203e58dd33a06a270c9707abb6f0f9f1bf89c19fdf56a9590abb,d2fa3c20a,,,0530be227f4a10c5545cce8d3db20ac5a4d76a66,REVIEW_REQUIRED,Unknown,false,REVIEW_REQUIRED,REVIEW_REQUIRED,REVIEW,no path match in OpenProj baseline; classify origin manually,
modules/projectlibre_ui/src/main/resources/com/projectlibre1/pm/graphic/images/ribbon/list-remove-5.png,projectlibre_ui,resource,HEAD,82da560070b1d9457db87f562ce8fb855b8c4cd4c0a796a1b33276707bc52913,d2fa3c20a,,,0530be227f4a10c5545cce8d3db20ac5a4d76a66,REVIEW_REQUIRED,ThirdParty:JasperReports,false,REVIEW_REQUIRED,REVIEW_REQUIRED,KEEP_THIRD_PARTY,third-party notice detected; verify upstream license,
modules/projectlibre_ui/src/main/resources/com/projectlibre1/pm/graphic/images/ribbon/list-remove-5.svg,projectlibre_ui,resource,HEAD,296cb9d7cd68bb1acad0861ad3eeebdb8557c5c924e1958a700aea84e935c5c3,d2fa3c20a,,,0530be227f4a10c5545cce8d3db20ac5a4d76a66,REVIEW_REQUIRED,Unknown,false,REVIEW_REQUIRED,REVIEW_REQUIRED,REVIEW,no path match in OpenProj baseline; classify origin manually,
modules/projectlibre_ui/src/main/resources/com/projectlibre1/pm/graphic/images/ribbon/locale-globe-ribbon-16.svg,projectlibre_ui,resource,HEAD,ecbaab978e9c81e95971b8b467e5b3b768ba383c4b81036957891706aa812577,d2fa3c20a,,,0530be227f4a10c5545cce8d3db20ac5a4d76a66,REVIEW_REQUIRED,Unknown,false,REVIEW_REQUIRED,REVIEW_REQUIRED,REVIEW,no path match in OpenProj baseline; classify origin manually,
modules/projectlibre_ui/src/main/resources/com/projectlibre1/pm/graphic/images/ribbon/locale-globe-ribbon-20.svg,projectlibre_ui,resource,HEAD,4a75def9f075e5a8035fd076ed27db19e2b0ae15c2e68f09cd9ebd491f85a8a0,d2fa3c20a,,,0530be227f4a10c5545cce8d3db20ac5a4d76a66,REVIEW_REQUIRED,Unknown,false,REVIEW_REQUIRED,REVIEW_REQUIRED,REVIEW,no path match in OpenProj baseline; classify origin manually,
modules/projectlibre_ui/src/main/resources/com/projectlibre1/pm/graphic/images/ribbon/locale-globe-ribbon-32.svg,projectlibre_ui,resource,HEAD,7603dbbfa84773955544409bcaf40376549e8981b77fe5427a892f60cf519c92,d2fa3c20a,,,0530be227f4a10c5545cce8d3db20ac5a4d76a66,REVIEW_REQUIRED,Unknown,false,REVIEW_REQUIRED,REVIEW_REQUIRED,REVIEW,no path match in OpenProj baseline; classify origin manually,
modules/projectlibre_ui/src/main/resources/com/projectlibre1/pm/graphic/images/ribbon/locale-globe-ribbon.svg,projectlibre_ui,resource,HEAD,86ba1ad386a2e5a8ebd60942b3e6edf304aa31a08c37185078c93b0a4549074a,d2fa3c20a,,,0530be227f4a10c5545cce8d3db20ac5a4d76a66,REVIEW_REQUIRED,Unknown,false,REVIEW_REQUIRED,REVIEW_REQUIRED,REVIEW,no path match in OpenProj baseline; classify origin manually,
modules/projectlibre_ui/src/main/resources/com/projectlibre1/pm/graphic/images/ribbon/preferences-system-4-16.svg,projectlibre_ui,resource,HEAD,cc7d9010829d2d39feddc73c8b9e160a947ade12a0e81707e80dcaba201a13fd,d2fa3c20a,,,0530be227f4a10c5545cce8d3db20ac5a4d76a66,REVIEW_REQUIRED,Unknown,false,REVIEW_REQUIRED,REVIEW_REQUIRED,REVIEW,no path match in OpenProj baseline; classify origin manually,
modules/projectlibre_ui/src/main/resources/com/projectlibre1/pm/graphic/images/ribbon/preferences-system-4-20.svg,projectlibre_ui,resource,HEAD,cc1d84bd2026cff9fffd9f163cf969932ad7a78c5d2d0d0aaabfdc966c214f8d,d2fa3c20a,,,0530be227f4a10c5545cce8d3db20ac5a4d76a66,REVIEW_REQUIRED,Unknown,false,REVIEW_REQUIRED,REVIEW_REQUIRED,REVIEW,no path match in OpenProj baseline; classify origin manually,
modules/projectlibre_ui/src/main/resources/com/projectlibre1/pm/graphic/images/ribbon/preferences-system-4-32.svg,projectlibre_ui,resource,HEAD,3eff9ec1a9e977c6b85c5e70e22f06640b0d98900044f2902af05c9119735fcd,d2fa3c20a,,,0530be227f4a10c5545cce8d3db20ac5a4d76a66,REVIEW_REQUIRED,Unknown,false,REVIEW_REQUIRED,REVIEW_REQUIRED,REVIEW,no path match in OpenProj baseline; classify origin manually,
modules/projectlibre_ui/src/main/resources/com/projectlibre1/pm/graphic/images/ribbon/preferences-system-4.png,projectlibre_ui,resource,HEAD,525b87c1d1d852fd53dc085c70c6784fc5a3830cc1424b901ae7366bc773ff47,d2fa3c20a,,,0530be227f4a10c5545cce8d3db20ac5a4d76a66,REVIEW_REQUIRED,ThirdParty:JasperReports,false,REVIEW_REQUIRED,REVIEW_REQUIRED,KEEP_THIRD_PARTY,third-party notice detected; verify upstream license,
modules/projectlibre_ui/src/main/resources/com/projectlibre1/pm/graphic/images/ribbon/preferences-system-4.svg,projectlibre_ui,resource,HEAD,51c2906420959e4f87a57064b9d059ad5bfcd0d4ec43a1ac83f6ed9ed4b0da2f,d2fa3c20a,,,0530be227f4a10c5545cce8d3db20ac5a4d76a66,REVIEW_REQUIRED,Unknown,false,REVIEW_REQUIRED,REVIEW_REQUIRED,REVIEW,no path match in OpenProj baseline; classify origin manually,
modules/projectlibre_ui/src/main/resources/com/projectlibre1/pm/graphic/images/ribbon/projectlibre-wordmark.svg,projectlibre_ui,resource,HEAD,51f4e350c5a4d2d00c063947fc6e14c458edcc123947222ef7a83eb87e90dc41,d2fa3c20a,,,0530be227f4a10c5545cce8d3db20ac5a4d76a66,REVIEW_REQUIRED,Unknown,false,REVIEW_REQUIRED,REVIEW_REQUIRED,REVIEW,no path match in OpenProj baseline; classify origin manually,
modules/projectlibre_ui/src/main/resources/com/projectlibre1/pm/graphic/images/ribbon/recalculate-16.svg,projectlibre_ui,resource,HEAD,7daa92a64a56e9c9223b573ea9b96b152154d3051572e4054433a93034ed9731,d2fa3c20a,,,0530be227f4a10c5545cce8d3db20ac5a4d76a66,REVIEW_REQUIRED,Unknown,false,REVIEW_REQUIRED,REVIEW_REQUIRED,REVIEW,no path match in OpenProj baseline; classify origin manually,
modules/projectlibre_ui/src/main/resources/com/projectlibre1/pm/graphic/images/ribbon/recalculate-20.svg,projectlibre_ui,resource,HEAD,7daa92a64a56e9c9223b573ea9b96b152154d3051572e4054433a93034ed9731,d2fa3c20a,,,0530be227f4a10c5545cce8d3db20ac5a4d76a66,REVIEW_REQUIRED,Unknown,false,REVIEW_REQUIRED,REVIEW_REQUIRED,REVIEW,no path match in OpenProj baseline; classify origin manually,
modules/projectlibre_ui/src/main/resources/com/projectlibre1/pm/graphic/images/ribbon/recalculate-32.svg,projectlibre_ui,resource,HEAD,7daa92a64a56e9c9223b573ea9b96b152154d3051572e4054433a93034ed9731,d2fa3c20a,,,0530be227f4a10c5545cce8d3db20ac5a4d76a66,REVIEW_REQUIRED,Unknown,false,REVIEW_REQUIRED,REVIEW_REQUIRED,REVIEW,no path match in OpenProj baseline; classify origin manually,
modules/projectlibre_ui/src/main/resources/com/projectlibre1/pm/graphic/images/ribbon/recalculate.svg,projectlibre_ui,resource,HEAD,677b1893ea37f1eec774e79a8f77019e40c356257b112b8579b5b6d60b672eab,d2fa3c20a,,,0530be227f4a10c5545cce8d3db20ac5a4d76a66,REVIEW_REQUIRED,Unknown,false,REVIEW_REQUIRED,REVIEW_REQUIRED,REVIEW,no path match in OpenProj baseline; classify origin manually,
modules/projectlibre_ui/src/main/resources/com/projectlibre1/pm/graphic/images/ribbon/resource-level-16.svg,projectlibre_ui,resource,HEAD,f023c113908afe31433bada3d9fe98a492d3d7d004a85708d83597d7783538b5,d2fa3c20a,,,0530be227f4a10c5545cce8d3db20ac5a4d76a66,REVIEW_REQUIRED,Unknown,false,REVIEW_REQUIRED,REVIEW_REQUIRED,REVIEW,no path match in OpenProj baseline; classify origin manually,
modules/projectlibre_ui/src/main/resources/com/projectlibre1/pm/graphic/images/ribbon/resource-level-20.svg,projectlibre_ui,resource,HEAD,33d34deda03eec14d4cde251296695562cc6e94463fc0f510f71bb54977baeda,d2fa3c20a,,,0530be227f4a10c5545cce8d3db20ac5a4d76a66,REVIEW_REQUIRED,Unknown,false,REVIEW_REQUIRED,REVIEW_REQUIRED,REVIEW,no path match in OpenProj baseline; classify origin manually,
modules/projectlibre_ui/src/main/resources/com/projectlibre1/pm/graphic/images/ribbon/resource-level-32.svg,projectlibre_ui,resource,HEAD,24f4b821fa3b6ea68f42fe5ed04beac87c87d82e90ae206bc75150d1ee4d98e7,d2fa3c20a,,,0530be227f4a10c5545cce8d3db20ac5a4d76a66,REVIEW_REQUIRED,Unknown,false,REVIEW_REQUIRED,REVIEW_REQUIRED,REVIEW,no path match in OpenProj baseline; classify origin manually,
modules/projectlibre_ui/src/main/resources/com/projectlibre1/pm/graphic/images/ribbon/resource-level.svg,projectlibre_ui,resource,HEAD,bda9a364253b5f23c46bde0591beddb569746cd44db2f906044e3e9d64aa54d1,d2fa3c20a,,,0530be227f4a10c5545cce8d3db20ac5a4d76a66,REVIEW_REQUIRED,Unknown,false,REVIEW_REQUIRED,REVIEW_REQUIRED,REVIEW,no path match in OpenProj baseline; classify origin manually,
modules/projectlibre_ui/src/main/resources/com/projectlibre1/pm/graphic/images/ribbon/scroll-to-task-ribbon-16.svg,projectlibre_ui,resource,HEAD,20ff1118b6957887f040221e487647612898dd85b1d1434651e95e7312f0bf5a,d2fa3c20a,,,0530be227f4a10c5545cce8d3db20ac5a4d76a66,REVIEW_REQUIRED,Unknown,false,REVIEW_REQUIRED,REVIEW_REQUIRED,REVIEW,no path match in OpenProj baseline; classify origin manually,
modules/projectlibre_ui/src/main/resources/com/projectlibre1/pm/graphic/images/ribbon/scroll-to-task-ribbon-20.svg,projectlibre_ui,resource,HEAD,a812419588a8f900d745c08dae25a31f6ec1e68fcf5ad84c2a8c8ff286e2cd0e,d2fa3c20a,,,0530be227f4a10c5545cce8d3db20ac5a4d76a66,REVIEW_REQUIRED,Unknown,false,REVIEW_REQUIRED,REVIEW_REQUIRED,REVIEW,no path match in OpenProj baseline; classify origin manually,
modules/projectlibre_ui/src/main/resources/com/projectlibre1/pm/graphic/images/ribbon/scroll-to-task-ribbon-32.svg,projectlibre_ui,resource,HEAD,38061833021d0d4371153c9e9c2336a84065f135f287d3debe2581246284db8e,d2fa3c20a,,,0530be227f4a10c5545cce8d3db20ac5a4d76a66,REVIEW_REQUIRED,Unknown,false,REVIEW_REQUIRED,REVIEW_REQUIRED,REVIEW,no path match in OpenProj baseline; classify origin manually,
modules/projectlibre_ui/src/main/resources/com/projectlibre1/pm/graphic/images/ribbon/scroll-to-task-ribbon.svg,projectlibre_ui,resource,HEAD,6d7048b0502af328a81964e89d8c33b2541146fa8dc9066bb5d5ac956522fb3d,d2fa3c20a,,,0530be227f4a10c5545cce8d3db20ac5a4d76a66,REVIEW_REQUIRED,Unknown,false,REVIEW_REQUIRED,REVIEW_REQUIRED,REVIEW,no path match in OpenProj baseline; classify origin manually,
modules/projectlibre_ui/src/main/resources/com/projectlibre1/pm/graphic/images/ribbon/sort-ascending-16.svg,projectlibre_ui,resource,HEAD,f4541ce411131cf47d09d5eec8e3db0ef6c2a4cba8fc1b19e53e30e63c3bac8f,d2fa3c20a,,,0530be227f4a10c5545cce8d3db20ac5a4d76a66,REVIEW_REQUIRED,Unknown,false,REVIEW_REQUIRED,REVIEW_REQUIRED,REVIEW,no path match in OpenProj baseline; classify origin manually,
modules/projectlibre_ui/src/main/resources/com/projectlibre1/pm/graphic/images/ribbon/sort-ascending-20.svg,projectlibre_ui,resource,HEAD,ea4be90cc3c1929e6e46ce0497272e7355b09d9230c83e367e63ccb157584b69,d2fa3c20a,,,0530be227f4a10c5545cce8d3db20ac5a4d76a66,REVIEW_REQUIRED,Unknown,false,REVIEW_REQUIRED,REVIEW_REQUIRED,REVIEW,no path match in OpenProj baseline; classify origin manually,
modules/projectlibre_ui/src/main/resources/com/projectlibre1/pm/graphic/images/ribbon/sort-ascending-32.svg,projectlibre_ui,resource,HEAD,5d0435e4562120b45f50f21ff147bf2f0df0f473aaeb981e5485718b4eb62667,d2fa3c20a,,,0530be227f4a10c5545cce8d3db20ac5a4d76a66,REVIEW_REQUIRED,Unknown,false,REVIEW_REQUIRED,REVIEW_REQUIRED,REVIEW,no path match in OpenProj baseline; classify origin manually,
modules/projectlibre_ui/src/main/resources/com/projectlibre1/pm/graphic/images/ribbon/sort-ascending.svg,projectlibre_ui,resource,HEAD,f01ea535a5df63328b95d8acf118044eef3060ec6ae78becf521ed878e83e8f4,d2fa3c20a,,,0530be227f4a10c5545cce8d3db20ac5a4d76a66,REVIEW_REQUIRED,Unknown,false,REVIEW_REQUIRED,REVIEW_REQUIRED,REVIEW,no path match in OpenProj baseline; classify origin manually,
modules/projectlibre_ui/src/main/resources/com/projectlibre1/pm/graphic/images/ribbon/system-help-3-16.svg,projectlibre_ui,resource,HEAD,65bb66f08b5929e0e7c85adbf0582222585cf34eaf6caf333f888a1388ccec49,d2fa3c20a,,,0530be227f4a10c5545cce8d3db20ac5a4d76a66,REVIEW_REQUIRED,Unknown,false,REVIEW_REQUIRED,REVIEW_REQUIRED,REVIEW,no path match in OpenProj baseline; classify origin manually,
modules/projectlibre_ui/src/main/resources/com/projectlibre1/pm/graphic/images/ribbon/system-help-3-20.svg,projectlibre_ui,resource,HEAD,f169a45172a9f7fbbe0ea313c9bd4f6dcf8e66e6387edb32b72527c7b056b248,d2fa3c20a,,,0530be227f4a10c5545cce8d3db20ac5a4d76a66,REVIEW_REQUIRED,Unknown,false,REVIEW_REQUIRED,REVIEW_REQUIRED,REVIEW,no path match in OpenProj baseline; classify origin manually,
modules/projectlibre_ui/src/main/resources/com/projectlibre1/pm/graphic/images/ribbon/system-help-3-32.svg,projectlibre_ui,resource,HEAD,bdcf15823e120556172881faecb4fe4eba01b47336bd2aecc267d9646a938e0b,d2fa3c20a,,,0530be227f4a10c5545cce8d3db20ac5a4d76a66,REVIEW_REQUIRED,Unknown,false,REVIEW_REQUIRED,REVIEW_REQUIRED,REVIEW,no path match in OpenProj baseline; classify origin manually,
modules/projectlibre_ui/src/main/resources/com/projectlibre1/pm/graphic/images/ribbon/system-help-3.png,projectlibre_ui,resource,HEAD,5f99eb2fbdd85fcfb45d63f2116761f3c15405088fda1611d9ebe07f0ce021e4,d2fa3c20a,,,0530be227f4a10c5545cce8d3db20ac5a4d76a66,REVIEW_REQUIRED,ThirdParty:JasperReports,false,REVIEW_REQUIRED,REVIEW_REQUIRED,KEEP_THIRD_PARTY,third-party notice detected; verify upstream license,
modules/projectlibre_ui/src/main/resources/com/projectlibre1/pm/graphic/images/ribbon/system-help-3.svg,projectlibre_ui,resource,HEAD,9ed1c2af02a02c773d79ad39e0a12b632b96b4fbced889102d432ae976580af9,d2fa3c20a,,,0530be227f4a10c5545cce8d3db20ac5a4d76a66,REVIEW_REQUIRED,Unknown,false,REVIEW_REQUIRED,REVIEW_REQUIRED,REVIEW,no path match in OpenProj baseline; classify origin manually,
modules/projectlibre_ui/src/main/resources/com/projectlibre1/pm/graphic/images/ribbon/text-field-16.svg,projectlibre_ui,resource,HEAD,70835924bfa65596d340bf7942c3f82fd498a2c302d48bc00907aa7b90586158,d2fa3c20a,,,0530be227f4a10c5545cce8d3db20ac5a4d76a66,REVIEW_REQUIRED,Unknown,false,REVIEW_REQUIRED,REVIEW_REQUIRED,REVIEW,no path match in OpenProj baseline; classify origin manually,
modules/projectlibre_ui/src/main/resources/com/projectlibre1/pm/graphic/images/ribbon/text-field-20.svg,projectlibre_ui,resource,HEAD,45063fe2cb87bcef7693a102d9a44cc440fb0c12387469e99de11d5cd462b414,d2fa3c20a,,,0530be227f4a10c5545cce8d3db20ac5a4d76a66,REVIEW_REQUIRED,Unknown,false,REVIEW_REQUIRED,REVIEW_REQUIRED,REVIEW,no path match in OpenProj baseline; classify origin manually,
modules/projectlibre_ui/src/main/resources/com/projectlibre1/pm/graphic/images/ribbon/text-field-32.svg,projectlibre_ui,resource,HEAD,ee1fa8bcfb286482c78f6e6275ec0ff881decbc8c1c3b64b33bf57c9fc834c64,d2fa3c20a,,,0530be227f4a10c5545cce8d3db20ac5a4d76a66,REVIEW_REQUIRED,Unknown,false,REVIEW_REQUIRED,REVIEW_REQUIRED,REVIEW,no path match in OpenProj baseline; classify origin manually,
modules/projectlibre_ui/src/main/resources/com/projectlibre1/pm/graphic/images/ribbon/text-field.png,projectlibre_ui,resource,HEAD,721a7e6cb587de4cc20a5a6a1736c4e6c5ada996a3a5e1b4513d841d3113264e,d2fa3c20a,,,0530be227f4a10c5545cce8d3db20ac5a4d76a66,REVIEW_REQUIRED,ThirdParty:JasperReports,false,REVIEW_REQUIRED,REVIEW_REQUIRED,KEEP_THIRD_PARTY,third-party notice detected; verify upstream license,
modules/projectlibre_ui/src/main/resources/com/projectlibre1/pm/graphic/images/ribbon/text-field.svg,projectlibre_ui,resource,HEAD,22694b7cb5af24c81d1289d553d7e2e40328e826429cc8478e36a287c20ad20e,d2fa3c20a,,,0530be227f4a10c5545cce8d3db20ac5a4d76a66,REVIEW_REQUIRED,Unknown,false,REVIEW_REQUIRED,REVIEW_REQUIRED,REVIEW,no path match in OpenProj baseline; classify origin manually,
modules/projectlibre_ui/src/main/resources/com/projectlibre1/pm/graphic/images/ribbon/timescale-ribbon-16.svg,projectlibre_ui,resource,HEAD,2f9ecad454d6cecd58647756b54d86d06707d192e5e3ea088a4bb61cd7f704f2,d2fa3c20a,,,0530be227f4a10c5545cce8d3db20ac5a4d76a66,REVIEW_REQUIRED,Unknown,false,REVIEW_REQUIRED,REVIEW_REQUIRED,REVIEW,no path match in OpenProj baseline; classify origin manually,
modules/projectlibre_ui/src/main/resources/com/projectlibre1/pm/graphic/images/ribbon/timescale-ribbon-20.svg,projectlibre_ui,resource,HEAD,ff9266ab74628e2ebe7b398d896f771e04a1fac738b9ce48288d79caf1b17eb7,d2fa3c20a,,,0530be227f4a10c5545cce8d3db20ac5a4d76a66,REVIEW_REQUIRED,Unknown,false,REVIEW_REQUIRED,REVIEW_REQUIRED,REVIEW,no path match in OpenProj baseline; classify origin manually,
modules/projectlibre_ui/src/main/resources/com/projectlibre1/pm/graphic/images/ribbon/timescale-ribbon-32.svg,projectlibre_ui,resource,HEAD,996e42751af2e9e1bd3c598a70a0578d9874ee7e6deb377b49273847a47e8245,d2fa3c20a,,,0530be227f4a10c5545cce8d3db20ac5a4d76a66,REVIEW_REQUIRED,Unknown,false,REVIEW_REQUIRED,REVIEW_REQUIRED,REVIEW,no path match in OpenProj baseline; classify origin manually,
modules/projectlibre_ui/src/main/resources/com/projectlibre1/pm/graphic/images/ribbon/timescale-ribbon.svg,projectlibre_ui,resource,HEAD,8afe66f6186f8b7552aff48c4c04c72791aa728381a88c895bc65a3598fe4227,d2fa3c20a,,,0530be227f4a10c5545cce8d3db20ac5a4d76a66,REVIEW_REQUIRED,Unknown,false,REVIEW_REQUIRED,REVIEW_REQUIRED,REVIEW,no path match in OpenProj baseline; classify origin manually,
modules/projectlibre_ui/src/main/resources/com/projectlibre1/pm/graphic/images/ribbon/timesheet-check-16.svg,projectlibre_ui,resource,HEAD,e5f28c3a222dd8f5b3c1ed1b3844ae8cf3787cda445e705ae7323cda1df90f16,d2fa3c20a,,,0530be227f4a10c5545cce8d3db20ac5a4d76a66,REVIEW_REQUIRED,Unknown,false,REVIEW_REQUIRED,REVIEW_REQUIRED,REVIEW,no path match in OpenProj baseline; classify origin manually,
modules/projectlibre_ui/src/main/resources/com/projectlibre1/pm/graphic/images/ribbon/timesheet-check-20.svg,projectlibre_ui,resource,HEAD,6c7bcc1b5f9dfe5189081dc8e8469d1ca0f531af31f0d30fd7705502fb1bf255,d2fa3c20a,,,0530be227f4a10c5545cce8d3db20ac5a4d76a66,REVIEW_REQUIRED,Unknown,false,REVIEW_REQUIRED,REVIEW_REQUIRED,REVIEW,no path match in OpenProj baseline; classify origin manually,
modules/projectlibre_ui/src/main/resources/com/projectlibre1/pm/graphic/images/ribbon/timesheet-check-32.svg,projectlibre_ui,resource,HEAD,24af3e628b3a40ab104e8759a3506d04bc97ddaa3c70c2cd720e033152d6c258,d2fa3c20a,,,0530be227f4a10c5545cce8d3db20ac5a4d76a66,REVIEW_REQUIRED,Unknown,false,REVIEW_REQUIRED,REVIEW_REQUIRED,REVIEW,no path match in OpenProj baseline; classify origin manually,
modules/projectlibre_ui/src/main/resources/com/projectlibre1/pm/graphic/images/ribbon/timesheet-check.svg,projectlibre_ui,resource,HEAD,b17a7e1a0f7ad6eefbbbf3ad9e68279252a5f70e7b0f4ca836b88a3c2d262170,d2fa3c20a,,,0530be227f4a10c5545cce8d3db20ac5a4d76a66,REVIEW_REQUIRED,Unknown,false,REVIEW_REQUIRED,REVIEW_REQUIRED,REVIEW,no path match in OpenProj baseline; classify origin manually,
modules/projectlibre_ui/src/main/resources/com/projectlibre1/pm/graphic/images/ribbon/update-project-16.svg,projectlibre_ui,resource,HEAD,9b7a13bcc1f52f768928fb209f0dc3f082b82dfba1c68fa6b25225bcbbf03bbd,d2fa3c20a,,,0530be227f4a10c5545cce8d3db20ac5a4d76a66,REVIEW_REQUIRED,Unknown,false,REVIEW_REQUIRED,REVIEW_REQUIRED,REVIEW,no path match in OpenProj baseline; classify origin manually,
modules/projectlibre_ui/src/main/resources/com/projectlibre1/pm/graphic/images/ribbon/update-project-20.svg,projectlibre_ui,resource,HEAD,adffb27d9e01ec18209c5174f1dddee6db115fc8630c97be76adadb91f54ea13,d2fa3c20a,,,0530be227f4a10c5545cce8d3db20ac5a4d76a66,REVIEW_REQUIRED,Unknown,false,REVIEW_REQUIRED,REVIEW_REQUIRED,REVIEW,no path match in OpenProj baseline; classify origin manually,
modules/projectlibre_ui/src/main/resources/com/projectlibre1/pm/graphic/images/ribbon/update-project-32.svg,projectlibre_ui,resource,HEAD,1ce25741aa47db4012103563b545cde34053a8e3583b38d0c0be16bf88329df0,d2fa3c20a,,,0530be227f4a10c5545cce8d3db20ac5a4d76a66,REVIEW_REQUIRED,Unknown,false,REVIEW_REQUIRED,REVIEW_REQUIRED,REVIEW,no path match in OpenProj baseline; classify origin manually,
modules/projectlibre_ui/src/main/resources/com/projectlibre1/pm/graphic/images/ribbon/update-project.svg,projectlibre_ui,resource,HEAD,09fea60cc1d8c87af2580c2178c5973c36a031d9fedf478908e36eb4406bf0fb,d2fa3c20a,,,0530be227f4a10c5545cce8d3db20ac5a4d76a66,REVIEW_REQUIRED,Unknown,false,REVIEW_REQUIRED,REVIEW_REQUIRED,REVIEW,no path match in OpenProj baseline; classify origin manually,
modules/projectlibre_ui/src/main/resources/com/projectlibre1/pm/graphic/images/ribbon/view-calendar-16.svg,projectlibre_ui,resource,HEAD,3ff672c3c6c43a91817d046e79ca3307a8aec33d6f59c887b712893aff1c5490,d2fa3c20a,,,0530be227f4a10c5545cce8d3db20ac5a4d76a66,REVIEW_REQUIRED,Unknown,false,REVIEW_REQUIRED,REVIEW_REQUIRED,REVIEW,no path match in OpenProj baseline; classify origin manually,
modules/projectlibre_ui/src/main/resources/com/projectlibre1/pm/graphic/images/ribbon/view-calendar-20.svg,projectlibre_ui,resource,HEAD,4b43b54060890dbc163c9d9c056ac801021099af0032a078a492569a0e633df5,d2fa3c20a,,,0530be227f4a10c5545cce8d3db20ac5a4d76a66,REVIEW_REQUIRED,Unknown,false,REVIEW_REQUIRED,REVIEW_REQUIRED,REVIEW,no path match in OpenProj baseline; classify origin manually,
modules/projectlibre_ui/src/main/resources/com/projectlibre1/pm/graphic/images/ribbon/view-calendar-32.svg,projectlibre_ui,resource,HEAD,dca9a8194d4001c0f74f45b4746038adf71bb6a4c3874549ebc77c82cb6e6522,d2fa3c20a,,,0530be227f4a10c5545cce8d3db20ac5a4d76a66,REVIEW_REQUIRED,Unknown,false,REVIEW_REQUIRED,REVIEW_REQUIRED,REVIEW,no path match in OpenProj baseline; classify origin manually,
modules/projectlibre_ui/src/main/resources/com/projectlibre1/pm/graphic/images/ribbon/view-calendar.png,projectlibre_ui,resource,HEAD,ee5f94957c5657f503f57b7a914f1b9df7f4fbd7857826fca7dc67cc20462285,d2fa3c20a,,,0530be227f4a10c5545cce8d3db20ac5a4d76a66,REVIEW_REQUIRED,ThirdParty:JasperReports,false,REVIEW_REQUIRED,REVIEW_REQUIRED,KEEP_THIRD_PARTY,third-party notice detected; verify upstream license,
modules/projectlibre_ui/src/main/resources/com/projectlibre1/pm/graphic/images/ribbon/view-calendar.svg,projectlibre_ui,resource,HEAD,d5e4d926b7dcd426b989d75b7c248d3279763885850214f68ac19626f0f23ec9,d2fa3c20a,,,0530be227f4a10c5545cce8d3db20ac5a4d76a66,REVIEW_REQUIRED,Unknown,false,REVIEW_REQUIRED,REVIEW_REQUIRED,REVIEW,no path match in OpenProj baseline; classify origin manually,
modules/projectlibre_ui/src/main/resources/com/projectlibre1/pm/graphic/images/ribbon/zoom-in-5-16.svg,projectlibre_ui,resource,HEAD,ab223fb3e827508be75017a90a781be7e48625c40adf62a45ef020d896f197c2,d2fa3c20a,,,0530be227f4a10c5545cce8d3db20ac5a4d76a66,REVIEW_REQUIRED,Unknown,false,REVIEW_REQUIRED,REVIEW_REQUIRED,REVIEW,no path match in OpenProj baseline; classify origin manually,
modules/projectlibre_ui/src/main/resources/com/projectlibre1/pm/graphic/images/ribbon/zoom-in-5-20.svg,projectlibre_ui,resource,HEAD,b790b7a098079498a6bc8a22c97cc4c131fd71f39032335cb4eeb5bf91e077d7,d2fa3c20a,,,0530be227f4a10c5545cce8d3db20ac5a4d76a66,REVIEW_REQUIRED,Unknown,false,REVIEW_REQUIRED,REVIEW_REQUIRED,REVIEW,no path match in OpenProj baseline; classify origin manually,
modules/projectlibre_ui/src/main/resources/com/projectlibre1/pm/graphic/images/ribbon/zoom-in-5-32.svg,projectlibre_ui,resource,HEAD,a4f4b0a7aa165611404cc87d58f00bcaddfb7447de98f944bd5267173454bff3,d2fa3c20a,,,0530be227f4a10c5545cce8d3db20ac5a4d76a66,REVIEW_REQUIRED,Unknown,false,REVIEW_REQUIRED,REVIEW_REQUIRED,REVIEW,no path match in OpenProj baseline; classify origin manually,
modules/projectlibre_ui/src/main/resources/com/projectlibre1/pm/graphic/images/ribbon/zoom-in-5.png,projectlibre_ui,resource,HEAD,2729340522f677bc76146e04b3c26473ab9c6d45943be97dd79af50a33403e9f,d2fa3c20a,,,0530be227f4a10c5545cce8d3db20ac5a4d76a66,REVIEW_REQUIRED,ThirdParty:JasperReports,false,REVIEW_REQUIRED,REVIEW_REQUIRED,KEEP_THIRD_PARTY,third-party notice detected; verify upstream license,
modules/projectlibre_ui/src/main/resources/com/projectlibre1/pm/graphic/images/ribbon/zoom-in-5.svg,projectlibre_ui,resource,HEAD,e5bee58f9b79b9a5d8268847716f03f7b023fbc44e913a71d326ac2aee901811,d2fa3c20a,,,0530be227f4a10c5545cce8d3db20ac5a4d76a66,REVIEW_REQUIRED,Unknown,false,REVIEW_REQUIRED,REVIEW_REQUIRED,REVIEW,no path match in OpenProj baseline; classify origin manually,
modules/projectlibre_ui/src/main/resources/com/projectlibre1/pm/graphic/images/ribbon/zoom-out-5-16.svg,projectlibre_ui,resource,HEAD,a62214cad5d117dbcdb7303629a2341e9be58cb3255d411052f814e95197bd6d,d2fa3c20a,,,0530be227f4a10c5545cce8d3db20ac5a4d76a66,REVIEW_REQUIRED,Unknown,false,REVIEW_REQUIRED,REVIEW_REQUIRED,REVIEW,no path match in OpenProj baseline; classify origin manually,
modules/projectlibre_ui/src/main/resources/com/projectlibre1/pm/graphic/images/ribbon/zoom-out-5-20.svg,projectlibre_ui,resource,HEAD,26052f8c5a636ee1605aa27682dc7b57ae83024daf8b58166676e6ced6e380bc,d2fa3c20a,,,0530be227f4a10c5545cce8d3db20ac5a4d76a66,REVIEW_REQUIRED,Unknown,false,REVIEW_REQUIRED,REVIEW_REQUIRED,REVIEW,no path match in OpenProj baseline; classify origin manually,
modules/projectlibre_ui/src/main/resources/com/projectlibre1/pm/graphic/images/ribbon/zoom-out-5-32.svg,projectlibre_ui,resource,HEAD,dd442b2f00b6917828b7fefdf83f1fa1dfcc656aa52e179d93a036ec5d9aaac7,d2fa3c20a,,,0530be227f4a10c5545cce8d3db20ac5a4d76a66,REVIEW_REQUIRED,Unknown,false,REVIEW_REQUIRED,REVIEW_REQUIRED,REVIEW,no path match in OpenProj baseline; classify origin manually,
modules/projectlibre_ui/src/main/resources/com/projectlibre1/pm/graphic/images/ribbon/zoom-out-5.png,projectlibre_ui,resource,HEAD,78abed37a8216b544710f8bf46a5f594372be8e1046a475961e7029d1ecb046e,d2fa3c20a,,,0530be227f4a10c5545cce8d3db20ac5a4d76a66,REVIEW_REQUIRED,ThirdParty:JasperReports,false,REVIEW_REQUIRED,REVIEW_REQUIRED,KEEP_THIRD_PARTY,third-party notice detected; verify upstream license,
modules/projectlibre_ui/src/main/resources/com/projectlibre1/pm/graphic/images/ribbon/zoom-out-5.svg,projectlibre_ui,resource,HEAD,7a4d9d7c7be4d701e293508df7e4eadb870c47b9c2c3aec1b3624cba6f025dad,d2fa3c20a,,,0530be227f4a10c5545cce8d3db20ac5a4d76a66,REVIEW_REQUIRED,Unknown,false,REVIEW_REQUIRED,REVIEW_REQUIRED,REVIEW,no path match in OpenProj baseline; classify origin manually,
modules/projectlibre_ui/src/main/resources/com/projectlibre1/pm/graphic/images/rightArrow.png,projectlibre_ui,resource,HEAD,d752c80f0c0cdb20e413d97efe2d1984c6539b1c86804f88e81a38974059de9e,d2fa3c20a,openproj_ui/src/com/projity/pm/graphic/images/rightArrow.png,d752c80f0c0cdb20e413d97efe2d1984c6539b1c86804f88e81a38974059de9e,0530be227f4a10c5545cce8d3db20ac5a4d76a66,REVIEW_REQUIRED,Unknown,true,REVIEW_REQUIRED,REVIEW_REQUIRED,KEEP_OPENPROJ,normalized content matches OpenProj baseline,
modules/projectlibre_ui/src/main/resources/com/projectlibre1/pm/graphic/images/rightView16.gif,projectlibre_ui,resource,HEAD,bdc2ca9459b411c8224058b6fd3c63d9bbae94f4487cc9056f5d525587b6cea4,d2fa3c20a,openproj_ui/src/com/projity/pm/graphic/images/rightView16.gif,bdc2ca9459b411c8224058b6fd3c63d9bbae94f4487cc9056f5d525587b6cea4,0530be227f4a10c5545cce8d3db20ac5a4d76a66,REVIEW_REQUIRED,Unknown,true,REVIEW_REQUIRED,REVIEW_REQUIRED,KEEP_OPENPROJ,normalized content matches OpenProj baseline,
modules/projectlibre_ui/src/main/resources/com/projectlibre1/pm/graphic/images/rightViewHidden16.gif,projectlibre_ui,resource,HEAD,124a6c573974ecd4bab940c3fb8bc1568dd6779b499e11cb7aae91ceddec0bb6,d2fa3c20a,openproj_ui/src/com/projity/pm/graphic/images/rightViewHidden16.gif,124a6c573974ecd4bab940c3fb8bc1568dd6779b499e11cb7aae91ceddec0bb6,0530be227f4a10c5545cce8d3db20ac5a4d76a66,REVIEW_REQUIRED,Unknown,true,REVIEW_REQUIRED,REVIEW_REQUIRED,KEEP_OPENPROJ,normalized content matches OpenProj baseline,
modules/projectlibre_ui/src/main/resources/com/projectlibre1/pm/graphic/images/scrollToTask16.gif,projectlibre_ui,resource,HEAD,1e57d58084225796931e2e5ceb067055be2e62799126790e06c2fc9b6f7191f1,d2fa3c20a,openproj_ui/src/com/projity/pm/graphic/images/scrollToTask16.gif,1e57d58084225796931e2e5ceb067055be2e62799126790e06c2fc9b6f7191f1,0530be227f4a10c5545cce8d3db20ac5a4d76a66,REVIEW_REQUIRED,Unknown,true,REVIEW_REQUIRED,REVIEW_REQUIRED,KEEP_OPENPROJ,normalized content matches OpenProj baseline,
modules/projectlibre_ui/src/main/resources/com/projectlibre1/pm/graphic/images/show-all-resources-small.gif,projectlibre_ui,resource,HEAD,82dabd6ee99d7daf81c4360e1a9edd3d9a00f1a4cb5e9f52bfbc942edff2e91e,d2fa3c20a,openproj_ui/src/com/projity/pm/graphic/images/show-all-resources-small.gif,82dabd6ee99d7daf81c4360e1a9edd3d9a00f1a4cb5e9f52bfbc942edff2e91e,0530be227f4a10c5545cce8d3db20ac5a4d76a66,REVIEW_REQUIRED,Unknown,true,REVIEW_REQUIRED,REVIEW_REQUIRED,KEEP_OPENPROJ,normalized content matches OpenProj baseline,
modules/projectlibre_ui/src/main/resources/com/projectlibre1/pm/graphic/images/show-team-resources-small.gif,projectlibre_ui,resource,HEAD,dc4c5309fd5328dd99b9ae2d452db8b833cd70e84495592daece612fcc6c05b6,d2fa3c20a,openproj_ui/src/com/projity/pm/graphic/images/show-team-resources-small.gif,dc4c5309fd5328dd99b9ae2d452db8b833cd70e84495592daece612fcc6c05b6,0530be227f4a10c5545cce8d3db20ac5a4d76a66,REVIEW_REQUIRED,Unknown,true,REVIEW_REQUIRED,REVIEW_REQUIRED,KEEP_OPENPROJ,normalized content matches OpenProj baseline,
modules/projectlibre_ui/src/main/resources/com/projectlibre1/pm/graphic/images/smallCalendar.gif,projectlibre_ui,resource,HEAD,ff3eb81268e1b92c5b8cf2ceb186db9f11fe76a08bb38623eff157bf5e8d38bd,d2fa3c20a,openproj_ui/src/com/projity/pm/graphic/images/smallCalendar.gif,ff3eb81268e1b92c5b8cf2ceb186db9f11fe76a08bb38623eff157bf5e8d38bd,0530be227f4a10c5545cce8d3db20ac5a4d76a66,REVIEW_REQUIRED,Unknown,true,REVIEW_REQUIRED,REVIEW_REQUIRED,KEEP_OPENPROJ,normalized content matches OpenProj baseline,
modules/projectlibre_ui/src/main/resources/com/projectlibre1/pm/graphic/images/smallZoomIn.png,projectlibre_ui,resource,HEAD,22fbecf73bbb876fff0c7656d1d12c8d87531b62236928934ba7771f4c85f250,d2fa3c20a,openproj_ui/src/com/projity/pm/graphic/images/smallZoomIn.png,22fbecf73bbb876fff0c7656d1d12c8d87531b62236928934ba7771f4c85f250,0530be227f4a10c5545cce8d3db20ac5a4d76a66,REVIEW_REQUIRED,Unknown,true,REVIEW_REQUIRED,REVIEW_REQUIRED,KEEP_OPENPROJ,normalized content matches OpenProj baseline,
modules/projectlibre_ui/src/main/resources/com/projectlibre1/pm/graphic/images/smallZoomOut.png,projectlibre_ui,resource,HEAD,a7d1ae81b4ee29250a19ffab3dde3a1deca3598c3ad215fa63f2aaa2d30340ac,d2fa3c20a,openproj_ui/src/com/projity/pm/graphic/images/smallZoomOut.png,a7d1ae81b4ee29250a19ffab3dde3a1deca3598c3ad215fa63f2aaa2d30340ac,0530be227f4a10c5545cce8d3db20ac5a4d76a66,REVIEW_REQUIRED,Unknown,true,REVIEW_REQUIRED,REVIEW_REQUIRED,KEEP_OPENPROJ,normalized content matches OpenProj baseline,
modules/projectlibre_ui/src/main/resources/com/projectlibre1/pm/graphic/images/split.gif,projectlibre_ui,resource,HEAD,d47a89ce39776541ba7adbef2bb3f93abd532a96d748749646e8d5837ffc9126,d2fa3c20a,openproj_ui/src/com/projity/pm/graphic/images/split.gif,d47a89ce39776541ba7adbef2bb3f93abd532a96d748749646e8d5837ffc9126,0530be227f4a10c5545cce8d3db20ac5a4d76a66,REVIEW_REQUIRED,Unknown,true,REVIEW_REQUIRED,REVIEW_REQUIRED,KEEP_OPENPROJ,normalized content matches OpenProj baseline,
modules/projectlibre_ui/src/main/resources/com/projectlibre1/pm/graphic/images/task-calendar-16.svg,projectlibre_ui,resource,HEAD,e02f5fbf2d8fa8d3564ed6ae8398361beb956a792792840ff516e99bd1bad555,d2fa3c20a,,,0530be227f4a10c5545cce8d3db20ac5a4d76a66,REVIEW_REQUIRED,Unknown,false,REVIEW_REQUIRED,REVIEW_REQUIRED,REVIEW,no path match in OpenProj baseline; classify origin manually,
modules/projectlibre_ui/src/main/resources/com/projectlibre1/pm/graphic/images/task-calendar-20.svg,projectlibre_ui,resource,HEAD,78c57debc4e638b9fde1de4d028260e9530a6a79827d6132f41897a34c4b90e6,d2fa3c20a,,,0530be227f4a10c5545cce8d3db20ac5a4d76a66,REVIEW_REQUIRED,Unknown,false,REVIEW_REQUIRED,REVIEW_REQUIRED,REVIEW,no path match in OpenProj baseline; classify origin manually,
modules/projectlibre_ui/src/main/resources/com/projectlibre1/pm/graphic/images/task-calendar-32.svg,projectlibre_ui,resource,HEAD,8feb447b67258ba9de35064a713fbd3f441bef608207ea93c5928c17e028f18c,d2fa3c20a,,,0530be227f4a10c5545cce8d3db20ac5a4d76a66,REVIEW_REQUIRED,Unknown,false,REVIEW_REQUIRED,REVIEW_REQUIRED,REVIEW,no path match in OpenProj baseline; classify origin manually,
modules/projectlibre_ui/src/main/resources/com/projectlibre1/pm/graphic/images/task-calendar.svg,projectlibre_ui,resource,HEAD,6914481a5765d22e7902ac695df3698616a7f8d953e9fefaf1d0224eae9907ae,d2fa3c20a,,,0530be227f4a10c5545cce8d3db20ac5a4d76a66,REVIEW_REQUIRED,Unknown,false,REVIEW_REQUIRED,REVIEW_REQUIRED,REVIEW,no path match in OpenProj baseline; classify origin manually,
modules/projectlibre_ui/src/main/resources/com/projectlibre1/pm/graphic/images/taskUsage-16.svg,projectlibre_ui,resource,HEAD,7f4c2fd5b18063527f63b5589763dcd5e3261966191ff9df939e8083a4892620,d2fa3c20a,,,0530be227f4a10c5545cce8d3db20ac5a4d76a66,REVIEW_REQUIRED,Unknown,false,REVIEW_REQUIRED,REVIEW_REQUIRED,REVIEW,no path match in OpenProj baseline; classify origin manually,
modules/projectlibre_ui/src/main/resources/com/projectlibre1/pm/graphic/images/taskUsage-20.svg,projectlibre_ui,resource,HEAD,e4c315ba1e92a584bf551d1dabe476f956a63c3078588004f89fbf6be979fa5a,d2fa3c20a,,,0530be227f4a10c5545cce8d3db20ac5a4d76a66,REVIEW_REQUIRED,Unknown,false,REVIEW_REQUIRED,REVIEW_REQUIRED,REVIEW,no path match in OpenProj baseline; classify origin manually,
modules/projectlibre_ui/src/main/resources/com/projectlibre1/pm/graphic/images/taskUsage-32.svg,projectlibre_ui,resource,HEAD,f8830f4fcdca44cc2cde1a3a93b420565cf5f5aae392a7a1a9b47c0b0fbd75fd,d2fa3c20a,,,0530be227f4a10c5545cce8d3db20ac5a4d76a66,REVIEW_REQUIRED,Unknown,false,REVIEW_REQUIRED,REVIEW_REQUIRED,REVIEW,no path match in OpenProj baseline; classify origin manually,
modules/projectlibre_ui/src/main/resources/com/projectlibre1/pm/graphic/images/taskUsage.png,projectlibre_ui,resource,HEAD,c2ff4dde74416abfcb80ed6939871173b5d3da052a77e7550a34ade2844ced86,d2fa3c20a,openproj_ui/src/com/projity/pm/graphic/images/taskUsage.png,c2ff4dde74416abfcb80ed6939871173b5d3da052a77e7550a34ade2844ced86,0530be227f4a10c5545cce8d3db20ac5a4d76a66,REVIEW_REQUIRED,Unknown,true,REVIEW_REQUIRED,REVIEW_REQUIRED,KEEP_OPENPROJ,normalized content matches OpenProj baseline,
modules/projectlibre_ui/src/main/resources/com/projectlibre1/pm/graphic/images/taskUsage.svg,projectlibre_ui,resource,HEAD,ef7139ec4cf0c38be7cb8cb1d668f9014bf435159face003294fcd8f85d19574,d2fa3c20a,,,0530be227f4a10c5545cce8d3db20ac5a4d76a66,REVIEW_REQUIRED,Unknown,false,REVIEW_REQUIRED,REVIEW_REQUIRED,REVIEW,no path match in OpenProj baseline; classify origin manually,
modules/projectlibre_ui/src/main/resources/com/projectlibre1/pm/graphic/images/timeline-16.svg,projectlibre_ui,resource,HEAD,c2d987fdcd9f1599648284bb27120385a8a8726a999a3e43fa51954cbcb21bc2,d2fa3c20a,,,0530be227f4a10c5545cce8d3db20ac5a4d76a66,REVIEW_REQUIRED,Unknown,false,REVIEW_REQUIRED,REVIEW_REQUIRED,REVIEW,no path match in OpenProj baseline; classify origin manually,
modules/projectlibre_ui/src/main/resources/com/projectlibre1/pm/graphic/images/timeline-20.svg,projectlibre_ui,resource,HEAD,82f78dba2f8434047d469664ff725c41b861799a07261af6b3ccb4cc643929a7,d2fa3c20a,,,0530be227f4a10c5545cce8d3db20ac5a4d76a66,REVIEW_REQUIRED,Unknown,false,REVIEW_REQUIRED,REVIEW_REQUIRED,REVIEW,no path match in OpenProj baseline; classify origin manually,
modules/projectlibre_ui/src/main/resources/com/projectlibre1/pm/graphic/images/timeline-32.svg,projectlibre_ui,resource,HEAD,419e0470ac7ec2f0f6c5a3ed84bc4dbf06cab85c74b342c433691cd97f2b7f77,d2fa3c20a,,,0530be227f4a10c5545cce8d3db20ac5a4d76a66,REVIEW_REQUIRED,Unknown,false,REVIEW_REQUIRED,REVIEW_REQUIRED,REVIEW,no path match in OpenProj baseline; classify origin manually,
modules/projectlibre_ui/src/main/resources/com/projectlibre1/pm/graphic/images/timeline.svg,projectlibre_ui,resource,HEAD,9a0eeffc81770e6a84ab4db47b3ad11ee54231dae3185fb6b1b975e145fdad6d,d2fa3c20a,,,0530be227f4a10c5545cce8d3db20ac5a4d76a66,REVIEW_REQUIRED,Unknown,false,REVIEW_REQUIRED,REVIEW_REQUIRED,REVIEW,no path match in OpenProj baseline; classify origin manually,
modules/projectlibre_ui/src/main/resources/com/projectlibre1/pm/graphic/images/trackingGantt-16.svg,projectlibre_ui,resource,HEAD,74463dea10abbe3f5d60967b462d4e0a9ba66230a45c51dc1f97cc8c45a3ad0e,d2fa3c20a,,,0530be227f4a10c5545cce8d3db20ac5a4d76a66,REVIEW_REQUIRED,Unknown,false,REVIEW_REQUIRED,REVIEW_REQUIRED,REVIEW,no path match in OpenProj baseline; classify origin manually,
modules/projectlibre_ui/src/main/resources/com/projectlibre1/pm/graphic/images/trackingGantt-20.svg,projectlibre_ui,resource,HEAD,71672771caded39ff689af6f83b804234e77c165ab398acae1a11a53d7d302a5,d2fa3c20a,,,0530be227f4a10c5545cce8d3db20ac5a4d76a66,REVIEW_REQUIRED,Unknown,false,REVIEW_REQUIRED,REVIEW_REQUIRED,REVIEW,no path match in OpenProj baseline; classify origin manually,
modules/projectlibre_ui/src/main/resources/com/projectlibre1/pm/graphic/images/trackingGantt-32.svg,projectlibre_ui,resource,HEAD,4dd61cf4dfa40e7ee56b22af037c02fa5d83015a3418971f851535bcad5d6dff,d2fa3c20a,,,0530be227f4a10c5545cce8d3db20ac5a4d76a66,REVIEW_REQUIRED,Unknown,false,REVIEW_REQUIRED,REVIEW_REQUIRED,REVIEW,no path match in OpenProj baseline; classify origin manually,
modules/projectlibre_ui/src/main/resources/com/projectlibre1/pm/graphic/images/trackingGantt.png,projectlibre_ui,resource,HEAD,93bcd479d3c25bf13c5985ffc31ca38d1a2c126cf1402ef65038285418b2dc52,d2fa3c20a,openproj_ui/src/com/projity/pm/graphic/images/trackingGantt.png,93bcd479d3c25bf13c5985ffc31ca38d1a2c126cf1402ef65038285418b2dc52,0530be227f4a10c5545cce8d3db20ac5a4d76a66,REVIEW_REQUIRED,Unknown,true,REVIEW_REQUIRED,REVIEW_REQUIRED,KEEP_OPENPROJ,normalized content matches OpenProj baseline,
modules/projectlibre_ui/src/main/resources/com/projectlibre1/pm/graphic/images/trackingGantt.svg,projectlibre_ui,resource,HEAD,86069b5d06c0a343f6f31af7edc81f21a75fe1268b020f9c2df85ed10b99ee7f,d2fa3c20a,,,0530be227f4a10c5545cce8d3db20ac5a4d76a66,REVIEW_REQUIRED,Unknown,false,REVIEW_REQUIRED,REVIEW_REQUIRED,REVIEW,no path match in OpenProj baseline; classify origin manually,
modules/projectlibre_ui/src/main/resources/com/projectlibre1/pm/graphic/images/unfetchedLazy.png,projectlibre_ui,resource,HEAD,cff24d35c30d81839d22fec95dcae2de3250093fbc08b3ee53e0f2df9d808f53,d2fa3c20a,openproj_ui/src/com/projity/pm/graphic/images/unfetchedLazy.png,cff24d35c30d81839d22fec95dcae2de3250093fbc08b3ee53e0f2df9d808f53,0530be227f4a10c5545cce8d3db20ac5a4d76a66,REVIEW_REQUIRED,Unknown,true,REVIEW_REQUIRED,REVIEW_REQUIRED,KEEP_OPENPROJ,normalized content matches OpenProj baseline,
modules/projectlibre_ui/src/main/resources/com/projectlibre1/pm/graphic/images/unlink.gif,projectlibre_ui,resource,HEAD,c9d516408fa694cba276e90ed8ed43045890809fa5d12ac694d947b8c41305de,d2fa3c20a,openproj_ui/src/com/projity/pm/graphic/images/unlink.gif,c9d516408fa694cba276e90ed8ed43045890809fa5d12ac694d947b8c41305de,0530be227f4a10c5545cce8d3db20ac5a4d76a66,REVIEW_REQUIRED,Unknown,true,REVIEW_REQUIRED,REVIEW_REQUIRED,KEEP_OPENPROJ,normalized content matches OpenProj baseline,
modules/projectlibre_ui/src/main/resources/com/projectlibre1/pm/graphic/images/unlink24.gif,projectlibre_ui,resource,HEAD,863775674e801e73acf6b36b8d08810f1db7067bc7b2d84724ea5de0a8d91767,d2fa3c20a,openproj_ui/src/com/projity/pm/graphic/images/unlink24.gif,863775674e801e73acf6b36b8d08810f1db7067bc7b2d84724ea5de0a8d91767,0530be227f4a10c5545cce8d3db20ac5a4d76a66,REVIEW_REQUIRED,Unknown,true,REVIEW_REQUIRED,REVIEW_REQUIRED,KEEP_OPENPROJ,normalized content matches OpenProj baseline,
modules/projectlibre_ui/src/main/resources/com/projectlibre1/pm/graphic/images/up.gif,projectlibre_ui,resource,HEAD,496a7e18a37b273a8987bbe728637ee0c33aff78f75fd729a117bb2b0a90314e,d2fa3c20a,openproj_ui/src/com/projity/pm/graphic/images/up.gif,496a7e18a37b273a8987bbe728637ee0c33aff78f75fd729a117bb2b0a90314e,0530be227f4a10c5545cce8d3db20ac5a4d76a66,REVIEW_REQUIRED,Unknown,true,REVIEW_REQUIRED,REVIEW_REQUIRED,KEEP_OPENPROJ,normalized content matches OpenProj baseline,
modules/projectlibre_ui/src/main/resources/com/projectlibre1/pm/graphic/images/user_admin.gif,projectlibre_ui,resource,HEAD,b75bd8a87f9fe61f43b414d9640e1a3ae162ad94e0807ddff0dbad1a75275f79,d2fa3c20a,openproj_ui/src/com/projity/pm/graphic/images/user_admin.gif,b75bd8a87f9fe61f43b414d9640e1a3ae162ad94e0807ddff0dbad1a75275f79,0530be227f4a10c5545cce8d3db20ac5a4d76a66,REVIEW_REQUIRED,Unknown,true,REVIEW_REQUIRED,REVIEW_REQUIRED,KEEP_OPENPROJ,normalized content matches OpenProj baseline,
modules/projectlibre_ui/src/main/resources/com/projectlibre1/pm/graphic/images/user_external_pm.gif,projectlibre_ui,resource,HEAD,e93ec8817f99cc230b8c3facbae57f7ac49e7105c4408f59085078be3b9f0f0a,d2fa3c20a,openproj_ui/src/com/projity/pm/graphic/images/user_external_pm.gif,e93ec8817f99cc230b8c3facbae57f7ac49e7105c4408f59085078be3b9f0f0a,0530be227f4a10c5545cce8d3db20ac5a4d76a66,REVIEW_REQUIRED,Unknown,true,REVIEW_REQUIRED,REVIEW_REQUIRED,KEEP_OPENPROJ,normalized content matches OpenProj baseline,
modules/projectlibre_ui/src/main/resources/com/projectlibre1/pm/graphic/images/user_external_tm.gif,projectlibre_ui,resource,HEAD,19db439ea31d364f3c3721f42240a1f61d78cb22e41206e78f78f1af5b30103b,d2fa3c20a,openproj_ui/src/com/projity/pm/graphic/images/user_external_tm.gif,19db439ea31d364f3c3721f42240a1f61d78cb22e41206e78f78f1af5b30103b,0530be227f4a10c5545cce8d3db20ac5a4d76a66,REVIEW_REQUIRED,Unknown,true,REVIEW_REQUIRED,REVIEW_REQUIRED,KEEP_OPENPROJ,normalized content matches OpenProj baseline,
modules/projectlibre_ui/src/main/resources/com/projectlibre1/pm/graphic/images/user_inactive.gif,projectlibre_ui,resource,HEAD,3445b4552c184830a47f7e078014d1666985aa11ff9fc21e01ca41a6d5155087,d2fa3c20a,openproj_ui/src/com/projity/pm/graphic/images/user_inactive.gif,3445b4552c184830a47f7e078014d1666985aa11ff9fc21e01ca41a6d5155087,0530be227f4a10c5545cce8d3db20ac5a4d76a66,REVIEW_REQUIRED,Unknown,true,REVIEW_REQUIRED,REVIEW_REQUIRED,KEEP_OPENPROJ,normalized content matches OpenProj baseline,
modules/projectlibre_ui/src/main/resources/com/projectlibre1/pm/graphic/images/user_pm.gif,projectlibre_ui,resource,HEAD,ae89f6064508dbcc5df8c40db3ff8c63c7686934c61447085e79439aa2eb266d,d2fa3c20a,openproj_ui/src/com/projity/pm/graphic/images/user_pm.gif,ae89f6064508dbcc5df8c40db3ff8c63c7686934c61447085e79439aa2eb266d,0530be227f4a10c5545cce8d3db20ac5a4d76a66,REVIEW_REQUIRED,Unknown,true,REVIEW_REQUIRED,REVIEW_REQUIRED,KEEP_OPENPROJ,normalized content matches OpenProj baseline,
modules/projectlibre_ui/src/main/resources/com/projectlibre1/pm/graphic/images/user_tm.gif,projectlibre_ui,resource,HEAD,a4d1e88240c77fab8eedf253f8c6621aa7fb9552934740159459277955cb6512,d2fa3c20a,openproj_ui/src/com/projity/pm/graphic/images/user_tm.gif,a4d1e88240c77fab8eedf253f8c6621aa7fb9552934740159459277955cb6512,0530be227f4a10c5545cce8d3db20ac5a4d76a66,REVIEW_REQUIRED,Unknown,true,REVIEW_REQUIRED,REVIEW_REQUIRED,KEEP_OPENPROJ,normalized content matches OpenProj baseline,
modules/projectlibre_ui/src/main/resources/org/.svn/all-wcprops,projectlibre_ui,resource,HEAD,ec8e38933891478d49be95c29da1e476de2cc44b5e71e1b81912a904487eefef,d2fa3c20a,openproj_ui/src/org/.svn/all-wcprops,ec8e38933891478d49be95c29da1e476de2cc44b5e71e1b81912a904487eefef,0530be227f4a10c5545cce8d3db20ac5a4d76a66,REVIEW_REQUIRED,Unknown,true,REVIEW_REQUIRED,REVIEW_REQUIRED,KEEP_OPENPROJ,normalized content matches OpenProj baseline,
modules/projectlibre_ui/src/main/resources/org/.svn/entries,projectlibre_ui,resource,HEAD,eb2bdb8945ffcdad43d462a08945e7d6abbd5df8456a1d59bf0cd0ef96ea0b6d,d2fa3c20a,openproj_ui/src/org/.svn/entries,eb2bdb8945ffcdad43d462a08945e7d6abbd5df8456a1d59bf0cd0ef96ea0b6d,0530be227f4a10c5545cce8d3db20ac5a4d76a66,REVIEW_REQUIRED,Unknown,true,REVIEW_REQUIRED,REVIEW_REQUIRED,KEEP_OPENPROJ,normalized content matches OpenProj baseline,
modules/projectlibre_ui/src/test/java/com/projectlibre/ui/ribbon/RibbonButtonStylerTest.java,projectlibre_ui,test,HEAD,5dfa652a311fd8cdb282762139ed6baa2facc89ae21b0aeac27b2f637dd913b2,d2fa3c20a,,,0530be227f4a10c5545cce8d3db20ac5a4d76a66,REVIEW_REQUIRED,Unknown,false,REVIEW_REQUIRED,REVIEW_REQUIRED,REVIEW,no path match in OpenProj baseline; classify origin manually,
modules/projectlibre_ui/src/test/java/com/projectlibre/ui/ribbon/RibbonCommandCatalogTest.java,projectlibre_ui,test,HEAD,b3bbdde86aa4b9472400b1eaf305eccc47acd66b31722d0e8a6eb066235d220e,d2fa3c20a,,,0530be227f4a10c5545cce8d3db20ac5a4d76a66,REVIEW_REQUIRED,Unknown,false,REVIEW_REQUIRED,REVIEW_REQUIRED,REVIEW,no path match in OpenProj baseline; classify origin manually,
modules/projectlibre_ui/src/test/java/com/projectlibre/ui/ribbon/SwingRibbonFactoryTest.java,projectlibre_ui,test,HEAD,552f10b1cd38e3ddeb5f276c6353601403e0ecc6b5d722f0bf6615e4e64db37b,d2fa3c20a,,,0530be227f4a10c5545cce8d3db20ac5a4d76a66,REVIEW_REQUIRED,Unknown,false,REVIEW_REQUIRED,REVIEW_REQUIRED,REVIEW,no path match in OpenProj baseline; classify origin manually,
modules/projectlibre_ui/src/test/java/com/projectlibre/ui/shell/OfficeChromePanelVisualSmokeTest.java,projectlibre_ui,test,HEAD,ca9581fb062e885c722a112cb081551bcdb53d98daa81f33afa5d6d84abff511,d2fa3c20a,,,0530be227f4a10c5545cce8d3db20ac5a4d76a66,REVIEW_REQUIRED,Unknown,false,REVIEW_REQUIRED,REVIEW_REQUIRED,REVIEW,no path match in OpenProj baseline; classify origin manually,
modules/projectlibre_ui/src/test/java/com/projectlibre/ui/shell/ProjectLibreShellTest.java,projectlibre_ui,test,HEAD,da40b171eeaf1f5a76e8d4a61c72529173ff0b4b92c9be6629b76c7fa2ec8f62,d2fa3c20a,,,0530be227f4a10c5545cce8d3db20ac5a4d76a66,REVIEW_REQUIRED,Unknown,false,REVIEW_REQUIRED,REVIEW_REQUIRED,REVIEW,no path match in OpenProj baseline; classify origin manually,
modules/projectlibre_ui/src/test/java/com/projectlibre/ui/theme/ProjectLibreThemeTest.java,projectlibre_ui,test,HEAD,aaa3e7909b15a34d104c38258128f165d1ab4ff394654063ba1bba7df2e8ec79,d2fa3c20a,,,0530be227f4a10c5545cce8d3db20ac5a4d76a66,REVIEW_REQUIRED,Unknown,false,REVIEW_REQUIRED,REVIEW_REQUIRED,REVIEW,no path match in OpenProj baseline; classify origin manually,
modules/projectlibre_ui/src/test/java/com/projectlibre1/dialog/DigesterChoiceDiagnostic.java,projectlibre_ui,test,HEAD,3ea8a14ceebc064e54133c7f6e895ab8616e319fe2365846322d8cc10a6c0786,d2fa3c20a,,,0530be227f4a10c5545cce8d3db20ac5a4d76a66,REVIEW_REQUIRED,Unknown,false,REVIEW_REQUIRED,REVIEW_REQUIRED,REVIEW,no path match in OpenProj baseline; classify origin manually,
modules/projectlibre_ui/src/test/java/com/projectlibre1/dialog/DynamicSelectSetListDiagnostic.java,projectlibre_ui,test,HEAD,2028346963dfb1e8bd8d7cd0d08918c8dede7a5fe49a585f736f656b2c4fdcd8,d2fa3c20a,,,0530be227f4a10c5545cce8d3db20ac5a4d76a66,REVIEW_REQUIRED,Unknown,false,REVIEW_REQUIRED,REVIEW_REQUIRED,REVIEW,no path match in OpenProj baseline; classify origin manually,
modules/projectlibre_ui/src/test/java/com/projectlibre1/dialog/FindDialogCleanupAuditTest.java,projectlibre_ui,test,HEAD,5c1b2ea1292ffc08b99956ae1379a8d6a6afc7d51cc0303c85d114acdc4acb81,d2fa3c20a,,,0530be227f4a10c5545cce8d3db20ac5a4d76a66,REVIEW_REQUIRED,Unknown,false,REVIEW_REQUIRED,REVIEW_REQUIRED,REVIEW,no path match in OpenProj baseline; classify origin manually,
modules/projectlibre_ui/src/test/java/com/projectlibre1/dialog/LicenseDialogResourceTest.java,projectlibre_ui,test,HEAD,b42cff59131252155cfa596d2c4910f0b2337bac0760599573064e4e5eaf7c50,d2fa3c20a,,,0530be227f4a10c5545cce8d3db20ac5a4d76a66,REVIEW_REQUIRED,Unknown,false,REVIEW_REQUIRED,CPAL-1.0,REVIEW,no path match in OpenProj baseline; classify origin manually,
modules/projectlibre_ui/src/test/java/com/projectlibre1/dialog/PopupEscapeAuditTest.java,projectlibre_ui,test,HEAD,9dbc388ce4399e1a9a86d47da8bcd0d5cd7b8e91c6c9f6907b4eb7195c6ba00a,d2fa3c20a,,,0530be227f4a10c5545cce8d3db20ac5a4d76a66,REVIEW_REQUIRED,Unknown,false,REVIEW_REQUIRED,REVIEW_REQUIRED,REVIEW,no path match in OpenProj baseline; classify origin manually,
modules/projectlibre_ui/src/test/java/com/projectlibre1/dialog/RecurringTaskDialogTest.java,projectlibre_ui,test,HEAD,b26018c1cbff98cdcb19b7dd7a7c73b3da1a1d79c073519b6786efdb63bb0c9c,d2fa3c20a,,,0530be227f4a10c5545cce8d3db20ac5a4d76a66,REVIEW_REQUIRED,Unknown,false,REVIEW_REQUIRED,REVIEW_REQUIRED,REVIEW,no path match in OpenProj baseline; classify origin manually,
modules/projectlibre_ui/src/test/java/com/projectlibre1/dialog/TaskCalendarOptionsDiagnostic.java,projectlibre_ui,test,HEAD,1f7eab995b4e386f6211a67ea2c44e0f6e55ac924b399580a9644d7662a5fc2e,d2fa3c20a,,,0530be227f4a10c5545cce8d3db20ac5a4d76a66,REVIEW_REQUIRED,Unknown,false,REVIEW_REQUIRED,REVIEW_REQUIRED,REVIEW,no path match in OpenProj baseline; classify origin manually,
modules/projectlibre_ui/src/test/java/com/projectlibre1/dialog/TaskInformationAdvancedComboBoxDiagnostic.java,projectlibre_ui,test,HEAD,47a3379b7635a89c30728bb9e0ddf941b35a7b2ac515e1ef121dc73a784ba23d,d2fa3c20a,,,0530be227f4a10c5545cce8d3db20ac5a4d76a66,REVIEW_REQUIRED,Unknown,false,REVIEW_REQUIRED,REVIEW_REQUIRED,REVIEW,no path match in OpenProj baseline; classify origin manually,
modules/projectlibre_ui/src/test/java/com/projectlibre1/dialog/TaskInformationComboboxContentTest.java,projectlibre_ui,test,HEAD,70897c01325837d450d3681737841dcfe401a6590627e41fd769901b61f65dfb,d2fa3c20a,,,0530be227f4a10c5545cce8d3db20ac5a4d76a66,REVIEW_REQUIRED,Unknown,false,REVIEW_REQUIRED,REVIEW_REQUIRED,REVIEW,no path match in OpenProj baseline; classify origin manually,
modules/projectlibre_ui/src/test/java/com/projectlibre1/dialog/TaskInformationDialogGeneralPanelTest.java,projectlibre_ui,test,HEAD,af013ebfa14f60e580dbe516592196ef94897cde04bd3d812dbeb45f12610934,d2fa3c20a,,,0530be227f4a10c5545cce8d3db20ac5a4d76a66,REVIEW_REQUIRED,Unknown,false,REVIEW_REQUIRED,REVIEW_REQUIRED,REVIEW,no path match in OpenProj baseline; classify origin manually,
modules/projectlibre_ui/src/test/java/com/projectlibre1/dialog/options/CalendarDialogBoxTest.java,projectlibre_ui,test,HEAD,490c8bccac2d6b33c29d3c4a078058fd634a48a1fdde20fb6dbbe2043006f0c1,d2fa3c20a,,,0530be227f4a10c5545cce8d3db20ac5a4d76a66,REVIEW_REQUIRED,Unknown,false,REVIEW_REQUIRED,REVIEW_REQUIRED,REVIEW,no path match in OpenProj baseline; classify origin manually,
modules/projectlibre_ui/src/test/java/com/projectlibre1/integration/PackagedImportSmokeMain.java,projectlibre_ui,test,HEAD,5368e98d95bb44203c7fd91e020eb1cbf0f4861fc98c8e2432afe2ee59473ac2,d2fa3c20a,,,0530be227f4a10c5545cce8d3db20ac5a4d76a66,REVIEW_REQUIRED,Unknown,false,REVIEW_REQUIRED,REVIEW_REQUIRED,REVIEW,no path match in OpenProj baseline; classify origin manually,
modules/projectlibre_ui/src/test/java/com/projectlibre1/menu/RibbonAndToolbarButtonTest.java,projectlibre_ui,test,HEAD,9e16cada03d38e30c7669f481bea2296b93165e3af1edc40c9ba8d984eb4fa58,d2fa3c20a,,,0530be227f4a10c5545cce8d3db20ac5a4d76a66,REVIEW_REQUIRED,Unknown,false,REVIEW_REQUIRED,REVIEW_REQUIRED,REVIEW,no path match in OpenProj baseline; classify origin manually,
modules/projectlibre_ui/src/test/java/com/projectlibre1/menu/RibbonStructureTest.java,projectlibre_ui,test,HEAD,ff2ee0025c6ddf00984578c2eeec5f35612110bd8a3625ce4c951a8d78d330a1,d2fa3c20a,,,0530be227f4a10c5545cce8d3db20ac5a4d76a66,REVIEW_REQUIRED,Unknown,false,REVIEW_REQUIRED,REVIEW_REQUIRED,REVIEW,no path match in OpenProj baseline; classify origin manually,
modules/projectlibre_ui/src/test/java/com/projectlibre1/menu/RibbonUiAuditTest.java,projectlibre_ui,test,HEAD,5bc83e2eab71bf2c6a660a7c5e7f826162c95f445b02db681dde42ebdd3b079a,d2fa3c20a,,,0530be227f4a10c5545cce8d3db20ac5a4d76a66,REVIEW_REQUIRED,Unknown,false,REVIEW_REQUIRED,REVIEW_REQUIRED,REVIEW,no path match in OpenProj baseline; classify origin manually,
modules/projectlibre_ui/src/test/java/com/projectlibre1/menu/testsupport/ButtonVisibilityValidator.java,projectlibre_ui,test,HEAD,713e44251b3c0f95eba267f4689e46d7859ab1ff3252ef49481099f34c8fd9b8,d2fa3c20a,,,0530be227f4a10c5545cce8d3db20ac5a4d76a66,REVIEW_REQUIRED,Unknown,false,REVIEW_REQUIRED,REVIEW_REQUIRED,REVIEW,no path match in OpenProj baseline; classify origin manually,
modules/projectlibre_ui/src/test/java/com/projectlibre1/menu/testsupport/MenuDefinitionSupport.java,projectlibre_ui,test,HEAD,19f3b0ec64bb9c52667fce3c431fba708f0a4a9f9d76f62c905af9e8635f80fc,d2fa3c20a,,,0530be227f4a10c5545cce8d3db20ac5a4d76a66,REVIEW_REQUIRED,Unknown,false,REVIEW_REQUIRED,REVIEW_REQUIRED,REVIEW,no path match in OpenProj baseline; classify origin manually,
modules/projectlibre_ui/src/test/java/com/projectlibre1/menu/testsupport/RibbonDuplicationAuditSupport.java,projectlibre_ui,test,HEAD,4cf9ad7a9b78faf7f8bb26ff09d44e996443e718ff427c996cd6658498bffe37,d2fa3c20a,,,0530be227f4a10c5545cce8d3db20ac5a4d76a66,REVIEW_REQUIRED,Unknown,false,REVIEW_REQUIRED,REVIEW_REQUIRED,REVIEW,no path match in OpenProj baseline; classify origin manually,
modules/projectlibre_ui/src/test/java/com/projectlibre1/menu/testsupport/RibbonIconAuditSupport.java,projectlibre_ui,test,HEAD,9082e89e9bd360c4bc8032646419d84e8b70e77e0c656c09297f718f8c17b25a,d2fa3c20a,,,0530be227f4a10c5545cce8d3db20ac5a4d76a66,REVIEW_REQUIRED,Unknown,false,REVIEW_REQUIRED,REVIEW_REQUIRED,REVIEW,no path match in OpenProj baseline; classify origin manually,
modules/projectlibre_ui/src/test/java/com/projectlibre1/menu/testsupport/RibbonInventory.java,projectlibre_ui,test,HEAD,599a451de6ec2cb73bad866b5c5b9b45093c50ea059cf2d74542bab28f4e89e6,d2fa3c20a,,,0530be227f4a10c5545cce8d3db20ac5a4d76a66,REVIEW_REQUIRED,Unknown,false,REVIEW_REQUIRED,REVIEW_REQUIRED,REVIEW,no path match in OpenProj baseline; classify origin manually,
modules/projectlibre_ui/src/test/java/com/projectlibre1/menu/testsupport/RibbonLinkAuditSupport.java,projectlibre_ui,test,HEAD,9206beefa9318c775ee8a59cf8e272c9cb0f219426367f7afc3c3e3e40904f78,d2fa3c20a,,,0530be227f4a10c5545cce8d3db20ac5a4d76a66,REVIEW_REQUIRED,Unknown,false,REVIEW_REQUIRED,REVIEW_REQUIRED,REVIEW,no path match in OpenProj baseline; classify origin manually,
modules/projectlibre_ui/src/test/java/com/projectlibre1/menu/testsupport/UiComponentWalker.java,projectlibre_ui,test,HEAD,9924f4c58487aca64268a96e20d60dfb825dd67ba82454ba23fb7b87ab823858,d2fa3c20a,,,0530be227f4a10c5545cce8d3db20ac5a4d76a66,REVIEW_REQUIRED,Unknown,false,REVIEW_REQUIRED,REVIEW_REQUIRED,REVIEW,no path match in OpenProj baseline; classify origin manually,
modules/projectlibre_ui/src/test/java/com/projectlibre1/pm/graphic/IconManagerRibbonIconTest.java,projectlibre_ui,test,HEAD,6a9eee2b1c95b6cbbacc7c4c236cc50da786aad83919353ee2feddd297eb0b41,d2fa3c20a,,,0530be227f4a10c5545cce8d3db20ac5a4d76a66,REVIEW_REQUIRED,Unknown,false,REVIEW_REQUIRED,REVIEW_REQUIRED,REVIEW,no path match in OpenProj baseline; classify origin manually,
modules/projectlibre_ui/src/test/java/com/projectlibre1/pm/graphic/frames/GraphicManagerLinkRouteTest.java,projectlibre_ui,test,HEAD,0d7ca35eb35611c3f1c42482f6e7a7454e046428032a082f7a03a88be614d1cd,d2fa3c20a,,,0530be227f4a10c5545cce8d3db20ac5a4d76a66,REVIEW_REQUIRED,Unknown,false,REVIEW_REQUIRED,REVIEW_REQUIRED,REVIEW,no path match in OpenProj baseline; classify origin manually,
modules/projectlibre_ui/src/test/java/com/projectlibre1/pm/graphic/frames/MainRibbonFrameReflectionTest.java,projectlibre_ui,test,HEAD,ba87093aefc1c4df0ac3b4f1e6ea97fab432d4cd3672662fd0b57a1dad440dd1,d2fa3c20a,,,0530be227f4a10c5545cce8d3db20ac5a4d76a66,REVIEW_REQUIRED,Unknown,false,REVIEW_REQUIRED,REVIEW_REQUIRED,REVIEW,no path match in OpenProj baseline; classify origin manually,
modules/projectlibre_ui/src/test/java/com/projectlibre1/pm/graphic/frames/RecurringTaskCoordinatorTest.java,projectlibre_ui,test,HEAD,6bded17605a997b0d024e11616676602c8a711303fbd47189662a7a883e98d62,d2fa3c20a,,,0530be227f4a10c5545cce8d3db20ac5a4d76a66,REVIEW_REQUIRED,Unknown,false,REVIEW_REQUIRED,REVIEW_REQUIRED,REVIEW,no path match in OpenProj baseline; classify origin manually,
modules/projectlibre_ui/src/test/java/com/projectlibre1/pm/graphic/frames/RecurringTaskInsertionServiceTest.java,projectlibre_ui,test,HEAD,04ddf6ba01a550e335f3a4bb92f99321ca2694921e6836fa7976a8d48570ca1e,d2fa3c20a,,,0530be227f4a10c5545cce8d3db20ac5a4d76a66,REVIEW_REQUIRED,Unknown,false,REVIEW_REQUIRED,REVIEW_REQUIRED,REVIEW,no path match in OpenProj baseline; classify origin manually,
modules/projectlibre_ui/src/test/java/com/projectlibre1/pm/graphic/frames/RibbonButtonBehaviorTest.java,projectlibre_ui,test,HEAD,b2886ed93f383269871cdb34ea9ea64bfa68fe993cf546162fc1745553e19019,d2fa3c20a,,,0530be227f4a10c5545cce8d3db20ac5a4d76a66,REVIEW_REQUIRED,Unknown,false,REVIEW_REQUIRED,REVIEW_REQUIRED,REVIEW,no path match in OpenProj baseline; classify origin manually,
modules/projectlibre_ui/src/test/java/com/projectlibre1/pm/graphic/frames/StartupFactoryCommandStateTest.java,projectlibre_ui,test,HEAD,bfc92406c009c07b73fd9c7bbd963652fed2b1b69d059a2e36c839f58e062ce8,d2fa3c20a,,,0530be227f4a10c5545cce8d3db20ac5a4d76a66,REVIEW_REQUIRED,Unknown,false,REVIEW_REQUIRED,REVIEW_REQUIRED,REVIEW,no path match in OpenProj baseline; classify origin manually,
modules/projectlibre_ui/src/test/java/com/projectlibre1/pm/graphic/gantt/GanttBarFormatDialogTest.java,projectlibre_ui,test,HEAD,4505b01e78e0fc13c816a277f675567556b8d26657109728946ec7c21146a316,d2fa3c20a,,,0530be227f4a10c5545cce8d3db20ac5a4d76a66,REVIEW_REQUIRED,Unknown,false,REVIEW_REQUIRED,REVIEW_REQUIRED,REVIEW,no path match in OpenProj baseline; classify origin manually,
modules/projectlibre_ui/src/test/java/com/projectlibre1/pm/graphic/gantt/GanttRendererProgressTest.java,projectlibre_ui,test,HEAD,1d94743803c4251485e5cfd91e3577a2e27c5347d0ccf6b9c4518975725474d0,d2fa3c20a,,,0530be227f4a10c5545cce8d3db20ac5a4d76a66,REVIEW_REQUIRED,Unknown,false,REVIEW_REQUIRED,REVIEW_REQUIRED,REVIEW,no path match in OpenProj baseline; classify origin manually,
modules/projectlibre_ui/src/test/java/com/projectlibre1/pm/graphic/gantt/GanttRendererSupportTest.java,projectlibre_ui,test,HEAD,902e1d43cee435e00f74ec72945fd8d60d3e017df82591cc4749ac0bbcde0d83,d2fa3c20a,,,0530be227f4a10c5545cce8d3db20ac5a4d76a66,REVIEW_REQUIRED,Unknown,false,REVIEW_REQUIRED,REVIEW_REQUIRED,REVIEW,no path match in OpenProj baseline; classify origin manually,
modules/projectlibre_ui/src/test/java/com/projectlibre1/pm/graphic/gantt/GanttSelectionGeometrySupportTest.java,projectlibre_ui,test,HEAD,df50985cae5d4d77560d976ac660858cc0ac273510e62d5a824d73d50e7743e7,d2fa3c20a,,,0530be227f4a10c5545cce8d3db20ac5a4d76a66,REVIEW_REQUIRED,Unknown,false,REVIEW_REQUIRED,REVIEW_REQUIRED,REVIEW,no path match in OpenProj baseline; classify origin manually,
modules/projectlibre_ui/src/test/java/com/projectlibre1/pm/graphic/gantt/TaskTableGanttHundredCasesGanttTest.java,projectlibre_ui,test,HEAD,b4eee010f168dc662c57bc7aed35ebba01c0fa0fad259a9891ae73182383d2fb,d2fa3c20a,,,0530be227f4a10c5545cce8d3db20ac5a4d76a66,REVIEW_REQUIRED,Unknown,false,REVIEW_REQUIRED,REVIEW_REQUIRED,REVIEW,no path match in OpenProj baseline; classify origin manually,
modules/projectlibre_ui/src/test/java/com/projectlibre1/pm/graphic/model/cache/ViewNodeModelCacheHierarchyDependencyTest.java,projectlibre_ui,test,HEAD,a406a65f2bc13373b9f05b8b43420fd3ebad4b793c4f2359af1439897fdf1b99,d2fa3c20a,,,0530be227f4a10c5545cce8d3db20ac5a4d76a66,REVIEW_REQUIRED,Unknown,false,REVIEW_REQUIRED,REVIEW_REQUIRED,REVIEW,no path match in OpenProj baseline; classify origin manually,
modules/projectlibre_ui/src/test/java/com/projectlibre1/pm/graphic/spreadsheet/SpreadSheetColumnPermissionTest.java,projectlibre_ui,test,HEAD,1a0148da4ac3aae4b0e91e2a7ab09e453782e71a766f347907149ea5b0976a62,d2fa3c20a,,,0530be227f4a10c5545cce8d3db20ac5a4d76a66,REVIEW_REQUIRED,Unknown,false,REVIEW_REQUIRED,REVIEW_REQUIRED,REVIEW,no path match in OpenProj baseline; classify origin manually,
modules/projectlibre_ui/src/test/java/com/projectlibre1/pm/graphic/spreadsheet/SpreadSheetColumnUndoLifecycleTest.java,projectlibre_ui,test,HEAD,2134dc914090bfe6d50ec31f65d367dd526cd5539b198024304e3600d0d3e64f,d2fa3c20a,,,0530be227f4a10c5545cce8d3db20ac5a4d76a66,REVIEW_REQUIRED,Unknown,false,REVIEW_REQUIRED,REVIEW_REQUIRED,REVIEW,no path match in OpenProj baseline; classify origin manually,
modules/projectlibre_ui/src/test/java/com/projectlibre1/pm/graphic/spreadsheet/SpreadSheetEditingBindingsTest.java,projectlibre_ui,test,HEAD,803463aa8ea5ab118ef3f8821a5ed9f676cfa8aeebccabcc1833947a091a1038,d2fa3c20a,,,0530be227f4a10c5545cce8d3db20ac5a4d76a66,REVIEW_REQUIRED,Unknown,false,REVIEW_REQUIRED,REVIEW_REQUIRED,REVIEW,no path match in OpenProj baseline; classify origin manually,
modules/projectlibre_ui/src/test/java/com/projectlibre1/pm/graphic/spreadsheet/SpreadSheetHierarchyNavigationTest.java,projectlibre_ui,test,HEAD,7bfbc9f086e44f3460a3e94bdecd472c701434842862ed9dcf2df14cf6da6944,d2fa3c20a,,,0530be227f4a10c5545cce8d3db20ac5a4d76a66,REVIEW_REQUIRED,Unknown,false,REVIEW_REQUIRED,REVIEW_REQUIRED,REVIEW,no path match in OpenProj baseline; classify origin manually,
modules/projectlibre_ui/src/test/java/com/projectlibre1/pm/graphic/spreadsheet/SpreadSheetModelDependencyFieldRoutingTest.java,projectlibre_ui,test,HEAD,e94e0d735a4efc88e7c62c0f59477a92fb4120548dffd6619482cff1dee97d1c,d2fa3c20a,,,0530be227f4a10c5545cce8d3db20ac5a4d76a66,REVIEW_REQUIRED,Unknown,false,REVIEW_REQUIRED,REVIEW_REQUIRED,REVIEW,no path match in OpenProj baseline; classify origin manually,
modules/projectlibre_ui/src/test/java/com/projectlibre1/pm/graphic/spreadsheet/SpreadSheetMouseInteractionTest.java,projectlibre_ui,test,HEAD,ef34e794920a2bb3026cf2090045d64f72e44a496b6506ff50f5b7dae5a07456,d2fa3c20a,,,0530be227f4a10c5545cce8d3db20ac5a4d76a66,REVIEW_REQUIRED,Unknown,false,REVIEW_REQUIRED,REVIEW_REQUIRED,REVIEW,no path match in OpenProj baseline; classify origin manually,
modules/projectlibre_ui/src/test/java/com/projectlibre1/pm/graphic/spreadsheet/SpreadSheetUtilsTest.java,projectlibre_ui,test,HEAD,4d3e7572c0e36e12750e18ac6e44fffdc2e6644082110fdac4aa9ae119488d60,d2fa3c20a,,,0530be227f4a10c5545cce8d3db20ac5a4d76a66,REVIEW_REQUIRED,Unknown,false,REVIEW_REQUIRED,REVIEW_REQUIRED,REVIEW,no path match in OpenProj baseline; classify origin manually,
modules/projectlibre_ui/src/test/java/com/projectlibre1/pm/graphic/spreadsheet/TaskTableGanttHundredCasesSpreadsheetTest.java,projectlibre_ui,test,HEAD,cfce6b82abe632d17cc323f032dc3c4686b7a5f99089796b52bf5e346eeb50c9,d2fa3c20a,,,0530be227f4a10c5545cce8d3db20ac5a4d76a66,REVIEW_REQUIRED,Unknown,false,REVIEW_REQUIRED,REVIEW_REQUIRED,REVIEW,no path match in OpenProj baseline; classify origin manually,
modules/projectlibre_ui/src/test/java/com/projectlibre1/pm/graphic/spreadsheet/common/CommonSpreadSheetAddNodeCommitTest.java,projectlibre_ui,test,HEAD,194e66a7db519e8bd03ecf8660a5bda6b8c150fd752a4597e728d237502b13a1,d2fa3c20a,,,0530be227f4a10c5545cce8d3db20ac5a4d76a66,REVIEW_REQUIRED,Unknown,false,REVIEW_REQUIRED,REVIEW_REQUIRED,REVIEW,no path match in OpenProj baseline; classify origin manually,
modules/projectlibre_ui/src/test/java/com/projectlibre1/pm/graphic/spreadsheet/common/CommonSpreadSheetBackspaceKeyTest.java,projectlibre_ui,test,HEAD,3040923b75b811f2c6af46c6af1253e744ad9a5119815359c15d66177210e80d,d2fa3c20a,,,0530be227f4a10c5545cce8d3db20ac5a4d76a66,REVIEW_REQUIRED,Unknown,false,REVIEW_REQUIRED,REVIEW_REQUIRED,REVIEW,no path match in OpenProj baseline; classify origin manually,
modules/projectlibre_ui/src/test/java/com/projectlibre1/pm/graphic/spreadsheet/common/CommonSpreadSheetDateSelectionTest.java,projectlibre_ui,test,HEAD,1752b35d3c2225de3c54b3455afc136dced88744ca5151ba4282fee4cc0a4bb8,d2fa3c20a,,,0530be227f4a10c5545cce8d3db20ac5a4d76a66,REVIEW_REQUIRED,Unknown,false,REVIEW_REQUIRED,REVIEW_REQUIRED,REVIEW,no path match in OpenProj baseline; classify origin manually,
modules/projectlibre_ui/src/test/java/com/projectlibre1/pm/graphic/spreadsheet/common/CommonSpreadSheetDateTypingTest.java,projectlibre_ui,test,HEAD,d30651bc5bce90532c8e5aaeecf3a6ef370afff38cb381c06c400adcc9cf0b2a,d2fa3c20a,,,0530be227f4a10c5545cce8d3db20ac5a4d76a66,REVIEW_REQUIRED,Unknown,false,REVIEW_REQUIRED,REVIEW_REQUIRED,REVIEW,no path match in OpenProj baseline; classify origin manually,
modules/projectlibre_ui/src/test/java/com/projectlibre1/pm/graphic/spreadsheet/common/CommonSpreadSheetDurationEditingTest.java,projectlibre_ui,test,HEAD,ac48995ad13d8f53e5763dda5fc239c654548e27b3f23e3a4043ddb00d06be7b,d2fa3c20a,,,0530be227f4a10c5545cce8d3db20ac5a4d76a66,REVIEW_REQUIRED,Unknown,false,REVIEW_REQUIRED,REVIEW_REQUIRED,REVIEW,no path match in OpenProj baseline; classify origin manually,
modules/projectlibre_ui/src/test/java/com/projectlibre1/pm/graphic/spreadsheet/common/CommonSpreadSheetImeStartTest.java,projectlibre_ui,test,HEAD,727cf474e00935b2750c68e66cb5cae703a75d17d00ad45920e09033c3710dbb,d2fa3c20a,,,0530be227f4a10c5545cce8d3db20ac5a4d76a66,REVIEW_REQUIRED,Unknown,false,REVIEW_REQUIRED,REVIEW_REQUIRED,REVIEW,no path match in OpenProj baseline; classify origin manually,
modules/projectlibre_ui/src/test/java/com/projectlibre1/pm/graphic/spreadsheet/common/CommonSpreadSheetSelectionStateTest.java,projectlibre_ui,test,HEAD,8acce8e8e50753843a2269c3c0c1b9fb0e6ee2ee6bbe008da4b31ed95c9df3a2,d2fa3c20a,,,0530be227f4a10c5545cce8d3db20ac5a4d76a66,REVIEW_REQUIRED,Unknown,false,REVIEW_REQUIRED,REVIEW_REQUIRED,REVIEW,no path match in OpenProj baseline; classify origin manually,
modules/projectlibre_ui/src/test/java/com/projectlibre1/pm/graphic/spreadsheet/common/CommonSpreadSheetSummaryScheduleEditingTest.java,projectlibre_ui,test,HEAD,f77956e16943ac127a7868113a7a3e8e76b0f27c8c78a5154a8a48aebd5a1e40,d2fa3c20a,,,0530be227f4a10c5545cce8d3db20ac5a4d76a66,REVIEW_REQUIRED,Unknown,false,REVIEW_REQUIRED,REVIEW_REQUIRED,REVIEW,no path match in OpenProj baseline; classify origin manually,
modules/projectlibre_ui/src/test/java/com/projectlibre1/pm/graphic/spreadsheet/common/transfer/NodeListTransferablePasteFailureTest.java,projectlibre_ui,test,HEAD,112b3e0bd9a1bd594f2c6d3b0e6001838513b2b8ef53858acea0d882d54dad3b,d2fa3c20a,,,0530be227f4a10c5545cce8d3db20ac5a4d76a66,REVIEW_REQUIRED,Unknown,false,REVIEW_REQUIRED,REVIEW_REQUIRED,REVIEW,no path match in OpenProj baseline; classify origin manually,
modules/projectlibre_ui/src/test/java/com/projectlibre1/pm/graphic/spreadsheet/editor/DateEditorBehaviorTest.java,projectlibre_ui,test,HEAD,60b36aa05ad5203a85483d9ba89246209acbc462c854ead6c4a7e0596316b950,d2fa3c20a,,,0530be227f4a10c5545cce8d3db20ac5a4d76a66,REVIEW_REQUIRED,Unknown,false,REVIEW_REQUIRED,REVIEW_REQUIRED,REVIEW,no path match in OpenProj baseline; classify origin manually,
modules/projectlibre_ui/src/test/java/com/projectlibre1/pm/graphic/spreadsheet/editor/EditorSelectionBehaviorTest.java,projectlibre_ui,test,HEAD,b6687768c154921a4df674b7efcdac572e4ba0ac3b957d2ce38bf5fa4de1059f,d2fa3c20a,,,0530be227f4a10c5545cce8d3db20ac5a4d76a66,REVIEW_REQUIRED,Unknown,false,REVIEW_REQUIRED,REVIEW_REQUIRED,REVIEW,no path match in OpenProj baseline; classify origin manually,
modules/projectlibre_ui/src/test/java/com/projectlibre1/pm/graphic/spreadsheet/editor/YearlessDateInputParserTest.java,projectlibre_ui,test,HEAD,685d04cc254c94608e7f403e668f48cf56eddaa2209b6656679c391e57730713,d2fa3c20a,,,0530be227f4a10c5545cce8d3db20ac5a4d76a66,REVIEW_REQUIRED,Unknown,false,REVIEW_REQUIRED,REVIEW_REQUIRED,REVIEW,no path match in OpenProj baseline; classify origin manually,
modules/projectlibre_ui/src/test/java/com/projectlibre1/pm/graphic/spreadsheet/renderer/CellUtilitySelectionCoordinateTest.java,projectlibre_ui,test,HEAD,9c1748fea38b74801d3ea92df452b7d2e70911f655ed0d9b7c8430b42314062e,d2fa3c20a,,,0530be227f4a10c5545cce8d3db20ac5a4d76a66,REVIEW_REQUIRED,Unknown,false,REVIEW_REQUIRED,REVIEW_REQUIRED,REVIEW,no path match in OpenProj baseline; classify origin manually,
modules/projectlibre_ui/src/test/java/com/projectlibre1/pm/graphic/spreadsheet/renderer/CellUtilitySelectionTest.java,projectlibre_ui,test,HEAD,ae837e92b8881668188c7845b38d0924afd12a8efb88b26b266d58ef31695166,d2fa3c20a,,,0530be227f4a10c5545cce8d3db20ac5a4d76a66,REVIEW_REQUIRED,Unknown,false,REVIEW_REQUIRED,REVIEW_REQUIRED,REVIEW,no path match in OpenProj baseline; classify origin manually,
modules/projectlibre_ui/src/test/java/com/projectlibre1/pm/graphic/spreadsheet/renderer/SpreadsheetGridBorderTest.java,projectlibre_ui,test,HEAD,e9ba42d0283f34fccd4fb1726877a97c2f4a2ba06863d626e2fbbfc37a3b44ee,d2fa3c20a,,,0530be227f4a10c5545cce8d3db20ac5a4d76a66,REVIEW_REQUIRED,Unknown,false,REVIEW_REQUIRED,REVIEW_REQUIRED,REVIEW,no path match in OpenProj baseline; classify origin manually,
modules/projectlibre_ui/src/test/java/com/projectlibre1/pm/graphic/spreadsheet/renderer/SpreadsheetSelectionAppearanceTest.java,projectlibre_ui,test,HEAD,a8bc9ec92c29be6ee4aa35567f087b5da48a9bc342799091b13fc79b3505596e,d2fa3c20a,,,0530be227f4a10c5545cce8d3db20ac5a4d76a66,REVIEW_REQUIRED,Unknown,false,REVIEW_REQUIRED,REVIEW_REQUIRED,REVIEW,no path match in OpenProj baseline; classify origin manually,
modules/projectlibre_ui/src/test/java/com/projectlibre1/pm/graphic/timescale/TimeScaleComponentThemeTest.java,projectlibre_ui,test,HEAD,b76bc3e2429ec05af102583b9fe011769e9625b870f7058a07a9bcb5f2e647c0,d2fa3c20a,,,0530be227f4a10c5545cce8d3db20ac5a4d76a66,REVIEW_REQUIRED,Unknown,false,REVIEW_REQUIRED,REVIEW_REQUIRED,REVIEW,no path match in OpenProj baseline; classify origin manually,
modules/projectlibre_ui/src/test/java/com/projectlibre1/pm/graphic/views/GanttViewGridStyleTest.java,projectlibre_ui,test,HEAD,1255d1ceeddd06526b74517f82493843e5f1c65186c45bb21728db423245b0b2,d2fa3c20a,,,0530be227f4a10c5545cce8d3db20ac5a4d76a66,REVIEW_REQUIRED,Unknown,false,REVIEW_REQUIRED,REVIEW_REQUIRED,REVIEW,no path match in OpenProj baseline; classify origin manually,
modules/projectlibre_ui/src/test/java/com/projectlibre1/pm/graphic/views/SplittedViewLifecycleTest.java,projectlibre_ui,test,HEAD,b0fde51c9eb477decc5c570a7af645fd132fdc2c7259775e71d8c241ddb2c996,d2fa3c20a,,,0530be227f4a10c5545cce8d3db20ac5a4d76a66,REVIEW_REQUIRED,Unknown,false,REVIEW_REQUIRED,REVIEW_REQUIRED,REVIEW,no path match in OpenProj baseline; classify origin manually,
modules/projectlibre_ui/src/test/java/com/projectlibre1/pm/graphic/views/SpreadsheetViewRefactorAuditTest.java,projectlibre_ui,test,HEAD,cad4f3531ecb92cc0fc730159ea0c74cc3d0948e3ac23d1bb24220161f961b82,d2fa3c20a,,,0530be227f4a10c5545cce8d3db20ac5a4d76a66,REVIEW_REQUIRED,Unknown,false,REVIEW_REQUIRED,REVIEW_REQUIRED,REVIEW,no path match in OpenProj baseline; classify origin manually,
modules/projectlibre_ui/src/test/java/com/projectlibre1/pm/graphic/views/SpreadsheetViewSupportTest.java,projectlibre_ui,test,HEAD,f009a93197210c65c4752410a2578357df3ddbc95ac5d763e536893ae37bc413,d2fa3c20a,,,0530be227f4a10c5545cce8d3db20ac5a4d76a66,REVIEW_REQUIRED,Unknown,false,REVIEW_REQUIRED,REVIEW_REQUIRED,REVIEW,no path match in OpenProj baseline; classify origin manually,
modules/projectlibre_ui/src/test/java/com/projectlibre1/pm/graphic/views/TaskGanttSyncSupportTest.java,projectlibre_ui,test,HEAD,bd940968eb46a5a1e9452a6eb0fc9ee7653270ad173e397252c7072b07afe6e8,d2fa3c20a,,,0530be227f4a10c5545cce8d3db20ac5a4d76a66,REVIEW_REQUIRED,Unknown,false,REVIEW_REQUIRED,REVIEW_REQUIRED,REVIEW,no path match in OpenProj baseline; classify origin manually,
modules/projectlibre_ui/src/test/java/com/projectlibre1/pm/graphic/views/TaskTableGanttHundredCasesSyncTest.java,projectlibre_ui,test,HEAD,9cc13c0516be01d1c81868a8043bfc344a6acbfa59d3b118c3d6025f64dbf7c4,d2fa3c20a,,,0530be227f4a10c5545cce8d3db20ac5a4d76a66,REVIEW_REQUIRED,Unknown,false,REVIEW_REQUIRED,REVIEW_REQUIRED,REVIEW,no path match in OpenProj baseline; classify origin manually,
modules/projectlibre_ui/src/test/java/com/projectlibre1/pm/graphic/views/synchro/ScrollPaneSynchronizerTest.java,projectlibre_ui,test,HEAD,4777b33ed694f82b34f7d4ae8d233d17a170592d38e252200f2e4fd4b11924c8,d2fa3c20a,,,0530be227f4a10c5545cce8d3db20ac5a4d76a66,REVIEW_REQUIRED,Unknown,false,REVIEW_REQUIRED,REVIEW_REQUIRED,REVIEW,no path match in OpenProj baseline; classify origin manually,
modules/projectlibre_ui/src/test/java/com/projectlibre1/util/ClassicMSProjectPaletteTest.java,projectlibre_ui,test,HEAD,09deb002435f4edb55cfc1ac772635a9c8a5ea9b12cc2d5528f7708b00bb12a2,d2fa3c20a,,,0530be227f4a10c5545cce8d3db20ac5a4d76a66,REVIEW_REQUIRED,Unknown,false,REVIEW_REQUIRED,REVIEW_REQUIRED,REVIEW,no path match in OpenProj baseline; classify origin manually,
modules/projectlibre_ui/src/test/java/com/projectlibre1/util/DateFieldSupportTest.java,projectlibre_ui,test,HEAD,d3da5b7e90fbfa7bfd2271d91a95f607e32f3c76654379e4a9fb539e79fe1ee8,d2fa3c20a,,,0530be227f4a10c5545cce8d3db20ac5a4d76a66,REVIEW_REQUIRED,Unknown,false,REVIEW_REQUIRED,REVIEW_REQUIRED,REVIEW,no path match in OpenProj baseline; classify origin manually,
modules/projectlibre_ui/src/test/java/com/projectlibre1/util/FlatLafSupportTest.java,projectlibre_ui,test,HEAD,2751d643e6df98f802cfbf6d6c1ad45f606a123ab8bbf885842332539c55b82a,d2fa3c20a,,,0530be227f4a10c5545cce8d3db20ac5a4d76a66,REVIEW_REQUIRED,Unknown,false,REVIEW_REQUIRED,REVIEW_REQUIRED,REVIEW,no path match in OpenProj baseline; classify origin manually,
modules/projectlibre_ui/src/test/java/com/projectlibre1/util/FlatUiSupportButtonStateTest.java,projectlibre_ui,test,HEAD,399d74bf08bcca8cfb24a5c5cfe16c0b11fcac5bc5eedb8c795d9f965121221d,d2fa3c20a,,,0530be227f4a10c5545cce8d3db20ac5a4d76a66,REVIEW_REQUIRED,Unknown,false,REVIEW_REQUIRED,REVIEW_REQUIRED,REVIEW,no path match in OpenProj baseline; classify origin manually,
modules/projectlibre_ui/src/test/java/com/projectlibre1/util/GanttProgressTest.java,projectlibre_ui,test,HEAD,5e8010a1b6a9218ceb4f5e581ff5e04b2fbc56fab0862a3301652e576453c3a9,d2fa3c20a,,,0530be227f4a10c5545cce8d3db20ac5a4d76a66,REVIEW_REQUIRED,Unknown,false,REVIEW_REQUIRED,REVIEW_REQUIRED,REVIEW,no path match in OpenProj baseline; classify origin manually,
modules/projectlibre_ui/src/test/java/com/projectlibre1/util/MondayGanttThemeTest.java,projectlibre_ui,test,HEAD,fc2e0ee53158709b48e0f34abb080addaecacf371b9caaa283e812c35d6929a6,d2fa3c20a,,,0530be227f4a10c5545cce8d3db20ac5a4d76a66,REVIEW_REQUIRED,Unknown,false,REVIEW_REQUIRED,REVIEW_REQUIRED,REVIEW,no path match in OpenProj baseline; classify origin manually,
modules/projectlibre_ui/src/test/java/com/projectlibre1/util/SwingFileChooserProviderTest.java,projectlibre_ui,test,HEAD,bd22aec65b33e9a72b6f80aab60adbb54bfe3071b9d4b0fb6a68f12ebb3a1949,d2fa3c20a,,,0530be227f4a10c5545cce8d3db20ac5a4d76a66,REVIEW_REQUIRED,Unknown,false,REVIEW_REQUIRED,REVIEW_REQUIRED,REVIEW,no path match in OpenProj baseline; classify origin manually,
modules/projectlibre_ui/src/test/java/org/projectlibre/export/ImageExportTest.java,projectlibre_ui,test,HEAD,fd00d50e09f83d03657afeb31c5e2e6c81b5d7e2163a10ebe2f83f841499423a,d2fa3c20a,,,0530be227f4a10c5545cce8d3db20ac5a4d76a66,REVIEW_REQUIRED,Unknown,false,REVIEW_REQUIRED,REVIEW_REQUIRED,REVIEW,no path match in OpenProj baseline; classify origin manually,
packaging/licenses/index.html,packaging,packaging,HEAD,5c93260bad8544ca2db5d6bb1be77db11dde493e1e8d662e414988be75f678a8,d2fa3c20a,,,0530be227f4a10c5545cce8d3db20ac5a4d76a66,REVIEW_REQUIRED,ProjectLibre,false,REVIEW_REQUIRED,CPAL-1.0,REVIEW,no path match in OpenProj baseline; classify origin manually,
packaging/licenses/index_html_0.gif,packaging,packaging,HEAD,174ec601e2727ac60d8ccfd1139ca01f15e6bace412ed32a9010976ddd9a767b,d2fa3c20a,,,0530be227f4a10c5545cce8d3db20ac5a4d76a66,REVIEW_REQUIRED,Unknown,false,REVIEW_REQUIRED,REVIEW_REQUIRED,REVIEW,no path match in OpenProj baseline; classify origin manually,
packaging/licenses/license.rtf,packaging,packaging,HEAD,20e491d383692eb1becd02652e3d0106b5426fb1860a2e8829b4c98de155cd3d,d2fa3c20a,,,0530be227f4a10c5545cce8d3db20ac5a4d76a66,REVIEW_REQUIRED,ProjectLibre,false,REVIEW_REQUIRED,CPAL-1.0,REVIEW,no path match in OpenProj baseline; classify origin manually,
packaging/licenses/license.txt,packaging,packaging,HEAD,ece997c27321c38737a5b87f69528da119cfac7d643f1f99a62ce6d00388f38a,d2fa3c20a,,,0530be227f4a10c5545cce8d3db20ac5a4d76a66,REVIEW_REQUIRED,ProjectLibre,false,REVIEW_REQUIRED,CPAL-1.0,REVIEW,no path match in OpenProj baseline; classify origin manually,
packaging/licenses/third-party/Apache-LICENSE-2.0.txt,packaging,packaging,HEAD,cfc7749b96f63bd31c3c42b5c471bf756814053e847c10f3eb003417bc523d30,d2fa3c20a,,,0530be227f4a10c5545cce8d3db20ac5a4d76a66,REVIEW_REQUIRED,ThirdParty:Apache,false,REVIEW_REQUIRED,REVIEW_REQUIRED,KEEP_THIRD_PARTY,third-party notice detected; verify upstream license,
packaging/licenses/third-party/CDDL.txt,packaging,packaging,HEAD,bfb8b863f360c8ac673877f2d421544a9e0b79faf5cf5246219c902cd5164dba,d2fa3c20a,,,0530be227f4a10c5545cce8d3db20ac5a4d76a66,REVIEW_REQUIRED,Unknown,false,REVIEW_REQUIRED,REVIEW_REQUIRED,REVIEW,no path match in OpenProj baseline; classify origin manually,
packaging/licenses/third-party/Jasper-LGPL.txt,packaging,packaging,HEAD,8bf0fc843b7ccd529a4745c7e0b86c5199156244f646ff154a8790c0ceb0f99f,d2fa3c20a,,,0530be227f4a10c5545cce8d3db20ac5a4d76a66,REVIEW_REQUIRED,ThirdParty:JasperReports,false,REVIEW_REQUIRED,REVIEW_REQUIRED,KEEP_THIRD_PARTY,third-party notice detected; verify upstream license,
packaging/licenses/third-party/antlr.txt,packaging,packaging,HEAD,902f5dc8d44858bf2b3e4282140fecc371fa707163f56a07e8796a92173abbbd,d2fa3c20a,,,0530be227f4a10c5545cce8d3db20ac5a4d76a66,REVIEW_REQUIRED,Unknown,false,REVIEW_REQUIRED,REVIEW_REQUIRED,REVIEW,no path match in OpenProj baseline; classify origin manually,
packaging/licenses/third-party/apple.txt,packaging,packaging,HEAD,13e7b20f15e970404263895b1dc7876f7ca70f54657c38615c1796e1f7e82637,d2fa3c20a,,,0530be227f4a10c5545cce8d3db20ac5a4d76a66,REVIEW_REQUIRED,Unknown,false,REVIEW_REQUIRED,REVIEW_REQUIRED,REVIEW,no path match in OpenProj baseline; classify origin manually,
packaging/licenses/third-party/bsd-generic.txt,packaging,packaging,HEAD,54f36c578fca91ddda8d4011c9a0d9963279899ad2892a8985a31a6a85e884fd,d2fa3c20a,,,0530be227f4a10c5545cce8d3db20ac5a4d76a66,REVIEW_REQUIRED,Unknown,false,REVIEW_REQUIRED,REVIEW_REQUIRED,REVIEW,no path match in OpenProj baseline; classify origin manually,
packaging/licenses/third-party/cpl-1.0.txt,packaging,packaging,HEAD,efab263a958258e912b087b54f1837e1248a0cdb835e7e5e735e6437d6a64b99,d2fa3c20a,,,0530be227f4a10c5545cce8d3db20ac5a4d76a66,REVIEW_REQUIRED,Unknown,false,REVIEW_REQUIRED,REVIEW_REQUIRED,REVIEW,no path match in OpenProj baseline; classify origin manually,
packaging/licenses/third-party/groovy.txt,packaging,packaging,HEAD,63923ba839ce10c1643c7872b95082f5817eb77ecbdea980fc559aad17ad86c8,d2fa3c20a,,,0530be227f4a10c5545cce8d3db20ac5a4d76a66,REVIEW_REQUIRED,Unknown,false,REVIEW_REQUIRED,REVIEW_REQUIRED,REVIEW,no path match in OpenProj baseline; classify origin manually,
packaging/licenses/third-party/iCal4j.txt,packaging,packaging,HEAD,752d704f1062eab7fae88ac11a20a8d34408a88cfebe0f933949f9bde89f36b4,d2fa3c20a,,,0530be227f4a10c5545cce8d3db20ac5a4d76a66,REVIEW_REQUIRED,Unknown,false,REVIEW_REQUIRED,REVIEW_REQUIRED,REVIEW,no path match in OpenProj baseline; classify origin manually,
packaging/licenses/third-party/index.html,packaging,packaging,HEAD,201f0e20f0e4677d71d20256463b8e5037308996e7bfcfe8d2a60d5f10af8d92,d2fa3c20a,,,0530be227f4a10c5545cce8d3db20ac5a4d76a66,REVIEW_REQUIRED,ThirdParty:Apache,false,REVIEW_REQUIRED,REVIEW_REQUIRED,KEEP_THIRD_PARTY,third-party notice detected; verify upstream license,
packaging/licenses/third-party/jgoodies-forms.txt,packaging,packaging,HEAD,29f7668dc6faf1adca5b27b5a4deca37ee4191970ef592b945b107b09ab1f9d2,d2fa3c20a,,,0530be227f4a10c5545cce8d3db20ac5a4d76a66,REVIEW_REQUIRED,Unknown,false,REVIEW_REQUIRED,REVIEW_REQUIRED,REVIEW,no path match in OpenProj baseline; classify origin manually,
packaging/licenses/third-party/lgpl-2.1.txt,packaging,packaging,HEAD,f855e98cbf0e1abbd258282c10690b47b23568b60eb62a3e270ad4a780304afa,d2fa3c20a,,,0530be227f4a10c5545cce8d3db20ac5a4d76a66,REVIEW_REQUIRED,Unknown,false,REVIEW_REQUIRED,REVIEW_REQUIRED,REVIEW,no path match in OpenProj baseline; classify origin manually,
packaging/licenses/third-party/osx-adapter.txt,packaging,packaging,HEAD,7eadc25b70ea23970b6f35ff66ab7d632e2ae528f5cbc579f3f8504546157f9e,d2fa3c20a,,,0530be227f4a10c5545cce8d3db20ac5a4d76a66,REVIEW_REQUIRED,Unknown,false,REVIEW_REQUIRED,REVIEW_REQUIRED,REVIEW,no path match in OpenProj baseline; classify origin manually,
packaging/licenses/third-party/sun-jwsdp.txt,packaging,packaging,HEAD,533889f24cff9300fc347ef1068da8ccd340441838f791a69e8e0274657860e6,d2fa3c20a,,,0530be227f4a10c5545cce8d3db20ac5a4d76a66,REVIEW_REQUIRED,Unknown,false,REVIEW_REQUIRED,REVIEW_REQUIRED,REVIEW,no path match in OpenProj baseline; classify origin manually,
packaging/licenses/third-party/sun.txt,packaging,packaging,HEAD,41df0df49ee0294e6f45982f973cccec2505d1eb1f049812185c17ce3864160b,d2fa3c20a,,,0530be227f4a10c5545cce8d3db20ac5a4d76a66,REVIEW_REQUIRED,Unknown,false,REVIEW_REQUIRED,REVIEW_REQUIRED,REVIEW,no path match in OpenProj baseline; classify origin manually,
packaging/licenses/third-party/third-party-licenses-with-build-libs.html,packaging,packaging,HEAD,41849f14c63d4ef660e9d92af7be5dd99ef5f7ce994d38d7ea5faeb119dbf5e6,d2fa3c20a,,,0530be227f4a10c5545cce8d3db20ac5a4d76a66,REVIEW_REQUIRED,ThirdParty:JasperReports,false,REVIEW_REQUIRED,REVIEW_REQUIRED,KEEP_THIRD_PARTY,third-party notice detected; verify upstream license,
packaging/licenses/third-party/xstream.txt,packaging,packaging,HEAD,93a33025bffb3016b1ee340afc17109181422967964e2c11f4469ef364158f65,d2fa3c20a,,,0530be227f4a10c5545cce8d3db20ac5a4d76a66,REVIEW_REQUIRED,Unknown,false,REVIEW_REQUIRED,REVIEW_REQUIRED,REVIEW,no path match in OpenProj baseline; classify origin manually,
packaging/windows/file-associations/mpp.properties,packaging,packaging,HEAD,3f86cd8fa4c4268b11b2ee14408585b8431c26a5c906d60a0b6354df7d0684cf,d2fa3c20a,,,0530be227f4a10c5545cce8d3db20ac5a4d76a66,REVIEW_REQUIRED,Unknown,false,REVIEW_REQUIRED,REVIEW_REQUIRED,REVIEW,no path match in OpenProj baseline; classify origin manually,
packaging/windows/file-associations/pod.properties,packaging,packaging,HEAD,b21309e5462f48cfc4320e5c202d19a58070b48eeae68c714b4e6dc553766646,d2fa3c20a,,,0530be227f4a10c5545cce8d3db20ac5a4d76a66,REVIEW_REQUIRED,Unknown,false,REVIEW_REQUIRED,REVIEW_REQUIRED,REVIEW,no path match in OpenProj baseline; classify origin manually,
packaging/windows/file-associations/xml.properties,packaging,packaging,HEAD,7528ee47deaedf43eb56e1676b050d6525709fb6fddc3529c3530e92806dc737,d2fa3c20a,,,0530be227f4a10c5545cce8d3db20ac5a4d76a66,REVIEW_REQUIRED,Unknown,false,REVIEW_REQUIRED,REVIEW_REQUIRED,REVIEW,no path match in OpenProj baseline; classify origin manually,
packaging/windows/icons/microproject.ico,packaging,packaging,HEAD,94f9bda7df549be9cdbd58ac38b42ded90260347cce06e76caa55626cddb0c15,d2fa3c20a,,,0530be227f4a10c5545cce8d3db20ac5a4d76a66,REVIEW_REQUIRED,Unknown,false,REVIEW_REQUIRED,REVIEW_REQUIRED,REVIEW,no path match in OpenProj baseline; classify origin manually,
packaging/windows/icons/projectlibre.ico,packaging,packaging,HEAD,c8e7366573c7981f26415122bdd5386f09939e8314c5dcb82148042dc63ecea1,d2fa3c20a,,,0530be227f4a10c5545cce8d3db20ac5a4d76a66,REVIEW_REQUIRED,Unknown,false,REVIEW_REQUIRED,REVIEW_REQUIRED,REVIEW,no path match in OpenProj baseline; classify origin manually,
